global_step,step,rollout/prompts,rollout/samples_per_prompt,timing/generate_s,rollout/generated_sequences,opd/tool_mask/has_agent_mask,opd/tool_mask/llm_tokens,opd/tool_mask/tool_tokens,opd/tool_mask/tool_ratio,opd/num_turns/min,opd/num_turns/max,opd/num_turns/mean,opd/accuracy,opd/batch_size,opd/loss,opd/entropy,opd/grad_norm,opd/num_tokens,opd/valid_rows,tip/enabled,tip/global_response_tokens,tip/global_selected_tokens,tip/selected_fraction,tip/global_rollouts,tip/global_normalization,opd/lr,perf/max_memory_allocated_gb,timing/train_s,training/global_step,training/epoch,timing/step_s
1,1.0,8.0,16.0,38.46251702308655,128.0,1.0,245254.0,803322.0,0.7661075592041016,2.0,2.0,2.0,0.4375,32.0,0.07179415699263547,0.024720747023820877,1.1596099138259888,30648.5,32.0,1.0,245254.0,122594.0,0.4998654456196433,128.0,1.0,1e-06,21.140141487121582,110.96447610855103,1.0,0.0,149.50573992729187
2,2.0,8.0,16.0,25.403417110443115,128.0,1.0,238673.0,809903.0,0.7723836898803711,2.0,2.0,2.0,0.5,32.0,0.06571822317250274,0.02367386594414711,1.1426928043365479,29825.5,32.0,1.0,238673.0,119302.0,0.49985545076317806,128.0,1.0,9.999991840933517e-07,26.894253730773926,78.3567726612091,2.0,0.0,103.8272054195404
3,3.0,8.0,16.0,29.44620442390442,128.0,1.0,307250.0,741326.0,0.7069835662841797,2.0,2.0,2.0,0.359375,32.0,0.0693312447351805,0.028691396117210388,0.9885243773460388,38399.75,32.0,1.0,307250.0,153599.0,0.49991537835638733,128.0,1.0,9.999967363760695e-07,27.23966646194458,86.8400526046753,3.0,0.0,116.36245346069336
4,4.0,8.0,16.0,36.75738978385925,128.0,1.0,325332.0,723244.0,0.6897392272949219,2.0,2.0,2.0,0.2109375,32.0,0.06115379358805968,0.026798535138368607,0.8953494429588318,40659.0,32.0,1.0,325332.0,162636.0,0.49990778650732176,128.0,1.0,9.99992656856142e-07,29.696589946746826,101.05012583732605,4.0,0.0,137.89011359214783
5,5.0,8.0,16.0,22.030290126800537,128.0,1.0,163369.0,885207.0,0.8441991806030273,2.0,2.0,2.0,0.5078125,32.0,0.08498840834254473,0.032197095453739166,1.2211812734603882,20413.25,32.0,1.0,163369.0,81653.0,0.4998071849616512,128.0,1.0,9.999869455468831e-07,29.696589946746826,64.30950689315796,5.0,0.0,86.38492393493652
6,6.0,8.0,16.0,23.87800121307373,128.0,1.0,241801.0,806775.0,0.7694005966186523,2.0,2.0,2.0,0.53125,32.0,0.05511495193065604,0.025635765865445137,0.6386111378669739,30216.75,32.0,1.0,241801.0,120867.0,0.49986145632152057,128.0,1.0,9.999796024669325e-07,29.696589946746826,77.17157244682312,6.0,0.0,101.11018371582031
7,7.0,8.0,16.0,26.941537857055664,128.0,1.0,283175.0,765401.0,0.7299432754516602,2.0,2.0,2.0,0.359375,32.0,0.0635006684850768,0.029736973345279694,0.6676836609840393,35388.0,32.0,1.0,283175.0,141552.0,0.4998746358259027,128.0,1.0,9.99970627640255e-07,29.696589946746826,90.8712522983551,7.0,0.0,117.88417506217957
8,8.0,8.0,16.0,20.71938395500183,128.0,1.0,174516.0,874060.0,0.8335685729980469,2.0,2.0,2.0,0.6953125,32.0,0.07896157802170288,0.027323538437485695,0.9940367341041565,21806.75,32.0,1.0,174516.0,87227.0,0.4998223658575718,128.0,1.0,9.999600210961415e-07,29.696589946746826,65.29718041419983,8.0,0.0,86.0692687034607
9,9.0,8.0,16.0,23.228432655334473,128.0,1.0,233265.0,815311.0,0.7775411605834961,2.0,2.0,2.0,0.3671875,32.0,0.07556019731505219,0.030132455751299858,0.7876691222190857,29149.0,32.0,1.0,233265.0,116596.0,0.49984352560392686,128.0,1.0,9.999477828692075e-07,29.696589946746826,83.0739893913269,9.0,0.0,106.36229252815247
10,10.0,8.0,16.0,31.7641384601593,128.0,1.0,226858.0,821718.0,0.7836513519287109,2.0,2.0,2.0,0.4375,32.0,0.060284949620482864,0.021623872220516205,0.8668897747993469,28348.75,32.0,1.0,226858.0,113395.0,0.49985012651085703,128.0,1.0,9.999339129993942e-07,29.701179027557373,76.00856590270996,10.0,0.0,107.83219599723816
11,11.0,8.0,16.0,28.18301820755005,128.0,1.0,239837.0,808739.0,0.7712736129760742,2.0,2.0,2.0,0.4921875,32.0,0.08507447581980832,0.03769616782665253,1.0013192892074585,29970.75,32.0,1.0,239837.0,119883.0,0.4998519828049884,128.0,1.0,9.999184115319675e-07,29.701179027557373,83.99954724311829,11.0,0.0,112.2537009716034
12,12.0,8.0,16.0,20.86344027519226,128.0,1.0,209871.0,838705.0,0.7998514175415039,2.0,2.0,2.0,0.609375,32.0,0.07194318352754092,0.029745113104581833,0.9677809476852417,26226.25,32.0,1.0,209871.0,104905.0,0.499854672632236,128.0,1.0,9.999012785175182e-07,29.701179027557373,74.09223008155823,12.0,0.0,95.01348376274109
13,13.0,8.0,16.0,25.827543020248413,128.0,1.0,238335.0,810241.0,0.7727060317993164,2.0,2.0,2.0,0.328125,32.0,0.08919389552929576,0.037755902856588364,1.4000327587127686,29784.25,32.0,1.0,238335.0,119137.0,0.499872028866931,128.0,1.0,9.998825140119627e-07,29.701179027557373,80.88893628120422,13.0,0.0,106.77794432640076
14,14.0,8.0,16.0,25.5238778591156,128.0,1.0,220358.0,828218.0,0.7898502349853516,2.0,2.0,2.0,0.640625,32.0,0.06451754938287828,0.028134785592556,0.8603226542472839,27537.25,32.0,1.0,220358.0,110149.0,0.49986385790395627,128.0,1.0,9.998621180765408e-07,29.701179027557373,74.98372077941895,14.0,0.0,100.57827830314636
15,15.0,8.0,16.0,35.6074743270874,128.0,1.0,325556.0,723020.0,0.6895256042480469,2.0,2.0,2.0,0.390625,32.0,0.05466904502880607,0.02544746920466423,0.6798170208930969,40687.0,32.0,1.0,325556.0,162748.0,0.49990784995515364,128.0,1.0,9.998400907778173e-07,29.703091144561768,97.55893158912659,15.0,0.0,133.24513459205627
16,16.0,8.0,16.0,32.890055894851685,128.0,1.0,276237.0,772339.0,0.7365598678588867,2.0,2.0,2.0,0.484375,32.0,0.05831814226482155,0.0289266686886549,0.6931443214416504,34521.5,32.0,1.0,276237.0,138086.0,0.49988234740458376,128.0,1.0,9.998164321876812e-07,29.703091144561768,92.56256151199341,16.0,0.0,125.52379655838013
17,17.0,8.0,16.0,26.97343373298645,128.0,1.0,255002.0,793574.0,0.7568111419677734,2.0,2.0,2.0,0.2265625,32.0,0.07906986955118428,0.03160131350159645,0.7621030807495117,31867.5,32.0,1.0,255002.0,127470.0,0.49987843232602097,128.0,1.0,9.99791142383345e-07,29.703091144561768,76.58719992637634,17.0,0.0,103.62644362449646
18,18.0,8.0,16.0,35.09194850921631,128.0,1.0,305031.0,743545.0,0.7090997695922852,2.0,2.0,2.0,0.359375,32.0,0.06249016826641427,0.031264401972293854,0.5743952989578247,38121.0,32.0,1.0,305031.0,152484.0,0.49989673180758676,128.0,1.0,9.99764221447346e-07,29.703091144561768,89.02307987213135,18.0,0.0,124.19066071510315
19,19.0,8.0,16.0,26.84579825401306,128.0,1.0,254381.0,794195.0,0.7574033737182617,2.0,2.0,2.0,0.484375,32.0,0.06441543274809562,0.03194302320480347,0.6726933717727661,31790.0,32.0,1.0,254381.0,127160.0,0.49988010110818026,128.0,1.0,9.997356694675432e-07,29.703091144561768,85.52259516716003,19.0,0.0,112.43301224708557
20,20.0,8.0,16.0,21.64846634864807,128.0,1.0,194563.0,854013.0,0.8144502639770508,2.0,2.0,2.0,0.453125,32.0,0.07820624482480341,0.03253904730081558,0.7065725326538086,24312.25,32.0,1.0,194563.0,97249.0,0.4998329589901471,128.0,1.0,9.9970548653712e-07,29.703091144561768,67.63524317741394,20.0,0.0,89.34174656867981
21,21.0,8.0,16.0,27.103012323379517,128.0,1.0,254301.0,794275.0,0.7574796676635742,2.0,2.0,2.0,0.6875,32.0,0.06650420367901543,0.03206322342157364,0.6957904100418091,31780.5,32.0,1.0,254301.0,127122.0,0.49988792808522187,128.0,1.0,9.99673672754582e-07,29.703091144561768,91.17122983932495,21.0,0.0,118.34597516059875
22,22.0,8.0,16.0,28.367552280426025,128.0,1.0,308127.0,740449.0,0.7061471939086914,2.0,2.0,2.0,0.359375,32.0,0.06627529356529134,0.03005090542137623,0.5846289396286011,38507.75,32.0,1.0,308127.0,154031.0,0.49989452401120316,128.0,1.0,9.996402282237577e-07,29.703091144561768,93.001948595047,22.0,0.0,121.44147086143494
23,23.0,8.0,16.0,31.403350591659546,128.0,1.0,273592.0,774984.0,0.7390823364257812,2.0,2.0,2.0,0.4296875,32.0,0.0848960841714725,0.0410943403840065,0.7386732697486877,34191.75,32.0,1.0,273592.0,136767.0,0.4998940027486184,128.0,1.0,9.996051530537977e-07,29.703091144561768,82.80431461334229,23.0,0.0,114.27139902114868
24,24.0,8.0,16.0,27.83519434928894,128.0,1.0,226974.0,821602.0,0.7835407257080078,2.0,2.0,2.0,0.3671875,32.0,0.0700507367329036,0.031003138050436974,0.6135646104812622,28364.5,32.0,1.0,226974.0,113458.0,0.4998722320618221,128.0,1.0,9.995684473591739e-07,29.703091144561768,73.58377051353455,24.0,0.0,101.4795069694519
25,25.0,8.0,16.0,26.700522422790527,128.0,1.0,248343.0,800233.0,0.7631616592407227,2.0,2.0,2.0,0.421875,32.0,0.07856191903734332,0.03428654745221138,0.7289453744888306,31034.75,32.0,1.0,248343.0,124139.0,0.49986913261094534,128.0,1.0,9.9953011125968e-07,29.703091144561768,83.1322021484375,25.0,0.0,109.89444971084595
26,26.0,8.0,16.0,18.636133193969727,128.0,1.0,214901.0,833675.0,0.7950544357299805,2.0,2.0,2.0,0.4765625,32.0,0.07582946998213395,0.03352932259440422,0.6840872168540955,26854.5,32.0,1.0,214901.0,107418.0,0.4998487675720448,128.0,1.0,9.99490144880431e-07,29.703091144561768,70.62999558448792,26.0,0.0,89.32579970359802
27,27.0,8.0,16.0,30.958954334259033,128.0,1.0,203004.0,845572.0,0.8064002990722656,2.0,2.0,2.0,0.5625,32.0,0.06627613043471929,0.028121361508965492,0.9271484017372131,25368.5,32.0,1.0,203004.0,101474.0,0.4998620716833166,128.0,1.0,9.994485483518622e-07,29.707297801971436,66.42065191268921,27.0,0.0,97.43243908882141
28,28.0,8.0,16.0,33.64454507827759,128.0,1.0,266908.0,781668.0,0.7454566955566406,2.0,2.0,2.0,0.4453125,32.0,0.06416203988918599,0.029054544866085052,0.49481597542762756,33356.0,32.0,1.0,266908.0,133424.0,0.499887601720443,128.0,1.0,9.994053218097288e-07,29.707297801971436,79.641042470932,28.0,0.0,113.34850430488586
29,29.0,8.0,16.0,16.625924348831177,128.0,1.0,175171.0,873405.0,0.8329439163208008,2.0,2.0,2.0,0.65625,32.0,0.0713725248385093,0.03113369084894657,0.7310556769371033,21889.0,32.0,1.0,175171.0,87556.0,0.49983159312899966,128.0,1.0,9.993604653951065e-07,29.707297801971436,59.97344517707825,29.0,0.0,76.64923644065857
30,30.0,8.0,16.0,30.872498750686646,128.0,1.0,265752.0,782824.0,0.7465591430664062,2.0,2.0,2.0,0.3671875,32.0,0.05455790826894388,0.026068754494190216,0.533671498298645,33212.0,32.0,1.0,265752.0,132848.0,0.49989463861043376,128.0,1.0,9.993139792543897e-07,29.707297801971436,84.64426445960999,30.0,0.0,115.58725643157959
31,31.0,8.0,16.0,30.129101991653442,128.0,1.0,271022.0,777554.0,0.7415332794189453,2.0,2.0,2.0,0.5,32.0,0.0542707464434548,0.027117041870951653,0.44147932529449463,33870.5,32.0,1.0,271022.0,135482.0,0.49989299761642964,128.0,1.0,9.992658635392917e-07,29.707297801971436,81.89627385139465,31.0,0.0,112.09156394004822
32,32.0,8.0,16.0,21.560003519058228,128.0,1.0,233603.0,814973.0,0.7772188186645508,2.0,2.0,2.0,0.34375,32.0,0.07998491301825061,0.033151332288980484,0.6467718482017517,29192.25,32.0,1.0,233603.0,116769.0,0.4998608750743783,128.0,1.0,9.992161184068445e-07,29.707297801971436,69.32532024383545,32.0,0.0,90.94732141494751
33,33.0,8.0,16.0,17.43381667137146,128.0,1.0,175973.0,872603.0,0.832179069519043,2.0,2.0,2.0,0.34375,32.0,0.08385042033720658,0.03617926687002182,0.7640450596809387,21988.75,32.0,1.0,175973.0,87955.0,0.4998209952663193,128.0,1.0,9.991647440193972e-07,29.707297801971436,63.346195936203,33.0,0.0,80.83156657218933
34,34.0,8.0,16.0,29.41404414176941,128.0,1.0,279344.0,769232.0,0.7335968017578125,2.0,2.0,2.0,0.421875,32.0,0.07192199716498673,0.03347194939851761,2.6156866550445557,34910.0,32.0,1.0,279344.0,139640.0,0.49988544590182715,128.0,1.0,9.99111740544617e-07,29.707297801971436,83.36894583702087,34.0,0.0,112.85324358940125
35,35.0,8.0,16.0,32.70454168319702,128.0,1.0,241749.0,806827.0,0.7694501876831055,2.0,2.0,2.0,0.2890625,32.0,0.06379491054394977,0.03499766066670418,0.5262807607650757,30210.75,32.0,1.0,241749.0,120843.0,0.4998696995644243,128.0,1.0,9.990571081554874e-07,29.74401569366455,85.31839394569397,35.0,0.0,118.08574438095093
36,36.0,8.0,16.0,29.71093463897705,128.0,1.0,208388.0,840188.0,0.8012657165527344,2.0,2.0,2.0,0.390625,32.0,0.08403570660559487,0.03658077120780945,0.6779431104660034,26040.0,32.0,1.0,208388.0,104160.0,0.499836842812446,128.0,1.0,9.990008470303082e-07,29.74401569366455,69.88311791419983,36.0,0.0,99.65352869033813
37,37.0,8.0,16.0,22.17764377593994,128.0,1.0,173690.0,874886.0,0.8343563079833984,2.0,2.0,2.0,0.46875,32.0,0.06268946783915844,0.026172028854489326,0.7274990677833557,21703.5,32.0,1.0,173690.0,86814.0,0.4998215211008118,128.0,1.0,9.989429573526943e-07,29.74401569366455,66.69047856330872,37.0,0.0,88.916574716568
38,38.0,8.0,16.0,26.137544631958008,128.0,1.0,246089.0,802487.0,0.7653112411499023,2.0,2.0,2.0,0.5078125,32.0,0.05619189929691086,0.028434190899133682,0.5504292249679565,30752.25,32.0,1.0,246089.0,123009.0,0.4998557432473617,128.0,1.0,9.988834393115767e-07,29.74401569366455,80.01978325843811,38.0,0.0,106.21923494338989
39,39.0,8.0,16.0,37.18740224838257,128.0,1.0,337634.0,710942.0,0.6780071258544922,2.0,2.0,2.0,0.25,32.0,0.05989281905055164,0.030596699565649033,0.45948249101638794,42196.5,32.0,1.0,337634.0,168786.0,0.4999081846022616,128.0,1.0,9.988222931011992e-07,29.74401569366455,102.05093955993652,39.0,0.0,139.31570506095886
40,40.0,8.0,16.0,32.01132416725159,128.0,1.0,221155.0,827421.0,0.7890901565551758,2.0,2.0,2.0,0.46875,32.0,0.06502322404765878,0.029055895283818245,0.4949464797973633,27635.5,32.0,1.0,221155.0,110542.0,0.4998394790983699,128.0,1.0,9.987595189211206e-07,29.74401569366455,72.39349937438965,40.0,0.0,104.4678852558136
41,41.0,8.0,16.0,24.289392471313477,128.0,1.0,208928.0,839648.0,0.800750732421875,2.0,2.0,2.0,0.6875,32.0,0.07461187784292557,0.033850304782390594,0.6564380526542664,26108.0,32.0,1.0,208928.0,104432.0,0.49984683718793077,128.0,1.0,9.986951169762126e-07,29.74401569366455,73.426828622818,41.0,0.0,97.77192664146423
42,42.0,8.0,16.0,26.537957668304443,128.0,1.0,268276.0,780300.0,0.7441520690917969,2.0,2.0,2.0,0.5078125,32.0,0.0703534439434242,0.032081618905067444,0.6217733025550842,33526.5,32.0,1.0,268276.0,134106.0,0.499880719855671,128.0,1.0,9.98629087476659e-07,29.74401569366455,81.44732475280762,42.0,0.0,108.05008339881897
43,43.0,8.0,16.0,19.232358932495117,128.0,1.0,189882.0,858694.0,0.8189144134521484,2.0,2.0,2.0,0.6171875,32.0,0.08654577149395704,0.03502893075346947,0.8524672389030457,23728.0,32.0,1.0,189882.0,94912.0,0.49984727356990133,128.0,1.0,9.98561430637955e-07,29.74401569366455,65.21355104446411,43.0,0.0,84.49834299087524
44,44.0,8.0,16.0,22.215108633041382,128.0,1.0,176080.0,872496.0,0.8320770263671875,2.0,2.0,2.0,0.7421875,32.0,0.051897511566224776,0.021572258323431015,0.7128167152404785,22003.5,32.0,1.0,176080.0,88014.0,0.49985233984552474,128.0,1.0,9.98492146680908e-07,29.74401569366455,65.55546450614929,44.0,0.0,87.81635212898254
45,45.0,8.0,16.0,27.909644603729248,128.0,1.0,294145.0,754431.0,0.7194814682006836,2.0,2.0,2.0,0.4296875,32.0,0.05092513434222608,0.024311117827892303,0.39954274892807007,36759.5,32.0,1.0,294145.0,147038.0,0.49988271090788555,128.0,1.0,9.984212358316342e-07,29.74401569366455,87.43081283569336,45.0,0.0,115.41306614875793
46,46.0,8.0,16.0,23.195116996765137,128.0,1.0,188593.0,859983.0,0.8201436996459961,2.0,2.0,2.0,0.5,32.0,0.07038448378433837,0.031153613701462746,0.8517492413520813,23564.75,32.0,1.0,188593.0,94259.0,0.4998011591098291,128.0,1.0,9.983486983215607e-07,29.74401569366455,78.10006475448608,46.0,0.0,101.34475040435791
47,47.0,8.0,16.0,34.54707336425781,128.0,1.0,290111.0,758465.0,0.7233285903930664,2.0,2.0,2.0,0.375,32.0,0.05612526032400131,0.028350524604320526,0.44839978218078613,36255.5,32.0,1.0,290111.0,145022.0,0.49988452695692337,128.0,1.0,9.982745343874227e-07,29.74401569366455,101.85816287994385,47.0,0.0,136.4749526977539
48,48.0,8.0,16.0,24.977620840072632,128.0,1.0,243437.0,805139.0,0.7678403854370117,2.0,2.0,2.0,0.671875,32.0,0.06009647925184204,0.02724931202828884,0.46887174248695374,30421.5,32.0,1.0,243437.0,121686.0,0.49986649523285287,128.0,1.0,9.98198744271263e-07,29.74401569366455,76.96898865699768,48.0,0.0,102.00267291069031
49,49.0,8.0,16.0,24.623424530029297,128.0,1.0,198917.0,849659.0,0.810297966003418,2.0,2.0,2.0,0.5078125,32.0,0.06067565873663851,0.02585720643401146,0.8001871109008789,24856.5,32.0,1.0,198917.0,99426.0,0.49983661527169626,128.0,1.0,9.981213282204334e-07,29.74401569366455,74.21684956550598,49.0,0.0,98.94612646102905
50,50.0,8.0,16.0,31.94527292251587,128.0,1.0,324825.0,723751.0,0.6902227401733398,2.0,2.0,2.0,0.2578125,32.0,0.06912310180845146,0.03826679661870003,0.4798339307308197,40595.0,32.0,1.0,324825.0,162380.0,0.49989994612483646,128.0,1.0,9.9804228648759e-07,29.74401569366455,93.7556221485138,50.0,0.0,450.1391429901123
51,51.0,8.0,16.0,34.608211040496826,128.0,1.0,294467.0,754109.0,0.7191743850708008,2.0,2.0,2.0,0.3203125,32.0,0.059578478203264645,0.026804247871041298,0.4685330092906952,36799.5,32.0,1.0,294467.0,147198.0,0.49987944319737015,128.0,1.0,9.97961619330696e-07,29.058938026428223,118.10441422462463,51.0,0.0,152.8294050693512
52,52.0,8.0,16.0,32.61267399787903,128.0,1.0,251650.0,796926.0,0.7600078582763672,2.0,2.0,2.0,0.4296875,32.0,0.060221882516928255,0.029376555234193802,0.4186093509197235,31447.5,32.0,1.0,251650.0,125790.0,0.49986091794158555,128.0,1.0,9.978793270130188e-07,29.71418333053589,89.40988492965698,52.0,0.0,122.0970675945282
53,53.0,8.0,16.0,25.117026567459106,128.0,1.0,224454.0,824122.0,0.7859439849853516,2.0,2.0,2.0,0.4765625,32.0,0.06903602998868542,0.029095597565174103,0.6237319111824036,28048.5,32.0,1.0,224454.0,112194.0,0.4998529765564436,128.0,1.0,9.977954098031293e-07,29.71418333053589,68.30406522750854,53.0,0.0,93.47943902015686
54,54.0,8.0,16.0,37.23683738708496,128.0,1.0,314736.0,733840.0,0.6998443603515625,2.0,2.0,2.0,0.4453125,32.0,0.046346340354914514,0.02138655073940754,0.38737571239471436,39333.75,32.0,1.0,314736.0,157335.0,0.49989515022113773,128.0,1.0,9.977098679749028e-07,29.71418333053589,95.07656359672546,54.0,0.0,132.3993809223175
55,55.0,8.0,16.0,30.322412729263306,128.0,1.0,302341.0,746235.0,0.711665153503418,2.0,2.0,2.0,0.15625,32.0,0.07276699547211192,0.03361308574676514,0.7008008360862732,37784.25,32.0,1.0,302341.0,151137.0,0.49988919795859643,128.0,1.0,9.976227018075153e-07,29.71418333053589,84.58493256568909,55.0,0.0,114.98871755599976
56,56.0,8.0,16.0,32.397693157196045,128.0,1.0,319327.0,729249.0,0.6954660415649414,2.0,2.0,2.0,0.2734375,32.0,0.06026757199672873,0.029392967000603676,0.3903322219848633,39907.5,32.0,1.0,319327.0,159630.0,0.49989509186507874,128.0,1.0,9.975339115854447e-07,29.71418333053589,92.58168959617615,56.0,0.0,125.06096315383911
57,57.0,8.0,16.0,25.653992652893066,128.0,1.0,260588.0,787988.0,0.7514839172363281,2.0,2.0,2.0,0.3046875,32.0,0.07209895894141961,0.03327605500817299,0.6024352312088013,32565.25,32.0,1.0,260588.0,130261.0,0.4998733633168066,128.0,1.0,9.974434975984693e-07,29.71418333053589,87.95138311386108,57.0,0.0,113.67675018310547
58,58.0,8.0,16.0,26.65268325805664,128.0,1.0,242434.0,806142.0,0.7687969207763672,2.0,2.0,2.0,0.4921875,32.0,0.05469055553237556,0.02307826094329357,0.5122063755989075,30297.0,32.0,1.0,242434.0,121188.0,0.49988037981471245,128.0,1.0,9.973514601416663e-07,29.71418333053589,69.89116024971008,58.0,0.0,96.6045708656311
59,59.0,8.0,16.0,26.501492261886597,128.0,1.0,271686.0,776890.0,0.7409000396728516,2.0,2.0,2.0,0.203125,32.0,0.06174892118943104,0.02911454066634178,0.4745904803276062,33952.25,32.0,1.0,271686.0,135809.0,0.4998748555317536,128.0,1.0,9.97257799515412e-07,29.71418333053589,81.31111669540405,59.0,0.0,107.87956857681274
60,60.0,8.0,16.0,21.222949504852295,128.0,1.0,178531.0,870045.0,0.8297395706176758,2.0,2.0,2.0,0.59375,32.0,0.0639169740408204,0.024831997230648994,0.6158744096755981,22308.0,32.0,1.0,178531.0,89232.0,0.499812357517742,128.0,1.0,9.971625160253796e-07,29.71418333053589,67.03475499153137,60.0,0.0,88.31066608428955
61,61.0,8.0,16.0,33.68252444267273,128.0,1.0,302932.0,745644.0,0.7111015319824219,2.0,2.0,2.0,0.3515625,32.0,0.06323796101783337,0.03084888681769371,0.49705442786216736,37859.25,32.0,1.0,302932.0,151437.0,0.4999042689448457,128.0,1.0,9.970656099825383e-07,29.71418333053589,88.60308480262756,61.0,0.0,122.35676765441895
62,62.0,8.0,16.0,27.77090096473694,128.0,1.0,286203.0,762373.0,0.727055549621582,2.0,2.0,2.0,0.4375,32.0,0.050472438141073106,0.02135580964386463,0.5397315621376038,35767.0,32.0,1.0,286203.0,143068.0,0.4998829502136595,128.0,1.0,9.96967081703154e-07,29.71418333053589,84.98839521408081,62.0,0.0,112.8280258178711
63,63.0,8.0,16.0,23.163434982299805,128.0,1.0,220416.0,828160.0,0.789794921875,2.0,2.0,2.0,0.6640625,32.0,0.06871302669459489,0.03200465813279152,0.6779870390892029,27544.0,32.0,1.0,220416.0,110176.0,0.49985481997677117,128.0,1.0,9.96866931508786e-07,29.71418333053589,70.4854187965393,63.0,0.0,93.70664381980896
64,64.0,8.0,16.0,33.683369636535645,128.0,1.0,277632.0,770944.0,0.7352294921875,2.0,2.0,2.0,0.515625,32.0,0.051272936437182726,0.023094752803444862,0.4610840976238251,34695.5,32.0,1.0,277632.0,138782.0,0.4998775357307515,128.0,1.0,9.967651597262866e-07,29.71418333053589,93.21861028671265,64.0,0.0,126.9829249382019
65,65.0,8.0,16.0,32.299144983291626,128.0,1.0,293668.0,754908.0,0.7199363708496094,2.0,2.0,2.0,0.59375,32.0,0.05599334416941141,0.02676817774772644,0.47066405415534973,36699.75,32.0,1.0,293668.0,146799.0,0.4998808177942438,128.0,1.0,9.966617666878015e-07,29.71418333053589,99.97998833656311,65.0,0.0,132.3530204296112
66,66.0,8.0,16.0,36.2962691783905,128.0,1.0,318128.0,730448.0,0.6966094970703125,2.0,2.0,2.0,0.3828125,32.0,0.06685150567373428,0.03444533422589302,0.49328678846359253,39758.75,32.0,1.0,318128.0,159035.0,0.4999088417240859,128.0,1.0,9.965567527307668e-07,29.71418333053589,104.76342296600342,66.0,0.0,141.135009765625
67,67.0,8.0,16.0,28.149301052093506,128.0,1.0,257849.0,790727.0,0.7540960311889648,2.0,2.0,2.0,0.546875,32.0,0.0548740470352757,0.027350734919309616,0.44089367985725403,32223.5,32.0,1.0,257849.0,128894.0,0.4998817137161672,128.0,1.0,9.964501181979088e-07,29.71418333053589,90.34734559059143,67.0,0.0,118.56149768829346
68,68.0,8.0,16.0,18.550728797912598,128.0,1.0,189959.0,858617.0,0.8188409805297852,2.0,2.0,2.0,0.5390625,32.0,0.07703630050517037,0.03023235686123371,0.6857590079307556,23736.5,32.0,1.0,189959.0,94946.0,0.49982364615522296,128.0,1.0,9.963418634372427e-07,29.71418333053589,66.61620330810547,68.0,0.0,85.23285269737244
69,69.0,8.0,16.0,19.590977430343628,128.0,1.0,176347.0,872229.0,0.831822395324707,2.0,2.0,2.0,0.53125,32.0,0.08137174398023544,0.03336996212601662,0.7396409511566162,22035.75,32.0,1.0,176347.0,88143.0,0.4998270455408938,128.0,1.0,9.962319888020719e-07,29.71418333053589,62.65611696243286,69.0,0.0,82.30226182937622
70,70.0,8.0,16.0,33.56886386871338,128.0,1.0,244576.0,804000.0,0.766754150390625,2.0,2.0,2.0,0.515625,32.0,0.06417384532858349,0.03222940117120743,0.6546590328216553,30563.75,32.0,1.0,244576.0,122255.0,0.49986507261546514,128.0,1.0,9.96120494650986e-07,29.72317123413086,94.53896570205688,70.0,0.0,128.16918420791626
71,71.0,8.0,16.0,24.108527183532715,128.0,1.0,238878.0,809698.0,0.7721881866455078,2.0,2.0,2.0,0.453125,32.0,0.06980012024944089,0.03262922540307045,0.571260392665863,29852.75,32.0,1.0,238878.0,119411.0,0.49988278535486735,128.0,1.0,9.960073813478602e-07,29.72317123413086,71.96419095993042,71.0,0.0,96.13375806808472
72,72.0,8.0,16.0,24.0061514377594,128.0,1.0,233727.0,814849.0,0.7771005630493164,2.0,2.0,2.0,0.484375,32.0,0.05772976926845793,0.026576494798064232,0.46640798449516296,29206.75,32.0,1.0,233727.0,116827.0,0.49984383490140205,128.0,1.0,9.958926492618543e-07,29.72317123413086,74.73533320426941,72.0,0.0,98.8016242980957
73,73.0,8.0,16.0,25.276129245758057,128.0,1.0,259922.0,788654.0,0.7521190643310547,2.0,2.0,2.0,0.296875,32.0,0.07071734368230531,0.03312898799777031,0.5454415082931519,32481.25,32.0,1.0,259922.0,129925.0,0.49986149691061166,128.0,1.0,9.957762987674108e-07,29.72317123413086,78.39129209518433,73.0,0.0,103.73668241500854
74,74.0,8.0,16.0,29.40070343017578,128.0,1.0,330751.0,717825.0,0.6845712661743164,2.0,2.0,2.0,0.296875,32.0,0.06660620915723517,0.03608381003141403,0.4995483160018921,41335.5,32.0,1.0,330751.0,165342.0,0.4998987153477994,128.0,1.0,9.956583302442543e-07,29.72317123413086,89.01688265800476,74.0,0.0,118.50277423858643
75,75.0,8.0,16.0,19.89291262626648,128.0,1.0,211895.0,836681.0,0.7979211807250977,2.0,2.0,2.0,0.3515625,32.0,0.07399016841426576,0.034141384065151215,0.6431357860565186,26480.0,32.0,1.0,211895.0,105920.0,0.4998702187404139,128.0,1.0,9.9553874407739e-07,29.72317123413086,71.40848994255066,75.0,0.0,91.35895943641663
76,76.0,8.0,16.0,23.28579044342041,128.0,1.0,202788.0,845788.0,0.8066062927246094,2.0,2.0,2.0,0.546875,32.0,0.0658044189273698,0.029704885557293892,0.564680278301239,25338.75,32.0,1.0,202788.0,101355.0,0.49980768092786554,128.0,1.0,9.954175406571027e-07,29.72317123413086,67.17639923095703,76.0,0.0,90.51240515708923
77,77.0,8.0,16.0,18.64202094078064,128.0,1.0,221605.0,826971.0,0.788661003112793,2.0,2.0,2.0,0.4453125,32.0,0.056177012974566044,0.02494279481470585,0.5386101603507996,27693.0,32.0,1.0,221605.0,110772.0,0.49986236772635995,128.0,1.0,9.952947203789548e-07,29.72317123413086,64.47204923629761,77.0,0.0,83.17110061645508
78,78.0,8.0,16.0,23.60384178161621,128.0,1.0,223303.0,825273.0,0.7870416641235352,2.0,2.0,2.0,0.46875,32.0,0.07356522608641185,0.03359903767704964,0.5741410851478577,27905.0,32.0,1.0,223303.0,111620.0,0.49985893606445053,128.0,1.0,9.951702836437858e-07,29.72317123413086,77.99736881256104,78.0,0.0,101.66071510314941
79,79.0,8.0,16.0,37.404622316360474,128.0,1.0,332699.0,715877.0,0.682713508605957,2.0,2.0,2.0,0.1796875,32.0,0.06967871280070825,0.03948641195893288,0.5401469469070435,41578.75,32.0,1.0,332699.0,166315.0,0.49989630266396956,128.0,1.0,9.950442308577112e-07,29.72317123413086,99.86729860305786,79.0,0.0,137.35710906982422
80,80.0,8.0,16.0,24.59875464439392,128.0,1.0,223746.0,824830.0,0.7866191864013672,2.0,2.0,2.0,0.546875,32.0,0.06688739573117362,0.028783578425645828,0.4871966242790222,27961.0,32.0,1.0,223746.0,111844.0,0.4998703887443798,128.0,1.0,9.9491656243212e-07,29.72317123413086,66.83069968223572,80.0,0.0,91.49381446838379
81,81.0,8.0,16.0,34.273852825164795,128.0,1.0,287799.0,760777.0,0.7255334854125977,2.0,2.0,2.0,0.390625,32.0,0.057314964841700046,0.03318724408745766,0.4031948745250702,35967.0,32.0,1.0,287799.0,143868.0,0.4998905486120522,128.0,1.0,9.947872787836738e-07,29.72317123413086,92.66313695907593,81.0,0.0,127.00493264198303
82,82.0,8.0,16.0,38.58813786506653,128.0,1.0,362500.0,686076.0,0.6542930603027344,2.0,2.0,2.0,0.359375,32.0,0.059173945721969566,0.029743777588009834,0.4288150370121002,45304.5,32.0,1.0,362500.0,181218.0,0.49991172413793106,128.0,1.0,9.94656380334307e-07,29.72317123413086,105.70755314826965,82.0,0.0,144.38447904586792
83,83.0,8.0,16.0,21.788642168045044,128.0,1.0,241656.0,806920.0,0.7695388793945312,2.0,2.0,2.0,0.5078125,32.0,0.06608439295163918,0.028016725555062294,0.5367259383201599,30198.5,32.0,1.0,241656.0,120794.0,0.4998593041348032,128.0,1.0,9.945238675112223e-07,29.72317123413086,73.24902820587158,83.0,0.0,95.09461736679077
84,84.0,8.0,16.0,25.828081607818604,128.0,1.0,292526.0,756050.0,0.7210254669189453,2.0,2.0,2.0,0.3984375,32.0,0.06776104144744587,0.034891411662101746,0.43873628973960876,36558.0,32.0,1.0,292526.0,146232.0,0.49989402651388254,128.0,1.0,9.943897407468931e-07,29.72317123413086,81.07605767250061,84.0,0.0,106.9747359752655
85,85.0,8.0,16.0,21.284690856933594,128.0,1.0,198149.0,850427.0,0.811030387878418,2.0,2.0,2.0,0.53125,32.0,0.07847404236567854,0.03674047440290451,0.6857112646102905,24759.5,32.0,1.0,198149.0,99038.0,0.4998157951844319,128.0,1.0,9.942540004790583e-07,29.72317123413086,66.28763008117676,85.0,0.0,87.62672162055969
86,86.0,8.0,16.0,20.510961055755615,128.0,1.0,214730.0,833846.0,0.7952175140380859,2.0,2.0,2.0,0.234375,32.0,0.07185617151777371,0.03332849591970444,0.6538680791854858,26833.0,32.0,1.0,214730.0,107332.0,0.4998463186327015,128.0,1.0,9.941166471507237e-07,29.72317123413086,63.949514627456665,86.0,0.0,84.51348876953125
87,87.0,8.0,16.0,26.58192801475525,128.0,1.0,233899.0,814677.0,0.7769365310668945,2.0,2.0,2.0,0.5390625,32.0,0.05045810743246729,0.023421643301844597,0.3605266809463501,29228.5,32.0,1.0,233899.0,116914.0,0.4998482250886066,128.0,1.0,9.939776812101592e-07,29.72317123413086,73.02812480926514,87.0,0.0,99.66920614242554
88,88.0,8.0,16.0,29.630751609802246,128.0,1.0,275661.0,772915.0,0.7371091842651367,2.0,2.0,2.0,0.34375,32.0,0.07705342365441174,0.03505553677678108,0.6207380890846252,34448.75,32.0,1.0,275661.0,137795.0,0.4998712186344822,128.0,1.0,9.938371031108981e-07,29.72317123413086,93.09335780143738,88.0,0.0,122.79840779304504
89,89.0,8.0,16.0,22.808929204940796,128.0,1.0,241120.0,807456.0,0.770050048828125,2.0,2.0,2.0,0.2890625,32.0,0.06849024561551388,0.03369782119989395,0.5433973073959351,30133.0,32.0,1.0,241120.0,120532.0,0.49988387524883876,128.0,1.0,9.936949133117344e-07,29.72317123413086,68.31783986091614,89.0,0.0,91.19110107421875
90,90.0,8.0,16.0,24.363630771636963,128.0,1.0,232013.0,816563.0,0.7787351608276367,2.0,2.0,2.0,0.53125,32.0,0.06908377697946373,0.03467092663049698,0.5888687968254089,28993.0,32.0,1.0,232013.0,115972.0,0.4998513014356954,128.0,1.0,9.935511122767227e-07,29.72317123413086,72.9461236000061,90.0,0.0,97.36980438232422
91,91.0,8.0,16.0,17.992515802383423,128.0,1.0,202034.0,846542.0,0.8073253631591797,2.0,2.0,2.0,0.4296875,32.0,0.06634637539092224,0.028539452701807022,0.5990279316902161,25246.5,32.0,1.0,202034.0,100986.0,0.4998465604799192,128.0,1.0,9.934057004751758e-07,29.72317123413086,65.72819948196411,91.0,0.0,83.77582812309265
92,92.0,8.0,16.0,32.930580377578735,128.0,1.0,335185.0,713391.0,0.6803426742553711,2.0,2.0,2.0,0.1953125,32.0,0.06299768640132605,0.032805588096380234,0.5584485530853271,41891.0,32.0,1.0,335185.0,167564.0,0.499914972328714,128.0,1.0,9.932586783816634e-07,29.72317123413086,88.93558692932129,92.0,0.0,121.94621419906616
93,93.0,8.0,16.0,36.74281334877014,128.0,1.0,336829.0,711747.0,0.6787748336791992,2.0,2.0,2.0,0.1484375,32.0,0.0648689177917695,0.03469539433717728,0.4664323329925537,42095.75,32.0,1.0,336829.0,168383.0,0.49990648073651617,128.0,1.0,9.93110046476011e-07,29.72317123413086,107.53145742416382,93.0,0.0,144.35375308990479
94,94.0,8.0,16.0,32.966591119766235,128.0,1.0,263272.0,785304.0,0.7489242553710938,2.0,2.0,2.0,0.3984375,32.0,0.057809090698725925,0.029335742816329002,1.4960378408432007,32902.5,32.0,1.0,263272.0,131610.0,0.49990124282111276,128.0,1.0,9.929598052432976e-07,29.72317123413086,86.87893104553223,94.0,0.0,119.91175532341003
95,95.0,8.0,16.0,25.763213872909546,128.0,1.0,214494.0,834082.0,0.7954425811767578,2.0,2.0,2.0,0.484375,32.0,0.09092228910535702,0.04191482812166214,0.7456395030021667,26805.0,32.0,1.0,214494.0,107220.0,0.4998741223530728,128.0,1.0,9.928079551738541e-07,29.72317123413086,71.10716462135315,95.0,0.0,96.92962145805359
96,96.0,8.0,16.0,21.015565395355225,128.0,1.0,240990.0,807586.0,0.7701740264892578,2.0,2.0,2.0,0.328125,32.0,0.08772125408954531,0.04588852450251579,0.5788446664810181,30116.25,32.0,1.0,240990.0,120465.0,0.4998755135067845,128.0,1.0,9.92654496763263e-07,29.72317123413086,68.8846960067749,96.0,0.0,89.96831607818604
97,97.0,8.0,16.0,32.47861886024475,128.0,1.0,212702.0,835874.0,0.7971515655517578,2.0,2.0,2.0,0.296875,32.0,0.05793220710024508,0.027249343693256378,0.6275476217269897,26579.75,32.0,1.0,212702.0,106319.0,0.4998495547761657,128.0,1.0,9.924994305123548e-07,29.72317123413086,80.58651733398438,97.0,0.0,113.12399220466614
98,98.0,8.0,16.0,20.44984745979309,128.0,1.0,173805.0,874771.0,0.8342466354370117,2.0,2.0,2.0,0.5390625,32.0,0.06718300927463283,0.030762001872062683,0.7164806723594666,21717.75,32.0,1.0,173805.0,86871.0,0.4998187624061448,128.0,1.0,9.923427569272083e-07,29.72317123413086,65.04306745529175,98.0,0.0,85.5421211719513
99,99.0,8.0,16.0,24.814871549606323,128.0,1.0,222092.0,826484.0,0.7881965637207031,2.0,2.0,2.0,0.6640625,32.0,0.05154820997129538,0.02443438209593296,0.5241495966911316,27753.25,32.0,1.0,222092.0,111013.0,0.4998514129279758,128.0,1.0,9.921844765191471e-07,29.72317123413086,70.59218096733093,99.0,0.0,95.4607002735138
100,100.0,8.0,16.0,22.282577753067017,128.0,1.0,180488.0,868088.0,0.8278732299804688,2.0,2.0,2.0,0.7109375,32.0,0.053802181293930475,0.02133850008249283,0.5733931660652161,22553.0,32.0,1.0,180488.0,90212.0,0.49982270289437525,128.0,1.0,9.920245898047395e-07,29.72317123413086,65.47119212150574,100.0,0.0,415.41557788848877
101,101.0,8.0,16.0,35.47248983383179,128.0,1.0,282893.0,765683.0,0.7302122116088867,2.0,2.0,2.0,0.34375,32.0,0.05962800405949794,0.032081928104162216,0.5121755599975586,35353.0,32.0,1.0,282893.0,141412.0,0.49987804576288564,128.0,1.0,9.91863097305796e-07,29.72317123413086,99.66418528556824,101.0,0.0,135.21006059646606
102,102.0,8.0,16.0,26.65208339691162,128.0,1.0,290798.0,757778.0,0.7226734161376953,2.0,2.0,2.0,0.3515625,32.0,0.05475518541693176,0.027648987248539925,0.42303287982940674,36342.0,32.0,1.0,290798.0,145368.0,0.4998933967908995,128.0,1.0,9.91699999549368e-07,29.72317123413086,78.85699033737183,102.0,0.0,105.58152437210083
103,103.0,8.0,16.0,29.924282550811768,128.0,1.0,309751.0,738825.0,0.7045984268188477,2.0,2.0,2.0,0.3671875,32.0,0.0644660798759554,0.03484291210770607,0.46076130867004395,38711.75,32.0,1.0,309751.0,154847.0,0.499907990611814,128.0,1.0,9.915352970677457e-07,29.72317123413086,90.55172109603882,103.0,0.0,120.55956172943115
104,104.0,8.0,16.0,30.749228477478027,128.0,1.0,179433.0,869143.0,0.8288793563842773,2.0,2.0,2.0,0.515625,32.0,0.07032300185845844,0.03299688175320625,0.6297861933708191,22420.0,32.0,1.0,179433.0,89680.0,0.4997965814538017,128.0,1.0,9.91368990398456e-07,29.72317123413086,75.14520454406738,104.0,0.0,105.9444169998169
105,105.0,8.0,16.0,19.09596586227417,128.0,1.0,151910.0,896666.0,0.8551273345947266,2.0,2.0,2.0,0.703125,32.0,0.07234783908327844,0.026087813079357147,0.6543066501617432,18979.25,32.0,1.0,151910.0,75917.0,0.49974985188598514,128.0,1.0,9.912010800842624e-07,29.72317123413086,51.96518039703369,105.0,0.0,71.10768508911133
106,106.0,8.0,16.0,28.357382774353027,128.0,1.0,251175.0,797401.0,0.7604608535766602,2.0,2.0,2.0,0.375,32.0,0.04838522819796513,0.023777296766638756,0.4614899456501007,31389.75,32.0,1.0,251175.0,125559.0,0.49988653329352045,128.0,1.0,9.910315666731613e-07,29.72317123413086,83.87479019165039,106.0,0.0,112.295907497406
107,107.0,8.0,16.0,26.866594552993774,128.0,1.0,234897.0,813679.0,0.7759847640991211,2.0,2.0,2.0,0.484375,32.0,0.07584505411003678,0.04065113142132759,0.6145031452178955,29353.75,32.0,1.0,234897.0,117415.0,0.4998573843003529,128.0,1.0,9.90860450718381e-07,29.72317123413086,81.56464982032776,107.0,0.0,108.49894285202026
108,108.0,8.0,16.0,32.87938451766968,128.0,1.0,319862.0,728714.0,0.6949558258056641,2.0,2.0,2.0,0.25,32.0,0.07094664744848214,0.03558197245001793,0.5085631012916565,39973.0,32.0,1.0,319862.0,159892.0,0.49987807241873056,128.0,1.0,9.9068773277838e-07,29.72317123413086,82.32349133491516,108.0,0.0,115.27952432632446
109,109.0,8.0,16.0,33.793208837509155,128.0,1.0,274424.0,774152.0,0.7382888793945312,2.0,2.0,2.0,0.4296875,32.0,0.05200390563803892,0.022511320188641548,0.41945746541023254,34295.0,32.0,1.0,274424.0,137180.0,0.4998833921231379,128.0,1.0,9.905134134168454e-07,29.72317123413086,84.43749952316284,109.0,0.0,118.29529571533203
110,110.0,8.0,16.0,31.152149438858032,128.0,1.0,198464.0,850112.0,0.81072998046875,2.0,2.0,2.0,0.6875,32.0,0.056965007752221554,0.025887226685881615,0.5753040313720703,24800.75,32.0,1.0,198464.0,99203.0,0.49985387778136087,128.0,1.0,9.903374932026901e-07,29.72317123413086,67.95710110664368,110.0,0.0,99.16033935546875
111,111.0,8.0,16.0,24.69750189781189,128.0,1.0,240246.0,808330.0,0.7708835601806641,2.0,2.0,2.0,0.5234375,32.0,0.06268041492373384,0.02977096661925316,0.5412849187850952,30023.25,32.0,1.0,240246.0,120093.0,0.49987512799380635,128.0,1.0,9.901599727100526e-07,29.72317123413086,71.62081360816956,111.0,0.0,96.38056755065918
112,112.0,8.0,16.0,27.986161947250366,128.0,1.0,291453.0,757123.0,0.7220487594604492,2.0,2.0,2.0,0.3984375,32.0,0.051315897786781736,0.026287725195288658,0.3979068696498871,36423.75,32.0,1.0,291453.0,145695.0,0.49989192082428385,128.0,1.0,9.899808525182934e-07,29.72317123413086,81.64380812644958,112.0,0.0,109.69944906234741
113,113.0,8.0,16.0,34.153637647628784,128.0,1.0,318271.0,730305.0,0.6964731216430664,2.0,2.0,2.0,0.3515625,32.0,0.059052567760188725,0.030749572440981865,0.4166412353515625,39775.75,32.0,1.0,318271.0,159103.0,0.4998978857640187,128.0,1.0,9.898001332119935e-07,29.72317123413086,91.94442653656006,113.0,0.0,126.17166638374329
114,114.0,8.0,16.0,28.651334762573242,128.0,1.0,262421.0,786155.0,0.7497358322143555,2.0,2.0,2.0,0.1953125,32.0,0.07351309748566504,0.03608208894729614,0.6514983773231506,32794.25,32.0,1.0,262421.0,131177.0,0.4998723425335625,128.0,1.0,9.896178153809537e-07,29.72317123413086,76.92391514778137,114.0,0.0,105.64724540710449
115,115.0,8.0,16.0,33.18255805969238,128.0,1.0,282240.0,766336.0,0.7308349609375,2.0,2.0,2.0,0.46875,32.0,0.06679793379903508,0.03451858088374138,0.49653151631355286,35272.75,32.0,1.0,282240.0,141091.0,0.49989725056689344,128.0,1.0,9.894338996201908e-07,29.72317123413086,85.64653134346008,115.0,0.0,118.89998316764832
116,116.0,8.0,16.0,33.684911251068115,128.0,1.0,256254.0,792322.0,0.7556171417236328,2.0,2.0,2.0,0.390625,32.0,0.05473230974836194,0.025580938905477524,0.5145500898361206,32024.25,32.0,1.0,256254.0,128097.0,0.4998829286567234,128.0,1.0,9.892483865299374e-07,29.72317123413086,85.39950394630432,116.0,0.0,119.14435076713562
117,117.0,8.0,16.0,24.613072872161865,128.0,1.0,232499.0,816077.0,0.7782716751098633,2.0,2.0,2.0,0.5390625,32.0,0.06942156925071098,0.030208151787519455,0.6026227474212646,29054.0,32.0,1.0,232499.0,116216.0,0.4998559133587671,128.0,1.0,9.890612767156392e-07,29.72317123413086,74.91225695610046,117.0,0.0,99.60769867897034
118,118.0,8.0,16.0,27.875624656677246,128.0,1.0,290733.0,757843.0,0.7227354049682617,2.0,2.0,2.0,0.28125,32.0,0.05587854079400764,0.028692226856946945,0.35697558522224426,36334.75,32.0,1.0,290733.0,145339.0,0.4999054114943952,128.0,1.0,9.888725707879524e-07,29.72317123413086,89.14402365684509,118.0,0.0,117.09005832672119
119,119.0,8.0,16.0,24.953898668289185,128.0,1.0,281712.0,766864.0,0.7313385009765625,2.0,2.0,2.0,0.3984375,32.0,0.06549973255020054,0.031524624675512314,0.44231531023979187,35207.5,32.0,1.0,281712.0,140830.0,0.49990770716192423,128.0,1.0,9.88682269362743e-07,29.72317123413086,77.98220920562744,119.0,0.0,103.00266575813293
120,120.0,8.0,16.0,27.50385355949402,128.0,1.0,256891.0,791685.0,0.755009651184082,2.0,2.0,2.0,0.1171875,32.0,0.06635391139513891,0.03129666671156883,0.5048801898956299,32103.5,32.0,1.0,256891.0,128414.0,0.4998773799004247,128.0,1.0,9.884903730610836e-07,29.72317123413086,77.4481770992279,120.0,0.0,105.01968550682068
121,121.0,8.0,16.0,21.17729949951172,128.0,1.0,223368.0,825208.0,0.7869796752929688,2.0,2.0,2.0,0.296875,32.0,0.07527952522732663,0.033368390053510666,0.6128661036491394,27913.5,32.0,1.0,223368.0,111654.0,0.499865692489524,128.0,1.0,9.882968825092521e-07,29.72317123413086,65.42978858947754,121.0,0.0,86.66596174240112
122,122.0,8.0,16.0,15.322999000549316,128.0,1.0,184344.0,864232.0,0.8241958618164062,2.0,2.0,2.0,0.625,32.0,0.056885115892208994,0.02347603440284729,0.5631678104400635,23034.25,32.0,1.0,184344.0,92137.0,0.4998101375688929,128.0,1.0,9.881017983387296e-07,29.72317123413086,59.961771726608276,122.0,0.0,75.33393478393555
123,123.0,8.0,16.0,35.01420760154724,128.0,1.0,296985.0,751591.0,0.7167730331420898,2.0,2.0,2.0,0.4375,32.0,0.061600678577485864,0.030623551458120346,0.42895054817199707,37114.5,32.0,1.0,296985.0,148458.0,0.4998838325167938,128.0,1.0,9.879051211861977e-07,29.72317123413086,98.22955918312073,123.0,0.0,133.31905937194824
124,124.0,8.0,16.0,24.874051332473755,128.0,1.0,260590.0,787986.0,0.7514820098876953,2.0,2.0,2.0,0.390625,32.0,0.06796330916527278,0.03332313150167465,0.4953019320964813,32565.0,32.0,1.0,260590.0,130260.0,0.49986568939713727,128.0,1.0,9.87706851693537e-07,29.72317123413086,76.52026748657227,124.0,0.0,101.46012091636658
125,125.0,8.0,16.0,16.84790301322937,128.0,1.0,164998.0,883578.0,0.8426456451416016,2.0,2.0,2.0,0.4375,32.0,0.06381513789086637,0.029236970469355583,0.6168457865715027,20616.75,32.0,1.0,164998.0,82467.0,0.4998060582552516,128.0,1.0,9.87506990507826e-07,29.72317123413086,56.68901562690735,125.0,0.0,73.58559679985046
126,126.0,8.0,16.0,30.479407787322998,128.0,1.0,288906.0,759670.0,0.7244777679443359,2.0,2.0,2.0,0.34375,32.0,0.07150462607361498,0.03671558201313019,0.5718303322792053,36106.5,32.0,1.0,288906.0,144426.0,0.4999065439970094,128.0,1.0,9.87305538281336e-07,29.72317123413086,94.2569055557251,126.0,0.0,124.81066799163818
127,127.0,8.0,16.0,19.455519437789917,128.0,1.0,214826.0,833750.0,0.7951259613037109,2.0,2.0,2.0,0.4609375,32.0,0.07883072543212485,0.038326721638441086,0.5778847336769104,26845.75,32.0,1.0,214826.0,107383.0,0.49986035209890795,128.0,1.0,9.871024956715323e-07,29.72317123413086,64.53756141662598,127.0,0.0,84.04883646965027
128,128.0,8.0,16.0,24.598827838897705,128.0,1.0,248343.0,800233.0,0.7631616592407227,2.0,2.0,2.0,0.578125,32.0,0.046798209919755515,0.021726714447140694,0.5360088348388672,31034.5,32.0,1.0,248343.0,124138.0,0.49986510592205136,128.0,1.0,9.8689786334107e-07,29.72317123413086,73.70489549636841,128.0,0.0,98.36118769645691
129,129.0,8.0,16.0,24.935631275177002,128.0,1.0,246146.0,802430.0,0.7652568817138672,2.0,2.0,2.0,0.390625,32.0,0.056009453764594555,0.023791002109646797,0.5280231833457947,30760.5,32.0,1.0,246146.0,123042.0,0.4998740584856142,128.0,1.0,9.86691641957793e-07,29.72317123413086,74.58716797828674,129.0,0.0,99.58217310905457
130,130.0,8.0,16.0,30.35284733772278,128.0,1.0,219083.0,829493.0,0.7910661697387695,2.0,2.0,2.0,0.3671875,32.0,0.06715321291690592,0.03161436319351196,0.6126644611358643,27376.5,32.0,1.0,219083.0,109506.0,0.499837960955437,128.0,1.0,9.864838321947301e-07,29.72317123413086,74.20346522331238,130.0,0.0,104.6129503250122
131,131.0,8.0,16.0,21.27399730682373,128.0,1.0,220370.0,828206.0,0.7898387908935547,2.0,2.0,2.0,0.4453125,32.0,0.08187567674825845,0.040682319551706314,0.5679793357849121,27536.5,32.0,1.0,220370.0,110146.0,0.4998230249126469,128.0,1.0,9.862744347300956e-07,29.72317123413086,67.7777509689331,131.0,0.0,89.11007452011108
132,132.0,8.0,16.0,23.139288663864136,128.0,1.0,248756.0,799820.0,0.7627677917480469,2.0,2.0,2.0,0.390625,32.0,0.06454466861598805,0.03223574161529541,0.526487410068512,31086.5,32.0,1.0,248756.0,124346.0,0.4998713598867967,128.0,1.0,9.86063450247284e-07,29.72317123413086,72.73344230651855,132.0,0.0,95.93523955345154
133,133.0,8.0,16.0,12.687851667404175,128.0,1.0,159819.0,888757.0,0.8475847244262695,2.0,2.0,2.0,0.4296875,32.0,0.09471761738019523,0.04371015354990959,0.7658237814903259,19968.5,32.0,1.0,159819.0,79874.0,0.4997778737196453,128.0,1.0,9.858508794348705e-07,29.72317123413086,51.27959322929382,133.0,0.0,64.01539349555969
134,134.0,8.0,16.0,23.798506259918213,128.0,1.0,270800.0,777776.0,0.7417449951171875,2.0,2.0,2.0,0.359375,32.0,0.061922685970523444,0.0309427659958601,0.907071053981781,33842.25,32.0,1.0,270800.0,135369.0,0.49988552437223044,128.0,1.0,9.856367229866063e-07,29.72317123413086,79.43876647949219,134.0,0.0,103.30757260322571
135,135.0,8.0,16.0,28.36654806137085,128.0,1.0,194659.0,853917.0,0.8143587112426758,2.0,2.0,2.0,0.453125,32.0,0.06805340898163857,0.027823152020573616,0.6361257433891296,24324.5,32.0,1.0,194659.0,97298.0,0.4998381785584021,128.0,1.0,9.854209816014183e-07,29.72317123413086,68.23681807518005,135.0,0.0,96.6575038433075
136,136.0,8.0,16.0,23.546081066131592,128.0,1.0,211130.0,837446.0,0.7986507415771484,2.0,2.0,2.0,0.6640625,32.0,0.06551115698378907,0.03220599144697189,0.5336307883262634,26384.0,32.0,1.0,211130.0,105536.0,0.4998626438687065,128.0,1.0,9.852036559834058e-07,29.72317123413086,74.89085721969604,136.0,0.0,98.50074124336243
137,137.0,8.0,16.0,29.73133111000061,128.0,1.0,271763.0,776813.0,0.7408266067504883,2.0,2.0,2.0,0.640625,32.0,0.05626899601634841,0.027871502563357353,0.4894598126411438,33962.25,32.0,1.0,271763.0,135849.0,0.49988041050474125,128.0,1.0,9.849847468418386e-07,29.72317123413086,85.79053258895874,137.0,0.0,115.5861873626709
138,138.0,8.0,16.0,27.505078315734863,128.0,1.0,235679.0,812897.0,0.7752389907836914,2.0,2.0,2.0,0.46875,32.0,0.057687572084584075,0.028074128553271294,0.49022871255874634,29452.0,32.0,1.0,235679.0,117808.0,0.4998663436284098,128.0,1.0,9.847642548911543e-07,29.72317123413086,70.21597409248352,138.0,0.0,97.78405046463013
139,139.0,8.0,16.0,31.026329040527344,128.0,1.0,269973.0,778603.0,0.7425336837768555,2.0,2.0,2.0,0.5625,32.0,0.055684552510905004,0.027036966755986214,0.4083351492881775,33739.0,32.0,1.0,269973.0,134956.0,0.499887025739611,128.0,1.0,9.845421808509562e-07,29.72317123413086,84.05766201019287,139.0,0.0,115.15068626403809
140,140.0,8.0,16.0,25.53338098526001,128.0,1.0,278799.0,769777.0,0.7341165542602539,2.0,2.0,2.0,0.359375,32.0,0.059153035316301276,0.029836924746632576,0.42239367961883545,34841.25,32.0,1.0,278799.0,139365.0,0.499876254936352,128.0,1.0,9.84318525446011e-07,29.72317123413086,77.9824230670929,140.0,0.0,103.58262920379639
141,141.0,8.0,16.0,35.90685796737671,128.0,1.0,332882.0,715694.0,0.6825389862060547,2.0,2.0,2.0,0.328125,32.0,0.054918345737947336,0.03140218183398247,0.3683539927005768,41602.75,32.0,1.0,332882.0,166411.0,0.49990987797477787,128.0,1.0,9.840932894062467e-07,29.72317123413086,91.4763593673706,141.0,0.0,127.46779084205627
142,142.0,8.0,16.0,34.3459210395813,128.0,1.0,251862.0,796714.0,0.7598056793212891,2.0,2.0,2.0,0.4296875,32.0,0.0634391473303269,0.03010961227118969,0.5011723041534424,31475.5,32.0,1.0,251862.0,125902.0,0.49988485758073864,128.0,1.0,9.838664734667495e-07,29.72317123413086,82.8194568157196,142.0,0.0,117.22740316390991
143,143.0,8.0,16.0,23.34844470024109,128.0,1.0,223047.0,825529.0,0.7872858047485352,2.0,2.0,2.0,0.5390625,32.0,0.038626353232212904,0.01790022850036621,0.6111597418785095,27872.5,32.0,1.0,223047.0,111490.0,0.4998498074396876,128.0,1.0,9.836380783677616e-07,29.72317123413086,64.26090693473816,143.0,0.0,87.66690182685852
144,144.0,8.0,16.0,20.363600730895996,128.0,1.0,217722.0,830854.0,0.7923641204833984,2.0,2.0,2.0,0.5,32.0,0.08751085663739139,0.04199761152267456,0.6701321005821228,27208.75,32.0,1.0,217722.0,108835.0,0.49988058165918003,128.0,1.0,9.8340810485468e-07,29.72317123413086,64.32910084724426,144.0,0.0,84.75254893302917
145,145.0,8.0,16.0,17.48180913925171,128.0,1.0,235744.0,812832.0,0.775177001953125,2.0,2.0,2.0,0.484375,32.0,0.05933967125821338,0.027651173993945122,0.5450457334518433,29460.75,32.0,1.0,235744.0,117843.0,0.4998769852042894,128.0,1.0,9.831765536780517e-07,29.72317123413086,64.80816435813904,145.0,0.0,82.3548231124878
146,146.0,8.0,16.0,16.21479630470276,128.0,1.0,215807.0,832769.0,0.7941904067993164,2.0,2.0,2.0,0.5078125,32.0,0.0662114114156211,0.031457312405109406,0.5238615274429321,26967.75,32.0,1.0,215807.0,107871.0,0.4998494024753599,128.0,1.0,9.829434255935738e-07,29.72317123413086,62.275033950805664,146.0,0.0,78.54942655563354
147,147.0,8.0,16.0,25.919647455215454,128.0,1.0,237024.0,811552.0,0.773956298828125,2.0,2.0,2.0,0.390625,32.0,0.07914485226026477,0.03924534469842911,0.571065366268158,29620.75,32.0,1.0,237024.0,118483.0,0.49987764952072367,128.0,1.0,9.82708721362089e-07,29.72317123413086,67.38263726234436,147.0,0.0,93.36325120925903
148,148.0,8.0,16.0,35.03435206413269,128.0,1.0,256173.0,792403.0,0.7556943893432617,2.0,2.0,2.0,0.6953125,32.0,0.05096838769606581,0.02471664547920227,0.4232056140899658,32014.25,32.0,1.0,256173.0,128057.0,0.49988484344564027,128.0,1.0,9.824724417495843e-07,29.72317123413086,86.37196087837219,148.0,0.0,121.47500538825989
149,149.0,8.0,16.0,30.86892604827881,128.0,1.0,281036.0,767540.0,0.7319831848144531,2.0,2.0,2.0,0.2890625,32.0,0.0741785412057848,0.03497804328799248,0.49878185987472534,35121.0,32.0,1.0,281036.0,140484.0,0.4998790190580566,128.0,1.0,9.822345875271883e-07,29.72317123413086,80.6141083240509,149.0,0.0,111.55300092697144
150,150.0,8.0,16.0,19.99079418182373,128.0,1.0,175559.0,873017.0,0.8325738906860352,2.0,2.0,2.0,0.4609375,32.0,0.07907694785265314,0.033892665058374405,0.8272426724433899,21937.25,32.0,1.0,175559.0,87749.0,0.4998262692314265,128.0,1.0,9.819951594711682e-07,29.72317123413086,61.204265832901,150.0,0.0,403.28723978996277
151,151.0,8.0,16.0,32.13010096549988,128.0,1.0,227496.0,821080.0,0.7830429077148438,2.0,2.0,2.0,0.4140625,32.0,0.061152859145875746,0.029062509536743164,0.5477910041809082,28429.0,32.0,1.0,227496.0,113716.0,0.4998593381861659,128.0,1.0,9.817541583629278e-07,29.72317123413086,71.68468761444092,151.0,0.0,103.8759560585022
152,152.0,8.0,16.0,22.729400396347046,128.0,1.0,186852.0,861724.0,0.8218040466308594,2.0,2.0,2.0,0.40625,32.0,0.06826408807100963,0.029255492612719536,0.668724775314331,23349.75,32.0,1.0,186852.0,93399.0,0.4998555006101085,128.0,1.0,9.815115849890047e-07,29.72317123413086,66.95704793930054,152.0,0.0,89.7574679851532
153,153.0,8.0,16.0,20.401349544525146,128.0,1.0,206370.0,842206.0,0.8031902313232422,2.0,2.0,2.0,0.25,32.0,0.08533307897921422,0.03911307081580162,0.6522194743156433,25788.25,32.0,1.0,206370.0,103153.0,0.49984493870233077,128.0,1.0,9.81267440141068e-07,29.72317123413086,59.71025276184082,153.0,0.0,80.16377639770508
154,154.0,8.0,16.0,21.812156677246094,128.0,1.0,240480.0,808096.0,0.770660400390625,2.0,2.0,2.0,0.4765625,32.0,0.07394275559733725,0.03526923432946205,0.564055323600769,30052.0,32.0,1.0,240480.0,120208.0,0.49986693280106453,128.0,1.0,9.81021724615915e-07,29.72317123413086,71.44197058677673,154.0,0.0,93.31861782073975
155,155.0,8.0,16.0,33.732489347457886,128.0,1.0,231941.0,816635.0,0.778803825378418,2.0,2.0,2.0,0.5703125,32.0,0.06580778853525814,0.03184692934155464,0.5912630558013916,28984.5,32.0,1.0,231941.0,115938.0,0.49985987815866967,128.0,1.0,9.807744392154699e-07,29.72317123413086,86.99763178825378,155.0,0.0,120.78830289840698
156,156.0,8.0,16.0,22.231281995773315,128.0,1.0,215822.0,832754.0,0.7941761016845703,2.0,2.0,2.0,0.5546875,32.0,0.06771868390252925,0.03337288275361061,0.6393048763275146,26970.75,32.0,1.0,215822.0,107883.0,0.4998702634578495,128.0,1.0,9.805255847467792e-07,29.72317123413086,69.17304682731628,156.0,0.0,91.45901989936829
157,157.0,8.0,16.0,27.003239393234253,128.0,1.0,205672.0,842904.0,0.8038558959960938,2.0,2.0,2.0,0.4140625,32.0,0.0629015500194394,0.02843189612030983,0.7720251083374023,25700.75,32.0,1.0,205672.0,102803.0,0.4998395503520168,128.0,1.0,9.802751620220117e-07,29.72317123413086,70.77604532241821,157.0,0.0,97.84450197219849
158,158.0,8.0,16.0,28.514225721359253,128.0,1.0,290738.0,757838.0,0.7227306365966797,2.0,2.0,2.0,0.265625,32.0,0.05408205826035301,0.029430542141199112,0.42209261655807495,36333.0,32.0,1.0,290738.0,145332.0,0.49987273765383267,128.0,1.0,9.80023171858453e-07,29.72317123413086,82.73277115821838,158.0,0.0,111.31455039978027
159,159.0,8.0,16.0,24.85433864593506,128.0,1.0,235063.0,813513.0,0.7758264541625977,2.0,2.0,2.0,0.5859375,32.0,0.06802218273545844,0.03234196454286575,0.5241944193840027,29373.75,32.0,1.0,235063.0,117495.0,0.49984472247865464,128.0,1.0,9.797696150785057e-07,29.72317123413086,76.25773692131042,159.0,0.0,101.16924333572388
160,160.0,8.0,16.0,19.146941661834717,128.0,1.0,224103.0,824473.0,0.7862787246704102,2.0,2.0,2.0,0.515625,32.0,0.05994116300149734,0.026090754196047783,0.49872344732284546,28004.75,32.0,1.0,224103.0,112019.0,0.49985497739878537,128.0,1.0,9.795144925096836e-07,29.72317123413086,69.02232003211975,160.0,0.0,88.22519397735596
161,161.0,8.0,16.0,19.171195030212402,128.0,1.0,173924.0,874652.0,0.8341331481933594,2.0,2.0,2.0,0.6015625,32.0,0.07841017243996833,0.031252745538949966,0.6877962946891785,21731.5,32.0,1.0,173924.0,86926.0,0.4997930130401785,128.0,1.0,9.792578049846122e-07,29.72317123413086,55.32735633850098,161.0,0.0,74.55361986160278
162,162.0,8.0,16.0,30.45840549468994,128.0,1.0,315772.0,732804.0,0.6988563537597656,2.0,2.0,2.0,0.4921875,32.0,0.05601932329708402,0.0310173612087965,0.43994057178497314,39463.75,32.0,1.0,315772.0,157855.0,0.49990182790114385,128.0,1.0,9.789995533410233e-07,29.72317123413086,86.53878045082092,162.0,0.0,117.07754063606262
163,163.0,8.0,16.0,24.550328254699707,128.0,1.0,241287.0,807289.0,0.7698907852172852,2.0,2.0,2.0,0.4375,32.0,0.06832102942064071,0.03222411125898361,0.4604009985923767,30152.75,32.0,1.0,241287.0,120611.0,0.49986530563188236,128.0,1.0,9.787397384217538e-07,29.72317123413086,68.3388421535492,163.0,0.0,92.9562976360321
164,164.0,8.0,16.0,18.104726552963257,128.0,1.0,234789.0,813787.0,0.776087760925293,2.0,2.0,2.0,0.3828125,32.0,0.06841565413337951,0.031104564666748047,0.5389008522033691,29340.25,32.0,1.0,234789.0,117361.0,0.4998573186989169,128.0,1.0,9.784783610747428e-07,29.72317123413086,67.05349540710449,164.0,0.0,85.2214994430542
165,165.0,8.0,16.0,26.45868706703186,128.0,1.0,254370.0,794206.0,0.7574138641357422,2.0,2.0,2.0,0.4921875,32.0,0.0666595597993859,0.036828406155109406,0.46542462706565857,31787.75,32.0,1.0,254370.0,127151.0,0.4998663364390455,128.0,1.0,9.782154221530284e-07,29.72317123413086,73.39095544815063,165.0,0.0,99.91465425491333
166,166.0,8.0,16.0,24.21565580368042,128.0,1.0,217581.0,830995.0,0.7924985885620117,2.0,2.0,2.0,0.71875,32.0,0.05420195023805008,0.024348059669137,0.5864216685295105,27189.0,32.0,1.0,217581.0,108756.0,0.4998414383608863,128.0,1.0,9.77950922514745e-07,29.72317123413086,75.11365580558777,166.0,0.0,99.38407707214355
167,167.0,8.0,16.0,32.721537590026855,128.0,1.0,289575.0,759001.0,0.7238397598266602,2.0,2.0,2.0,0.3125,32.0,0.07007803628750008,0.038375724107027054,0.48141446709632874,36189.0,32.0,1.0,289575.0,144756.0,0.4998912198912199,128.0,1.0,9.776848630231204e-07,29.72317123413086,83.23948311805725,167.0,0.0,116.03271436691284
168,168.0,8.0,16.0,23.141772747039795,128.0,1.0,231826.0,816750.0,0.7789134979248047,2.0,2.0,2.0,0.40625,32.0,0.07264275176883307,0.03532214090228081,0.545840859413147,28969.75,32.0,1.0,231826.0,115879.0,0.49985333827957174,128.0,1.0,9.774172445464737e-07,29.72317123413086,76.88467979431152,168.0,0.0,100.08786249160767
169,169.0,8.0,16.0,33.17805504798889,128.0,1.0,315071.0,733505.0,0.6995248794555664,2.0,2.0,2.0,0.53125,32.0,0.06078826488540485,0.03184640407562256,0.45159780979156494,39376.0,32.0,1.0,315071.0,157504.0,0.4999000225346033,128.0,1.0,9.771480679582116e-07,29.72317123413086,93.53345775604248,169.0,0.0,126.7866632938385
170,170.0,8.0,16.0,33.6616747379303,128.0,1.0,268577.0,779999.0,0.7438650131225586,2.0,2.0,2.0,0.4453125,32.0,0.05581386295759393,0.031831007450819016,0.38924798369407654,33563.75,32.0,1.0,268577.0,134255.0,0.49987526854496106,128.0,1.0,9.768773341368262e-07,29.72317123413086,96.20531845092773,170.0,0.0,129.9337797164917
171,171.0,8.0,16.0,32.03867769241333,128.0,1.0,264891.0,783685.0,0.747380256652832,2.0,2.0,2.0,0.5078125,32.0,0.05859945421504073,0.028367342427372932,0.4261167645454407,33104.0,32.0,1.0,264891.0,132416.0,0.49988863343790463,128.0,1.0,9.766050439658912e-07,29.72317123413086,79.07559657096863,171.0,0.0,111.17846131324768
172,172.0,8.0,16.0,34.215065002441406,128.0,1.0,363275.0,685301.0,0.6535539627075195,2.0,2.0,2.0,0.2890625,32.0,0.05839024355454601,0.029860446229577065,0.3856229782104492,45400.75,32.0,1.0,363275.0,181603.0,0.4999050306241828,128.0,1.0,9.763311983340602e-07,29.72317123413086,100.1304943561554,172.0,0.0,134.42862129211426
173,173.0,8.0,16.0,16.695401430130005,128.0,1.0,145549.0,903027.0,0.8611936569213867,2.0,2.0,2.0,0.625,32.0,0.08274515378506059,0.028828779235482216,1.8388375043869019,18186.0,32.0,1.0,145549.0,72744.0,0.499790448577455,128.0,1.0,9.760557981350632e-07,29.72317123413086,56.10055112838745,173.0,0.0,72.84052777290344
174,174.0,8.0,16.0,30.216078281402588,128.0,1.0,330166.0,718410.0,0.6851291656494141,2.0,2.0,2.0,0.3203125,32.0,0.06043456864491082,0.029073763638734818,0.4445766806602478,41262.75,32.0,1.0,330166.0,165051.0,0.49990307905720155,128.0,1.0,9.757788442677034e-07,29.72317123413086,85.2142264842987,174.0,0.0,115.50980138778687
175,175.0,8.0,16.0,28.920352697372437,128.0,1.0,257263.0,791313.0,0.7546548843383789,2.0,2.0,2.0,0.3984375,32.0,0.06605892533293797,0.03188738971948624,0.5389465689659119,32150.75,32.0,1.0,257263.0,128603.0,0.4998892184262797,128.0,1.0,9.75500337635855e-07,29.72317123413086,82.13455533981323,175.0,0.0,111.1177875995636
176,176.0,8.0,16.0,20.7254581451416,128.0,1.0,231412.0,817164.0,0.7793083190917969,2.0,2.0,2.0,0.453125,32.0,0.059540711722383954,0.028012985363602638,0.45706766843795776,28919.0,32.0,1.0,231412.0,115676.0,0.49987036108758404,128.0,1.0,9.752202791484596e-07,29.72317123413086,66.65217137336731,176.0,0.0,87.436678647995
177,177.0,8.0,16.0,34.68343544006348,128.0,1.0,284159.0,764417.0,0.7290048599243164,2.0,2.0,2.0,0.453125,32.0,0.0553194227322165,0.027211222797632217,0.43771764636039734,35512.5,32.0,1.0,284159.0,142050.0,0.4998961848824074,128.0,1.0,9.749386697195235e-07,29.72317123413086,76.22459387779236,177.0,0.0,110.97421360015869
178,178.0,8.0,16.0,32.265108585357666,128.0,1.0,208059.0,840517.0,0.801579475402832,2.0,2.0,2.0,0.5703125,32.0,0.05741162287163265,0.023163221776485443,1.220200538635254,25999.0,32.0,1.0,208059.0,103996.0,0.49983898797937126,128.0,1.0,9.746555102681149e-07,29.72317123413086,74.72254800796509,178.0,0.0,107.04748940467834
179,179.0,8.0,16.0,18.37694787979126,128.0,1.0,189973.0,858603.0,0.8188276290893555,2.0,2.0,2.0,0.5390625,32.0,0.06317727741511923,0.03077399916946888,0.6358773112297058,23738.25,32.0,1.0,189973.0,94953.0,0.4998236591515636,128.0,1.0,9.7437080171836e-07,29.72317123413086,54.091444969177246,179.0,0.0,72.5198187828064
180,180.0,8.0,16.0,27.407392263412476,128.0,1.0,250031.0,798545.0,0.7615518569946289,2.0,2.0,2.0,0.4921875,32.0,0.06768660155668357,0.03550293296575546,0.5020582675933838,31244.75,32.0,1.0,250031.0,124979.0,0.4998540181017554,128.0,1.0,9.740845449994419e-07,29.72317123413086,71.06759929656982,180.0,0.0,98.53531837463379
181,181.0,8.0,16.0,23.62157940864563,128.0,1.0,258848.0,789728.0,0.753143310546875,2.0,2.0,2.0,0.40625,32.0,0.052920288424536714,0.029535602778196335,0.43392637372016907,32348.5,32.0,1.0,258848.0,129394.0,0.4998841018667326,128.0,1.0,9.73796741045595e-07,29.72317123413086,73.60853934288025,181.0,0.0,97.29379487037659
182,182.0,8.0,16.0,27.46284008026123,128.0,1.0,268471.0,780105.0,0.7439661026000977,2.0,2.0,2.0,0.1875,32.0,0.06053705814807613,0.029891861602663994,0.5294508934020996,33551.75,32.0,1.0,268471.0,134207.0,0.49989384328288716,128.0,1.0,9.735073907961042e-07,29.72317123413086,83.64525437355042,182.0,0.0,111.17100310325623
183,183.0,8.0,16.0,22.38350534439087,128.0,1.0,222032.0,826544.0,0.7882537841796875,2.0,2.0,2.0,0.3046875,32.0,0.0639139637888457,0.030066318809986115,0.5057821869850159,27744.5,32.0,1.0,222032.0,110978.0,0.4998288534985948,128.0,1.0,9.73216495195301e-07,29.72317123413086,63.76807379722595,183.0,0.0,86.20755076408386
184,184.0,8.0,16.0,26.142574071884155,128.0,1.0,272156.0,776420.0,0.7404518127441406,2.0,2.0,2.0,0.3671875,32.0,0.07071926505048914,0.03846842423081398,0.5068732500076294,34011.5,32.0,1.0,272156.0,136046.0,0.49988242037654873,128.0,1.0,9.729240551925595e-07,29.72317123413086,86.62171792984009,184.0,0.0,112.83127999305725
185,185.0,8.0,16.0,32.565200328826904,128.0,1.0,223328.0,825248.0,0.787017822265625,2.0,2.0,2.0,0.5859375,32.0,0.05806616310691026,0.026474930346012115,0.6543850898742676,27908.5,32.0,1.0,223328.0,111634.0,0.49986566843387303,128.0,1.0,9.72630071742295e-07,29.72317123413086,71.7686550617218,185.0,0.0,104.38721013069153
186,186.0,8.0,16.0,35.03425979614258,128.0,1.0,295423.0,753153.0,0.7182626724243164,2.0,2.0,2.0,0.3359375,32.0,0.06297958100106105,0.035218965262174606,0.44665074348449707,36919.5,32.0,1.0,295423.0,147678.0,0.49988660327733453,128.0,1.0,9.723345458039593e-07,29.72317123413086,89.25062108039856,186.0,0.0,124.35790514945984
187,187.0,8.0,16.0,27.232590913772583,128.0,1.0,263006.0,785570.0,0.7491779327392578,2.0,2.0,2.0,0.3828125,32.0,0.06220056934208399,0.03159843385219574,0.41432252526283264,32868.0,32.0,1.0,263006.0,131472.0,0.4998821319665711,128.0,1.0,9.720374783420393e-07,29.72317123413086,78.81248569488525,187.0,0.0,106.10659861564636
188,188.0,8.0,16.0,21.60894799232483,128.0,1.0,205075.0,843501.0,0.8044252395629883,2.0,2.0,2.0,0.6015625,32.0,0.05616657112905293,0.024297745898365974,0.5882181525230408,25626.25,32.0,1.0,205075.0,102505.0,0.49984152139461174,128.0,1.0,9.71738870326052e-07,29.72317123413086,63.08389616012573,188.0,0.0,84.74789428710938
189,189.0,8.0,16.0,31.149269342422485,128.0,1.0,258460.0,790116.0,0.7535133361816406,2.0,2.0,2.0,0.4375,32.0,0.06302251931920391,0.032395437359809875,0.6197426915168762,32299.25,32.0,1.0,258460.0,129197.0,0.4998723206685754,128.0,1.0,9.71438722730542e-07,29.72317123413086,79.44246745109558,189.0,0.0,110.65609359741211
190,190.0,8.0,16.0,20.1213116645813,128.0,1.0,208267.0,840309.0,0.8013811111450195,2.0,2.0,2.0,0.5,32.0,0.07320456272458137,0.030357548967003822,0.7335198521614075,26025.0,32.0,1.0,208267.0,104100.0,0.49983914878497315,128.0,1.0,9.711370365350798e-07,29.72317123413086,61.164127826690674,190.0,0.0,81.3410120010376
191,191.0,8.0,16.0,39.665619134902954,128.0,1.0,355748.0,692828.0,0.6607322692871094,2.0,2.0,2.0,0.359375,32.0,0.04825159354296415,0.02593454346060753,0.39697787165641785,44460.5,32.0,1.0,355748.0,177842.0,0.49991004868614863,128.0,1.0,9.708338127242559e-07,29.911922931671143,116.58600330352783,191.0,0.0,156.33056330680847
192,192.0,8.0,16.0,27.895978450775146,128.0,1.0,285512.0,763064.0,0.7277145385742188,2.0,2.0,2.0,0.4140625,32.0,0.05110024435576438,0.026158982887864113,0.4388057291507721,35680.0,32.0,1.0,285512.0,142720.0,0.499873910728796,128.0,1.0,9.705290522876797e-07,29.911922931671143,77.12049746513367,192.0,0.0,105.08083891868591
193,193.0,8.0,16.0,16.613965272903442,128.0,1.0,185331.0,863245.0,0.8232545852661133,2.0,2.0,2.0,0.5546875,32.0,0.06466095234127542,0.028769943863153458,0.5787933468818665,23158.0,32.0,1.0,185331.0,92632.0,0.4998192423285905,128.0,1.0,9.70222756219976e-07,29.911922931671143,57.79552388191223,193.0,0.0,74.46144437789917
194,194.0,8.0,16.0,30.504204273223877,128.0,1.0,193609.0,854967.0,0.8153600692749023,2.0,2.0,2.0,0.5078125,32.0,0.06900330266218394,0.03274371474981308,0.6592849493026733,24193.25,32.0,1.0,193609.0,96773.0,0.4998373009519186,128.0,1.0,9.699149255207798e-07,29.911922931671143,72.35713124275208,194.0,0.0,102.9123547077179
195,195.0,8.0,16.0,34.851181507110596,128.0,1.0,297769.0,750807.0,0.7160253524780273,2.0,2.0,2.0,0.5234375,32.0,0.0589810007424802,0.029965942725539207,0.439470499753952,37213.25,32.0,1.0,297769.0,148853.0,0.4998942132995711,128.0,1.0,9.696055611947364e-07,29.911922931671143,91.63313102722168,195.0,0.0,126.55270862579346
196,196.0,8.0,16.0,23.614716291427612,128.0,1.0,211083.0,837493.0,0.7986955642700195,2.0,2.0,2.0,0.375,32.0,0.059744328280759235,0.030610255897045135,0.550881028175354,26377.0,32.0,1.0,211083.0,105508.0,0.49984129465660426,128.0,1.0,9.69294664251495e-07,29.911922931671143,69.45697903633118,196.0,0.0,93.1253650188446
197,197.0,8.0,16.0,32.626869440078735,128.0,1.0,234624.0,813952.0,0.7762451171875,2.0,2.0,2.0,0.4296875,32.0,0.04801615156690078,0.025593744590878487,0.42343372106552124,29320.0,32.0,1.0,234624.0,117280.0,0.4998636115657392,128.0,1.0,9.689822357057074e-07,29.911922931671143,74.44687104225159,197.0,0.0,107.13303351402283
198,198.0,8.0,16.0,22.262203693389893,128.0,1.0,236129.0,812447.0,0.7748098373413086,2.0,2.0,2.0,0.5390625,32.0,0.06596745486700112,0.028345363214612007,0.6025868654251099,29509.0,32.0,1.0,236129.0,118036.0,0.4998793032621999,128.0,1.0,9.686682765770235e-07,29.911922931671143,61.8734974861145,198.0,0.0,84.19359374046326
199,199.0,8.0,16.0,30.965301036834717,128.0,1.0,283840.0,764736.0,0.72930908203125,2.0,2.0,2.0,0.4453125,32.0,0.0633044607347445,0.033354680985212326,0.43907397985458374,35471.0,32.0,1.0,283840.0,141884.0,0.4998731679819617,128.0,1.0,9.683527878900888e-07,29.911922931671143,78.35843634605408,199.0,0.0,109.39107060432434
200,200.0,8.0,16.0,37.368316888809204,128.0,1.0,390735.0,657841.0,0.6273660659790039,2.0,2.0,2.0,0.34375,32.0,0.05035930528934696,0.028415676206350327,0.34173935651779175,48832.5,32.0,1.0,390735.0,195330.0,0.49990402702598946,128.0,1.0,9.680357706745404e-07,29.911922931671143,101.04957103729248,200.0,0.0,445.08037400245667
201,201.0,8.0,16.0,26.112786769866943,128.0,1.0,263028.0,785548.0,0.7491569519042969,2.0,2.0,2.0,0.3359375,32.0,0.05934531043254451,0.02937474474310875,0.8343454599380493,32870.75,32.0,1.0,263028.0,131483.0,0.4998821418252049,128.0,1.0,9.677172259650043e-07,29.911922931671143,72.47546720504761,201.0,0.0,98.66280198097229
202,202.0,8.0,16.0,31.372023105621338,128.0,1.0,264346.0,784230.0,0.7479000091552734,2.0,2.0,2.0,0.640625,32.0,0.04952460898056024,0.02849307656288147,1.025435209274292,33035.75,32.0,1.0,264346.0,132143.0,0.49988651237393417,128.0,1.0,9.673971548010912e-07,29.911922931671143,91.46354532241821,202.0,0.0,122.90462565422058
203,203.0,8.0,16.0,30.36651062965393,128.0,1.0,256508.0,792068.0,0.7553749084472656,2.0,2.0,2.0,0.40625,32.0,0.06307926909037356,0.031033335253596306,0.5391181707382202,32055.25,32.0,1.0,256508.0,128221.0,0.4998713490417453,128.0,1.0,9.670755582273943e-07,29.911922931671143,75.02383589744568,203.0,0.0,105.45605182647705
204,204.0,8.0,16.0,26.149569749832153,128.0,1.0,235866.0,812710.0,0.7750606536865234,2.0,2.0,2.0,0.375,32.0,0.06326015976498026,0.031031018123030663,0.4838252365589142,29476.25,32.0,1.0,235866.0,117905.0,0.49988128852823216,128.0,1.0,9.667524372934846e-07,29.911922931671143,70.03093552589417,204.0,0.0,96.23954606056213
205,205.0,8.0,16.0,24.11766815185547,128.0,1.0,236490.0,812086.0,0.7744655609130859,2.0,2.0,2.0,0.5703125,32.0,0.05545968614018584,0.026914360001683235,0.5110793113708496,29553.0,32.0,1.0,236490.0,118212.0,0.4998604592160345,128.0,1.0,9.66427793053908e-07,29.911922931671143,73.27019834518433,205.0,0.0,97.44500970840454
206,206.0,8.0,16.0,23.648302793502808,128.0,1.0,223939.0,824637.0,0.7864351272583008,2.0,2.0,2.0,0.28125,32.0,0.08162906778073879,0.0407322458922863,0.5484296083450317,27983.25,32.0,1.0,223939.0,111933.0,0.49983700918553714,128.0,1.0,9.66101626568182e-07,29.911922931671143,65.03475737571716,206.0,0.0,88.74225687980652
207,207.0,8.0,16.0,33.773083209991455,128.0,1.0,266703.0,781873.0,0.7456521987915039,2.0,2.0,2.0,0.296875,32.0,0.06424803978865586,0.035543445497751236,0.5439503788948059,33330.75,32.0,1.0,266703.0,133323.0,0.49989313955973497,128.0,1.0,9.657739389007925e-07,29.911922931671143,84.65091013908386,207.0,0.0,118.4925651550293
208,208.0,8.0,16.0,21.82412052154541,128.0,1.0,203373.0,845203.0,0.8060483932495117,2.0,2.0,2.0,0.5390625,32.0,0.06934568747991017,0.033168256282806396,0.5657858848571777,25414.25,32.0,1.0,203373.0,101657.0,0.49985494633014216,128.0,1.0,9.654447311211895e-07,29.911922931671143,56.35975456237793,208.0,0.0,78.23814940452576
209,209.0,8.0,16.0,30.563794136047363,128.0,1.0,292579.0,755997.0,0.7209749221801758,2.0,2.0,2.0,0.2421875,32.0,0.058518693764209595,0.03409477323293686,0.4101923406124115,36564.75,32.0,1.0,292579.0,146259.0,0.4998957546508806,128.0,1.0,9.651140043037844e-07,29.911922931671143,85.43922424316406,209.0,0.0,116.07462477684021
210,210.0,8.0,16.0,29.464168310165405,128.0,1.0,237066.0,811510.0,0.7739162445068359,2.0,2.0,2.0,0.5859375,32.0,0.05698384595764526,0.030053550377488136,0.5095065832138062,29625.0,32.0,1.0,237066.0,118500.0,0.49986079825871277,128.0,1.0,9.647817595279458e-07,29.911922931671143,79.62847137451172,210.0,0.0,109.1541097164154
211,211.0,8.0,16.0,27.290111541748047,128.0,1.0,238090.0,810486.0,0.7729396820068359,2.0,2.0,2.0,0.453125,32.0,0.0732660131957765,0.03843915835022926,0.5100210905075073,29752.75,32.0,1.0,238090.0,119011.0,0.4998571968583309,128.0,1.0,9.644479978779968e-07,29.911922931671143,75.62412166595459,211.0,0.0,102.97829484939575
212,212.0,8.0,16.0,34.64054274559021,128.0,1.0,262757.0,785819.0,0.749415397644043,2.0,2.0,2.0,0.3984375,32.0,0.06384823593376818,0.03295430541038513,0.5378371477127075,32837.25,32.0,1.0,262757.0,131349.0,0.4998877289663073,128.0,1.0,9.641127204432108e-07,29.911922931671143,84.48707914352417,212.0,0.0,119.1917815208435
213,213.0,8.0,16.0,34.74608635902405,128.0,1.0,280986.0,767590.0,0.7320308685302734,2.0,2.0,2.0,0.5,32.0,0.0660095058524033,0.03347022831439972,0.4923062026500702,35115.25,32.0,1.0,280986.0,140461.0,0.49988611532247157,128.0,1.0,9.637759283178082e-07,29.911922931671143,93.46845555305481,213.0,0.0,128.28384828567505
214,214.0,8.0,16.0,31.37763261795044,128.0,1.0,262336.0,786240.0,0.74981689453125,2.0,2.0,2.0,0.6484375,32.0,0.06100262208825627,0.03156000003218651,0.682649552822113,32784.75,32.0,1.0,262336.0,131139.0,0.49988945474505975,128.0,1.0,9.634376226009524e-07,29.911922931671143,70.77754497528076,214.0,0.0,102.22156047821045
215,215.0,8.0,16.0,31.052006721496582,128.0,1.0,287470.0,761106.0,0.7258472442626953,2.0,2.0,2.0,0.2734375,32.0,0.05931994009951806,0.03135385736823082,0.43676257133483887,35925.25,32.0,1.0,287470.0,143701.0,0.4998817267888823,128.0,1.0,9.63097804396747e-07,29.911922931671143,85.15777087211609,215.0,0.0,116.2892255783081
216,216.0,8.0,16.0,22.04117202758789,128.0,1.0,194896.0,853680.0,0.8141326904296875,2.0,2.0,2.0,0.4921875,32.0,0.054801178886610825,0.024893304333090782,0.545863151550293,24354.25,32.0,1.0,194896.0,97417.0,0.49984094080945735,128.0,1.0,9.627564748142322e-07,29.911922931671143,61.81191563606262,216.0,0.0,83.90446925163269
217,217.0,8.0,16.0,26.301187992095947,128.0,1.0,246479.0,802097.0,0.7649393081665039,2.0,2.0,2.0,0.3125,32.0,0.06011620897132053,0.027724994346499443,0.5724155306816101,30801.5,32.0,1.0,246479.0,123206.0,0.49986408578418445,128.0,1.0,9.6241363496738e-07,29.911922931671143,67.92026352882385,217.0,0.0,94.28350973129272
218,218.0,8.0,16.0,33.39275503158569,128.0,1.0,280211.0,768365.0,0.7327699661254883,2.0,2.0,2.0,0.453125,32.0,0.06184554500599008,0.03123171627521515,0.42742040753364563,35019.25,32.0,1.0,280211.0,140077.0,0.4998982909307629,128.0,1.0,9.620692859750916e-07,29.911922931671143,80.73681712150574,218.0,0.0,114.19719576835632
219,219.0,8.0,16.0,22.98646330833435,128.0,1.0,260928.0,787648.0,0.75115966796875,2.0,2.0,2.0,0.3671875,32.0,0.05620914043262909,0.030237985774874687,0.49111250042915344,32608.25,32.0,1.0,260928.0,130433.0,0.4998811932793721,128.0,1.0,9.617234289611934e-07,29.911922931671143,75.31200861930847,219.0,0.0,98.36328840255737
220,220.0,8.0,16.0,23.455317497253418,128.0,1.0,191280.0,857296.0,0.8175811767578125,2.0,2.0,2.0,0.453125,32.0,0.0709813506587049,0.03356124833226204,0.7485716938972473,23902.0,32.0,1.0,191280.0,95608.0,0.4998327059807612,128.0,1.0,9.613760650544338e-07,29.911922931671143,64.42555594444275,220.0,0.0,87.93727087974548
221,221.0,8.0,16.0,30.716236352920532,128.0,1.0,313120.0,735456.0,0.701385498046875,2.0,2.0,2.0,0.1171875,32.0,0.08519225699012924,0.03998253121972084,0.605025589466095,39131.75,32.0,1.0,313120.0,156527.0,0.49989460909555444,128.0,1.0,9.610271953884788e-07,29.911922931671143,85.21530890464783,221.0,0.0,116.01198196411133
222,222.0,8.0,16.0,31.226290702819824,128.0,1.0,206916.0,841660.0,0.8026695251464844,2.0,2.0,2.0,0.609375,32.0,0.05984849384514336,0.029566410928964615,0.561613142490387,25856.75,32.0,1.0,206916.0,103427.0,0.4998501807496762,128.0,1.0,9.606768211019087e-07,29.911922931671143,75.56178212165833,222.0,0.0,106.84742283821106
223,223.0,8.0,16.0,33.13469338417053,128.0,1.0,282393.0,766183.0,0.7306890487670898,2.0,2.0,2.0,0.4765625,32.0,0.06353024544177714,0.033723946660757065,0.46750307083129883,35290.0,32.0,1.0,282393.0,141160.0,0.4998707475043645,128.0,1.0,9.603249433382144e-07,29.911922931671143,82.40147089958191,223.0,0.0,115.60641837120056
224,224.0,8.0,16.0,23.36500096321106,128.0,1.0,193795.0,854781.0,0.8151826858520508,2.0,2.0,2.0,0.53125,32.0,0.06480016128432595,0.03186555206775665,0.5564166903495789,24217.25,32.0,1.0,193795.0,96869.0,0.4998529373822854,128.0,1.0,9.599715632457935e-07,29.911922931671143,65.27596235275269,224.0,0.0,88.69771432876587
225,225.0,8.0,16.0,18.20087695121765,128.0,1.0,178386.0,870190.0,0.8298778533935547,2.0,2.0,2.0,0.5078125,32.0,0.05091023938831265,0.023550935089588165,0.45326003432273865,22289.5,32.0,1.0,178386.0,89158.0,0.4998037962620385,128.0,1.0,9.596166819779465e-07,29.911922931671143,55.49215626716614,225.0,0.0,73.74220848083496
226,226.0,8.0,16.0,25.240030527114868,128.0,1.0,264638.0,783938.0,0.7476215362548828,2.0,2.0,2.0,0.4140625,32.0,0.059008411552251394,0.028248142451047897,0.4875156581401825,33071.25,32.0,1.0,264638.0,132285.0,0.4998715226082422,128.0,1.0,9.592603006928734e-07,29.911922931671143,76.0342321395874,226.0,0.0,101.3460385799408
227,227.0,8.0,16.0,27.155008554458618,128.0,1.0,222026.0,826550.0,0.7882595062255859,2.0,2.0,2.0,0.4453125,32.0,0.06485933083554646,0.03302694112062454,0.5346311330795288,27744.25,32.0,1.0,222026.0,110977.0,0.49983785682757875,128.0,1.0,9.5890242055367e-07,29.911922931671143,68.73796248435974,227.0,0.0,95.95318865776062
228,228.0,8.0,16.0,21.109748363494873,128.0,1.0,186127.0,862449.0,0.8224954605102539,2.0,2.0,2.0,0.46875,32.0,0.07882992204153055,0.038430821150541306,0.6478562355041504,23258.5,32.0,1.0,186127.0,93034.0,0.49984150606843714,128.0,1.0,9.58543042728323e-07,29.911922931671143,55.7920196056366,228.0,0.0,76.95199036598206
229,229.0,8.0,16.0,31.913593292236328,128.0,1.0,245147.0,803429.0,0.766209602355957,2.0,2.0,2.0,0.375,32.0,0.06731444658645402,0.029179755598306656,0.6617342829704285,30636.0,32.0,1.0,245147.0,122544.0,0.4998796640383117,128.0,1.0,9.581821683897077e-07,29.911922931671143,78.39713525772095,229.0,0.0,110.36932444572449
230,230.0,8.0,16.0,28.305201768875122,128.0,1.0,283339.0,765237.0,0.7297868728637695,2.0,2.0,2.0,0.4375,32.0,0.05900243264456596,0.03331051394343376,0.4267924427986145,35409.25,32.0,1.0,283339.0,141637.0,0.4998852964117188,128.0,1.0,9.57819798715583e-07,29.911922931671143,83.69283843040466,230.0,0.0,112.06675481796265
231,231.0,8.0,16.0,26.826600790023804,128.0,1.0,264511.0,784065.0,0.7477426528930664,2.0,2.0,2.0,0.484375,32.0,0.06055153830105139,0.02980683743953705,0.44715484976768494,33055.5,32.0,1.0,264511.0,132222.0,0.49987335120278553,128.0,1.0,9.574559348885881e-07,29.911922931671143,77.69427132606506,231.0,0.0,104.58767890930176
232,232.0,8.0,16.0,32.90267300605774,128.0,1.0,232462.0,816114.0,0.7783069610595703,2.0,2.0,2.0,0.5546875,32.0,0.06304130612505336,0.031678225845098495,0.5298169851303101,29051.5,32.0,1.0,232462.0,116206.0,0.4998924555411207,128.0,1.0,9.570905780962393e-07,29.911922931671143,79.0078866481781,232.0,0.0,111.96936583518982
233,233.0,8.0,16.0,23.2800133228302,128.0,1.0,215013.0,833563.0,0.794947624206543,2.0,2.0,2.0,0.3828125,32.0,0.0827439659974369,0.04269805923104286,0.5809116959571838,26868.0,32.0,1.0,215013.0,107472.0,0.4998395445856762,128.0,1.0,9.567237295309241e-07,29.911922931671143,72.97594690322876,233.0,0.0,96.31191086769104
234,234.0,8.0,16.0,28.41718029975891,128.0,1.0,277780.0,770796.0,0.7350883483886719,2.0,2.0,2.0,0.3984375,32.0,0.06777494708831318,0.03406979516148567,0.4405401349067688,34715.0,32.0,1.0,277780.0,138860.0,0.4998920008639931,128.0,1.0,9.563553903898992e-07,29.911922931671143,85.49831748008728,234.0,0.0,113.98759317398071
235,235.0,8.0,16.0,29.041330814361572,128.0,1.0,282272.0,766304.0,0.730804443359375,2.0,2.0,2.0,0.421875,32.0,0.05446880565286466,0.028053056448698044,0.3788468539714813,35275.25,32.0,1.0,282272.0,141101.0,0.4998760061217549,128.0,1.0,9.559855618752864e-07,29.911922931671143,79.32088112831116,235.0,0.0,108.43509793281555
236,236.0,8.0,16.0,19.186814785003662,128.0,1.0,167998.0,880578.0,0.8397846221923828,2.0,2.0,2.0,0.640625,32.0,0.06350467534507474,0.02569238655269146,0.6823749542236328,20992.25,32.0,1.0,167998.0,83969.0,0.49982142644555294,128.0,1.0,9.556142451940679e-07,29.911922931671143,54.72137784957886,236.0,0.0,73.95405340194702
237,237.0,8.0,16.0,17.83353352546692,128.0,1.0,216365.0,832211.0,0.7936582565307617,2.0,2.0,2.0,0.3984375,32.0,0.06572923395884324,0.02871112711727619,0.7192898988723755,27037.5,32.0,1.0,216365.0,108150.0,0.4998497908626626,128.0,1.0,9.552414415580823e-07,29.911922931671143,62.41154623031616,237.0,0.0,80.30375552177429
238,238.0,8.0,16.0,25.56567692756653,128.0,1.0,223937.0,824639.0,0.7864370346069336,2.0,2.0,2.0,0.4296875,32.0,0.055900090581793356,0.027019042521715164,0.5363547801971436,27983.5,32.0,1.0,223937.0,111934.0,0.4998459388131483,128.0,1.0,9.548671521840217e-07,29.911922931671143,71.45115303993225,238.0,0.0,97.07536315917969
239,239.0,8.0,16.0,18.63074517250061,128.0,1.0,228999.0,819577.0,0.7816095352172852,2.0,2.0,2.0,0.40625,32.0,0.06215451536954697,0.023524517193436623,0.46196770668029785,28618.25,32.0,1.0,228999.0,114473.0,0.4998842789706505,128.0,1.0,9.544913782934268e-07,29.911922931671143,63.69847226142883,239.0,0.0,82.3866081237793
240,240.0,8.0,16.0,27.619534969329834,128.0,1.0,282338.0,766238.0,0.7307415008544922,2.0,2.0,2.0,0.3203125,32.0,0.061017670909734326,0.03410537168383598,0.4464311897754669,35283.0,32.0,1.0,282338.0,141132.0,0.4998689513986782,128.0,1.0,9.541141211126833e-07,29.911922931671143,81.33381772041321,240.0,0.0,109.02359580993652
241,241.0,8.0,16.0,25.232181549072266,128.0,1.0,310678.0,737898.0,0.7037143707275391,2.0,2.0,2.0,0.5390625,32.0,0.060611638476063295,0.032406315207481384,0.42800554633140564,38827.0,32.0,1.0,310678.0,155308.0,0.49990021823238207,128.0,1.0,9.537353818730178e-07,29.911922931671143,78.0366940498352,241.0,0.0,103.34099745750427
242,242.0,8.0,16.0,34.16464948654175,128.0,1.0,291450.0,757126.0,0.7220516204833984,2.0,2.0,2.0,0.3984375,32.0,0.04701524728181793,0.02591833844780922,0.39653459191322327,36424.25,32.0,1.0,291450.0,145697.0,0.49990392863269856,128.0,1.0,9.533551618104938e-07,29.911922931671143,88.6771285533905,242.0,0.0,122.94594240188599
243,243.0,8.0,16.0,31.712466716766357,128.0,1.0,225786.0,822790.0,0.7846736907958984,2.0,2.0,2.0,0.4296875,32.0,0.06889893940264503,0.028862180188298225,0.6665540337562561,28215.25,32.0,1.0,225786.0,112861.0,0.4998582728778578,128.0,1.0,9.529734621660073e-07,29.911922931671143,66.18559741973877,243.0,0.0,97.95498919487
244,244.0,8.0,16.0,33.716527462005615,128.0,1.0,261395.0,787181.0,0.7507143020629883,2.0,2.0,2.0,0.328125,32.0,0.07152810989363763,0.038042597472667694,0.5260496735572815,32665.75,32.0,1.0,261395.0,130663.0,0.4998680158380994,128.0,1.0,9.525902841852838e-07,29.911922931671143,83.6893846988678,244.0,0.0,117.46797609329224
245,245.0,8.0,16.0,32.16191601753235,128.0,1.0,250135.0,798441.0,0.7614526748657227,2.0,2.0,2.0,0.3828125,32.0,0.05559145755113541,0.02245967462658882,0.4311113953590393,31259.75,32.0,1.0,250135.0,125039.0,0.49988606152677556,128.0,1.0,9.522056291188729e-07,29.911922931671143,70.65190315246582,245.0,0.0,102.87813663482666
246,246.0,8.0,16.0,37.08622097969055,128.0,1.0,343044.0,705532.0,0.6728477478027344,2.0,2.0,2.0,0.515625,32.0,0.04620538447940714,0.025704702362418175,0.3538326621055603,42872.5,32.0,1.0,343044.0,171490.0,0.4999067175056261,128.0,1.0,9.518194982221452e-07,29.911922931671143,84.97228741645813,246.0,0.0,122.13651585578918
247,247.0,8.0,16.0,35.19076323509216,128.0,1.0,292371.0,756205.0,0.7211732864379883,2.0,2.0,2.0,0.3828125,32.0,0.05416147270038872,0.027670858427882195,0.47008830308914185,36538.5,32.0,1.0,292371.0,146154.0,0.49989226017628285,128.0,1.0,9.514318927552878e-07,29.911922931671143,93.88039064407349,247.0,0.0,129.1367871761322
248,248.0,8.0,16.0,26.96694040298462,128.0,1.0,244518.0,804058.0,0.7668094635009766,2.0,2.0,2.0,0.4609375,32.0,0.07162178520473426,0.03403805196285248,0.46788614988327026,30556.5,32.0,1.0,244518.0,122226.0,0.4998650406105072,128.0,1.0,9.510428139833002e-07,29.911922931671143,78.42123341560364,248.0,0.0,105.4519624710083
249,249.0,8.0,16.0,33.314658880233765,128.0,1.0,259475.0,789101.0,0.7525453567504883,2.0,2.0,2.0,0.59375,32.0,0.04728115687932771,0.026803171262145042,0.39245274662971497,32426.75,32.0,1.0,259475.0,129707.0,0.49988245495712497,128.0,1.0,9.506522631759902e-07,29.911922931671143,85.4397029876709,249.0,0.0,118.81767225265503
250,250.0,8.0,16.0,23.9182767868042,128.0,1.0,239088.0,809488.0,0.7719879150390625,2.0,2.0,2.0,0.484375,32.0,0.06611493605583915,0.03341641277074814,0.5510448217391968,29877.25,32.0,1.0,239088.0,119509.0,0.49985361038613396,128.0,1.0,9.502602416079695e-07,29.911922931671143,69.01040291786194,250.0,0.0,406.59460830688477
251,251.0,8.0,16.0,33.54760789871216,128.0,1.0,304151.0,744425.0,0.7099390029907227,2.0,2.0,2.0,0.4609375,32.0,0.05942062634854857,0.03218363970518112,0.5307884812355042,38011.0,32.0,1.0,304151.0,152044.0,0.4998964330217556,128.0,1.0,9.498667505586506e-07,29.911922931671143,84.75445461273193,251.0,0.0,118.37797975540161
252,252.0,8.0,16.0,23.55876922607422,128.0,1.0,213932.0,834644.0,0.7959785461425781,2.0,2.0,2.0,0.4296875,32.0,0.06628631157877544,0.034058596938848495,0.5449130535125732,26734.0,32.0,1.0,213932.0,106936.0,0.4998597685245779,128.0,1.0,9.494717913122411e-07,29.911922931671143,61.97713351249695,252.0,0.0,85.5930688381195
253,253.0,8.0,16.0,28.287590265274048,128.0,1.0,357033.0,691543.0,0.6595067977905273,2.0,2.0,2.0,0.2890625,32.0,0.07127694479758308,0.03729335963726044,0.4857015609741211,44622.0,32.0,1.0,357033.0,178488.0,0.4999201754459672,128.0,1.0,9.490753651577406e-07,29.911922931671143,85.11930322647095,253.0,0.0,113.48941445350647
254,254.0,8.0,16.0,26.428449869155884,128.0,1.0,271030.0,777546.0,0.7415256500244141,2.0,2.0,2.0,0.3515625,32.0,0.05419665182482603,0.029330970719456673,0.4391419291496277,33871.0,32.0,1.0,271030.0,135484.0,0.49988562151791316,128.0,1.0,9.48677473388936e-07,29.911922931671143,74.99943995475769,254.0,0.0,101.5075032711029
255,255.0,8.0,16.0,37.10105538368225,128.0,1.0,336056.0,712520.0,0.6795120239257812,2.0,2.0,2.0,0.578125,32.0,0.0479446627070748,0.026077641174197197,0.37978047132492065,41999.25,32.0,1.0,336056.0,167997.0,0.4999077534696598,128.0,1.0,9.482781173043974e-07,29.911922931671143,102.60351228713989,255.0,0.0,139.78487348556519
256,256.0,8.0,16.0,36.427603244781494,128.0,1.0,349698.0,698878.0,0.6665019989013672,2.0,2.0,2.0,0.3984375,32.0,0.05459413096546913,0.028994543477892876,0.5687148571014404,43703.25,32.0,1.0,349698.0,174813.0,0.4998970540294769,128.0,1.0,9.478772982074739e-07,29.911922931671143,93.48459696769714,256.0,0.0,129.99027681350708
257,257.0,8.0,16.0,21.794943809509277,128.0,1.0,200269.0,848307.0,0.8090085983276367,2.0,2.0,2.0,0.4609375,32.0,0.06621641600528985,0.03075108863413334,0.5894496440887451,25027.25,32.0,1.0,200269.0,100109.0,0.4998726712571591,128.0,1.0,9.474750174062896e-07,29.911922931671143,65.74298000335693,257.0,0.0,87.5904974937439
258,258.0,8.0,16.0,30.882753133773804,128.0,1.0,269093.0,779483.0,0.743372917175293,2.0,2.0,2.0,0.328125,32.0,0.07761252759039747,0.04098302125930786,0.4989768862724304,33629.25,32.0,1.0,269093.0,134517.0,0.49989037247345713,128.0,1.0,9.470712762137386e-07,29.911922931671143,75.61610889434814,258.0,0.0,106.56908941268921
259,259.0,8.0,16.0,26.565526962280273,128.0,1.0,250890.0,797686.0,0.7607326507568359,2.0,2.0,2.0,0.3984375,32.0,0.06984484274981184,0.034494806081056595,0.48895472288131714,31352.5,32.0,1.0,250890.0,125410.0,0.4998604966319901,128.0,1.0,9.466660759474815e-07,29.911922931671143,72.32810831069946,259.0,0.0,98.95964002609253
260,260.0,8.0,16.0,37.566492557525635,128.0,1.0,351877.0,696699.0,0.664423942565918,2.0,2.0,2.0,0.2265625,32.0,0.06042507602215314,0.0334283821284771,0.4901883602142334,43975.75,32.0,1.0,351877.0,175903.0,0.49989911247396107,128.0,1.0,9.462594179299405e-07,29.911922931671143,96.12912607192993,260.0,0.0,133.77728748321533
261,261.0,8.0,16.0,26.029707431793213,128.0,1.0,221195.0,827381.0,0.7890520095825195,2.0,2.0,2.0,0.484375,32.0,0.05680761742271455,0.02767830155789852,0.46727505326271057,27641.75,32.0,1.0,221195.0,110567.0,0.49986211261556546,128.0,1.0,9.458513034882957e-07,29.911922931671143,74.27081656455994,261.0,0.0,100.35835123062134
262,262.0,8.0,16.0,24.861318588256836,128.0,1.0,272353.0,776223.0,0.7402639389038086,2.0,2.0,2.0,0.421875,32.0,0.06401730625355131,0.031741347163915634,0.4493732750415802,34035.75,32.0,1.0,272353.0,136143.0,0.4998769978667391,128.0,1.0,9.454417339544803e-07,29.911922931671143,76.83576345443726,262.0,0.0,101.76357460021973
263,263.0,8.0,16.0,25.385984182357788,128.0,1.0,219892.0,828684.0,0.7902946472167969,2.0,2.0,2.0,0.375,32.0,0.07896828201261441,0.04394000396132469,0.5910793542861938,27479.25,32.0,1.0,219892.0,109917.0,0.4998681170756553,128.0,1.0,9.450307106651762e-07,29.911922931671143,68.52965664863586,263.0,0.0,93.97838354110718
264,264.0,8.0,16.0,24.78766655921936,128.0,1.0,197014.0,851562.0,0.8121128082275391,2.0,2.0,2.0,0.2578125,32.0,0.07332079516512059,0.0367201566696167,0.7138758897781372,24619.0,32.0,1.0,197014.0,98476.0,0.49984265077608697,128.0,1.0,9.446182349618099e-07,29.911922931671143,62.75321340560913,264.0,0.0,87.59248471260071
265,265.0,8.0,16.0,27.07647442817688,128.0,1.0,247378.0,801198.0,0.7640819549560547,2.0,2.0,2.0,0.2421875,32.0,0.055438448483253654,0.02927052229642868,0.4981253147125244,30915.25,32.0,1.0,247378.0,123661.0,0.49988681289362835,128.0,1.0,9.442043081905482e-07,29.911922931671143,69.85431385040283,265.0,0.0,96.99733304977417
266,266.0,8.0,16.0,33.52529549598694,128.0,1.0,267064.0,781512.0,0.7453079223632812,2.0,2.0,2.0,0.5546875,32.0,0.047148391921579935,0.023857353255152702,0.389679878950119,33376.0,32.0,1.0,267064.0,133504.0,0.4998951562172363,128.0,1.0,9.437889317022934e-07,29.911922931671143,81.70499730110168,266.0,0.0,115.2943160533905
267,267.0,8.0,16.0,21.438767194747925,128.0,1.0,239266.0,809310.0,0.7718181610107422,2.0,2.0,2.0,0.265625,32.0,0.07004303016061261,0.030660420656204224,0.6014019846916199,29899.5,32.0,1.0,239266.0,119598.0,0.49985371929149985,128.0,1.0,9.433721068526792e-07,29.911922931671143,67.1101496219635,267.0,0.0,88.60960268974304
268,268.0,8.0,16.0,35.37384533882141,128.0,1.0,297709.0,750867.0,0.7160825729370117,2.0,2.0,2.0,0.3515625,32.0,0.07097836082519747,0.03548511117696762,0.628076434135437,37204.75,32.0,1.0,297709.0,148819.0,0.49988075604029436,128.0,1.0,9.429538350020665e-07,29.911922931671143,81.43448233604431,268.0,0.0,116.87989282608032
269,269.0,8.0,16.0,34.23191428184509,128.0,1.0,254170.0,794406.0,0.7576045989990234,2.0,2.0,2.0,0.3671875,32.0,0.06287018933847532,0.029919849708676338,0.7125531435012817,31764.5,32.0,1.0,254170.0,127058.0,0.49989377188495887,128.0,1.0,9.425341175155381e-07,29.911922931671143,90.53078842163086,269.0,0.0,124.82795715332031
270,270.0,8.0,16.0,26.495694160461426,128.0,1.0,243434.0,805142.0,0.7678432464599609,2.0,2.0,2.0,0.359375,32.0,0.06570141803240834,0.03199225291609764,0.48838433623313904,30420.25,32.0,1.0,243434.0,121681.0,0.4998521159739395,128.0,1.0,9.421129557628955e-07,29.911922931671143,75.9075779914856,270.0,0.0,102.46488976478577
271,271.0,8.0,16.0,21.076274871826172,128.0,1.0,214216.0,834360.0,0.7957077026367188,2.0,2.0,2.0,0.4140625,32.0,0.05593552275972395,0.02803700789809227,0.5161281228065491,26768.25,32.0,1.0,214216.0,107073.0,0.49983661351159575,128.0,1.0,9.416903511186533e-07,29.911922931671143,76.68486428260803,271.0,0.0,97.81640529632568
272,272.0,8.0,16.0,34.01595163345337,128.0,1.0,319618.0,728958.0,0.6951885223388672,2.0,2.0,2.0,0.3671875,32.0,0.063038217977659,0.033597350120544434,0.4814333915710449,39943.5,32.0,1.0,319618.0,159774.0,0.49989049427754384,128.0,1.0,9.412663049620351e-07,29.911922931671143,96.71594285964966,272.0,0.0,130.8084762096405
273,273.0,8.0,16.0,30.364574193954468,128.0,1.0,300830.0,747746.0,0.7131061553955078,2.0,2.0,2.0,0.671875,32.0,0.04387958041117341,0.023708492517471313,0.331820011138916,37595.75,32.0,1.0,300830.0,150383.0,0.49989362763022305,128.0,1.0,9.408408186769693e-07,29.911922931671143,83.74820446968079,273.0,0.0,114.18828463554382
274,274.0,8.0,16.0,29.321324586868286,128.0,1.0,256414.0,792162.0,0.7554645538330078,2.0,2.0,2.0,0.3515625,32.0,0.06635468634241123,0.030646812170743942,0.5059348344802856,32044.0,32.0,1.0,256414.0,128176.0,0.49987910176511424,128.0,1.0,9.404138936520842e-07,29.911922931671143,80.01441240310669,274.0,0.0,109.40408778190613
275,275.0,8.0,16.0,26.84250235557556,128.0,1.0,205408.0,843168.0,0.804107666015625,2.0,2.0,2.0,0.6015625,32.0,0.048894987092390825,0.024104809388518333,0.6322242021560669,25666.75,32.0,1.0,205408.0,102667.0,0.4998198706963701,128.0,1.0,9.399855312807039e-07,29.911922931671143,72.81661081314087,275.0,0.0,99.72278594970703
276,276.0,8.0,16.0,26.900280952453613,128.0,1.0,240732.0,807844.0,0.7704200744628906,2.0,2.0,2.0,0.671875,32.0,0.06093339083246614,0.02843041904270649,0.5411061644554138,30082.75,32.0,1.0,240732.0,120331.0,0.49985461010584387,128.0,1.0,9.395557329608431e-07,29.911922931671143,82.31760287284851,276.0,0.0,109.27886629104614
277,277.0,8.0,16.0,22.40178346633911,128.0,1.0,243202.0,805374.0,0.7680644989013672,2.0,2.0,2.0,0.4765625,32.0,0.06391634386085833,0.03169464319944382,0.5220276117324829,30392.5,32.0,1.0,243202.0,121570.0,0.4998725339429774,128.0,1.0,9.391245000952029e-07,29.911922931671143,72.8847143650055,277.0,0.0,95.34963703155518
278,278.0,8.0,16.0,35.77268362045288,128.0,1.0,285428.0,763148.0,0.7277946472167969,2.0,2.0,2.0,0.2890625,32.0,0.06089576710907629,0.03087657503783703,0.47171834111213684,35670.5,32.0,1.0,285428.0,142682.0,0.4998878876634388,128.0,1.0,9.386918340911663e-07,29.911922931671143,97.23055911064148,278.0,0.0,133.07056593894958
279,279.0,8.0,16.0,35.18013834953308,128.0,1.0,311244.0,737332.0,0.7031745910644531,2.0,2.0,2.0,0.2890625,32.0,0.05822097936109727,0.030273161828517914,0.3520560562610626,38898.5,32.0,1.0,311244.0,155594.0,0.49991003842644355,128.0,1.0,9.382577363607938e-07,29.911922931671143,95.60539746284485,279.0,0.0,130.874938249588
280,280.0,8.0,16.0,21.111236333847046,128.0,1.0,194037.0,854539.0,0.8149518966674805,2.0,2.0,2.0,0.5625,32.0,0.05901076387665714,0.030557915568351746,0.5116034746170044,24246.0,32.0,1.0,194037.0,96984.0,0.4998221988589805,128.0,1.0,9.378222083208183e-07,29.911922931671143,80.41499781608582,280.0,0.0,101.57673478126526
281,281.0,8.0,16.0,34.39521622657776,128.0,1.0,315195.0,733381.0,0.699406623840332,2.0,2.0,2.0,0.40625,32.0,0.0647421697777635,0.03603466972708702,0.3992578387260437,39391.75,32.0,1.0,315195.0,157567.0,0.4999032345056235,128.0,1.0,9.373852513926406e-07,29.911922931671143,110.45197343826294,281.0,0.0,144.93029499053955
282,282.0,8.0,16.0,36.03545093536377,128.0,1.0,269977.0,778599.0,0.7425298690795898,2.0,2.0,2.0,0.4453125,32.0,0.06676073079015755,0.03394254297018051,0.45709460973739624,33739.25,32.0,1.0,269977.0,134957.0,0.49988332339421504,128.0,1.0,9.369468670023247e-07,29.911922931671143,98.50512361526489,282.0,0.0,134.6096818447113
283,283.0,8.0,16.0,24.526965856552124,128.0,1.0,226830.0,821746.0,0.7836780548095703,2.0,2.0,2.0,0.4609375,32.0,0.05886139704710406,0.027604257687926292,0.6707516312599182,28345.75,32.0,1.0,226830.0,113383.0,0.49985892518626285,128.0,1.0,9.36507056580594e-07,29.911922931671143,78.5650041103363,283.0,0.0,103.15551233291626
284,284.0,8.0,16.0,33.95690679550171,128.0,1.0,259574.0,789002.0,0.7524509429931641,2.0,2.0,2.0,0.375,32.0,0.058653471968695504,0.025048645213246346,0.6170756220817566,32438.5,32.0,1.0,259574.0,129754.0,0.49987286862320573,128.0,1.0,9.360658215628254e-07,29.911922931671143,92.70449447631836,284.0,0.0,126.72199440002441
285,285.0,8.0,16.0,18.978039503097534,128.0,1.0,182086.0,866490.0,0.8263492584228516,2.0,2.0,2.0,0.609375,32.0,0.05839342900809099,0.029455138370394707,0.5807639360427856,22753.25,32.0,1.0,182086.0,91013.0,0.4998352426875213,128.0,1.0,9.356231633890449e-07,29.911922931671143,76.0721480846405,285.0,0.0,95.1004581451416
286,286.0,8.0,16.0,25.46606183052063,128.0,1.0,243646.0,804930.0,0.7676410675048828,2.0,2.0,2.0,0.4609375,32.0,0.070912845937919,0.03873535618185997,0.6268874406814575,30448.25,32.0,1.0,243646.0,121793.0,0.49987687054168756,128.0,1.0,9.351790835039239e-07,29.911922931671143,80.5695207118988,286.0,0.0,106.10234594345093
287,287.0,8.0,16.0,33.1616427898407,128.0,1.0,320098.0,728478.0,0.6947307586669922,2.0,2.0,2.0,0.2109375,32.0,0.05176230235941942,0.029879136011004448,0.4044252336025238,40004.0,32.0,1.0,320098.0,160016.0,0.4998969065723622,128.0,1.0,9.347335833567731e-07,29.911922931671143,95.5873703956604,287.0,0.0,128.82791328430176
288,288.0,8.0,16.0,25.463438510894775,128.0,1.0,240579.0,807997.0,0.7705659866333008,2.0,2.0,2.0,0.4609375,32.0,0.06505834193177587,0.03289372846484184,0.49937427043914795,30065.25,32.0,1.0,240579.0,120261.0,0.4998815357948948,128.0,1.0,9.342866644015386e-07,29.911922931671143,83.4935245513916,288.0,0.0,109.01766514778137
289,289.0,8.0,16.0,33.911540031433105,128.0,1.0,246400.0,802176.0,0.7650146484375,2.0,2.0,2.0,0.4921875,32.0,0.054530063289990785,0.027274398133158684,0.44820281863212585,30791.5,32.0,1.0,246400.0,123166.0,0.499862012987013,128.0,1.0,9.338383280967971e-07,29.911922931671143,95.72830390930176,289.0,0.0,129.70178270339966
290,290.0,8.0,16.0,27.781321048736572,128.0,1.0,231324.0,817252.0,0.7793922424316406,2.0,2.0,2.0,0.265625,32.0,0.06861273380113851,0.03524785116314888,0.5666776895523071,28907.5,32.0,1.0,231324.0,115630.0,0.4998616658885373,128.0,1.0,9.333885759057508e-07,29.911922931671143,93.77706837654114,290.0,0.0,121.618581533432
291,291.0,8.0,16.0,18.138123512268066,128.0,1.0,169842.0,878734.0,0.8380260467529297,2.0,2.0,2.0,0.53125,32.0,0.07824814153264674,0.03435192257165909,0.6983940601348877,21222.75,32.0,1.0,169842.0,84891.0,0.49982336524534565,128.0,1.0,9.32937409296223e-07,29.911922931671143,57.513874769210815,291.0,0.0,75.7029619216919
292,292.0,8.0,16.0,26.846834421157837,128.0,1.0,286764.0,761812.0,0.7265205383300781,2.0,2.0,2.0,0.4375,32.0,0.06325878055072248,0.030293365940451622,0.5313328504562378,35837.0,32.0,1.0,286764.0,143348.0,0.49988143560558507,128.0,1.0,9.32484829740653e-07,29.911922931671143,78.17835640907288,292.0,0.0,105.09284257888794
293,293.0,8.0,16.0,26.299128532409668,128.0,1.0,277547.0,771029.0,0.7353105545043945,2.0,2.0,2.0,0.5,32.0,0.07850484713955828,0.03609509393572807,0.521273672580719,34686.75,32.0,1.0,277547.0,138747.0,0.49990452067577745,128.0,1.0,9.320308387160915e-07,29.911922931671143,75.35664224624634,293.0,0.0,101.72835063934326
294,294.0,8.0,16.0,24.009582042694092,128.0,1.0,282534.0,766042.0,0.7305545806884766,2.0,2.0,2.0,0.515625,32.0,0.04881288660665198,0.025807982310652733,0.4886907637119293,35310.25,32.0,1.0,282534.0,141241.0,0.49990797567726364,128.0,1.0,9.315754377041955e-07,29.911922931671143,74.1747694015503,294.0,0.0,98.25887775421143
295,295.0,8.0,16.0,29.19811987876892,128.0,1.0,305837.0,742739.0,0.7083311080932617,2.0,2.0,2.0,0.2734375,32.0,0.05338228130369231,0.031149370595812798,0.4047687351703644,38221.25,32.0,1.0,305837.0,152885.0,0.4998904645284907,128.0,1.0,9.311186281912242e-07,29.911922931671143,88.51000046730042,295.0,0.0,117.78920197486877
296,296.0,8.0,16.0,33.15010476112366,128.0,1.0,311760.0,736816.0,0.7026824951171875,2.0,2.0,2.0,0.4296875,32.0,0.05094902131633572,0.027628455311059952,0.3792397677898407,38962.5,32.0,1.0,311760.0,155850.0,0.49990377213240955,128.0,1.0,9.30660411668033e-07,29.911922931671143,85.6344985961914,296.0,0.0,118.86565732955933
297,297.0,8.0,16.0,20.681904077529907,128.0,1.0,268912.0,779664.0,0.7435455322265625,2.0,2.0,2.0,0.3984375,32.0,0.05500144048346832,0.027821311727166176,0.49927768111228943,33605.5,32.0,1.0,268912.0,134422.0,0.4998735645861843,128.0,1.0,9.302007896300697e-07,29.911922931671143,74.82345485687256,297.0,0.0,95.57486343383789
298,298.0,8.0,16.0,28.8052179813385,128.0,1.0,201959.0,846617.0,0.8073968887329102,2.0,2.0,2.0,0.4140625,32.0,0.06729747005908762,0.03186459094285965,0.5880447030067444,25237.25,32.0,1.0,201959.0,100949.0,0.49984897924826327,128.0,1.0,9.297397635773687e-07,29.911922931671143,61.88756537437439,298.0,0.0,90.74868559837341
299,299.0,8.0,16.0,26.492408752441406,128.0,1.0,272577.0,775999.0,0.7400503158569336,2.0,2.0,2.0,0.546875,32.0,0.04393553489025345,0.025467365980148315,0.42333462834358215,34064.75,32.0,1.0,272577.0,136259.0,0.49989177370064236,128.0,1.0,9.292773350145474e-07,29.911922931671143,78.34786105155945,299.0,0.0,104.91125011444092
300,300.0,8.0,16.0,39.25192975997925,128.0,1.0,347704.0,700872.0,0.6684036254882812,2.0,2.0,2.0,0.3515625,32.0,0.05267340257704625,0.033768706023693085,0.3538656532764435,43455.25,32.0,1.0,347704.0,173821.0,0.49991084370614086,128.0,1.0,9.288135054507995e-07,29.911922931671143,104.68860745429993,300.0,0.0,461.6923007965088
301,301.0,8.0,16.0,28.89645266532898,128.0,1.0,216638.0,831938.0,0.7933979034423828,2.0,2.0,2.0,0.5703125,32.0,0.06718342196998416,0.033628493547439575,0.4872985780239105,27071.25,32.0,1.0,216638.0,108285.0,0.4998430561581994,128.0,1.0,9.283482763998915e-07,29.911922931671143,61.434104442596436,301.0,0.0,90.38948941230774
302,302.0,8.0,16.0,23.10377860069275,128.0,1.0,239730.0,808846.0,0.7713756561279297,2.0,2.0,2.0,0.4921875,32.0,0.06486001632603927,0.03229885548353195,0.48523688316345215,29958.5,32.0,1.0,239730.0,119834.0,0.49987068785717265,128.0,1.0,9.278816493801578e-07,29.911922931671143,65.77936315536499,302.0,0.0,88.94582152366638
303,303.0,8.0,16.0,29.715091228485107,128.0,1.0,294999.0,753577.0,0.7186670303344727,2.0,2.0,2.0,0.3984375,32.0,0.06349106887375404,0.031387414783239365,0.43482154607772827,36866.0,32.0,1.0,294999.0,147464.0,0.499879660609019,128.0,1.0,9.274136259144941e-07,29.911922931671143,80.4457700252533,303.0,0.0,110.23170042037964
304,304.0,8.0,16.0,36.32592749595642,128.0,1.0,335169.0,713407.0,0.6803579330444336,2.0,2.0,2.0,0.3125,32.0,0.05599742172358339,0.03118656389415264,0.44303518533706665,41888.75,32.0,1.0,335169.0,167555.0,0.4999119847002557,128.0,1.0,9.269442075303548e-07,29.911922931671143,85.72356605529785,304.0,0.0,122.12846279144287
305,305.0,8.0,16.0,34.88311719894409,128.0,1.0,291875.0,756701.0,0.7216463088989258,2.0,2.0,2.0,0.40625,32.0,0.04805637449788247,0.02450822852551937,0.3859005868434906,36476.25,32.0,1.0,291875.0,145905.0,0.4998886509635974,128.0,1.0,9.264733957597457e-07,29.911922931671143,82.62484359741211,305.0,0.0,117.57462644577026
306,306.0,8.0,16.0,34.173850774765015,128.0,1.0,301621.0,746955.0,0.7123517990112305,2.0,2.0,2.0,0.3359375,32.0,0.05285781064022718,0.029110116884112358,0.4847095012664795,37694.5,32.0,1.0,301621.0,150778.0,0.49989224888187495,128.0,1.0,9.26001192139221e-07,29.911922931671143,90.142263174057,306.0,0.0,124.39024043083191
307,307.0,8.0,16.0,27.433114528656006,128.0,1.0,239409.0,809167.0,0.7716817855834961,2.0,2.0,2.0,0.359375,32.0,0.06449900240240225,0.03381714969873428,0.5103397369384766,29917.5,32.0,1.0,239409.0,119670.0,0.49985589514178663,128.0,1.0,9.255275982098769e-07,29.911922931671143,67.99873304367065,307.0,0.0,95.49784231185913
308,308.0,8.0,16.0,30.07737636566162,128.0,1.0,230085.0,818491.0,0.780573844909668,2.0,2.0,2.0,0.3359375,32.0,0.06655818301339834,0.03630254045128822,0.5508425235748291,28753.25,32.0,1.0,230085.0,115013.0,0.49987178651367975,128.0,1.0,9.250526155173472e-07,29.911922931671143,71.59535574913025,308.0,0.0,101.74024057388306
309,309.0,8.0,16.0,21.384441137313843,128.0,1.0,192160.0,856416.0,0.816741943359375,2.0,2.0,2.0,0.7578125,32.0,0.05787347174003998,0.026474688202142715,0.4908275306224823,24012.0,32.0,1.0,192160.0,96048.0,0.49983347210657786,128.0,1.0,9.245762456117978e-07,29.911922931671143,61.03088974952698,309.0,0.0,82.46534013748169
310,310.0,8.0,16.0,35.527223110198975,128.0,1.0,339733.0,708843.0,0.6760053634643555,2.0,2.0,2.0,0.3828125,32.0,0.05358060041364261,0.029601186513900757,0.47774776816368103,42458.75,32.0,1.0,339733.0,169835.0,0.49990728012880703,128.0,1.0,9.240984900479224e-07,29.911922931671143,91.52860116958618,310.0,0.0,127.1362624168396
311,311.0,8.0,16.0,28.96166491508484,128.0,1.0,223889.0,824687.0,0.7864828109741211,2.0,2.0,2.0,0.59375,32.0,0.05822224924937094,0.0283709317445755,0.5052812099456787,27978.75,32.0,1.0,223889.0,111915.0,0.49986823827878996,128.0,1.0,9.236193503849368e-07,29.911922931671143,70.39816975593567,311.0,0.0,99.43922996520996
312,312.0,8.0,16.0,27.21005344390869,128.0,1.0,246202.0,802374.0,0.7652034759521484,2.0,2.0,2.0,0.3359375,32.0,0.06992308086766705,0.035157881677150726,0.5359389185905457,30767.0,32.0,1.0,246202.0,123068.0,0.49986596372084713,128.0,1.0,9.231388281865738e-07,29.911922931671143,73.26141309738159,312.0,0.0,100.53378987312317
313,313.0,8.0,16.0,31.91998052597046,128.0,1.0,207193.0,841383.0,0.8024053573608398,2.0,2.0,2.0,0.5234375,32.0,0.055373583288498444,0.02603781223297119,0.5252270698547363,25891.75,32.0,1.0,207193.0,103567.0,0.49985762067251305,128.0,1.0,9.226569250210783e-07,29.911922931671143,67.78258728981018,313.0,0.0,99.75734972953796
314,314.0,8.0,16.0,32.742958545684814,128.0,1.0,227488.0,821088.0,0.783050537109375,2.0,2.0,2.0,0.4140625,32.0,0.061624164608786475,0.030761653557419777,0.5251094102859497,28427.25,32.0,1.0,227488.0,113709.0,0.4998461457307638,128.0,1.0,9.221736424612027e-07,29.911922931671143,72.54850602149963,314.0,0.0,105.3487777709961
315,315.0,8.0,16.0,20.681225299835205,128.0,1.0,204057.0,844519.0,0.8053960800170898,2.0,2.0,2.0,0.4921875,32.0,0.05980882958491332,0.026384789496660233,0.6027543544769287,25498.5,32.0,1.0,204057.0,101994.0,0.4998309295932019,128.0,1.0,9.216889820842004e-07,29.911922931671143,62.114588499069214,315.0,0.0,82.85401582717896
316,316.0,8.0,16.0,24.675190210342407,128.0,1.0,245097.0,803479.0,0.7662572860717773,2.0,2.0,2.0,0.3828125,32.0,0.058700067137214706,0.029017766937613487,0.4809868335723877,30629.25,32.0,1.0,245097.0,122517.0,0.4998714794550729,128.0,1.0,9.212029454718223e-07,29.911922931671143,67.52906680107117,316.0,0.0,92.26732611656189
317,317.0,8.0,16.0,30.01482081413269,128.0,1.0,250541.0,798035.0,0.7610654830932617,2.0,2.0,2.0,0.3359375,32.0,0.057609387236201806,0.030732516199350357,0.5371025800704956,31309.75,32.0,1.0,250541.0,125239.0,0.4998742720752292,128.0,1.0,9.207155342103101e-07,29.911922931671143,69.85379981994629,317.0,0.0,99.93401837348938
318,318.0,8.0,16.0,34.84669303894043,128.0,1.0,322608.0,725968.0,0.6923370361328125,2.0,2.0,2.0,0.3984375,32.0,0.06201981372193092,0.03411988541483879,0.4085977375507355,40317.0,32.0,1.0,322608.0,161268.0,0.49988840946287755,128.0,1.0,9.202267498903923e-07,29.911922931671143,80.93623042106628,318.0,0.0,115.85491704940796
319,319.0,8.0,16.0,19.725696325302124,128.0,1.0,182275.0,866301.0,0.8261690139770508,2.0,2.0,2.0,0.625,32.0,0.06728935193050695,0.030603794381022453,0.8045016527175903,22775.5,32.0,1.0,182275.0,91102.0,0.4998052393361679,128.0,1.0,9.197365941072783e-07,29.911922931671143,60.93537926673889,319.0,0.0,80.71023941040039
320,320.0,8.0,16.0,25.373023986816406,128.0,1.0,261106.0,787470.0,0.7509899139404297,2.0,2.0,2.0,0.5078125,32.0,0.06131093806965768,0.03137804567813873,0.4713509678840637,32630.0,32.0,1.0,261106.0,130520.0,0.4998736145473486,128.0,1.0,9.192450684606535e-07,29.911922931671143,70.96860551834106,320.0,0.0,96.40798926353455
321,321.0,8.0,16.0,34.89216613769531,128.0,1.0,283685.0,764891.0,0.729456901550293,2.0,2.0,2.0,0.359375,32.0,0.057011608045707575,0.02877778559923172,0.46795186400413513,35452.75,32.0,1.0,283685.0,141811.0,0.499888961347974,128.0,1.0,9.187521745546744e-07,29.911922931671143,85.82242703437805,321.0,0.0,120.78292298316956
322,322.0,8.0,16.0,21.009271383285522,128.0,1.0,204084.0,844492.0,0.8053703308105469,2.0,2.0,2.0,0.4453125,32.0,0.06655617632978608,0.0299597829580307,0.6458665728569031,25502.0,32.0,1.0,204084.0,102008.0,0.49983340193253756,128.0,1.0,9.182579139979622e-07,29.911922931671143,60.59003138542175,322.0,0.0,81.6548502445221
323,323.0,8.0,16.0,32.77062797546387,128.0,1.0,295077.0,753499.0,0.718592643737793,2.0,2.0,2.0,0.4140625,32.0,0.055695776834148863,0.031050948426127434,0.42758676409721375,36878.5,32.0,1.0,295077.0,147514.0,0.49991697082456443,128.0,1.0,9.177622884035992e-07,29.911922931671143,80.13400459289551,323.0,0.0,112.97147846221924
324,324.0,8.0,16.0,23.893477201461792,128.0,1.0,182373.0,866203.0,0.826075553894043,2.0,2.0,2.0,0.6328125,32.0,0.06984531455563085,0.029921887442469597,0.6275730133056641,22788.25,32.0,1.0,182373.0,91153.0,0.4998163105284225,128.0,1.0,9.172652993891221e-07,29.911922931671143,56.75729465484619,324.0,0.0,80.71513319015503
325,325.0,8.0,16.0,20.603450298309326,128.0,1.0,184771.0,863805.0,0.8237886428833008,2.0,2.0,2.0,0.40625,32.0,0.07663984900416293,0.03446454554796219,0.5691758394241333,23088.25,32.0,1.0,184771.0,92353.0,0.4998241065968144,128.0,1.0,9.167669485765173e-07,29.911922931671143,55.68123531341553,325.0,0.0,76.33514904975891
326,326.0,8.0,16.0,25.44879961013794,128.0,1.0,249182.0,799394.0,0.7623615264892578,2.0,2.0,2.0,0.28125,32.0,0.07033301628229734,0.03847124055027962,0.7721081376075745,31139.75,32.0,1.0,249182.0,124559.0,0.4998715798091355,128.0,1.0,9.162672375922161e-07,29.911922931671143,68.43023681640625,326.0,0.0,93.94878506660461
327,327.0,8.0,16.0,16.88775634765625,128.0,1.0,140078.0,908498.0,0.8664112091064453,2.0,2.0,2.0,0.6328125,32.0,0.06443494616667397,0.023920517414808273,0.7356853485107422,17501.5,32.0,1.0,140078.0,70006.0,0.4997644169676894,128.0,1.0,9.157661680670883e-07,29.911922931671143,49.42817711830139,327.0,0.0,66.35459446907043
328,328.0,8.0,16.0,33.713478565216064,128.0,1.0,336582.0,711994.0,0.6790103912353516,2.0,2.0,2.0,0.4296875,32.0,0.04443580375008496,0.024035083130002022,0.3637916147708893,42063.5,32.0,1.0,336582.0,168254.0,0.49989007136448177,128.0,1.0,9.152637416364379e-07,29.911922931671143,87.03002882003784,328.0,0.0,120.81986045837402
329,329.0,8.0,16.0,38.89314341545105,128.0,1.0,375612.0,672964.0,0.6417884826660156,2.0,2.0,2.0,0.4296875,32.0,0.04613825036821172,0.022419869899749756,0.3586409091949463,46943.5,32.0,1.0,375612.0,187774.0,0.4999148057037581,128.0,1.0,9.14759959939997e-07,29.911922931671143,101.17429304122925,329.0,0.0,140.15212631225586
330,330.0,8.0,16.0,34.10741901397705,128.0,1.0,287393.0,761183.0,0.7259206771850586,2.0,2.0,2.0,0.28125,32.0,0.05989955667859886,0.03232420235872269,0.41489818692207336,35917.0,32.0,1.0,287393.0,143668.0,0.49990083265771956,128.0,1.0,9.14254824621921e-07,29.911922931671143,83.26446032524109,330.0,0.0,117.46270036697388
331,331.0,8.0,16.0,26.761301040649414,128.0,1.0,270902.0,777674.0,0.7416477203369141,2.0,2.0,2.0,0.578125,32.0,0.05118293405196537,0.022709250450134277,0.40926849842071533,33854.25,32.0,1.0,270902.0,135417.0,0.4998744933592221,128.0,1.0,9.13748337330783e-07,29.911922931671143,66.8976514339447,331.0,0.0,93.72329688072205
332,332.0,8.0,16.0,24.714359045028687,128.0,1.0,251686.0,796890.0,0.7599735260009766,2.0,2.0,2.0,0.4921875,32.0,0.06507662168997458,0.033303722739219666,0.4914400279521942,31454.0,32.0,1.0,251686.0,125816.0,0.49989272347289876,128.0,1.0,9.132404997195684e-07,29.911922931671143,67.50263690948486,332.0,0.0,92.28149914741516
333,333.0,8.0,16.0,17.03169345855713,128.0,1.0,229752.0,818824.0,0.7808914184570312,2.0,2.0,2.0,0.34375,32.0,0.06072343138569922,0.0301832128316164,0.4555656313896179,28711.5,32.0,1.0,229752.0,114846.0,0.4998694244228559,128.0,1.0,9.127313134456696e-07,29.911922931671143,61.662222146987915,333.0,0.0,78.75349116325378
334,334.0,8.0,16.0,29.32221531867981,128.0,1.0,271058.0,777518.0,0.7414989471435547,2.0,2.0,2.0,0.3984375,32.0,0.05701127141555788,0.03173423558473587,0.41724535822868347,33874.25,32.0,1.0,271058.0,135497.0,0.49988194408576764,128.0,1.0,9.122207801708801e-07,29.911922931671143,86.83917737007141,334.0,0.0,116.22902393341064
335,335.0,8.0,16.0,21.10461950302124,128.0,1.0,204703.0,843873.0,0.8047800064086914,2.0,2.0,2.0,0.4296875,32.0,0.0628951113314952,0.03138657286763191,0.5956806540489197,25579.75,32.0,1.0,204703.0,102319.0,0.49984123339667713,128.0,1.0,9.117089015613903e-07,29.911922931671143,64.09218120574951,335.0,0.0,85.25471949577332
336,336.0,8.0,16.0,31.246593475341797,128.0,1.0,238619.0,809957.0,0.772435188293457,2.0,2.0,2.0,0.5546875,32.0,0.05243764537697963,0.025791434571146965,0.4550071954727173,29819.5,32.0,1.0,238619.0,119278.0,0.4998679903947297,128.0,1.0,9.111956792877807e-07,29.911922931671143,71.31473922729492,336.0,0.0,102.62027359008789
337,337.0,8.0,16.0,32.94039988517761,128.0,1.0,251099.0,797477.0,0.760533332824707,2.0,2.0,2.0,0.4453125,32.0,0.05666059752959799,0.03058421052992344,0.477367103099823,31378.5,32.0,1.0,251099.0,125514.0,0.4998586214998865,128.0,1.0,9.106811150250171e-07,29.911922931671143,76.67528200149536,337.0,0.0,109.68009662628174
338,338.0,8.0,16.0,33.43155813217163,128.0,1.0,243483.0,805093.0,0.767796516418457,2.0,2.0,2.0,0.3828125,32.0,0.05695518001755688,0.026508603245019913,0.617648720741272,30427.25,32.0,1.0,243483.0,121709.0,0.49986652045522684,128.0,1.0,9.101652104524451e-07,29.911922931671143,76.65617370605469,338.0,0.0,110.16817831993103
339,339.0,8.0,16.0,33.17743277549744,128.0,1.0,259471.0,789105.0,0.7525491714477539,2.0,2.0,2.0,0.5234375,32.0,0.05683296696837374,0.030525827780365944,0.5042077302932739,32425.75,32.0,1.0,259471.0,129703.0,0.4998747451545645,128.0,1.0,9.096479672537847e-07,29.911922931671143,79.27066135406494,339.0,0.0,112.51327276229858
340,340.0,8.0,16.0,27.893521547317505,128.0,1.0,273604.0,774972.0,0.7390708923339844,2.0,2.0,2.0,0.421875,32.0,0.06521084522507807,0.0371253564953804,0.5406903028488159,34192.75,32.0,1.0,273604.0,136771.0,0.4998866975629011,128.0,1.0,9.091293871171244e-07,29.911922931671143,81.29641795158386,340.0,0.0,109.25527381896973
341,341.0,8.0,16.0,21.991981029510498,128.0,1.0,221589.0,826987.0,0.7886762619018555,2.0,2.0,2.0,0.5234375,32.0,0.07464465220410309,0.033992961049079895,0.6394842863082886,27692.0,32.0,1.0,221589.0,110768.0,0.49988040922608973,128.0,1.0,9.086094717349163e-07,29.911922931671143,63.54966449737549,341.0,0.0,85.59676337242126
342,342.0,8.0,16.0,26.04339289665222,128.0,1.0,245299.0,803277.0,0.7660646438598633,2.0,2.0,2.0,0.3515625,32.0,0.07096042375451997,0.03333505243062973,0.5444970726966858,30655.0,32.0,1.0,245299.0,122620.0,0.49987973860472323,128.0,1.0,9.0808822280397e-07,29.911922931671143,68.72980093955994,342.0,0.0,94.83356308937073
343,343.0,8.0,16.0,36.24669027328491,128.0,1.0,324469.0,724107.0,0.6905622482299805,2.0,2.0,2.0,0.40625,32.0,0.06186719282639072,0.030590124428272247,0.3559049367904663,40550.25,32.0,1.0,324469.0,162201.0,0.49989675438947945,128.0,1.0,9.075656420254474e-07,29.911922931671143,86.7326877117157,343.0,0.0,123.05722427368164
344,344.0,8.0,16.0,32.09415030479431,128.0,1.0,344530.0,704046.0,0.6714305877685547,2.0,2.0,2.0,0.4375,32.0,0.0687474233821128,0.03942754492163658,0.40704962611198425,43059.5,32.0,1.0,344530.0,172238.0,0.4999216323687342,128.0,1.0,9.070417311048568e-07,29.911922931671143,88.93817830085754,344.0,0.0,121.11293315887451
345,345.0,8.0,16.0,33.75750398635864,128.0,1.0,291090.0,757486.0,0.7223949432373047,2.0,2.0,2.0,0.2421875,32.0,0.05256532404055186,0.028772249817848206,0.42607685923576355,36377.75,32.0,1.0,291090.0,145511.0,0.4998831976364698,128.0,1.0,9.065164917520482e-07,29.911922931671143,83.72104215621948,345.0,0.0,117.54873132705688
346,346.0,8.0,16.0,33.87914180755615,128.0,1.0,228214.0,820362.0,0.7823581695556641,2.0,2.0,2.0,0.6015625,32.0,0.045595011475957674,0.02095889300107956,0.7217708826065063,28518.25,32.0,1.0,228214.0,114073.0,0.4998510170278773,128.0,1.0,9.059899256812063e-07,29.911922931671143,75.78042769432068,346.0,0.0,109.71880412101746
347,347.0,8.0,16.0,33.126550912857056,128.0,1.0,263537.0,785039.0,0.7486715316772461,2.0,2.0,2.0,0.5,32.0,0.0582631233054094,0.029247131198644638,0.5054692029953003,32933.5,32.0,1.0,263537.0,131734.0,0.49986908859097584,128.0,1.0,9.054620346108466e-07,29.911922931671143,72.73203873634338,347.0,0.0,105.92038178443909
348,348.0,8.0,16.0,29.247273206710815,128.0,1.0,253429.0,795147.0,0.7583112716674805,2.0,2.0,2.0,0.484375,32.0,0.050548239403508693,0.02634776569902897,0.44882330298423767,31671.75,32.0,1.0,253429.0,126687.0,0.49989148834584834,128.0,1.0,9.04932820263808e-07,29.911922931671143,76.01975321769714,348.0,0.0,105.34014058113098
349,349.0,8.0,16.0,21.924932956695557,128.0,1.0,165863.0,882713.0,0.8418207168579102,2.0,2.0,2.0,0.5,32.0,0.06340723632352054,0.025661438703536987,0.6299967169761658,20725.75,32.0,1.0,165863.0,82903.0,0.4998281714426967,128.0,1.0,9.044022843672487e-07,29.911922931671143,56.46205425262451,349.0,0.0,78.43859839439392
350,350.0,8.0,16.0,36.37339448928833,128.0,1.0,370918.0,677658.0,0.6462650299072266,2.0,2.0,2.0,0.265625,32.0,0.05792161803071487,0.034326955676078796,0.40583860874176025,46356.75,32.0,1.0,370918.0,185427.0,0.4999137275624262,128.0,1.0,9.038704286526399e-07,29.911922931671143,91.70574641227722,350.0,0.0,442.620831489563
351,351.0,8.0,16.0,30.296443223953247,128.0,1.0,283982.0,764594.0,0.7291736602783203,2.0,2.0,2.0,0.3046875,32.0,0.0492622500105726,0.028577858582139015,0.4678820073604584,35490.5,32.0,1.0,283982.0,141962.0,0.49989788085160325,128.0,1.0,9.033372548557597e-07,29.911922931671143,78.8077073097229,351.0,0.0,109.1754400730133
352,352.0,8.0,16.0,24.134687185287476,128.0,1.0,213458.0,835118.0,0.7964305877685547,2.0,2.0,2.0,0.5703125,32.0,0.05757508817677306,0.027938595041632652,0.4855969548225403,26673.25,32.0,1.0,213458.0,106693.0,0.4998313485556878,128.0,1.0,9.028027647166887e-07,29.911922931671143,63.66704988479614,352.0,0.0,87.85848379135132
353,353.0,8.0,16.0,23.08233618736267,128.0,1.0,221408.0,827168.0,0.788848876953125,2.0,2.0,2.0,0.4765625,32.0,0.06571641773636566,0.033236127346754074,0.513478696346283,27669.0,32.0,1.0,221408.0,110676.0,0.4998735366382425,128.0,1.0,9.022669599798028e-07,29.911922931671143,61.691136837005615,353.0,0.0,84.83600807189941
354,354.0,8.0,16.0,23.62501072883606,128.0,1.0,239642.0,808934.0,0.7714595794677734,2.0,2.0,2.0,0.3359375,32.0,0.05456449448731332,0.02790497988462448,0.3942532539367676,29947.25,32.0,1.0,239642.0,119789.0,0.49986646748065866,128.0,1.0,9.017298423937688e-07,29.911922931671143,68.87510919570923,354.0,0.0,92.56525015830994
355,355.0,8.0,16.0,25.440930604934692,128.0,1.0,269583.0,778993.0,0.7429056167602539,2.0,2.0,2.0,0.3984375,32.0,0.07091668830017527,0.03405478596687317,0.6701359748840332,33691.0,32.0,1.0,269583.0,134764.0,0.4998979906002975,128.0,1.0,9.011914137115379e-07,29.911922931671143,75.79271745681763,355.0,0.0,101.29933714866638
356,356.0,8.0,16.0,19.993876695632935,128.0,1.0,202552.0,846024.0,0.8068313598632812,2.0,2.0,2.0,0.390625,32.0,0.06643905017114095,0.03139607608318329,0.5873560905456543,25310.5,32.0,1.0,202552.0,101242.0,0.49983214186974206,128.0,1.0,9.006516756903401e-07,29.911922931671143,63.38440465927124,356.0,0.0,83.43402910232544
357,357.0,8.0,16.0,24.60459065437317,128.0,1.0,260233.0,788343.0,0.7518224716186523,2.0,2.0,2.0,0.40625,32.0,0.07508537725565276,0.03676421195268631,0.681144118309021,32520.25,32.0,1.0,260233.0,130081.0,0.49986358378837425,128.0,1.0,9.001106300916789e-07,29.911922931671143,72.01531863212585,357.0,0.0,96.68716144561768
358,358.0,8.0,16.0,33.80201768875122,128.0,1.0,287290.0,761286.0,0.7260189056396484,2.0,2.0,2.0,0.3671875,32.0,0.06148030705768406,0.03104540705680847,0.4890083074569702,35903.75,32.0,1.0,287290.0,143615.0,0.4998955758989175,128.0,1.0,8.99568278681325e-07,29.911922931671143,79.50496315956116,358.0,0.0,113.37805390357971
359,359.0,8.0,16.0,22.500506162643433,128.0,1.0,214982.0,833594.0,0.7949771881103516,2.0,2.0,2.0,0.3984375,32.0,0.06450614889519597,0.031908437609672546,0.49295783042907715,26864.5,32.0,1.0,214982.0,107458.0,0.4998464987766418,128.0,1.0,8.990246232293111e-07,29.911922931671143,60.474263191223145,359.0,0.0,83.03112769126892
360,360.0,8.0,16.0,32.65316581726074,128.0,1.0,290851.0,757725.0,0.7226228713989258,2.0,2.0,2.0,0.4609375,32.0,0.04595350935260684,0.024248801171779633,0.38144826889038086,36348.0,32.0,1.0,290851.0,145392.0,0.49988482075014357,128.0,1.0,8.984796655099255e-07,29.911922931671143,85.74254035949707,360.0,0.0,118.46247482299805
361,361.0,8.0,16.0,37.96096444129944,128.0,1.0,330245.0,718331.0,0.685053825378418,2.0,2.0,2.0,0.328125,32.0,0.04319454861184608,0.023071203380823135,0.36332130432128906,41273.5,32.0,1.0,330245.0,165094.0,0.4999137004345259,128.0,1.0,8.979334073017066e-07,29.911922931671143,103.56783080101013,361.0,0.0,141.60667991638184
362,362.0,8.0,16.0,21.596471071243286,128.0,1.0,245641.0,802935.0,0.7657384872436523,2.0,2.0,2.0,0.25,32.0,0.06387203401220137,0.03265421837568283,0.4789572060108185,30698.25,32.0,1.0,245641.0,122793.0,0.49988804800501546,128.0,1.0,8.973858503874372e-07,29.911922931671143,65.77044582366943,362.0,0.0,87.4272186756134
363,363.0,8.0,16.0,27.080053567886353,128.0,1.0,275773.0,772803.0,0.7370023727416992,2.0,2.0,2.0,0.3828125,32.0,0.06332805989485267,0.03391028568148613,0.4680095613002777,34464.25,32.0,1.0,275773.0,137857.0,0.49989302796140306,128.0,1.0,8.968369965541388e-07,29.911922931671143,80.7271831035614,363.0,0.0,107.87279343605042
364,364.0,8.0,16.0,12.612244606018066,128.0,1.0,156111.0,892465.0,0.8511209487915039,2.0,2.0,2.0,0.59375,32.0,0.0706616321476517,0.02808791771531105,0.6123461127281189,19505.75,32.0,1.0,156111.0,78023.0,0.4997918147984447,128.0,1.0,8.962868475930652e-07,29.911922931671143,49.34581255912781,364.0,0.0,62.00588393211365
365,365.0,8.0,16.0,27.6590473651886,128.0,1.0,262714.0,785862.0,0.7494564056396484,2.0,2.0,2.0,0.4453125,32.0,0.0634407728177904,0.035879164934158325,0.46413907408714294,32830.25,32.0,1.0,262714.0,131321.0,0.49986296885586606,128.0,1.0,8.957354052996973e-07,29.911922931671143,71.13436341285706,365.0,0.0,98.85918474197388
366,366.0,8.0,16.0,23.613901138305664,128.0,1.0,243646.0,804930.0,0.7676410675048828,2.0,2.0,2.0,0.5859375,32.0,0.053754770091857515,0.02959470823407173,0.4120108187198639,30447.0,32.0,1.0,243646.0,121788.0,0.4998563489653021,128.0,1.0,8.951826714737367e-07,29.911922931671143,65.5825138092041,366.0,0.0,89.25950074195862
367,367.0,8.0,16.0,18.70977544784546,128.0,1.0,182024.0,866552.0,0.8264083862304688,2.0,2.0,2.0,0.40625,32.0,0.061456979347406696,0.032384805381298065,0.5533028841018677,22744.25,32.0,1.0,182024.0,90977.0,0.4998077176636048,128.0,1.0,8.946286479191003e-07,29.911922931671143,59.77077674865723,367.0,0.0,78.5351734161377
368,368.0,8.0,16.0,36.750712871551514,128.0,1.0,334655.0,713921.0,0.6808481216430664,2.0,2.0,2.0,0.4140625,32.0,0.056345065666648285,0.031599175184965134,0.42785388231277466,41823.75,32.0,1.0,334655.0,167295.0,0.4999028850607342,128.0,1.0,8.940733364439142e-07,29.911922931671143,95.6508572101593,368.0,0.0,132.4767210483551
369,369.0,8.0,16.0,22.12980604171753,128.0,1.0,217340.0,831236.0,0.7927284240722656,2.0,2.0,2.0,0.375,32.0,0.05317630529495861,0.02545451931655407,0.46236538887023926,27159.25,32.0,1.0,217340.0,108637.0,0.4998481641667433,128.0,1.0,8.935167388605074e-07,29.911922931671143,62.509692430496216,369.0,0.0,84.69470548629761
370,370.0,8.0,16.0,25.684266090393066,128.0,1.0,271473.0,777103.0,0.7411031723022461,2.0,2.0,2.0,0.3125,32.0,0.055818600855343646,0.03026491217315197,0.9178622364997864,33925.5,32.0,1.0,271473.0,135702.0,0.49987291553856184,128.0,1.0,8.929588569854067e-07,29.911922931671143,72.62736487388611,370.0,0.0,98.3768846988678
371,371.0,8.0,16.0,19.351816177368164,128.0,1.0,173933.0,874643.0,0.8341245651245117,2.0,2.0,2.0,0.609375,32.0,0.056951794939082714,0.02940436825156212,0.6280577182769775,21733.25,32.0,1.0,173933.0,86933.0,0.49980739710118266,128.0,1.0,8.923996926393305e-07,29.911922931671143,53.24781012535095,371.0,0.0,72.64511752128601
372,372.0,8.0,16.0,32.36304235458374,128.0,1.0,263524.0,785052.0,0.7486839294433594,2.0,2.0,2.0,0.375,32.0,0.06184205434985841,0.03277081996202469,0.4496384263038635,32933.5,32.0,1.0,263524.0,131734.0,0.4998937478180355,128.0,1.0,8.918392476471821e-07,29.911922931671143,72.39976453781128,372.0,0.0,104.82883214950562
373,373.0,8.0,16.0,16.917114734649658,128.0,1.0,211795.0,836781.0,0.7980165481567383,2.0,2.0,2.0,0.40625,32.0,0.0641668956336113,0.023507170379161835,0.5746856927871704,26465.75,32.0,1.0,211795.0,105863.0,0.499837106636134,128.0,1.0,8.912775238380448e-07,29.911922931671143,57.930028438568115,373.0,0.0,74.90217781066895
374,374.0,8.0,16.0,26.746297121047974,128.0,1.0,205507.0,843069.0,0.8040132522583008,2.0,2.0,2.0,0.5390625,32.0,0.05577992940394151,0.027731793001294136,0.5158162713050842,25680.25,32.0,1.0,205507.0,102721.0,0.4998418545353686,128.0,1.0,8.907145230451754e-07,29.911922931671143,63.39361596107483,374.0,0.0,90.19468760490417
375,375.0,8.0,16.0,36.034361839294434,128.0,1.0,293304.0,755272.0,0.7202835083007812,2.0,2.0,2.0,0.234375,32.0,0.056756996387558975,0.031059617176651955,0.39805829524993896,36655.25,32.0,1.0,293304.0,146621.0,0.4998943076125794,128.0,1.0,8.90150247105998e-07,29.911922931671143,79.20485424995422,375.0,0.0,115.30969285964966
376,376.0,8.0,16.0,18.439573764801025,128.0,1.0,166948.0,881628.0,0.8407859802246094,2.0,2.0,2.0,0.6484375,32.0,0.06024433627101482,0.029089199379086494,1.0858131647109985,20860.25,32.0,1.0,166948.0,83441.0,0.4998023336607806,128.0,1.0,8.895846978620991e-07,29.911922931671143,53.441832542419434,376.0,0.0,71.93629813194275
377,377.0,8.0,16.0,26.578879594802856,128.0,1.0,223124.0,825452.0,0.7872123718261719,2.0,2.0,2.0,0.453125,32.0,0.07028146109803271,0.03493442013859749,0.5267367959022522,27881.75,32.0,1.0,223124.0,111527.0,0.4998431365518725,128.0,1.0,8.890178771592197e-07,29.911922931671143,61.656922340393066,377.0,0.0,88.29386472702026
378,378.0,8.0,16.0,31.95981001853943,128.0,1.0,230364.0,818212.0,0.7803077697753906,2.0,2.0,2.0,0.4765625,32.0,0.07289475881750564,0.03723064064979553,0.6898544430732727,28787.5,32.0,1.0,230364.0,115150.0,0.49986108940633084,128.0,1.0,8.884497868472513e-07,29.911922931671143,72.86633205413818,378.0,0.0,104.88732814788818
379,379.0,8.0,16.0,17.79274296760559,128.0,1.0,180396.0,868180.0,0.8279609680175781,2.0,2.0,2.0,0.5234375,32.0,0.07597469726228984,0.03466027230024338,0.5424119830131531,22541.5,32.0,1.0,180396.0,90166.0,0.4998226124747777,128.0,1.0,8.878804287802283e-07,29.911922931671143,58.7388482093811,379.0,0.0,76.58182191848755
380,380.0,8.0,16.0,31.30092430114746,128.0,1.0,265828.0,782748.0,0.7464866638183594,2.0,2.0,2.0,0.375,32.0,0.045925952253394145,0.026561377570033073,0.44127634167671204,33221.0,32.0,1.0,265828.0,132884.0,0.4998871450712491,128.0,1.0,8.873098048163229e-07,29.911922931671143,71.71347737312317,380.0,0.0,103.07417106628418
381,381.0,8.0,16.0,31.768629550933838,128.0,1.0,332744.0,715832.0,0.6826705932617188,2.0,2.0,2.0,0.171875,32.0,0.051931778070229785,0.029866088181734085,0.3405399024486542,41585.5,32.0,1.0,332744.0,166342.0,0.49990984059817756,128.0,1.0,8.867379168178387e-07,29.911922931671143,83.80758452415466,381.0,0.0,115.65601658821106
382,382.0,8.0,16.0,20.267087936401367,128.0,1.0,194367.0,854209.0,0.8146371841430664,2.0,2.0,2.0,0.71875,32.0,0.04428753085330599,0.02000206708908081,0.4853256344795227,24288.0,32.0,1.0,194367.0,97152.0,0.4998379354520057,128.0,1.0,8.861647666512046e-07,29.911922931671143,62.10670566558838,382.0,0.0,82.42434358596802
383,383.0,8.0,16.0,31.471894025802612,128.0,1.0,241564.0,807012.0,0.7696266174316406,2.0,2.0,2.0,0.5234375,32.0,0.04985035182558318,0.026420963928103447,0.3739109933376312,30187.0,32.0,1.0,241564.0,120748.0,0.4998592505505787,128.0,1.0,8.855903561869687e-07,29.911922931671143,77.30703854560852,383.0,0.0,108.83667254447937
384,384.0,8.0,16.0,19.39361310005188,128.0,1.0,180640.0,867936.0,0.827728271484375,2.0,2.0,2.0,0.6875,32.0,0.06364886769391016,0.027933979406952858,0.6336050629615784,22571.25,32.0,1.0,180640.0,90285.0,0.4998062444641275,128.0,1.0,8.850146872997921e-07,29.911922931671143,55.860288858413696,384.0,0.0,75.30273771286011
385,385.0,8.0,16.0,32.60549283027649,128.0,1.0,305849.0,742727.0,0.7083196640014648,2.0,2.0,2.0,0.5390625,32.0,0.05411591442026919,0.0259545985609293,0.5075414180755615,38223.25,32.0,1.0,305849.0,152893.0,0.4998970080006801,128.0,1.0,8.844377618684433e-07,29.911922931671143,88.1129379272461,385.0,0.0,120.79452180862427
386,386.0,8.0,16.0,20.586108922958374,128.0,1.0,210204.0,838372.0,0.7995338439941406,2.0,2.0,2.0,0.5703125,32.0,0.05156183561115991,0.02723211608827114,0.4190596044063568,26268.5,32.0,1.0,210204.0,105074.0,0.4998667960647752,128.0,1.0,8.838595817757914e-07,29.911922931671143,64.95874309539795,386.0,0.0,85.59768629074097
387,387.0,8.0,16.0,22.854742527008057,128.0,1.0,222708.0,825868.0,0.7876091003417969,2.0,2.0,2.0,0.5625,32.0,0.06015857995164927,0.02791922725737095,0.4689866304397583,27831.0,32.0,1.0,222708.0,111324.0,0.4998652944662967,128.0,1.0,8.832801489088003e-07,29.911922931671143,66.51959133148193,387.0,0.0,89.43037128448486
388,388.0,8.0,16.0,26.051528215408325,128.0,1.0,239233.0,809343.0,0.7718496322631836,2.0,2.0,2.0,0.453125,32.0,0.054160089991688004,0.029424499720335007,0.45464348793029785,29896.25,32.0,1.0,239233.0,119585.0,0.49986832920207497,128.0,1.0,8.826994651585226e-07,29.911922931671143,71.61649131774902,388.0,0.0,97.72957420349121
389,389.0,8.0,16.0,21.694060564041138,128.0,1.0,211857.0,836719.0,0.7979574203491211,2.0,2.0,2.0,0.390625,32.0,0.07550517720825126,0.038879796862602234,0.5489993095397949,26473.0,32.0,1.0,211857.0,105892.0,0.49982771397688064,128.0,1.0,8.821175324200931e-07,29.911922931671143,63.212331771850586,389.0,0.0,84.96235918998718
390,390.0,8.0,16.0,24.675792694091797,128.0,1.0,212042.0,836534.0,0.7977809906005859,2.0,2.0,2.0,0.4921875,32.0,0.061210594423452946,0.030494168400764465,0.49572330713272095,26498.0,32.0,1.0,212042.0,105992.0,0.4998632346421935,128.0,1.0,8.815343525927232e-07,29.911922931671143,61.396841526031494,390.0,0.0,86.12950873374939
391,391.0,8.0,16.0,34.41376852989197,128.0,1.0,277697.0,770879.0,0.7351675033569336,2.0,2.0,2.0,0.4140625,32.0,0.05499556763615992,0.03159813955426216,0.41300123929977417,34703.5,32.0,1.0,277697.0,138814.0,0.499875763872134,128.0,1.0,8.809499275796938e-07,29.911922931671143,85.1958475112915,391.0,0.0,119.67447471618652
392,392.0,8.0,16.0,26.77836847305298,128.0,1.0,221022.0,827554.0,0.7892169952392578,2.0,2.0,2.0,0.4375,32.0,0.06515142684739948,0.031205201521515846,0.5198690891265869,27619.75,32.0,1.0,221022.0,110479.0,0.49985521803259403,128.0,1.0,8.803642592883502e-07,29.911922931671143,74.79747152328491,392.0,0.0,101.64321613311768
393,393.0,8.0,16.0,25.787570476531982,128.0,1.0,265418.0,783158.0,0.7468776702880859,2.0,2.0,2.0,0.578125,32.0,0.06360311296077202,0.03264429047703743,0.507134199142456,33169.25,32.0,1.0,265418.0,132677.0,0.4998794354565252,128.0,1.0,8.797773496300946e-07,29.911922931671143,71.79615902900696,393.0,0.0,97.64883804321289
394,394.0,8.0,16.0,24.722453355789185,128.0,1.0,262115.0,786461.0,0.7500276565551758,2.0,2.0,2.0,0.3125,32.0,0.06132493119345016,0.030683131888508797,0.43242764472961426,32757.25,32.0,1.0,262115.0,131029.0,0.4998912690994411,128.0,1.0,8.791892005203813e-07,29.911922931671143,71.84403014183044,394.0,0.0,96.63212037086487
395,395.0,8.0,16.0,30.49570083618164,128.0,1.0,289648.0,758928.0,0.7237701416015625,2.0,2.0,2.0,0.421875,32.0,0.0610772382202516,0.034693874418735504,0.5034095048904419,36197.75,32.0,1.0,289648.0,144791.0,0.49988606860741314,128.0,1.0,8.785998138787095e-07,29.911922931671143,86.79323363304138,395.0,0.0,117.36323165893555
396,396.0,8.0,16.0,35.636313676834106,128.0,1.0,309489.0,739087.0,0.7048482894897461,2.0,2.0,2.0,0.296875,32.0,0.04615208138363394,0.021542800590395927,0.48420101404190063,38678.5,32.0,1.0,309489.0,154714.0,0.49990145045542816,128.0,1.0,8.780091916286167e-07,29.911922931671143,93.15686798095703,396.0,0.0,128.8634512424469
397,397.0,8.0,16.0,31.163543224334717,128.0,1.0,269519.0,779057.0,0.7429666519165039,2.0,2.0,2.0,0.625,32.0,0.053509719024009535,0.024423809722065926,0.4044242203235626,33681.0,32.0,1.0,269519.0,134724.0,0.4998682838686697,128.0,1.0,8.774173356976738e-07,29.911922931671143,80.96829748153687,397.0,0.0,112.19546961784363
398,398.0,8.0,16.0,32.62583613395691,128.0,1.0,254434.0,794142.0,0.7573528289794922,2.0,2.0,2.0,0.4921875,32.0,0.058616230781585454,0.029818369075655937,0.442355751991272,31795.5,32.0,1.0,254434.0,127182.0,0.49986243976826994,128.0,1.0,8.768242480174772e-07,29.911922931671143,69.79584813117981,398.0,0.0,102.4870536327362
399,399.0,8.0,16.0,34.80543351173401,128.0,1.0,279627.0,768949.0,0.7333269119262695,2.0,2.0,2.0,0.46875,32.0,0.05270592754523914,0.025419102981686592,0.45453208684921265,34945.0,32.0,1.0,279627.0,139780.0,0.49988019754887764,128.0,1.0,8.762299305236438e-07,29.911922931671143,88.67271542549133,399.0,0.0,123.54747128486633
400,400.0,8.0,16.0,27.61650848388672,128.0,1.0,224819.0,823757.0,0.7855958938598633,2.0,2.0,2.0,0.515625,32.0,0.07297556952440029,0.03700888901948929,0.5509209036827087,28094.0,32.0,1.0,224819.0,112376.0,0.49985099124184346,128.0,1.0,8.75634385155804e-07,29.911922931671143,67.48343992233276,400.0,0.0,416.3241355419159
401,401.0,8.0,16.0,27.81554079055786,128.0,1.0,250368.0,798208.0,0.76123046875,2.0,2.0,2.0,0.40625,32.0,0.06476402599527936,0.03289796784520149,0.5299996733665466,31287.75,32.0,1.0,250368.0,125151.0,0.49986819401840493,128.0,1.0,8.750376138575954e-07,29.911922931671143,75.46858382225037,401.0,0.0,103.3542640209198
402,402.0,8.0,16.0,35.689409255981445,128.0,1.0,304868.0,743708.0,0.7092552185058594,2.0,2.0,2.0,0.375,32.0,0.047210934990470355,0.02709076926112175,0.3706224858760834,38100.25,32.0,1.0,304868.0,152401.0,0.499891756432292,128.0,1.0,8.744396185766569e-07,29.911922931671143,87.03939700126648,402.0,0.0,122.79928946495056
403,403.0,8.0,16.0,29.623598098754883,128.0,1.0,211089.0,837487.0,0.7986898422241211,2.0,2.0,2.0,0.6796875,32.0,0.046575157354523854,0.02466489188373089,0.48135823011398315,26377.75,32.0,1.0,211089.0,105511.0,0.4998412991676497,128.0,1.0,8.738404012646215e-07,29.911922931671143,72.17939019203186,403.0,0.0,101.85780119895935
404,404.0,8.0,16.0,36.92968511581421,128.0,1.0,348480.0,700096.0,0.66766357421875,2.0,2.0,2.0,0.21875,32.0,0.06006846378362275,0.0302712544798851,0.4272465705871582,43552.0,32.0,1.0,348480.0,174208.0,0.49990817263544535,128.0,1.0,8.73239963877111e-07,29.911922931671143,97.7479259967804,404.0,0.0,134.7652726173401
405,405.0,8.0,16.0,32.15248155593872,128.0,1.0,327210.0,721366.0,0.6879482269287109,2.0,2.0,2.0,0.453125,32.0,0.05374756961063907,0.02841976284980774,0.36326634883880615,40893.25,32.0,1.0,327210.0,163573.0,0.49990220347788883,128.0,1.0,8.726383083737286e-07,29.911922931671143,86.50660347938538,405.0,0.0,118.74021553993225
406,406.0,8.0,16.0,38.100218057632446,128.0,1.0,321796.0,726780.0,0.6931114196777344,2.0,2.0,2.0,0.5,32.0,0.03172152118376853,0.015368375927209854,0.3483540117740631,40215.5,32.0,1.0,321796.0,160862.0,0.49988812788226084,128.0,1.0,8.720354367180533e-07,29.911922931671143,97.79232287406921,406.0,0.0,135.96466708183289
407,407.0,8.0,16.0,28.794421195983887,128.0,1.0,258278.0,790298.0,0.7536869049072266,2.0,2.0,2.0,0.484375,32.0,0.05910617882974415,0.03276100009679794,0.4195597171783447,32277.0,32.0,1.0,258278.0,129108.0,0.49987997429126757,128.0,1.0,8.714313508776332e-07,29.911922931671143,67.61022329330444,407.0,0.0,96.46913528442383
408,408.0,8.0,16.0,27.767712831497192,128.0,1.0,249600.0,798976.0,0.761962890625,2.0,2.0,2.0,0.375,32.0,0.061084986012344654,0.02981790341436863,0.5586113929748535,31192.75,32.0,1.0,249600.0,124771.0,0.4998838141025641,128.0,1.0,8.708260528239788e-07,29.911922931671143,78.87973594665527,408.0,0.0,106.70905613899231
409,409.0,8.0,16.0,35.32055592536926,128.0,1.0,299818.0,748758.0,0.7140712738037109,2.0,2.0,2.0,0.34375,32.0,0.05874834274948138,0.03538813814520836,0.40700626373291016,37469.75,32.0,1.0,299818.0,149879.0,0.49989993929650656,128.0,1.0,8.702195445325568e-07,29.911922931671143,94.79349708557129,409.0,0.0,130.18912029266357
410,410.0,8.0,16.0,30.690452575683594,128.0,1.0,235345.0,813231.0,0.7755575180053711,2.0,2.0,2.0,0.515625,32.0,0.0625596027329841,0.03534436225891113,0.47372543811798096,29410.5,32.0,1.0,235345.0,117642.0,0.49987040302534574,128.0,1.0,8.69611827982784e-07,29.911922931671143,76.55228304862976,410.0,0.0,107.30112814903259
411,411.0,8.0,16.0,33.17236804962158,128.0,1.0,268893.0,779683.0,0.7435636520385742,2.0,2.0,2.0,0.5,32.0,0.06200781039796902,0.03365122526884079,0.5011155605316162,33603.75,32.0,1.0,268893.0,134415.0,0.49988285303075947,128.0,1.0,8.690029051580203e-07,29.911922931671143,75.84435415267944,411.0,0.0,109.0852746963501
412,412.0,8.0,16.0,29.45220708847046,128.0,1.0,258617.0,789959.0,0.7533636093139648,2.0,2.0,2.0,0.4921875,32.0,0.0549997906755148,0.0261552594602108,0.47714462876319885,32317.75,32.0,1.0,258617.0,129271.0,0.49985499793130383,128.0,1.0,8.683927780455622e-07,29.911922931671143,74.368656873703,412.0,0.0,103.88901925086975
413,413.0,8.0,16.0,26.500102281570435,128.0,1.0,252641.0,795935.0,0.7590627670288086,2.0,2.0,2.0,0.625,32.0,0.06287625924755968,0.026684509590268135,0.47866201400756836,31573.75,32.0,1.0,252641.0,126295.0,0.4998990662639872,128.0,1.0,8.677814486366369e-07,29.911922931671143,68.5520236492157,413.0,0.0,95.11404728889465
414,414.0,8.0,16.0,31.776996850967407,128.0,1.0,225799.0,822777.0,0.7846612930297852,2.0,2.0,2.0,0.515625,32.0,0.06011962634622272,0.027957377955317497,0.5222334265708923,28217.5,32.0,1.0,225799.0,112870.0,0.4998693528315006,128.0,1.0,8.671689189263953e-07,29.911922931671143,84.61548900604248,414.0,0.0,116.45203042030334
415,415.0,8.0,16.0,24.560967683792114,128.0,1.0,231420.0,817156.0,0.7793006896972656,2.0,2.0,2.0,0.5390625,32.0,0.05224298019869557,0.02625322714447975,0.42985308170318604,28920.5,32.0,1.0,231420.0,115682.0,0.4998790078644888,128.0,1.0,8.665551909139057e-07,29.911922931671143,68.7381649017334,415.0,0.0,93.359610080719
416,416.0,8.0,16.0,24.128987073898315,128.0,1.0,257941.0,790635.0,0.7540082931518555,2.0,2.0,2.0,0.2421875,32.0,0.07669045660902167,0.04000268876552582,0.5446781516075134,32234.75,32.0,1.0,257941.0,128939.0,0.49987787904986025,128.0,1.0,8.659402666021472e-07,29.911922931671143,70.60868525505066,416.0,0.0,94.80242109298706
417,417.0,8.0,16.0,34.272478342056274,128.0,1.0,321300.0,727276.0,0.6935844421386719,2.0,2.0,2.0,0.4375,32.0,0.05918841294046327,0.03063475713133812,0.3926842212677002,40154.5,32.0,1.0,321300.0,160618.0,0.499900404606287,128.0,1.0,8.653241479980032e-07,29.911922931671143,90.39199161529541,417.0,0.0,124.73888230323792
418,418.0,8.0,16.0,24.853498458862305,128.0,1.0,260671.0,787905.0,0.7514047622680664,2.0,2.0,2.0,0.2578125,32.0,0.057050527498603704,0.02806699275970459,0.4867992699146271,32575.75,32.0,1.0,260671.0,130303.0,0.4998753217657507,128.0,1.0,8.647068371122543e-07,29.911922931671143,68.70414519309998,418.0,0.0,93.61937522888184
419,419.0,8.0,16.0,21.76509666442871,128.0,1.0,198374.0,850202.0,0.8108158111572266,2.0,2.0,2.0,0.640625,32.0,0.060228436429352245,0.030941061675548553,0.5492637157440186,24787.5,32.0,1.0,198374.0,99150.0,0.4998134836218456,128.0,1.0,8.640883359595732e-07,29.911922931671143,62.35430026054382,419.0,0.0,84.17034959793091
420,420.0,8.0,16.0,31.493459224700928,128.0,1.0,262027.0,786549.0,0.7501115798950195,2.0,2.0,2.0,0.6328125,32.0,0.051757421435093244,0.02608744241297245,0.843733549118042,32744.25,32.0,1.0,262027.0,130977.0,0.49986070137810223,128.0,1.0,8.634686465585166e-07,29.911922931671143,76.0363335609436,420.0,0.0,107.5989420413971
421,421.0,8.0,16.0,18.796653270721436,128.0,1.0,191394.0,857182.0,0.8174724578857422,2.0,2.0,2.0,0.5234375,32.0,0.04953093524592814,0.022096669301390648,0.5321353077888489,23915.5,32.0,1.0,191394.0,95662.0,0.4998171311535367,128.0,1.0,8.628477709315193e-07,29.911922931671143,54.15309143066406,421.0,0.0,73.00584554672241
422,422.0,8.0,16.0,25.112431049346924,128.0,1.0,243377.0,805199.0,0.7678976058959961,2.0,2.0,2.0,0.5,32.0,0.07045080822742085,0.031610071659088135,0.5433424115180969,30414.75,32.0,1.0,243377.0,121659.0,0.49987878887487314,128.0,1.0,8.622257111048874e-07,29.911922931671143,69.18298578262329,422.0,0.0,94.35995650291443
423,423.0,8.0,16.0,30.06604504585266,128.0,1.0,282840.0,765736.0,0.7302627563476562,2.0,2.0,2.0,0.2109375,32.0,0.05750430076056796,0.029023800045251846,0.41522717475891113,35347.25,32.0,1.0,282840.0,141389.0,0.4998903973978221,128.0,1.0,8.61602469108792e-07,29.911922931671143,83.32104873657227,423.0,0.0,113.45250177383423
424,424.0,8.0,16.0,33.97360801696777,128.0,1.0,302151.0,746425.0,0.7118463516235352,2.0,2.0,2.0,0.2734375,32.0,0.056487944218696,0.0312516987323761,0.4005816578865051,37761.25,32.0,1.0,302151.0,151045.0,0.4998990570939696,128.0,1.0,8.609780469772621e-07,29.911922931671143,93.38577175140381,424.0,0.0,127.43498253822327
425,425.0,8.0,16.0,33.112683057785034,128.0,1.0,216891.0,831685.0,0.793156623840332,2.0,2.0,2.0,0.4921875,32.0,0.06654742579728093,0.03192604333162308,0.5851486921310425,27104.5,32.0,1.0,216891.0,108418.0,0.4998732082013546,128.0,1.0,8.603524467481786e-07,29.911922931671143,77.36171221733093,425.0,0.0,110.52974677085876
426,426.0,8.0,16.0,28.764463424682617,128.0,1.0,278080.0,770496.0,0.73480224609375,2.0,2.0,2.0,0.390625,32.0,0.06790807777498714,0.03421301394701004,0.48121368885040283,34752.25,32.0,1.0,278080.0,139009.0,0.49988852128883776,128.0,1.0,8.59725670463267e-07,29.911922931671143,80.62905097007751,426.0,0.0,109.46518039703369
427,427.0,8.0,16.0,23.379151344299316,128.0,1.0,272472.0,776104.0,0.7401504516601562,2.0,2.0,2.0,0.15625,32.0,0.06404102900664634,0.031969454139471054,0.45330139994621277,34051.5,32.0,1.0,272472.0,136206.0,0.49988989694353914,128.0,1.0,8.590977201680911e-07,29.911922931671143,74.83623170852661,427.0,0.0,98.28064799308777
428,428.0,8.0,16.0,32.00960421562195,128.0,1.0,234921.0,813655.0,0.7759618759155273,2.0,2.0,2.0,0.359375,32.0,0.06969443322230769,0.035328254103660583,0.56232750415802,29356.75,32.0,1.0,234921.0,117427.0,0.4998573988702585,128.0,1.0,8.584685979120458e-07,29.911922931671143,78.39864778518677,428.0,0.0,110.47368359565735
429,429.0,8.0,16.0,27.994893074035645,128.0,1.0,271547.0,777029.0,0.741032600402832,2.0,2.0,2.0,0.3125,32.0,0.07118261263377246,0.039411406964063644,0.45228269696235657,33935.5,32.0,1.0,271547.0,135742.0,0.49988399798193317,128.0,1.0,8.578383057483517e-07,29.911922931671143,76.18359971046448,429.0,0.0,104.24500679969788
430,430.0,8.0,16.0,30.41357946395874,128.0,1.0,336206.0,712370.0,0.6793689727783203,2.0,2.0,2.0,0.2421875,32.0,0.06807090792858529,0.036094989627599716,0.4715101718902588,42018.25,32.0,1.0,336206.0,168073.0,0.4999107689928199,128.0,1.0,8.572068457340469e-07,29.911922931671143,80.84686422348022,430.0,0.0,111.34062314033508
431,431.0,8.0,16.0,36.931052684783936,128.0,1.0,319632.0,728944.0,0.6951751708984375,2.0,2.0,2.0,0.4609375,32.0,0.0674572038272239,0.034827180206775665,0.7687432169914246,39945.5,32.0,1.0,319632.0,159782.0,0.4998936276718226,128.0,1.0,8.565742199299809e-07,29.911922931671143,106.37667775154114,431.0,0.0,143.38443231582642
432,432.0,8.0,16.0,25.891899347305298,128.0,1.0,248733.0,799843.0,0.7627897262573242,2.0,2.0,2.0,0.46875,32.0,0.0526217814325888,0.028261594474315643,0.43704015016555786,31083.5,32.0,1.0,248733.0,124334.0,0.4998693378039906,128.0,1.0,8.559404304008083e-07,29.911922931671143,72.35888528823853,432.0,0.0,98.31333923339844
433,433.0,8.0,16.0,32.76760745048523,128.0,1.0,293463.0,755113.0,0.7201318740844727,2.0,2.0,2.0,0.5625,32.0,0.05534958572945597,0.029886877164244652,0.6105965375900269,36674.0,32.0,1.0,293463.0,146696.0,0.49987903074663587,128.0,1.0,8.553054792149816e-07,29.911922931671143,86.49322032928467,433.0,0.0,119.32808065414429
434,434.0,8.0,16.0,26.21893882751465,128.0,1.0,174658.0,873918.0,0.8334331512451172,2.0,2.0,2.0,0.6015625,32.0,0.07527387846451887,0.033912111073732376,0.7850201725959778,21824.25,32.0,1.0,174658.0,87297.0,0.49981678480229935,128.0,1.0,8.546693684447439e-07,29.911922931671143,58.79959583282471,434.0,0.0,85.06928277015686
435,435.0,8.0,16.0,15.300085306167603,128.0,1.0,163096.0,885480.0,0.8444595336914062,2.0,2.0,2.0,0.546875,32.0,0.0681989364401812,0.02963312156498432,0.7289373278617859,20380.25,32.0,1.0,163096.0,81521.0,0.4998344533281012,128.0,1.0,8.540321001661237e-07,29.911922931671143,54.37853240966797,435.0,0.0,69.72757768630981
436,436.0,8.0,16.0,26.4414644241333,128.0,1.0,298598.0,749978.0,0.7152347564697266,2.0,2.0,2.0,0.2265625,32.0,0.0560283392258677,0.027990123257040977,0.39351028203964233,37317.25,32.0,1.0,298598.0,149269.0,0.4998995304724077,128.0,1.0,8.533936764589266e-07,29.911922931671143,76.84363508224487,436.0,0.0,103.35829186439514
437,437.0,8.0,16.0,30.511225938796997,128.0,1.0,234644.0,813932.0,0.7762260437011719,2.0,2.0,2.0,0.3828125,32.0,0.06268097037003276,0.03163333237171173,0.5389165878295898,29322.25,32.0,1.0,234644.0,117289.0,0.4998593614155913,128.0,1.0,8.527540994067291e-07,29.911922931671143,76.18428134918213,437.0,0.0,106.75303292274475
438,438.0,8.0,16.0,29.77206063270569,128.0,1.0,330968.0,717608.0,0.6843643188476562,2.0,2.0,2.0,0.1328125,32.0,0.05775426520441577,0.031334955245256424,0.37154659628868103,41363.0,32.0,1.0,330968.0,165452.0,0.4999033139155447,128.0,1.0,8.521133710968717e-07,29.911922931671143,76.58742475509644,438.0,0.0,106.43615579605103
439,439.0,8.0,16.0,20.50057339668274,128.0,1.0,174593.0,873983.0,0.8334951400756836,2.0,2.0,2.0,0.7421875,32.0,0.05915302271577796,0.0244350153952837,0.6715137362480164,21817.25,32.0,1.0,174593.0,87269.0,0.4998424908215106,128.0,1.0,8.514714936204526e-07,29.911922931671143,55.42548441886902,439.0,0.0,75.97637367248535
440,440.0,8.0,16.0,20.635286569595337,128.0,1.0,197682.0,850894.0,0.8114757537841797,2.0,2.0,2.0,0.421875,32.0,0.0620460249755419,0.030057646334171295,0.6820971965789795,24702.0,32.0,1.0,197682.0,98808.0,0.499833065225969,128.0,1.0,8.508284690723202e-07,29.911922931671143,69.4840817451477,440.0,0.0,90.16848826408386
441,441.0,8.0,16.0,26.41270351409912,128.0,1.0,250116.0,798460.0,0.7614707946777344,2.0,2.0,2.0,0.515625,32.0,0.05296118167252468,0.030021673068404198,0.39499714970588684,31257.25,32.0,1.0,250116.0,125029.0,0.4998840537990372,128.0,1.0,8.501842995510665e-07,29.911922931671143,70.95053553581238,441.0,0.0,97.42387366294861
442,442.0,8.0,16.0,31.74848747253418,128.0,1.0,246405.0,802171.0,0.765009880065918,2.0,2.0,2.0,0.46875,32.0,0.0638697873202574,0.03197447955608368,0.47042617201805115,30791.5,32.0,1.0,246405.0,123166.0,0.4998518698890039,128.0,1.0,8.495389871590202e-07,29.911922931671143,70.04887080192566,442.0,0.0,101.86321997642517
443,443.0,8.0,16.0,33.16366362571716,128.0,1.0,261304.0,787272.0,0.7508010864257812,2.0,2.0,2.0,0.53125,32.0,0.041811603581067294,0.019941743463277817,0.368052214384079,32654.5,32.0,1.0,261304.0,130618.0,0.49986988335425403,128.0,1.0,8.488925340022401e-07,29.911922931671143,78.39793586730957,443.0,0.0,111.62339758872986
444,444.0,8.0,16.0,28.524673223495483,128.0,1.0,268446.0,780130.0,0.7439899444580078,2.0,2.0,2.0,0.3203125,32.0,0.05991667540109647,0.0325181670486927,0.43006277084350586,33547.0,32.0,1.0,268446.0,134188.0,0.4998696199608115,128.0,1.0,8.482449421905078e-07,29.911922931671143,78.85507774353027,444.0,0.0,107.44787406921387
445,445.0,8.0,16.0,33.46878361701965,128.0,1.0,254973.0,793603.0,0.7568387985229492,2.0,2.0,2.0,0.3828125,32.0,0.061347017304147024,0.030603542923927307,0.6253029108047485,31863.25,32.0,1.0,254973.0,127453.0,0.4998686135394728,128.0,1.0,8.475962138373212e-07,29.911922931671143,76.66382575035095,445.0,0.0,110.19494605064392
446,446.0,8.0,16.0,31.53884530067444,128.0,1.0,290704.0,757872.0,0.7227630615234375,2.0,2.0,2.0,0.4609375,32.0,0.05477454984209921,0.02986716292798519,0.42147961258888245,36330.0,32.0,1.0,290704.0,145320.0,0.4998899223952887,128.0,1.0,8.469463510598873e-07,29.911922931671143,90.81165361404419,446.0,0.0,122.41955304145813
447,447.0,8.0,16.0,17.298194646835327,128.0,1.0,188167.0,860409.0,0.8205499649047852,2.0,2.0,2.0,0.578125,32.0,0.0686402813627503,0.028458623215556145,1.1719861030578613,23512.25,32.0,1.0,188167.0,94049.0,0.4998166522291369,128.0,1.0,8.462953559791157e-07,29.911922931671143,58.06811547279358,447.0,0.0,75.41846084594727
448,448.0,8.0,16.0,25.525644779205322,128.0,1.0,179188.0,869388.0,0.8291130065917969,2.0,2.0,2.0,0.6328125,32.0,0.05421566595025684,0.02434946969151497,0.5569392442703247,22391.5,32.0,1.0,179188.0,89566.0,0.49984373953612965,128.0,1.0,8.456432307196111e-07,29.911922931671143,61.90254282951355,448.0,0.0,87.48008465766907
449,449.0,8.0,16.0,17.927845239639282,128.0,1.0,203808.0,844768.0,0.805633544921875,2.0,2.0,2.0,0.71875,32.0,0.05038694364576098,0.02662464790046215,0.4863462448120117,25467.0,32.0,1.0,203808.0,101868.0,0.4998233631653321,128.0,1.0,8.449899774096672e-07,29.911922931671143,62.11306834220886,449.0,0.0,80.09343814849854
450,450.0,8.0,16.0,24.55356192588806,128.0,1.0,238351.0,810225.0,0.7726907730102539,2.0,2.0,2.0,0.53125,32.0,0.06916352816078217,0.031874120235443115,0.5006268620491028,29786.75,32.0,1.0,238351.0,119147.0,0.49988042844376573,128.0,1.0,8.443355981812583e-07,29.911922931671143,66.19729351997375,450.0,0.0,400.2118384838104
451,451.0,8.0,16.0,26.94292664527893,128.0,1.0,251442.0,797134.0,0.7602062225341797,2.0,2.0,2.0,0.5078125,32.0,0.044599401405217044,0.022982262074947357,0.6728590726852417,31422.5,32.0,1.0,251442.0,125690.0,0.499876711130201,128.0,1.0,8.436800951700344e-07,29.911922931671143,74.04385328292847,451.0,0.0,101.05317211151123
452,452.0,8.0,16.0,31.41991138458252,128.0,1.0,205379.0,843197.0,0.8041353225708008,2.0,2.0,2.0,0.65625,32.0,0.04853103470719234,0.021233001723885536,0.4766412079334259,25664.0,32.0,1.0,205379.0,102656.0,0.49983688692612194,128.0,1.0,8.430234705153123e-07,29.911922931671143,79.24995136260986,452.0,0.0,110.72326993942261
453,453.0,8.0,16.0,37.689783573150635,128.0,1.0,353830.0,694746.0,0.6625614166259766,2.0,2.0,2.0,0.4375,32.0,0.04941482345422175,0.029542170464992523,0.3451842963695526,44220.0,32.0,1.0,353830.0,176880.0,0.4999010824407201,128.0,1.0,8.423657263600696e-07,29.911922931671143,97.4315664768219,453.0,0.0,135.20459413528442
454,454.0,8.0,16.0,29.37463402748108,128.0,1.0,192734.0,855842.0,0.8161945343017578,2.0,2.0,2.0,0.5625,32.0,0.061183218333252694,0.03423096612095833,0.577563464641571,24084.0,32.0,1.0,192734.0,96336.0,0.4998391565577428,128.0,1.0,8.417068648509379e-07,29.911922931671143,68.51417326927185,454.0,0.0,97.94766020774841
455,455.0,8.0,16.0,21.46853017807007,128.0,1.0,267639.0,780937.0,0.7447595596313477,2.0,2.0,2.0,0.4453125,32.0,0.04971156456434031,0.02938062883913517,0.42278623580932617,33447.25,32.0,1.0,267639.0,133789.0,0.4998860405247367,128.0,1.0,8.410468881381947e-07,29.911922931671143,68.25864696502686,455.0,0.0,89.79561758041382
456,456.0,8.0,16.0,26.37218952178955,128.0,1.0,220436.0,828140.0,0.7897758483886719,2.0,2.0,2.0,0.3515625,32.0,0.06493786757451898,0.029652433469891548,0.4953218698501587,27546.0,32.0,1.0,220436.0,110184.0,0.49984576022065363,128.0,1.0,8.403857983757581e-07,29.911922931671143,63.650928020477295,456.0,0.0,90.07795643806458
457,457.0,8.0,16.0,15.67182970046997,128.0,1.0,206324.0,842252.0,0.8032341003417969,2.0,2.0,2.0,0.640625,32.0,0.05391689235669394,0.026923613622784615,0.5248326063156128,25784.0,32.0,1.0,206324.0,103136.0,0.49987398460673504,128.0,1.0,8.397235977211779e-07,29.911922931671143,55.5155987739563,457.0,0.0,71.23925733566284
458,458.0,8.0,16.0,28.53224515914917,128.0,1.0,255117.0,793459.0,0.7567014694213867,2.0,2.0,2.0,0.484375,32.0,0.054166970908555,0.029772764071822166,0.41476714611053467,31881.75,32.0,1.0,255117.0,127527.0,0.4998765272404426,128.0,1.0,8.390602883356296e-07,29.911922931671143,83.40876340866089,458.0,0.0,112.00577306747437
459,459.0,8.0,16.0,16.70341205596924,128.0,1.0,165674.0,882902.0,0.8420009613037109,2.0,2.0,2.0,0.5859375,32.0,0.06639780570571784,0.030107056722044945,0.6539869904518127,20701.25,32.0,1.0,165674.0,82805.0,0.4998068495961949,128.0,1.0,8.383958723839078e-07,29.911922931671143,55.39427447319031,459.0,0.0,72.14728784561157
460,460.0,8.0,16.0,30.688340187072754,128.0,1.0,311964.0,736612.0,0.7024879455566406,2.0,2.0,2.0,0.3515625,32.0,0.05341654600059355,0.031240126118063927,0.37307170033454895,38986.75,32.0,1.0,311964.0,155947.0,0.49988780756753987,128.0,1.0,8.377303520344176e-07,29.911922931671143,89.2059371471405,460.0,0.0,119.97125029563904
461,461.0,8.0,16.0,32.00229787826538,128.0,1.0,231998.0,816578.0,0.7787494659423828,2.0,2.0,2.0,0.7421875,32.0,0.04637770607693316,0.020898690447211266,0.7490030527114868,28990.25,32.0,1.0,231998.0,115961.0,0.49983620548453006,128.0,1.0,8.370637294591694e-07,29.911922931671143,74.09333109855652,461.0,0.0,106.15425968170166
462,462.0,8.0,16.0,35.044827938079834,128.0,1.0,289042.0,759534.0,0.7243480682373047,2.0,2.0,2.0,0.328125,32.0,0.07226528291703938,0.038100503385066986,0.49009108543395996,36121.75,32.0,1.0,289042.0,144487.0,0.4998823700361885,128.0,1.0,8.3639600683377e-07,29.911922931671143,95.42156672477722,462.0,0.0,130.54008150100708
463,463.0,8.0,16.0,28.12911343574524,128.0,1.0,255936.0,792640.0,0.75592041015625,2.0,2.0,2.0,0.296875,32.0,0.06862557971304963,0.03538034111261368,0.5573007464408875,31983.5,32.0,1.0,255936.0,127934.0,0.49986715428857215,128.0,1.0,8.357271863374169e-07,29.911922931671143,74.60095524787903,463.0,0.0,102.80327987670898
464,464.0,8.0,16.0,37.60025382041931,128.0,1.0,349046.0,699530.0,0.6671237945556641,2.0,2.0,2.0,0.1171875,32.0,0.06632758078116852,0.03696795180439949,0.44035783410072327,43622.75,32.0,1.0,349046.0,174491.0,0.49990832153928133,128.0,1.0,8.350572701528901e-07,29.911922931671143,91.76966428756714,464.0,0.0,129.45134615898132
465,465.0,8.0,16.0,33.5252423286438,128.0,1.0,235815.0,812761.0,0.7751092910766602,2.0,2.0,2.0,0.6328125,32.0,0.058842529962053046,0.030408985912799835,0.4625692069530487,29467.75,32.0,1.0,235815.0,117871.0,0.4998452176494286,128.0,1.0,8.343862604665466e-07,29.911922931671143,83.65111756324768,465.0,0.0,117.24207973480225
466,466.0,8.0,16.0,27.174789667129517,128.0,1.0,242784.0,805792.0,0.768463134765625,2.0,2.0,2.0,0.453125,32.0,0.05597491926458944,0.027697253972291946,0.4633283019065857,30341.0,32.0,1.0,242784.0,121364.0,0.4998846711480163,128.0,1.0,8.337141594683108e-07,29.911922931671143,70.7245421409607,466.0,0.0,97.97041273117065
467,467.0,8.0,16.0,16.86854076385498,128.0,1.0,180497.0,868079.0,0.8278646469116211,2.0,2.0,2.0,0.8515625,32.0,0.0502437772754039,0.021469149738550186,0.5602057576179504,22554.25,32.0,1.0,180497.0,90217.0,0.49982548186396447,128.0,1.0,8.330409693516695e-07,29.911922931671143,54.51876401901245,467.0,0.0,71.43399214744568
468,468.0,8.0,16.0,34.6593234539032,128.0,1.0,277932.0,770644.0,0.7349433898925781,2.0,2.0,2.0,0.40625,32.0,0.06240926645169012,0.0316094346344471,0.4349200129508972,34733.5,32.0,1.0,277932.0,138934.0,0.49988486392354964,128.0,1.0,8.323666923136641e-07,29.911922931671143,88.59586071968079,468.0,0.0,123.32438087463379
469,469.0,8.0,16.0,32.368632793426514,128.0,1.0,264159.0,784417.0,0.7480783462524414,2.0,2.0,2.0,0.4765625,32.0,0.05223424137171833,0.027422089129686356,0.43964314460754395,33012.5,32.0,1.0,264159.0,132050.0,0.49988832483466394,128.0,1.0,8.316913305548829e-07,29.911922931671143,95.89160966873169,469.0,0.0,128.32514929771423
470,470.0,8.0,16.0,34.03890657424927,128.0,1.0,280142.0,768434.0,0.7328357696533203,2.0,2.0,2.0,0.453125,32.0,0.051408642247448615,0.0262617114931345,0.41238051652908325,35009.75,32.0,1.0,280142.0,140039.0,0.4998857722155193,128.0,1.0,8.310148862794546e-07,29.911922931671143,82.50348973274231,470.0,0.0,116.6057116985321
471,471.0,8.0,16.0,36.92580771446228,128.0,1.0,305037.0,743539.0,0.7090940475463867,2.0,2.0,2.0,0.375,32.0,0.04169926480326614,0.023102762177586555,0.3153291940689087,38122.5,32.0,1.0,305037.0,152490.0,0.49990656871133665,128.0,1.0,8.303373616950406e-07,29.911922931671143,98.3189628124237,471.0,0.0,135.31591081619263
472,472.0,8.0,16.0,34.81254291534424,128.0,1.0,330084.0,718492.0,0.6852073669433594,2.0,2.0,2.0,0.546875,32.0,0.057465896163368196,0.03578583151102066,0.4478239119052887,41251.25,32.0,1.0,330084.0,165005.0,0.4998879073205608,128.0,1.0,8.296587590128283e-07,29.911922931671143,92.7070415019989,472.0,0.0,127.6006772518158
473,473.0,8.0,16.0,25.439139127731323,128.0,1.0,273530.0,775046.0,0.7391414642333984,2.0,2.0,2.0,0.515625,32.0,0.05863111385519487,0.031180113554000854,0.4597306549549103,34183.0,32.0,1.0,273530.0,136732.0,0.49987935509816106,128.0,1.0,8.289790804475235e-07,29.911922931671143,78.476731300354,473.0,0.0,103.98588013648987
474,474.0,8.0,16.0,20.7668137550354,128.0,1.0,212429.0,836147.0,0.7974119186401367,2.0,2.0,2.0,0.40625,32.0,0.06437775912983335,0.027094097808003426,0.5815975666046143,26546.0,32.0,1.0,212429.0,106184.0,0.49985642261649776,128.0,1.0,8.282983282173429e-07,29.911922931671143,68.62973880767822,474.0,0.0,89.4671037197113
475,475.0,8.0,16.0,35.805797815322876,128.0,1.0,291682.0,756894.0,0.7218303680419922,2.0,2.0,2.0,0.4921875,32.0,0.05828812176666074,0.02907566726207733,0.5302243828773499,36452.0,32.0,1.0,291682.0,145808.0,0.4998868630906261,128.0,1.0,8.276165045440077e-07,29.911922931671143,98.99170517921448,475.0,0.0,134.86480855941772
476,476.0,8.0,16.0,33.256988525390625,128.0,1.0,237138.0,811438.0,0.7738475799560547,2.0,2.0,2.0,0.4140625,32.0,0.06335749699453326,0.032195404171943665,0.5435501933097839,29634.25,32.0,1.0,237138.0,118537.0,0.4998650574770809,128.0,1.0,8.269336116527362e-07,29.911922931671143,70.94237756729126,476.0,0.0,104.260817527771
477,477.0,8.0,16.0,15.070951461791992,128.0,1.0,156496.0,892080.0,0.8507537841796875,2.0,2.0,2.0,0.7265625,32.0,0.06214419475522701,0.024985359981656075,0.6751726865768433,19553.5,32.0,1.0,156496.0,78214.0,0.49978274205091505,128.0,1.0,8.262496517722354e-07,29.911922931671143,52.70990061759949,477.0,0.0,67.82718896865845
478,478.0,8.0,16.0,18.248278379440308,128.0,1.0,204149.0,844427.0,0.8053083419799805,2.0,2.0,2.0,0.3125,32.0,0.06057908896121991,0.03122633323073387,0.6060228943824768,25509.0,32.0,1.0,204149.0,102036.0,0.49981141225281533,128.0,1.0,8.255646271346949e-07,29.911922931671143,61.126458168029785,478.0,0.0,79.43413496017456
479,479.0,8.0,16.0,28.327366828918457,128.0,1.0,238528.0,810048.0,0.77252197265625,2.0,2.0,2.0,0.5546875,32.0,0.05400783781572524,0.02880958281457424,0.40479686856269836,29807.75,32.0,1.0,238528.0,119231.0,0.4998616514623021,128.0,1.0,8.248785399757796e-07,29.911922931671143,65.87141036987305,479.0,0.0,94.26053094863892
480,480.0,8.0,16.0,32.93916320800781,128.0,1.0,280749.0,767827.0,0.7322568893432617,2.0,2.0,2.0,0.375,32.0,0.052457175908480785,0.027241813018918037,0.41152963042259216,35085.75,32.0,1.0,280749.0,140343.0,0.49988780013463985,128.0,1.0,8.241913925346216e-07,29.911922931671143,79.78624153137207,480.0,0.0,112.79644823074341
481,481.0,8.0,16.0,24.37182855606079,128.0,1.0,273000.0,775576.0,0.7396469116210938,2.0,2.0,2.0,0.40625,32.0,0.06111523219867214,0.033448997884988785,0.49307987093925476,34117.5,32.0,1.0,273000.0,136470.0,0.4998901098901099,128.0,1.0,8.235031870538135e-07,29.911922931671143,72.05356979370117,481.0,0.0,96.49634790420532
482,482.0,8.0,16.0,29.671581029891968,128.0,1.0,265548.0,783028.0,0.7467536926269531,2.0,2.0,2.0,0.453125,32.0,0.05518082061423163,0.030615897849202156,0.4559307396411896,33185.75,32.0,1.0,265548.0,132743.0,0.4998832602768614,128.0,1.0,8.228139257794012e-07,29.911922931671143,89.46779417991638,482.0,0.0,119.20524382591248
483,483.0,8.0,16.0,31.529659271240234,128.0,1.0,303644.0,744932.0,0.7104225158691406,2.0,2.0,2.0,0.265625,32.0,0.0582308197660053,0.030874744057655334,0.5126960277557373,37947.5,32.0,1.0,303644.0,151790.0,0.4998946134288838,128.0,1.0,8.22123610960876e-07,29.911922931671143,85.77822494506836,483.0,0.0,117.38725590705872
484,484.0,8.0,16.0,30.494250297546387,128.0,1.0,265698.0,782878.0,0.7466106414794922,2.0,2.0,2.0,0.171875,32.0,0.06594380315925674,0.03251054510474205,0.616023600101471,33204.5,32.0,1.0,265698.0,132818.0,0.4998833261823574,128.0,1.0,8.214322448511678e-07,29.911922931671143,81.17878341674805,484.0,0.0,111.73926424980164
485,485.0,8.0,16.0,17.60733461380005,128.0,1.0,187007.0,861569.0,0.8216562271118164,2.0,2.0,2.0,0.625,32.0,0.06721630986763627,0.0294794961810112,0.713811993598938,23367.75,32.0,1.0,187007.0,93471.0,0.4998262097140749,128.0,1.0,8.207398297066374e-07,29.911922931671143,60.04822635650635,485.0,0.0,77.70802450180054
486,486.0,8.0,16.0,32.698718309402466,128.0,1.0,221632.0,826944.0,0.78863525390625,2.0,2.0,2.0,0.4765625,32.0,0.05835519177333795,0.027446314692497253,0.570957362651825,27696.5,32.0,1.0,221632.0,110786.0,0.4998646404851285,128.0,1.0,8.200463677870693e-07,29.911922931671143,85.58087944984436,486.0,0.0,118.33480668067932
487,487.0,8.0,16.0,27.68583106994629,128.0,1.0,261176.0,787400.0,0.7509231567382812,2.0,2.0,2.0,0.3984375,32.0,0.07025350638495453,0.03211633116006851,0.515220582485199,32639.0,32.0,1.0,261176.0,130556.0,0.4998774772567158,128.0,1.0,8.193518613556641e-07,29.911922931671143,81.48332571983337,487.0,0.0,109.23370742797852
488,488.0,8.0,16.0,28.11909794807434,128.0,1.0,277790.0,770786.0,0.7350788116455078,2.0,2.0,2.0,0.3671875,32.0,0.0635478087709327,0.03487621620297432,0.46112051606178284,34716.0,32.0,1.0,277790.0,138864.0,0.49988840491018394,128.0,1.0,8.186563126790316e-07,29.911922931671143,90.13614535331726,488.0,0.0,118.32732129096985
489,489.0,8.0,16.0,21.82965326309204,128.0,1.0,218350.0,830226.0,0.7917652130126953,2.0,2.0,2.0,0.609375,32.0,0.0653427909855925,0.036975763738155365,0.5861459970474243,27286.25,32.0,1.0,218350.0,109145.0,0.49986260590794596,128.0,1.0,8.179597240271829e-07,29.911922931671143,72.36571621894836,489.0,0.0,94.25278878211975
490,490.0,8.0,16.0,32.71081733703613,128.0,1.0,260587.0,787989.0,0.7514848709106445,2.0,2.0,2.0,0.359375,32.0,0.0655717609093736,0.03169949725270271,0.5268906950950623,32565.0,32.0,1.0,260587.0,130260.0,0.4998714440858523,128.0,1.0,8.172620976735234e-07,29.911922931671143,77.8553512096405,490.0,0.0,110.63186144828796
491,491.0,8.0,16.0,25.290502071380615,128.0,1.0,268997.0,779579.0,0.743464469909668,2.0,2.0,2.0,0.3828125,32.0,0.06418184043764899,0.028516855090856552,0.5571746230125427,33617.75,32.0,1.0,268997.0,134471.0,0.499897768376599,128.0,1.0,8.165634358948447e-07,29.911922931671143,80.37373781204224,491.0,0.0,105.7323944568634
492,492.0,8.0,16.0,33.6579806804657,128.0,1.0,283757.0,764819.0,0.7293882369995117,2.0,2.0,2.0,0.3984375,32.0,0.06251645138644246,0.033650435507297516,0.6056158542633057,35461.5,32.0,1.0,283757.0,141846.0,0.49988546538058976,128.0,1.0,8.158637409713183e-07,29.911922931671143,87.68792366981506,492.0,0.0,121.41854000091553
493,493.0,8.0,16.0,32.28489804267883,128.0,1.0,322472.0,726104.0,0.6924667358398438,2.0,2.0,2.0,0.1875,32.0,0.06081004973660073,0.034416910260915756,0.39412230253219604,40301.25,32.0,1.0,322472.0,161205.0,0.4999038676226153,128.0,1.0,8.15163015186487e-07,29.911922931671143,78.99790978431702,493.0,0.0,111.36418080329895
494,494.0,8.0,16.0,21.897618055343628,128.0,1.0,185814.0,862762.0,0.8227939605712891,2.0,2.0,2.0,0.421875,32.0,0.07605191876619959,0.03487289696931839,0.5840279459953308,23219.0,32.0,1.0,185814.0,92876.0,0.49983316649983317,128.0,1.0,8.144612608272581e-07,29.911922931671143,67.46787166595459,494.0,0.0,89.41926574707031
495,495.0,8.0,16.0,33.82534432411194,128.0,1.0,287833.0,760743.0,0.7255010604858398,2.0,2.0,2.0,0.3359375,32.0,0.05352270995476548,0.026824453845620155,0.4482002258300781,35971.25,32.0,1.0,287833.0,143885.0,0.4998905615408935,128.0,1.0,8.137584801838957e-07,29.911922931671143,76.00798106193542,495.0,0.0,109.91500115394592
496,496.0,8.0,16.0,29.87485146522522,128.0,1.0,250098.0,798478.0,0.7614879608154297,2.0,2.0,2.0,0.53125,32.0,0.04864946287560414,0.021273231133818626,0.5067349672317505,31253.5,32.0,1.0,250098.0,125014.0,0.4998600548584955,128.0,1.0,8.130546755500137e-07,29.911922931671143,71.2621545791626,496.0,0.0,101.20050811767578
497,497.0,8.0,16.0,34.891273021698,128.0,1.0,226948.0,821628.0,0.7835655212402344,2.0,2.0,2.0,0.375,32.0,0.07930938228596351,0.039345208555459976,0.6334747076034546,28360.25,32.0,1.0,226948.0,113441.0,0.4998545922413945,128.0,1.0,8.123498492225674e-07,29.911922931671143,80.61650705337524,497.0,0.0,115.571049451828
498,498.0,8.0,16.0,31.31983232498169,128.0,1.0,229831.0,818745.0,0.7808160781860352,2.0,2.0,2.0,0.5703125,32.0,0.04259323897983373,0.02150091715157032,0.42780572175979614,28722.0,32.0,1.0,229831.0,114888.0,0.499880346863565,128.0,1.0,8.116440035018466e-07,29.911922931671143,72.63383769989014,498.0,0.0,104.01011943817139
499,499.0,8.0,16.0,28.359527826309204,128.0,1.0,204400.0,844176.0,0.8050689697265625,2.0,2.0,2.0,0.625,32.0,0.056427183583177526,0.03167276084423065,0.43383699655532837,25542.5,32.0,1.0,204400.0,102170.0,0.49985322896281803,128.0,1.0,8.109371406914684e-07,29.911922931671143,68.2561993598938,499.0,0.0,96.67491483688354
500,500.0,8.0,16.0,33.40361189842224,128.0,1.0,229136.0,819440.0,0.7814788818359375,2.0,2.0,2.0,0.4375,32.0,0.07712633830289634,0.04033937677741051,0.9662004709243774,28633.5,32.0,1.0,229136.0,114534.0,0.49985161650722715,128.0,1.0,8.102292630983692e-07,29.911922931671143,78.58501529693604,500.0,0.0,423.04462146759033
501,501.0,8.0,16.0,27.630085468292236,128.0,1.0,265481.0,783095.0,0.7468175888061523,2.0,2.0,2.0,0.421875,32.0,0.07063094367888599,0.037665095180273056,0.6022749543190002,33176.75,32.0,1.0,265481.0,132707.0,0.4998738139452541,128.0,1.0,8.095203730327968e-07,29.911922931671143,70.96752643585205,501.0,0.0,98.66797041893005
502,502.0,8.0,16.0,27.4425208568573,128.0,1.0,241724.0,806852.0,0.7694740295410156,2.0,2.0,2.0,0.390625,32.0,0.06343420440847097,0.03396468237042427,0.5494161248207092,30207.75,32.0,1.0,241724.0,120831.0,0.4998717545630554,128.0,1.0,8.088104728083038e-07,29.911922931671143,77.53415942192078,502.0,0.0,105.03690385818481
503,503.0,8.0,16.0,26.879281759262085,128.0,1.0,301463.0,747113.0,0.7125024795532227,2.0,2.0,2.0,0.4921875,32.0,0.055103242659574225,0.028779540210962296,0.4678098261356354,37675.0,32.0,1.0,301463.0,150700.0,0.49989550956502127,128.0,1.0,8.080995647417395e-07,29.911922931671143,75.9323194026947,503.0,0.0,102.88344049453735
504,504.0,8.0,16.0,25.028138160705566,128.0,1.0,203172.0,845404.0,0.8062400817871094,2.0,2.0,2.0,0.5546875,32.0,0.06675736280222815,0.0313887819647789,0.6598569750785828,25388.75,32.0,1.0,203172.0,101555.0,0.4998474199200677,128.0,1.0,8.073876511532422e-07,29.911922931671143,70.26969790458679,504.0,0.0,95.3531584739685
505,505.0,8.0,16.0,21.79050922393799,128.0,1.0,176679.0,871897.0,0.8315057754516602,2.0,2.0,2.0,0.6875,32.0,0.06365483165351328,0.0362270325422287,0.575993001461029,22076.25,32.0,1.0,176679.0,88305.0,0.4998047306131459,128.0,1.0,8.066747343662324e-07,29.911922931671143,57.867669343948364,505.0,0.0,79.70887517929077
506,506.0,8.0,16.0,32.94102334976196,128.0,1.0,256552.0,792024.0,0.7553329467773438,2.0,2.0,2.0,0.578125,32.0,0.04767133311080717,0.029318472370505333,0.3982851803302765,32062.25,32.0,1.0,256552.0,128249.0,0.49989475817767937,128.0,1.0,8.05960816707404e-07,29.911922931671143,74.3504638671875,506.0,0.0,107.3893940448761
507,507.0,8.0,16.0,30.766627311706543,128.0,1.0,241044.0,807532.0,0.7701225280761719,2.0,2.0,2.0,0.515625,32.0,0.04664480308037805,0.02413754165172577,0.3850480318069458,30122.25,32.0,1.0,241044.0,120489.0,0.49986309553442526,128.0,1.0,8.052459005067173e-07,29.911922931671143,71.48198962211609,507.0,0.0,102.30957412719727
508,508.0,8.0,16.0,26.920790672302246,128.0,1.0,265438.0,783138.0,0.7468585968017578,2.0,2.0,2.0,0.59375,32.0,0.06267578781766656,0.03678080439567566,0.42803138494491577,33171.75,32.0,1.0,265438.0,132687.0,0.49987944454072136,128.0,1.0,8.045299880973927e-07,29.911922931671143,72.05026841163635,508.0,0.0,99.03530716896057
509,509.0,8.0,16.0,38.73033165931702,128.0,1.0,359830.0,688746.0,0.6568393707275391,2.0,2.0,2.0,0.40625,32.0,0.03637052342803146,0.021195873618125916,0.5782496333122253,44971.5,32.0,1.0,359830.0,179886.0,0.49991940638634913,128.0,1.0,8.038130818159003e-07,29.911922931671143,101.08922982215881,509.0,0.0,139.8972465991974
510,510.0,8.0,16.0,25.402302742004395,128.0,1.0,245657.0,802919.0,0.7657232284545898,2.0,2.0,2.0,0.3515625,32.0,0.05249949635541145,0.02725638821721077,0.44764867424964905,30699.75,32.0,1.0,245657.0,122799.0,0.4998799138636391,128.0,1.0,8.030951840019546e-07,29.911922931671143,67.27175855636597,510.0,0.0,92.73367094993591
511,511.0,8.0,16.0,20.07479739189148,128.0,1.0,124906.0,923670.0,0.8808803558349609,2.0,2.0,2.0,0.71875,32.0,0.07774160456161046,0.02986188232898712,1.0540825128555298,15604.75,32.0,1.0,124906.0,62419.0,0.4997277953020672,128.0,1.0,8.023762969985064e-07,29.911922931671143,52.7177836894989,511.0,0.0,72.8313136100769
512,512.0,8.0,16.0,31.571632623672485,128.0,1.0,279643.0,768933.0,0.733311653137207,2.0,2.0,2.0,0.484375,32.0,0.04865361436264308,0.02571815438568592,0.43535295128822327,34946.75,32.0,1.0,279643.0,139787.0,0.4998766284155155,128.0,1.0,8.016564231517339e-07,29.911922931671143,78.01884865760803,512.0,0.0,109.65552759170532
513,513.0,8.0,16.0,33.801466941833496,128.0,1.0,264654.0,783922.0,0.7476062774658203,2.0,2.0,2.0,0.4140625,32.0,0.06543301493294532,0.03580593690276146,0.47484806180000305,33074.5,32.0,1.0,264654.0,132298.0,0.49989042296734604,128.0,1.0,8.009355648110368e-07,29.911922931671143,76.43787741661072,513.0,0.0,110.3042631149292
514,514.0,8.0,16.0,34.709742307662964,128.0,1.0,322109.0,726467.0,0.6928129196166992,2.0,2.0,2.0,0.3125,32.0,0.06151030649457771,0.03250346705317497,0.437991738319397,40255.0,32.0,1.0,322109.0,161020.0,0.4998928933994393,128.0,1.0,8.002137243290277e-07,29.911922931671143,81.02919626235962,514.0,0.0,115.81489992141724
515,515.0,8.0,16.0,34.06674146652222,128.0,1.0,282834.0,765742.0,0.7302684783935547,2.0,2.0,2.0,0.5546875,32.0,0.05345540153834072,0.02768731862306595,0.4272371232509613,35347.25,32.0,1.0,282834.0,141389.0,0.4999010020011738,128.0,1.0,7.994909040615239e-07,29.911922931671143,87.86008739471436,515.0,0.0,122.00748014450073
516,516.0,8.0,16.0,27.080627918243408,128.0,1.0,254868.0,793708.0,0.7569389343261719,2.0,2.0,2.0,0.3828125,32.0,0.06254963454795706,0.03490779921412468,0.4599572718143463,31851.0,32.0,1.0,254868.0,127404.0,0.49988229200998163,128.0,1.0,7.987671063675414e-07,29.911922931671143,72.76394462585449,516.0,0.0,99.907634973526
517,517.0,8.0,16.0,24.25143575668335,128.0,1.0,243296.0,805280.0,0.767974853515625,2.0,2.0,2.0,0.34375,32.0,0.06796719328887078,0.03338848054409027,0.7754228711128235,30402.75,32.0,1.0,243296.0,121611.0,0.4998479218729449,128.0,1.0,7.980423336092853e-07,29.911922931671143,74.15287017822266,517.0,0.0,98.47663831710815
518,518.0,8.0,16.0,31.900290727615356,128.0,1.0,254430.0,794146.0,0.7573566436767578,2.0,2.0,2.0,0.453125,32.0,0.058125215300711394,0.029849417507648468,0.44073399901390076,31795.5,32.0,1.0,254430.0,127182.0,0.4998702983138781,128.0,1.0,7.973165881521433e-07,29.911922931671143,81.31256413459778,518.0,0.0,113.27796483039856
519,519.0,8.0,16.0,19.369810581207275,128.0,1.0,217949.0,830627.0,0.7921476364135742,2.0,2.0,2.0,0.59375,32.0,0.050554744039291985,0.026260266080498695,0.5923951864242554,27234.75,32.0,1.0,217949.0,108939.0,0.49983711785784746,128.0,1.0,7.965898723646776e-07,29.911922931671143,66.57901334762573,519.0,0.0,86.00835466384888
520,520.0,8.0,16.0,20.126331090927124,128.0,1.0,171189.0,877387.0,0.8367414474487305,2.0,2.0,2.0,0.71875,32.0,0.04732508355112828,0.02450348250567913,0.5231882929801941,21389.75,32.0,1.0,171189.0,85559.0,0.4997926268627073,128.0,1.0,7.958621886186172e-07,29.911922931671143,56.308624505996704,520.0,0.0,76.48476767539978
521,521.0,8.0,16.0,30.540337324142456,128.0,1.0,255167.0,793409.0,0.7566537857055664,2.0,2.0,2.0,0.546875,32.0,0.0518543038836196,0.029781384393572807,0.4460265040397644,31888.0,32.0,1.0,255167.0,127552.0,0.4998765514349426,128.0,1.0,7.9513353928885e-07,29.911922931671143,72.08664870262146,521.0,0.0,102.6885769367218
522,522.0,8.0,16.0,32.68858361244202,128.0,1.0,240721.0,807855.0,0.7704305648803711,2.0,2.0,2.0,0.6171875,32.0,0.06132197914451631,0.030447417870163918,0.5008575320243835,30082.75,32.0,1.0,240721.0,120331.0,0.49987745148948365,128.0,1.0,7.944039267534154e-07,29.911922931671143,82.64083099365234,522.0,0.0,115.3916916847229
523,523.0,8.0,16.0,28.624186992645264,128.0,1.0,330966.0,717610.0,0.6843662261962891,2.0,2.0,2.0,0.3046875,32.0,0.0498737939980593,0.03103109821677208,0.45339202880859375,41363.25,32.0,1.0,330966.0,165453.0,0.4999093562480738,128.0,1.0,7.936733533934963e-07,29.911922931671143,79.38780760765076,523.0,0.0,108.08944749832153
524,524.0,8.0,16.0,21.655620098114014,128.0,1.0,239508.0,809068.0,0.7715873718261719,2.0,2.0,2.0,0.2734375,32.0,0.08295150459588689,0.04631125554442406,0.5774124264717102,29930.5,32.0,1.0,239508.0,119722.0,0.49986639277184897,128.0,1.0,7.929418215934114e-07,29.911922931671143,71.67678213119507,524.0,0.0,93.39208626747131
525,525.0,8.0,16.0,34.88428497314453,128.0,1.0,366851.0,681725.0,0.6501436233520508,2.0,2.0,2.0,0.34375,32.0,0.04875793680109897,0.02898126095533371,0.3229382336139679,45847.5,32.0,1.0,366851.0,183390.0,0.4999032304668653,128.0,1.0,7.922093337406073e-07,29.911922931671143,91.12988781929016,525.0,0.0,126.10329675674438
526,526.0,8.0,16.0,25.356924533843994,128.0,1.0,256414.0,792162.0,0.7554645538330078,2.0,2.0,2.0,0.515625,32.0,0.06492853816520903,0.03460351750254631,0.42419004440307617,32042.25,32.0,1.0,256414.0,128169.0,0.4998518021636884,128.0,1.0,7.914758922256507e-07,29.911922931671143,75.65686464309692,526.0,0.0,101.077308177948
527,527.0,8.0,16.0,29.670853853225708,128.0,1.0,284302.0,764274.0,0.7288684844970703,2.0,2.0,2.0,0.5546875,32.0,0.05851756478928654,0.03531926870346069,0.4080849289894104,35529.25,32.0,1.0,284302.0,142117.0,0.49988040886099994,128.0,1.0,7.90741499442221e-07,29.911922931671143,86.59908437728882,527.0,0.0,116.33684206008911
528,528.0,8.0,16.0,32.78544855117798,128.0,1.0,235855.0,812721.0,0.7750711441040039,2.0,2.0,2.0,0.4765625,32.0,0.059004708496800055,0.029172008857131004,0.5607795119285583,29473.0,32.0,1.0,235855.0,117892.0,0.4998494837930084,128.0,1.0,7.900061577871019e-07,29.911922931671143,74.20232057571411,528.0,0.0,107.05096483230591
529,529.0,8.0,16.0,35.22768020629883,128.0,1.0,325670.0,722906.0,0.6894168853759766,2.0,2.0,2.0,0.2265625,32.0,0.054028112592914124,0.03282845392823219,0.39975354075431824,40702.0,32.0,1.0,325670.0,162808.0,0.49991709399084966,128.0,1.0,7.892698696601741e-07,29.911922931671143,91.76362705230713,529.0,0.0,127.0824601650238
530,530.0,8.0,16.0,26.808003902435303,128.0,1.0,257919.0,790657.0,0.7540292739868164,2.0,2.0,2.0,0.5078125,32.0,0.04775435920978281,0.02242341823875904,0.49051427841186523,32231.5,32.0,1.0,257919.0,128926.0,0.49987011426067873,128.0,1.0,7.885326374644071e-07,29.911922931671143,80.17833495140076,530.0,0.0,107.04956221580505
531,531.0,8.0,16.0,33.5367112159729,128.0,1.0,245060.0,803516.0,0.7662925720214844,2.0,2.0,2.0,0.4140625,32.0,0.05453208341243787,0.03073657490313053,0.3995516300201416,30624.5,32.0,1.0,245060.0,122498.0,0.4998694197339427,128.0,1.0,7.877944636058511e-07,29.911922931671143,80.21490144729614,531.0,0.0,113.81083655357361
532,532.0,8.0,16.0,13.643076181411743,128.0,1.0,166431.0,882145.0,0.8412790298461914,2.0,2.0,2.0,0.5625,32.0,0.06674753377770765,0.030970310792326927,0.6327952146530151,20795.75,32.0,1.0,166431.0,83183.0,0.4998047238795657,128.0,1.0,7.870553504936306e-07,29.911922931671143,55.55496406555176,532.0,0.0,69.24161911010742
533,533.0,8.0,16.0,24.1813325881958,128.0,1.0,254766.0,793810.0,0.7570362091064453,2.0,2.0,2.0,0.453125,32.0,0.07042994277005168,0.032732732594013214,0.5685360431671143,31838.0,32.0,1.0,254766.0,127352.0,0.4998783197129915,128.0,1.0,7.863153005399343e-07,29.911922931671143,72.33252191543579,533.0,0.0,96.57639479637146
534,534.0,8.0,16.0,31.905827045440674,128.0,1.0,224333.0,824243.0,0.7860593795776367,2.0,2.0,2.0,0.4140625,32.0,0.053523881131035234,0.023796677589416504,0.49723708629608154,28034.5,32.0,1.0,224333.0,112138.0,0.49987295672058946,128.0,1.0,7.855743161600092e-07,29.911922931671143,68.57498788833618,534.0,0.0,100.53443741798401
535,535.0,8.0,16.0,29.15994882583618,128.0,1.0,298614.0,749962.0,0.7152194976806641,2.0,2.0,2.0,0.34375,32.0,0.0512327741954027,0.030050840228796005,0.3384212851524353,37318.0,32.0,1.0,298614.0,149272.0,0.4998827918315953,128.0,1.0,7.848323997721516e-07,29.911922931671143,79.1056158542633,535.0,0.0,108.33576083183289
536,536.0,8.0,16.0,23.277461290359497,128.0,1.0,227867.0,820709.0,0.782689094543457,2.0,2.0,2.0,0.5703125,32.0,0.05104936504824572,0.02604811266064644,0.38625234365463257,28475.25,32.0,1.0,227867.0,113901.0,0.4998573729412333,128.0,1.0,7.840895537976995e-07,29.911922931671143,70.99779534339905,536.0,0.0,94.35560059547424
537,537.0,8.0,16.0,33.358356952667236,128.0,1.0,356332.0,692244.0,0.6601753234863281,2.0,2.0,2.0,0.2421875,32.0,0.05076695938686682,0.02954864874482155,0.3384595811367035,44533.75,32.0,1.0,356332.0,178135.0,0.4999130024808325,128.0,1.0,7.833457806610246e-07,29.911922931671143,91.71310591697693,537.0,0.0,125.15212798118591
538,538.0,8.0,16.0,27.440712690353394,128.0,1.0,253007.0,795569.0,0.7587137222290039,2.0,2.0,2.0,0.40625,32.0,0.047504033212794644,0.02536437287926674,0.39145222306251526,31618.75,32.0,1.0,253007.0,126475.0,0.4998873548953191,128.0,1.0,7.82601082789525e-07,29.911922931671143,74.80567121505737,538.0,0.0,102.33640503883362
539,539.0,8.0,16.0,31.383304357528687,128.0,1.0,276256.0,772320.0,0.736541748046875,2.0,2.0,2.0,0.359375,32.0,0.06396364710494153,0.03115358017385006,0.517629861831665,34524.5,32.0,1.0,276256.0,138098.0,0.49989140507355495,128.0,1.0,7.818554626136163e-07,29.911922931671143,76.5934956073761,539.0,0.0,108.04208660125732
540,540.0,8.0,16.0,26.976346015930176,128.0,1.0,230446.0,818130.0,0.7802295684814453,2.0,2.0,2.0,0.640625,32.0,0.05972367358442048,0.031400300562381744,0.4955050051212311,28798.25,32.0,1.0,230446.0,115193.0,0.49986981765793287,128.0,1.0,7.811089225667242e-07,29.911922931671143,75.65089225769043,540.0,0.0,102.68775224685669
541,541.0,8.0,16.0,32.97199845314026,128.0,1.0,274062.0,774514.0,0.7386341094970703,2.0,2.0,2.0,0.40625,32.0,0.04735784157325583,0.02509230747818947,0.40727150440216064,34249.75,32.0,1.0,274062.0,136999.0,0.49988323809940816,128.0,1.0,7.803614650852769e-07,29.911922931671143,78.68494248390198,541.0,0.0,111.72393226623535
542,542.0,8.0,16.0,31.067715644836426,128.0,1.0,298930.0,749646.0,0.7149181365966797,2.0,2.0,2.0,0.484375,32.0,0.05456440279083177,0.028377171605825424,0.4298571050167084,37358.0,32.0,1.0,298930.0,149432.0,0.49988960626233564,128.0,1.0,7.796130926086964e-07,29.911922931671143,89.03327560424805,542.0,0.0,120.17185640335083
543,543.0,8.0,16.0,28.191394329071045,128.0,1.0,281455.0,767121.0,0.7315835952758789,2.0,2.0,2.0,0.453125,32.0,0.053603387202752345,0.02653532475233078,0.4429265558719635,35173.0,32.0,1.0,281455.0,140692.0,0.4998738697127427,128.0,1.0,7.788638075793909e-07,29.911922931671143,77.0476222038269,543.0,0.0,105.34439539909363
544,544.0,8.0,16.0,20.48387098312378,128.0,1.0,195990.0,852586.0,0.8130893707275391,2.0,2.0,2.0,0.703125,32.0,0.042273166999396546,0.018578551709651947,0.3840744197368622,24489.5,32.0,1.0,195990.0,97958.0,0.4998112148579009,128.0,1.0,7.781136124427475e-07,29.911922931671143,64.31903100013733,544.0,0.0,84.86586141586304
545,545.0,8.0,16.0,26.116276741027832,128.0,1.0,231944.0,816632.0,0.7788009643554688,2.0,2.0,2.0,0.4765625,32.0,0.06744237431883016,0.030280524864792824,0.5579361319541931,28984.25,32.0,1.0,231944.0,115937.0,0.49984910150726036,128.0,1.0,7.773625096471222e-07,29.911922931671143,73.53004574775696,545.0,0.0,99.70622897148132
546,546.0,8.0,16.0,28.896790266036987,128.0,1.0,239874.0,808702.0,0.7712383270263672,2.0,2.0,2.0,0.3359375,32.0,0.06169385955310904,0.034426480531692505,0.4884539246559143,29975.0,32.0,1.0,239874.0,119900.0,0.49984575235331885,128.0,1.0,7.766105016438347e-07,29.911922931671143,73.11350727081299,546.0,0.0,102.07132005691528
547,547.0,8.0,16.0,23.814390659332275,128.0,1.0,287784.0,760792.0,0.7255477905273438,2.0,2.0,2.0,0.0859375,32.0,0.05032614449370637,0.02778981439769268,0.46370238065719604,35963.75,32.0,1.0,287784.0,143855.0,0.49987143135129125,128.0,1.0,7.758575908871577e-07,29.911922931671143,76.89260578155518,547.0,0.0,100.780193567276
548,548.0,8.0,16.0,26.671072959899902,128.0,1.0,203428.0,845148.0,0.8059959411621094,2.0,2.0,2.0,0.6171875,32.0,0.061041584055911584,0.029512330889701843,0.6000261902809143,25421.5,32.0,1.0,203428.0,101686.0,0.49986235916393024,128.0,1.0,7.751037798343114e-07,29.911922931671143,63.73951196670532,548.0,0.0,90.46206760406494
549,549.0,8.0,16.0,24.82438063621521,128.0,1.0,305485.0,743091.0,0.7086668014526367,2.0,2.0,2.0,0.3671875,32.0,0.059595965060762826,0.03061527945101261,0.4100229740142822,38177.75,32.0,1.0,305485.0,152711.0,0.499896885280783,128.0,1.0,7.743490709454534e-07,29.911922931671143,75.70440936088562,549.0,0.0,100.60201740264893
550,550.0,8.0,16.0,26.739561796188354,128.0,1.0,272311.0,776265.0,0.7403039932250977,2.0,2.0,2.0,0.3984375,32.0,0.06240312132875647,0.03459896892309189,0.4878382384777069,34032.0,32.0,1.0,272311.0,136128.0,0.499899012526119,128.0,1.0,7.735934666836714e-07,29.911922931671143,76.82751679420471,550.0,0.0,425.66368794441223
551,551.0,8.0,16.0,27.47090244293213,128.0,1.0,217775.0,830801.0,0.7923135757446289,2.0,2.0,2.0,0.3984375,32.0,0.055684748199618155,0.026981022208929062,0.5530421137809753,27214.25,32.0,1.0,217775.0,108857.0,0.499859947193204,128.0,1.0,7.728369695149759e-07,29.911922931671143,65.3399384021759,551.0,0.0,92.86867618560791
552,552.0,8.0,16.0,29.81404399871826,128.0,1.0,313730.0,734846.0,0.7008037567138672,2.0,2.0,2.0,0.2734375,32.0,0.06069670463611154,0.030332237482070923,0.42556849122047424,39209.25,32.0,1.0,313730.0,156837.0,0.4999107512829503,128.0,1.0,7.72079581908291e-07,29.911922931671143,82.93320059776306,552.0,0.0,112.8217568397522
553,553.0,8.0,16.0,23.30017614364624,128.0,1.0,255561.0,793015.0,0.7562780380249023,2.0,2.0,2.0,0.3125,32.0,0.05603204564643105,0.027017908170819283,0.5746217966079712,31937.75,32.0,1.0,255561.0,127751.0,0.49988456767660167,128.0,1.0,7.713213063354471e-07,29.911922931671143,71.05917263031006,553.0,0.0,94.42322874069214
554,554.0,8.0,16.0,25.07652449607849,128.0,1.0,223342.0,825234.0,0.7870044708251953,2.0,2.0,2.0,0.640625,32.0,0.05663596222519971,0.02997800149023533,0.45791661739349365,27909.25,32.0,1.0,223342.0,111637.0,0.49984776710157514,128.0,1.0,7.705621452711726e-07,29.911922931671143,67.18481659889221,554.0,0.0,92.32627272605896
555,555.0,8.0,16.0,26.917408227920532,128.0,1.0,207665.0,840911.0,0.8019552230834961,2.0,2.0,2.0,0.4921875,32.0,0.07283834323616209,0.036317773163318634,0.761139988899231,25951.0,32.0,1.0,207665.0,103804.0,0.4998627597332242,128.0,1.0,7.698021011930857e-07,29.911922931671143,67.47894835472107,555.0,0.0,94.45248579978943
556,556.0,8.0,16.0,22.5756778717041,128.0,1.0,223799.0,824777.0,0.7865686416625977,2.0,2.0,2.0,0.4765625,32.0,0.052265133027613216,0.029289426282048225,0.4593534767627716,27966.25,32.0,1.0,223799.0,111865.0,0.4998458438152092,128.0,1.0,7.690411765816864e-07,29.911922931671143,69.03788900375366,556.0,0.0,91.67081618309021
557,557.0,8.0,16.0,19.116579055786133,128.0,1.0,221516.0,827060.0,0.7887458801269531,2.0,2.0,2.0,0.46875,32.0,0.06472731685425691,0.03155045583844185,0.5620285272598267,27681.75,32.0,1.0,221516.0,110727.0,0.4998600552556023,128.0,1.0,7.682793739203484e-07,29.911922931671143,60.96156167984009,557.0,0.0,80.13585352897644
558,558.0,8.0,16.0,32.73865604400635,128.0,1.0,243349.0,805227.0,0.7679243087768555,2.0,2.0,2.0,0.4453125,32.0,0.06409496996977249,0.032715022563934326,0.44350340962409973,30411.0,32.0,1.0,243349.0,121644.0,0.4998746656037214,128.0,1.0,7.675166956953113e-07,29.911922931671143,75.27784323692322,558.0,0.0,108.07795071601868
559,559.0,8.0,16.0,20.627887964248657,128.0,1.0,246776.0,801800.0,0.7646560668945312,2.0,2.0,2.0,0.2109375,32.0,0.06748857620813029,0.03467821702361107,0.42505720257759094,30838.25,32.0,1.0,246776.0,123353.0,0.49985817097286606,128.0,1.0,7.66753144395672e-07,29.911922931671143,72.57734632492065,559.0,0.0,93.2730565071106
560,560.0,8.0,16.0,24.156904697418213,128.0,1.0,208404.0,840172.0,0.8012504577636719,2.0,2.0,2.0,0.46875,32.0,0.039773264196979435,0.01972842589020729,0.39665645360946655,26042.75,32.0,1.0,208404.0,104171.0,0.4998512504558454,128.0,1.0,7.659887225133768e-07,29.911922931671143,63.72671365737915,560.0,0.0,87.93839573860168
561,561.0,8.0,16.0,27.943847179412842,128.0,1.0,242014.0,806562.0,0.7691974639892578,2.0,2.0,2.0,0.2109375,32.0,0.06960683619370636,0.034622419625520706,0.539334774017334,30243.75,32.0,1.0,242014.0,120975.0,0.4998677762443495,128.0,1.0,7.652234325432134e-07,29.911922931671143,79.69310998916626,561.0,0.0,107.70099925994873
562,562.0,8.0,16.0,28.701684951782227,128.0,1.0,264406.0,784170.0,0.7478427886962891,2.0,2.0,2.0,0.265625,32.0,0.06306546510513487,0.031102577224373817,0.42530712485313416,33043.0,32.0,1.0,264406.0,132172.0,0.49988275606453714,128.0,1.0,7.644572769828023e-07,29.911922931671143,93.0275547504425,562.0,0.0,121.7944917678833
563,563.0,8.0,16.0,16.254759311676025,128.0,1.0,204665.0,843911.0,0.8048162460327148,2.0,2.0,2.0,0.5625,32.0,0.058287041700688186,0.02948475256562233,0.4799901247024536,25575.0,32.0,1.0,204665.0,102300.0,0.4998412039185987,128.0,1.0,7.636902583325892e-07,29.911922931671143,69.94156551361084,563.0,0.0,86.263747215271
564,564.0,8.0,16.0,29.613985061645508,128.0,1.0,248274.0,800302.0,0.7632274627685547,2.0,2.0,2.0,0.28125,32.0,0.06455480510747848,0.03470732271671295,0.49497443437576294,31026.5,32.0,1.0,248274.0,124106.0,0.49987513795242355,128.0,1.0,7.629223790958368e-07,29.911922931671143,85.01775002479553,564.0,0.0,114.69720077514648
565,565.0,8.0,16.0,32.542738914489746,128.0,1.0,266176.0,782400.0,0.74615478515625,2.0,2.0,2.0,0.28125,32.0,0.06343047372282921,0.036631029099226,0.5041096210479736,33264.25,32.0,1.0,266176.0,133057.0,0.4998835357056985,128.0,1.0,7.621536417786158e-07,29.911922931671143,86.24771857261658,565.0,0.0,118.8618700504303
566,566.0,8.0,16.0,33.792412996292114,128.0,1.0,237124.0,811452.0,0.7738609313964844,2.0,2.0,2.0,0.5546875,32.0,0.04651879881505568,0.023778969421982765,0.40073931217193604,29632.0,32.0,1.0,237124.0,118528.0,0.4998566151043336,128.0,1.0,7.613840488897981e-07,29.911922931671143,85.3225634098053,566.0,0.0,119.1771981716156
567,567.0,8.0,16.0,28.04446029663086,128.0,1.0,244017.0,804559.0,0.7672872543334961,2.0,2.0,2.0,0.5234375,32.0,0.06418811910828545,0.029924685135483742,0.6191632747650146,30494.25,32.0,1.0,244017.0,121977.0,0.49987091063327554,128.0,1.0,7.606136029410473e-07,29.911922931671143,89.62180948257446,567.0,0.0,117.73018598556519
568,568.0,8.0,16.0,35.63548016548157,128.0,1.0,323641.0,724935.0,0.6913518905639648,2.0,2.0,2.0,0.3515625,32.0,0.05867308693808477,0.031283579766750336,0.4546396732330322,40446.75,32.0,1.0,323641.0,161787.0,0.4998964902469094,128.0,1.0,7.598423064468114e-07,29.911922931671143,88.51770567893982,568.0,0.0,124.23096895217896
569,569.0,8.0,16.0,25.879416704177856,128.0,1.0,292230.0,756346.0,0.7213077545166016,2.0,2.0,2.0,0.390625,32.0,0.04811320634378363,0.025210557505488396,0.4437516927719116,36520.75,32.0,1.0,292230.0,146083.0,0.49989049721110085,128.0,1.0,7.590701619243143e-07,29.911922931671143,81.67297101020813,569.0,0.0,107.62312507629395
570,570.0,8.0,16.0,20.4359028339386,128.0,1.0,221037.0,827539.0,0.7892026901245117,2.0,2.0,2.0,0.578125,32.0,0.07727469113045557,0.044094447046518326,0.531911313533783,27621.75,32.0,1.0,221037.0,110487.0,0.4998574899225017,128.0,1.0,7.58297171893547e-07,29.911922931671143,74.27968144416809,570.0,0.0,94.78145289421082
571,571.0,8.0,16.0,28.860787630081177,128.0,1.0,204205.0,844371.0,0.8052549362182617,2.0,2.0,2.0,0.515625,32.0,0.06501865112547248,0.031893935054540634,0.4851242005825043,25516.75,32.0,1.0,204205.0,102067.0,0.49982615508924855,128.0,1.0,7.575233388772606e-07,29.911922931671143,69.71059036254883,571.0,0.0,98.63117814064026
572,572.0,8.0,16.0,34.19206953048706,128.0,1.0,238277.0,810299.0,0.772761344909668,2.0,2.0,2.0,0.5078125,32.0,0.061684315534584026,0.025037385523319244,0.5941230058670044,29776.25,32.0,1.0,238277.0,119105.0,0.49985940732844547,128.0,1.0,7.567486654009572e-07,29.911922931671143,90.48072624206543,572.0,0.0,124.7350800037384
573,573.0,8.0,16.0,29.748704195022583,128.0,1.0,229839.0,818737.0,0.7808084487915039,2.0,2.0,2.0,0.40625,32.0,0.06273466653710588,0.0329880490899086,0.44585031270980835,28721.75,32.0,1.0,229839.0,114887.0,0.4998585966698428,128.0,1.0,7.559731539928814e-07,29.911922931671143,68.28789401054382,573.0,0.0,98.10288405418396
574,574.0,8.0,16.0,15.798332691192627,128.0,1.0,178682.0,869894.0,0.8295955657958984,2.0,2.0,2.0,0.59375,32.0,0.05779403300348344,0.02991774119436741,0.49857479333877563,22327.75,32.0,1.0,178682.0,89311.0,0.4998321039612272,128.0,1.0,7.551968071840131e-07,29.911922931671143,59.59020638465881,574.0,0.0,75.43665409088135
575,575.0,8.0,16.0,31.90470790863037,128.0,1.0,304222.0,744354.0,0.7098712921142578,2.0,2.0,2.0,0.546875,32.0,0.04891838180357776,0.029643747955560684,0.36897045373916626,38020.25,32.0,1.0,304222.0,152081.0,0.49990138780232857,128.0,1.0,7.544196275080584e-07,29.911922931671143,92.81337141990662,575.0,0.0,124.79145336151123
576,576.0,8.0,16.0,20.533151865005493,128.0,1.0,230446.0,818130.0,0.7802295684814453,2.0,2.0,2.0,0.5546875,32.0,0.057301048777641105,0.025715097784996033,0.39281168580055237,28797.5,32.0,1.0,230446.0,115190.0,0.4998567994237262,128.0,1.0,7.536416175014416e-07,29.911922931671143,68.98078322410583,576.0,0.0,89.57467794418335
577,577.0,8.0,16.0,24.280184030532837,128.0,1.0,187292.0,861284.0,0.8213844299316406,2.0,2.0,2.0,0.59375,32.0,0.0551841009876384,0.025697147473692894,0.5946986675262451,23403.0,32.0,1.0,187292.0,93612.0,0.49981846528415524,128.0,1.0,7.528627797032968e-07,29.911922931671143,66.72759795188904,577.0,0.0,91.05727887153625
578,578.0,8.0,16.0,16.505207777023315,128.0,1.0,153362.0,895214.0,0.8537425994873047,2.0,2.0,2.0,0.59375,32.0,0.05390311679738861,0.02428763173520565,0.5831724405288696,19161.75,32.0,1.0,153362.0,76647.0,0.49977830231739284,128.0,1.0,7.520831166554595e-07,29.911922931671143,64.4434609413147,578.0,0.0,80.9899308681488
579,579.0,8.0,16.0,27.833983898162842,128.0,1.0,255959.0,792617.0,0.7558984756469727,2.0,2.0,2.0,0.359375,32.0,0.07314516146348315,0.03504205122590065,0.4999873638153076,31986.75,32.0,1.0,255959.0,127947.0,0.4998730265394067,128.0,1.0,7.51302630902459e-07,29.911922931671143,80.0900719165802,579.0,0.0,107.99394273757935
580,580.0,8.0,16.0,39.38521099090576,128.0,1.0,369802.0,678774.0,0.6473293304443359,2.0,2.0,2.0,0.4375,32.0,0.03631539939669955,0.020543793216347694,0.2981768846511841,46218.5,32.0,1.0,369802.0,184874.0,0.49992698795571683,128.0,1.0,7.505213249915095e-07,29.911922931671143,110.9696056842804,580.0,0.0,150.44304132461548
581,581.0,8.0,16.0,30.850483894348145,128.0,1.0,321008.0,727568.0,0.6938629150390625,2.0,2.0,2.0,0.3046875,32.0,0.06176550658595581,0.037210945039987564,0.38952431082725525,40117.5,32.0,1.0,321008.0,160470.0,0.49989408363654486,128.0,1.0,7.497392014725012e-07,29.911922931671143,92.56957387924194,581.0,0.0,123.50478649139404
582,582.0,8.0,16.0,29.46014142036438,128.0,1.0,291479.0,757097.0,0.7220239639282227,2.0,2.0,2.0,0.3515625,32.0,0.06991312024560042,0.04054178297519684,0.43448224663734436,36427.0,32.0,1.0,291479.0,145708.0,0.4998919304649735,128.0,1.0,7.48956262897994e-07,29.911922931671143,85.31365704536438,582.0,0.0,114.85016441345215
583,583.0,8.0,16.0,28.62423610687256,128.0,1.0,308133.0,740443.0,0.706141471862793,2.0,2.0,2.0,0.3046875,32.0,0.06547493601636109,0.04114137589931488,0.5271702408790588,38508.25,32.0,1.0,308133.0,154033.0,0.4998912807131985,128.0,1.0,7.481725118232066e-07,29.911922931671143,88.80869698524475,583.0,0.0,117.5078706741333
584,584.0,8.0,16.0,31.009150505065918,128.0,1.0,256887.0,791689.0,0.7550134658813477,2.0,2.0,2.0,0.328125,32.0,0.06251978135643924,0.03602511063218117,0.45552393794059753,32103.0,32.0,1.0,256887.0,128412.0,0.49987737799110116,128.0,1.0,7.473879508060098e-07,29.911922931671143,91.53269028663635,584.0,0.0,122.61003255844116
585,585.0,8.0,16.0,25.200189352035522,128.0,1.0,217890.0,830686.0,0.7922039031982422,2.0,2.0,2.0,0.5078125,32.0,0.06002405622593861,0.029341651126742363,0.47047480940818787,27227.25,32.0,1.0,217890.0,108909.0,0.4998347790169351,128.0,1.0,7.466025824069178e-07,29.911922931671143,79.29130959510803,585.0,0.0,104.54943656921387
586,586.0,8.0,16.0,19.69678282737732,128.0,1.0,242096.0,806480.0,0.7691192626953125,2.0,2.0,2.0,0.4375,32.0,0.06476979239808808,0.03191835805773735,0.46322101354599,30253.75,32.0,1.0,242096.0,121015.0,0.49986369043685147,128.0,1.0,7.4581640918908e-07,29.911922931671143,67.28293514251709,586.0,0.0,87.05152010917664
587,587.0,8.0,16.0,33.17794466018677,128.0,1.0,317805.0,730771.0,0.6969175338745117,2.0,2.0,2.0,0.1640625,32.0,0.05931235037199845,0.0361010804772377,0.3874013423919678,39717.25,32.0,1.0,317805.0,158869.0,0.4998945894495052,128.0,1.0,7.450294337182721e-07,29.911922931671143,89.69479155540466,587.0,0.0,122.95120024681091
588,588.0,8.0,16.0,35.542978286743164,128.0,1.0,309706.0,738870.0,0.7046413421630859,2.0,2.0,2.0,0.2265625,32.0,0.05883367644622693,0.031033959239721298,0.393268883228302,38705.75,32.0,1.0,309706.0,154823.0,0.49990313393993013,128.0,1.0,7.442416585628883e-07,29.911922931671143,107.03296661376953,588.0,0.0,142.65472316741943
589,589.0,8.0,16.0,36.6898512840271,128.0,1.0,291280.0,757296.0,0.7222137451171875,2.0,2.0,2.0,0.53125,32.0,0.046425839299133326,0.02411727048456669,0.37427181005477905,36402.5,32.0,1.0,291280.0,145610.0,0.4998970063169459,128.0,1.0,7.434530862939322e-07,29.911922931671143,100.395437002182,589.0,0.0,137.15669512748718
590,590.0,8.0,16.0,29.508999347686768,128.0,1.0,229231.0,819345.0,0.7813882827758789,2.0,2.0,2.0,0.40625,32.0,0.05230442521500514,0.027983691543340683,0.6471972465515137,28646.75,32.0,1.0,229231.0,114587.0,0.4998756712661028,128.0,1.0,7.426637194850096e-07,29.911922931671143,93.56249284744263,590.0,0.0,123.13444089889526
591,591.0,8.0,16.0,33.01231122016907,128.0,1.0,358659.0,689917.0,0.6579561233520508,2.0,2.0,2.0,0.3515625,32.0,0.05033340323532105,0.02936905063688755,0.30267107486724854,44823.5,32.0,1.0,358659.0,179294.0,0.49990102018909327,128.0,1.0,7.418735607123189e-07,29.911922931671143,96.40177488327026,591.0,0.0,129.5077314376831
592,592.0,8.0,16.0,24.551544904708862,128.0,1.0,204931.0,843645.0,0.8045625686645508,2.0,2.0,2.0,0.609375,32.0,0.05947735347953835,0.02909703552722931,0.7075737118721008,25609.0,32.0,1.0,204931.0,102436.0,0.4998560491092124,128.0,1.0,7.41082612554643e-07,29.911922931671143,73.38269209861755,592.0,0.0,97.99559593200684
593,593.0,8.0,16.0,22.82353663444519,128.0,1.0,229273.0,819303.0,0.7813482284545898,2.0,2.0,2.0,0.359375,32.0,0.08716936004886927,0.040028057992458344,0.8652642965316772,28650.75,32.0,1.0,229273.0,114603.0,0.49985388597872404,128.0,1.0,7.402908775933419e-07,29.911922931671143,75.69692659378052,593.0,0.0,98.58398652076721
594,594.0,8.0,16.0,28.97941017150879,128.0,1.0,264555.0,784021.0,0.7477006912231445,2.0,2.0,2.0,0.34375,32.0,0.048830496171387246,0.02470456063747406,0.39869925379753113,33062.5,32.0,1.0,264555.0,132250.0,0.4998960518606717,128.0,1.0,7.394983584123425e-07,29.911922931671143,93.32749152183533,594.0,0.0,122.37724208831787
595,595.0,8.0,16.0,37.006267070770264,128.0,1.0,324107.0,724469.0,0.6909074783325195,2.0,2.0,2.0,0.2890625,32.0,0.04814186173717563,0.02955639734864235,0.34306299686431885,40504.75,32.0,1.0,324107.0,162019.0,0.49989355367208976,128.0,1.0,7.387050575981314e-07,29.911922931671143,102.38798475265503,595.0,0.0,139.4688684940338
596,596.0,8.0,16.0,23.95861029624939,128.0,1.0,198584.0,849992.0,0.8106155395507812,2.0,2.0,2.0,0.5703125,32.0,0.07146063741841721,0.03465740382671356,0.6595117449760437,24814.0,32.0,1.0,198584.0,99256.0,0.49981871651291143,128.0,1.0,7.379109777397466e-07,29.911922931671143,75.90685224533081,596.0,0.0,99.9192373752594
597,597.0,8.0,16.0,28.81808042526245,128.0,1.0,256827.0,791749.0,0.755070686340332,2.0,2.0,2.0,0.53125,32.0,0.05008726675414275,0.025580398738384247,0.4434295892715454,32095.75,32.0,1.0,256827.0,128383.0,0.49988124301572656,128.0,1.0,7.371161214287678e-07,29.911922931671143,88.7937433719635,597.0,0.0,117.6774742603302
598,598.0,8.0,16.0,32.38035225868225,128.0,1.0,236335.0,812241.0,0.7746133804321289,2.0,2.0,2.0,0.28125,32.0,0.07126399022471262,0.03917340189218521,0.5272610187530518,29533.75,32.0,1.0,236335.0,118135.0,0.49986248333932765,128.0,1.0,7.363204912593094e-07,29.911922931671143,75.6029942035675,598.0,0.0,108.04432582855225
599,599.0,8.0,16.0,35.35960412025452,128.0,1.0,314478.0,734098.0,0.7000904083251953,2.0,2.0,2.0,0.0703125,32.0,0.07574217954911035,0.04271046444773674,0.4301394820213318,39303.0,32.0,1.0,314478.0,157212.0,0.49991414343769675,128.0,1.0,7.355240898280113e-07,29.911922931671143,96.71353507041931,599.0,0.0,132.15346384048462
600,600.0,8.0,16.0,35.56459355354309,128.0,1.0,287971.0,760605.0,0.7253694534301758,2.0,2.0,2.0,0.5234375,32.0,0.04430304256816195,0.022332873195409775,0.5211079120635986,35988.5,32.0,1.0,287971.0,143954.0,0.49989061398543605,128.0,1.0,7.347269197340302e-07,29.911922931671143,99.55884122848511,600.0,0.0,465.0175063610077
601,601.0,8.0,16.0,23.121724128723145,128.0,1.0,236411.0,812165.0,0.774540901184082,2.0,2.0,2.0,0.4375,32.0,0.048622945701231886,0.023427113890647888,0.4815535545349121,29543.0,32.0,1.0,236411.0,118172.0,0.499858297625745,128.0,1.0,7.339289835790318e-07,29.911922931671143,80.57190608978271,601.0,0.0,103.76371097564697
602,602.0,8.0,16.0,33.29892301559448,128.0,1.0,258439.0,790137.0,0.7535333633422852,2.0,2.0,2.0,0.5078125,32.0,0.06423359231224669,0.033571310341358185,0.5071517825126648,32296.5,32.0,1.0,258439.0,129186.0,0.4998703756012057,128.0,1.0,7.331302839671817e-07,29.911922931671143,81.41183662414551,602.0,0.0,114.78057074546814
603,603.0,8.0,16.0,28.143784523010254,128.0,1.0,228562.0,820014.0,0.7820262908935547,2.0,2.0,2.0,0.3359375,32.0,0.05868544057525165,0.027900999411940575,0.51131671667099,28562.0,32.0,1.0,228562.0,114248.0,0.4998556190442856,128.0,1.0,7.323308235051371e-07,29.911922931671143,88.63001441955566,603.0,0.0,116.8322012424469
604,604.0,8.0,16.0,29.50969362258911,128.0,1.0,277876.0,770700.0,0.7349967956542969,2.0,2.0,2.0,0.609375,32.0,0.04422856371929322,0.02120123617351055,0.4869454801082611,34725.5,32.0,1.0,277876.0,138902.0,0.49987044581036144,128.0,1.0,7.315306048020383e-07,29.911922931671143,91.46416974067688,604.0,0.0,121.03888058662415
605,605.0,8.0,16.0,36.23482823371887,128.0,1.0,322243.0,726333.0,0.6926851272583008,2.0,2.0,2.0,0.234375,32.0,0.055418313869094314,0.028869008645415306,1.5050842761993408,40271.75,32.0,1.0,322243.0,161087.0,0.4998929379381398,128.0,1.0,7.307296304695007e-07,29.911922931671143,99.51674318313599,605.0,0.0,135.82684683799744
606,606.0,8.0,16.0,23.17528772354126,128.0,1.0,256899.0,791677.0,0.7550020217895508,2.0,2.0,2.0,0.4609375,32.0,0.05052605629373938,0.0250074602663517,0.4206503927707672,32104.25,32.0,1.0,256899.0,128417.0,0.49987349113854085,128.0,1.0,7.299279031216052e-07,29.911922931671143,80.82841539382935,606.0,0.0,104.06669735908508
607,607.0,8.0,16.0,36.32337522506714,128.0,1.0,298221.0,750355.0,0.7155942916870117,2.0,2.0,2.0,0.4296875,32.0,0.048517252658975274,0.02572116255760193,0.3361056447029114,37270.5,32.0,1.0,298221.0,149082.0,0.4999044332894062,128.0,1.0,7.291254253748905e-07,29.911922931671143,91.07306098937988,607.0,0.0,127.46807551383972
608,608.0,8.0,16.0,21.45368480682373,128.0,1.0,176190.0,872386.0,0.8319721221923828,2.0,2.0,2.0,0.53125,32.0,0.055051314095679656,0.0236507598310709,0.6323382258415222,22016.5,32.0,1.0,176190.0,88066.0,0.49983540496055395,128.0,1.0,7.283221998483444e-07,29.911922931671143,69.77751469612122,608.0,0.0,91.27868986129761
609,609.0,8.0,16.0,27.22593331336975,128.0,1.0,257496.0,791080.0,0.7544326782226562,2.0,2.0,2.0,0.3984375,32.0,0.06932990255783336,0.03447847068309784,0.45023462176322937,32179.25,32.0,1.0,257496.0,128717.0,0.4998796097803461,128.0,1.0,7.27518229163395e-07,29.911922931671143,83.10011768341064,609.0,0.0,110.39858222007751
610,610.0,8.0,16.0,15.959267616271973,128.0,1.0,163508.0,885068.0,0.8440666198730469,2.0,2.0,2.0,0.5703125,32.0,0.05762731777400837,0.020236292853951454,0.593728244304657,20430.5,32.0,1.0,163508.0,81722.0,0.4998042909215451,128.0,1.0,7.267135159439024e-07,29.911922931671143,60.57214951515198,610.0,0.0,76.57736611366272
611,611.0,8.0,16.0,19.764853715896606,128.0,1.0,254022.0,794554.0,0.7577457427978516,2.0,2.0,2.0,0.4765625,32.0,0.053286748101542006,0.02848299778997898,0.4294033348560333,31744.0,32.0,1.0,254022.0,126976.0,0.49986221665839964,128.0,1.0,7.259080628161503e-07,29.911922931671143,74.63147687911987,611.0,0.0,94.45741701126099
612,612.0,8.0,16.0,32.06464195251465,128.0,1.0,248118.0,800458.0,0.7633762359619141,2.0,2.0,2.0,0.4609375,32.0,0.053057851027256395,0.029188547283411026,0.40008124709129333,31007.0,32.0,1.0,248118.0,124028.0,0.4998750594475209,128.0,1.0,7.251018724088366e-07,29.911922931671143,97.2385561466217,612.0,0.0,129.37103176116943
613,613.0,8.0,16.0,31.112483739852905,128.0,1.0,295385.0,753191.0,0.7182989120483398,2.0,2.0,2.0,0.6015625,32.0,0.038410331966156244,0.020666509866714478,0.34701576828956604,36916.0,32.0,1.0,295385.0,147664.0,0.4999035157506305,128.0,1.0,7.242949473530661e-07,29.911922931671143,87.6808671951294,613.0,0.0,118.86115431785583
614,614.0,8.0,16.0,25.808207750320435,128.0,1.0,231033.0,817543.0,0.7796697616577148,2.0,2.0,2.0,0.578125,32.0,0.0640002073726678,0.02920277789235115,0.48531022667884827,28871.5,32.0,1.0,231033.0,115486.0,0.49986798422736145,128.0,1.0,7.234872902823404e-07,29.911922931671143,77.73636960983276,614.0,0.0,103.60656976699829
615,615.0,8.0,16.0,17.192768573760986,128.0,1.0,172669.0,875907.0,0.8353300094604492,2.0,2.0,2.0,0.671875,32.0,0.05122086119306863,0.023605292662978172,0.5883971452713013,21574.25,32.0,1.0,172669.0,86297.0,0.49978282146766356,128.0,1.0,7.22678903832551e-07,29.911922931671143,67.07844734191895,615.0,0.0,84.32022261619568
616,616.0,8.0,16.0,18.195829391479492,128.0,1.0,227097.0,821479.0,0.7834234237670898,2.0,2.0,2.0,0.140625,32.0,0.08540967222528703,0.04449962079524994,0.5690909028053284,28379.25,32.0,1.0,227097.0,113517.0,0.4998612927515555,128.0,1.0,7.218697906419693e-07,29.911922931671143,72.03593611717224,616.0,0.0,90.31788468360901
617,617.0,8.0,16.0,32.66492009162903,128.0,1.0,333821.0,714755.0,0.6816434860229492,2.0,2.0,2.0,0.3359375,32.0,0.06401248839313292,0.034982629120349884,0.4210532009601593,41719.75,32.0,1.0,333821.0,166879.0,0.4999056380515306,128.0,1.0,7.210599533512387e-07,29.911922931671143,100.23999834060669,617.0,0.0,132.987318277359
618,618.0,8.0,16.0,10.818557500839233,128.0,1.0,138450.0,910126.0,0.8679637908935547,2.0,2.0,2.0,0.6171875,32.0,0.05749857599734717,0.02266700193285942,0.5902846455574036,17297.25,32.0,1.0,138450.0,69189.0,0.4997399783315276,128.0,1.0,7.202493946033655e-07,29.911922931671143,56.42276406288147,618.0,0.0,67.2815215587616
619,619.0,8.0,16.0,32.68360924720764,128.0,1.0,249957.0,798619.0,0.761622428894043,2.0,2.0,2.0,0.5859375,32.0,0.058002001691241416,0.02968013472855091,0.39051195979118347,31237.5,32.0,1.0,249957.0,124950.0,0.49988598038862686,128.0,1.0,7.194381170437111e-07,29.911922931671143,79.90117835998535,619.0,0.0,112.66049718856812
620,620.0,8.0,16.0,31.900744438171387,128.0,1.0,301672.0,746904.0,0.7123031616210938,2.0,2.0,2.0,0.2265625,32.0,0.05049488551715239,0.02808070369064808,0.4133830666542053,37700.5,32.0,1.0,301672.0,150802.0,0.4998872948102575,128.0,1.0,7.18626123319982e-07,29.911922931671143,87.63999700546265,620.0,0.0,119.61286640167236
621,621.0,8.0,16.0,22.224343299865723,128.0,1.0,189454.0,859122.0,0.8193225860595703,2.0,2.0,2.0,0.703125,32.0,0.06895985313690658,0.03319418057799339,0.6447934508323669,23673.75,32.0,1.0,189454.0,94695.0,0.4998310935636091,128.0,1.0,7.178134160822231e-07,29.911922931671143,70.37104082107544,621.0,0.0,92.64833211898804
622,622.0,8.0,16.0,33.42183041572571,128.0,1.0,274112.0,774464.0,0.73858642578125,2.0,2.0,2.0,0.40625,32.0,0.03959639696549446,0.02247924543917179,0.3090486228466034,34256.75,32.0,1.0,274112.0,137027.0,0.4998942038290918,128.0,1.0,7.169999979828072e-07,29.911922931671143,83.05608224868774,622.0,0.0,116.54314184188843
623,623.0,8.0,16.0,34.79249310493469,128.0,1.0,285754.0,762822.0,0.7274837493896484,2.0,2.0,2.0,0.390625,32.0,0.06848210569251968,0.03763516992330551,0.46186476945877075,35709.75,32.0,1.0,285754.0,142839.0,0.49986701848443066,128.0,1.0,7.16185871676427e-07,29.911922931671143,93.52961421012878,623.0,0.0,128.39820528030396
624,624.0,8.0,16.0,25.95765209197998,128.0,1.0,225341.0,823235.0,0.7850980758666992,2.0,2.0,2.0,0.484375,32.0,0.07868425340621453,0.04163585603237152,0.48517104983329773,28160.75,32.0,1.0,225341.0,112643.0,0.4998779627320372,128.0,1.0,7.15371039820087e-07,29.911922931671143,70.81092953681946,624.0,0.0,96.83062767982483
625,625.0,8.0,16.0,32.705843448638916,128.0,1.0,237108.0,811468.0,0.7738761901855469,2.0,2.0,2.0,0.59375,32.0,0.05550107099943747,0.03259779140353203,0.4855697751045227,29630.5,32.0,1.0,237108.0,118522.0,0.4998650404035292,128.0,1.0,7.145555050730939e-07,29.911922931671143,75.86673474311829,625.0,0.0,108.63339948654175
626,626.0,8.0,16.0,17.697890996932983,128.0,1.0,222334.0,826242.0,0.7879657745361328,2.0,2.0,2.0,0.4921875,32.0,0.06698603226379556,0.031282078474760056,0.5630753040313721,27782.75,32.0,1.0,222334.0,111131.0,0.49983808144503317,128.0,1.0,7.137392700970488e-07,29.911922931671143,59.10676884651184,626.0,0.0,76.85989379882812
627,627.0,8.0,16.0,23.880420207977295,128.0,1.0,202562.0,846014.0,0.8068218231201172,2.0,2.0,2.0,0.5,32.0,0.05249734897189707,0.029111674055457115,0.40604549646377563,25312.25,32.0,1.0,202562.0,101249.0,0.49984202367670144,128.0,1.0,7.129223375558376e-07,29.911922931671143,67.07411074638367,627.0,0.0,91.01044368743896
628,628.0,8.0,16.0,27.820392847061157,128.0,1.0,275490.0,773086.0,0.7372722625732422,2.0,2.0,2.0,0.359375,32.0,0.05028289776549244,0.028892051428556442,0.38633060455322266,34428.25,32.0,1.0,275490.0,137713.0,0.49988384333369634,128.0,1.0,7.121047101156236e-07,29.911922931671143,77.9328248500824,628.0,0.0,105.82054352760315
629,629.0,8.0,16.0,24.610848665237427,128.0,1.0,244585.0,803991.0,0.7667455673217773,2.0,2.0,2.0,0.5703125,32.0,0.04836380996493895,0.02943742275238037,0.4230024814605713,30565.5,32.0,1.0,244585.0,122262.0,0.4998752989758162,128.0,1.0,7.112863904448369e-07,29.911922931671143,68.23575067520142,629.0,0.0,92.90864539146423
630,630.0,8.0,16.0,22.756019592285156,128.0,1.0,183558.0,865018.0,0.8249454498291016,2.0,2.0,2.0,0.6328125,32.0,0.06035552409537452,0.026137575507164,0.6256241798400879,22937.25,32.0,1.0,183558.0,91749.0,0.49983656391985093,128.0,1.0,7.104673812141675e-07,29.911922931671143,65.63340926170349,630.0,0.0,88.45251941680908
631,631.0,8.0,16.0,21.589073419570923,128.0,1.0,255672.0,792904.0,0.7561721801757812,2.0,2.0,2.0,0.4921875,32.0,0.059834253232990256,0.03215056657791138,0.41620349884033203,31950.0,32.0,1.0,255672.0,127800.0,0.4998591945930724,128.0,1.0,7.096476850965559e-07,29.911922931671143,71.32716059684753,631.0,0.0,92.98921537399292
632,632.0,8.0,16.0,24.485813856124878,128.0,1.0,221028.0,827548.0,0.7892112731933594,2.0,2.0,2.0,0.40625,32.0,0.056306092428050146,0.02894662693142891,0.45170867443084717,27621.25,32.0,1.0,221028.0,110485.0,0.4998687949038131,128.0,1.0,7.088273047671837e-07,29.911922931671143,65.45543265342712,632.0,0.0,90.00071096420288
633,633.0,8.0,16.0,35.0964732170105,128.0,1.0,305955.0,742621.0,0.7082185745239258,2.0,2.0,2.0,0.3046875,32.0,0.05471626347201929,0.03262155503034592,0.33894553780555725,38236.5,32.0,1.0,305955.0,152946.0,0.49989704368289456,128.0,1.0,7.080062429034665e-07,29.911922931671143,87.82870626449585,633.0,0.0,123.01132345199585
634,634.0,8.0,16.0,11.554080724716187,128.0,1.0,155329.0,893247.0,0.8518667221069336,2.0,2.0,2.0,0.53125,32.0,0.07397870194009978,0.030516093596816063,0.6779014468193054,19407.5,32.0,1.0,155329.0,77630.0,0.4997778907995287,128.0,1.0,7.071845021850434e-07,29.911922931671143,47.60696482658386,634.0,0.0,59.207595109939575
635,635.0,8.0,16.0,28.281363010406494,128.0,1.0,251316.0,797260.0,0.7603263854980469,2.0,2.0,2.0,0.1953125,32.0,0.06722790030720964,0.03134317696094513,0.5459679365158081,31406.75,32.0,1.0,251316.0,125627.0,0.4998766493179901,128.0,1.0,7.063620852937693e-07,29.911922931671143,71.17915534973145,635.0,0.0,99.53589344024658
636,636.0,8.0,16.0,33.92416310310364,128.0,1.0,271385.0,777191.0,0.7411870956420898,2.0,2.0,2.0,0.5234375,32.0,0.05311836341051664,0.031834762543439865,0.410430371761322,33914.0,32.0,1.0,271385.0,135656.0,0.49986550472575864,128.0,1.0,7.055389949137057e-07,29.911922931671143,78.71682238578796,636.0,0.0,112.71093559265137
637,637.0,8.0,16.0,37.81108045578003,128.0,1.0,362218.0,686358.0,0.6545619964599609,2.0,2.0,2.0,0.2578125,32.0,0.05026251165721911,0.03278891742229462,0.2927091717720032,45270.75,32.0,1.0,362218.0,181083.0,0.49992822002219656,128.0,1.0,7.047152337311124e-07,29.911922931671143,95.93857741355896,637.0,0.0,133.83487606048584
638,638.0,8.0,16.0,29.043747901916504,128.0,1.0,247908.0,800668.0,0.7635765075683594,2.0,2.0,2.0,0.5,32.0,0.041164553705545615,0.022853661328554153,0.3467971980571747,30979.75,32.0,1.0,247908.0,123919.0,0.49985881859399456,128.0,1.0,7.038908044344381e-07,29.911922931671143,76.69806337356567,638.0,0.0,105.8043360710144
639,639.0,8.0,16.0,24.52647852897644,128.0,1.0,249895.0,798681.0,0.7616815567016602,2.0,2.0,2.0,0.5390625,32.0,0.061352940341085085,0.034254107624292374,0.5021042227745056,31228.5,32.0,1.0,249895.0,124914.0,0.49986594369635245,128.0,1.0,7.030657097143124e-07,29.911922931671143,67.76088070869446,639.0,0.0,92.34836935997009
640,640.0,8.0,16.0,23.576767444610596,128.0,1.0,229313.0,819263.0,0.7813100814819336,2.0,2.0,2.0,0.390625,32.0,0.057340779723800646,0.02677766978740692,1.2908633947372437,28656.25,32.0,1.0,229313.0,114625.0,0.4998626331695107,128.0,1.0,7.022399522635364e-07,29.911922931671143,63.65085554122925,640.0,0.0,87.28928518295288
641,641.0,8.0,16.0,22.847505807876587,128.0,1.0,205773.0,842803.0,0.8037595748901367,2.0,2.0,2.0,0.6015625,32.0,0.047838654511191195,0.024185802787542343,0.529607355594635,25712.5,32.0,1.0,205773.0,102850.0,0.4998226200716323,128.0,1.0,7.014135347770739e-07,29.911922931671143,59.668105125427246,641.0,0.0,82.5702064037323
642,642.0,8.0,16.0,12.81923222541809,128.0,1.0,151418.0,897158.0,0.8555965423583984,2.0,2.0,2.0,0.5859375,32.0,0.07692890125721857,0.031651709228754044,0.7650942802429199,18919.0,32.0,1.0,151418.0,75676.0,0.4997820602570368,128.0,1.0,7.005864599520431e-07,29.911922931671143,48.14867568016052,642.0,0.0,61.00968098640442
643,643.0,8.0,16.0,29.05444884300232,128.0,1.0,250308.0,798268.0,0.7612876892089844,2.0,2.0,2.0,0.40625,32.0,0.054496991061156734,0.029019054025411606,0.4493562579154968,31281.75,32.0,1.0,250308.0,125127.0,0.49989213289227674,128.0,1.0,6.997587304877072e-07,29.911922931671143,77.18439149856567,643.0,0.0,106.30258321762085
644,644.0,8.0,16.0,22.54716730117798,128.0,1.0,239511.0,809065.0,0.7715845108032227,2.0,2.0,2.0,0.25,32.0,0.06014104422557305,0.03244093060493469,0.48519402742385864,29929.5,32.0,1.0,239511.0,119718.0,0.49984343099064343,128.0,1.0,6.989303490854664e-07,29.911922931671143,72.53205156326294,644.0,0.0,95.14254188537598
645,645.0,8.0,16.0,28.75217580795288,128.0,1.0,156377.0,892199.0,0.8508672714233398,2.0,2.0,2.0,0.609375,32.0,0.06330683085740649,0.028181778267025948,0.6225175857543945,19539.0,32.0,1.0,156377.0,78156.0,0.4997921689250977,128.0,1.0,6.98101318448848e-07,29.911922931671143,66.80839824676514,645.0,0.0,95.6135675907135
646,646.0,8.0,16.0,32.08846926689148,128.0,1.0,212942.0,835634.0,0.7969226837158203,2.0,2.0,2.0,0.46875,32.0,0.06735834115667137,0.030336935073137283,0.6841665506362915,26610.5,32.0,1.0,212942.0,106442.0,0.4998638126813874,128.0,1.0,6.972716412834987e-07,29.911922931671143,79.70777797698975,646.0,0.0,111.85318493843079
647,647.0,8.0,16.0,35.08522129058838,128.0,1.0,272623.0,775953.0,0.7400064468383789,2.0,2.0,2.0,0.5,32.0,0.05067028464448316,0.028573155403137207,0.35854682326316833,34070.25,32.0,1.0,272623.0,136281.0,0.49988812389270165,128.0,1.0,6.964413202971747e-07,29.911922931671143,85.66382694244385,647.0,0.0,120.81449818611145
648,648.0,8.0,16.0,29.69880700111389,128.0,1.0,262961.0,785615.0,0.7492208480834961,2.0,2.0,2.0,0.4140625,32.0,0.05706143642897341,0.030967237427830696,0.3847309350967407,32862.75,32.0,1.0,262961.0,131451.0,0.4998878160639791,128.0,1.0,6.956103581997338e-07,29.911922931671143,72.1765387058258,648.0,0.0,101.95555448532104
649,649.0,8.0,16.0,35.1759557723999,128.0,1.0,303125.0,745451.0,0.7109174728393555,2.0,2.0,2.0,0.3046875,32.0,0.0529927524854237,0.029194040223956108,0.38109126687049866,37882.5,32.0,1.0,303125.0,151530.0,0.49989278350515465,128.0,1.0,6.947787577031259e-07,29.911922931671143,84.18072438240051,649.0,0.0,119.4275975227356
650,650.0,8.0,16.0,21.23259401321411,128.0,1.0,235340.0,813236.0,0.7755622863769531,2.0,2.0,2.0,0.2421875,32.0,0.06043748667025805,0.03326432406902313,0.4411149024963379,29411.25,32.0,1.0,235340.0,117645.0,0.49989377071471064,128.0,1.0,6.939465215213847e-07,29.911922931671143,68.82817387580872,650.0,0.0,414.5453898906708
651,651.0,8.0,16.0,25.025763750076294,128.0,1.0,258552.0,790024.0,0.7534255981445312,2.0,2.0,2.0,0.2890625,32.0,0.07028536683833991,0.0407562293112278,0.4987432062625885,32311.0,32.0,1.0,258552.0,129244.0,0.49987623379436247,128.0,1.0,6.93113652370618e-07,29.911922931671143,74.2880961894989,651.0,0.0,99.38981223106384
652,652.0,8.0,16.0,34.211896657943726,128.0,1.0,306853.0,741723.0,0.707362174987793,2.0,2.0,2.0,0.4765625,32.0,0.05323730997733888,0.02814403921365738,0.5759243965148926,38348.5,32.0,1.0,306853.0,153394.0,0.49989408609334113,128.0,1.0,6.922801529690001e-07,29.911922931671143,92.13354897499084,652.0,0.0,126.42049622535706
653,653.0,8.0,16.0,22.271915912628174,128.0,1.0,209502.0,839074.0,0.8002033233642578,2.0,2.0,2.0,0.6015625,32.0,0.04572400738044296,0.022983461618423462,0.38931581377983093,26179.75,32.0,1.0,209502.0,104719.0,0.4998472568280971,128.0,1.0,6.914460260367615e-07,29.911922931671143,69.66470384597778,653.0,0.0,92.00159788131714
654,654.0,8.0,16.0,35.801156997680664,128.0,1.0,355418.0,693158.0,0.6610469818115234,2.0,2.0,2.0,0.4453125,32.0,0.041330416891836044,0.025224512442946434,0.29313695430755615,44420.0,32.0,1.0,355418.0,177680.0,0.49991840593329545,128.0,1.0,6.906112742961812e-07,29.911922931671143,101.85641527175903,654.0,0.0,137.74692106246948
655,655.0,8.0,16.0,33.459155321121216,128.0,1.0,259895.0,788681.0,0.7521448135375977,2.0,2.0,2.0,0.375,32.0,0.07238542889622239,0.03934677317738533,0.45820116996765137,32479.75,32.0,1.0,259895.0,129919.0,0.49989034032974855,128.0,1.0,6.897759004715771e-07,29.911922931671143,74.97918057441711,655.0,0.0,108.51346206665039
656,656.0,8.0,16.0,21.57181978225708,128.0,1.0,229593.0,818983.0,0.7810430526733398,2.0,2.0,2.0,0.59375,32.0,0.05278509699179258,0.025854693725705147,0.4951987862586975,28692.75,32.0,1.0,229593.0,114771.0,0.49988893389606825,128.0,1.0,6.889399072892973e-07,29.911922931671143,66.61886310577393,656.0,0.0,88.25269293785095
657,657.0,8.0,16.0,25.986692190170288,128.0,1.0,221523.0,827053.0,0.7887392044067383,2.0,2.0,2.0,0.5859375,32.0,0.057985464725196625,0.02676810510456562,0.6287700533866882,27683.0,32.0,1.0,221523.0,110732.0,0.49986683098369017,128.0,1.0,6.881032974777117e-07,29.911922931671143,75.9021418094635,657.0,0.0,101.94762849807739
658,658.0,8.0,16.0,20.084786891937256,128.0,1.0,170996.0,877580.0,0.8369255065917969,2.0,2.0,2.0,0.4609375,32.0,0.07243187675265482,0.03522215411067009,0.9205775260925293,21364.75,32.0,1.0,170996.0,85459.0,0.4997719244894617,128.0,1.0,6.872660737672022e-07,29.911922931671143,64.72963905334473,658.0,0.0,84.861581325531
659,659.0,8.0,16.0,27.443124294281006,128.0,1.0,262081.0,786495.0,0.7500600814819336,2.0,2.0,2.0,0.3984375,32.0,0.055938426219578084,0.030653273686766624,0.5358756184577942,32752.0,32.0,1.0,262081.0,131008.0,0.4998759925366585,128.0,1.0,6.864282388901543e-07,29.911922931671143,80.12330174446106,659.0,0.0,107.63255476951599
660,660.0,8.0,16.0,37.73616695404053,128.0,1.0,363923.0,684653.0,0.6529359817504883,2.0,2.0,2.0,0.2890625,32.0,0.04812115430884124,0.02937258593738079,0.3434513211250305,45483.0,32.0,1.0,363923.0,181932.0,0.4999189388964149,128.0,1.0,6.855897955809483e-07,29.911922931671143,110.84269785881042,660.0,0.0,148.66178107261658
661,661.0,8.0,16.0,24.682998180389404,128.0,1.0,198037.0,850539.0,0.8111371994018555,2.0,2.0,2.0,0.3203125,32.0,0.0696003184762672,0.03410344198346138,0.5423800945281982,24747.5,32.0,1.0,198037.0,98990.0,0.4998560874988007,128.0,1.0,6.847507465759497e-07,29.911922931671143,66.55403685569763,661.0,0.0,91.2945306301117
662,662.0,8.0,16.0,25.038824796676636,128.0,1.0,244718.0,803858.0,0.7666187286376953,2.0,2.0,2.0,0.328125,32.0,0.07000515844039414,0.037203188985586166,0.5459258556365967,30582.75,32.0,1.0,244718.0,122331.0,0.4998855825889391,128.0,1.0,6.839110946135019e-07,29.911922931671143,70.04396271705627,662.0,0.0,95.15191435813904
663,663.0,8.0,16.0,29.308917999267578,128.0,1.0,309037.0,739539.0,0.7052793502807617,2.0,2.0,2.0,0.3828125,32.0,0.048832898669065844,0.026845145970582962,0.35774871706962585,38620.25,32.0,1.0,309037.0,154481.0,0.4998786553066461,128.0,1.0,6.830708424339145e-07,29.911922931671143,88.42681407928467,663.0,0.0,117.81462049484253
664,664.0,8.0,16.0,30.810349225997925,128.0,1.0,281509.0,767067.0,0.731532096862793,2.0,2.0,2.0,0.4609375,32.0,0.06109063932958044,0.03369488939642906,0.4404791593551636,35181.0,32.0,1.0,281509.0,140724.0,0.4998916553289593,128.0,1.0,6.822299927794576e-07,29.911922931671143,83.63708257675171,664.0,0.0,114.51584935188293
665,665.0,8.0,16.0,35.75961780548096,128.0,1.0,299489.0,749087.0,0.7143850326538086,2.0,2.0,2.0,0.375,32.0,0.042357150274273926,0.021413477137684822,0.3593734800815582,37428.25,32.0,1.0,299489.0,149713.0,0.49989482084483905,128.0,1.0,6.8138854839435e-07,29.911922931671143,87.65154981613159,665.0,0.0,123.5089201927185
666,666.0,8.0,16.0,30.199252128601074,128.0,1.0,253484.0,795092.0,0.7582588195800781,2.0,2.0,2.0,0.453125,32.0,0.04896846517203066,0.025026537477970123,0.4556094706058502,31677.25,32.0,1.0,253484.0,126709.0,0.4998698142683562,128.0,1.0,6.805465120247523e-07,29.911922931671143,77.82812404632568,666.0,0.0,108.09137606620789
667,667.0,8.0,16.0,34.60910892486572,128.0,1.0,261712.0,786864.0,0.7504119873046875,2.0,2.0,2.0,0.6171875,32.0,0.042585095934675084,0.02082081139087677,0.4326271712779999,32706.0,32.0,1.0,261712.0,130824.0,0.49987772818976584,128.0,1.0,6.797038864187563e-07,29.911922931671143,89.59483075141907,667.0,0.0,124.26729321479797
668,668.0,8.0,16.0,24.60615348815918,128.0,1.0,247168.0,801408.0,0.7642822265625,2.0,2.0,2.0,0.53125,32.0,0.05027947177098878,0.02819412387907505,0.7987293004989624,30887.5,32.0,1.0,247168.0,123550.0,0.4998624417400311,128.0,1.0,6.788606743263779e-07,29.911922931671143,72.90497040748596,668.0,0.0,97.57771921157837
669,669.0,8.0,16.0,19.878499507904053,128.0,1.0,191944.0,856632.0,0.8169479370117188,2.0,2.0,2.0,0.421875,32.0,0.0615893332977696,0.03257434442639351,0.45221564173698425,23984.0,32.0,1.0,191944.0,95936.0,0.49981244529654484,128.0,1.0,6.780168784995464e-07,29.911922931671143,67.6014506816864,669.0,0.0,87.53482675552368
670,670.0,8.0,16.0,34.45688581466675,128.0,1.0,249697.0,798879.0,0.7618703842163086,2.0,2.0,2.0,0.625,32.0,0.057482045780214375,0.02785227820277214,0.636674702167511,31204.5,32.0,1.0,249697.0,124818.0,0.49987785195657136,128.0,1.0,6.771725016920959e-07,29.911922931671143,86.0599513053894,670.0,0.0,120.5823712348938
671,671.0,8.0,16.0,33.989885330200195,128.0,1.0,270878.0,777698.0,0.7416706085205078,2.0,2.0,2.0,0.4140625,32.0,0.05541547588923813,0.03199261426925659,0.4227776825428009,33851.0,32.0,1.0,270878.0,135404.0,0.49987079054039085,128.0,1.0,6.763275466597575e-07,29.911922931671143,91.15240263938904,671.0,0.0,125.21091628074646
672,672.0,8.0,16.0,29.96081042289734,128.0,1.0,298915.0,749661.0,0.7149324417114258,2.0,2.0,2.0,0.3515625,32.0,0.053185332819028174,0.028973214328289032,0.3430027961730957,37357.5,32.0,1.0,298915.0,149430.0,0.4999080006021779,128.0,1.0,6.754820161601486e-07,29.911922931671143,83.8252203464508,672.0,0.0,113.86471152305603
673,673.0,8.0,16.0,26.02212381362915,128.0,1.0,236919.0,811657.0,0.7740564346313477,2.0,2.0,2.0,0.53125,32.0,0.06411678830495611,0.03134777769446373,0.5964415669441223,29607.25,32.0,1.0,236919.0,118429.0,0.49987126401850424,128.0,1.0,6.746359129527652e-07,29.911922931671143,81.67901563644409,673.0,0.0,107.7616035938263
674,674.0,8.0,16.0,35.600895166397095,128.0,1.0,304236.0,744340.0,0.7098579406738281,2.0,2.0,2.0,0.328125,32.0,0.04830939206916722,0.02553492784500122,0.33895108103752136,38021.75,32.0,1.0,304236.0,152087.0,0.4998981054181622,128.0,1.0,6.73789239798972e-07,29.911922931671143,92.68839168548584,674.0,0.0,128.36917114257812
675,675.0,8.0,16.0,25.59895086288452,128.0,1.0,288096.0,760480.0,0.725250244140625,2.0,2.0,2.0,0.4140625,32.0,0.04628846359884146,0.028163326904177666,0.3495158553123474,36003.75,32.0,1.0,288096.0,144015.0,0.49988545484838387,128.0,1.0,6.729419994619945e-07,29.911922931671143,86.77170848846436,675.0,0.0,112.44308638572693
676,676.0,8.0,16.0,26.350130796432495,128.0,1.0,272683.0,775893.0,0.7399492263793945,2.0,2.0,2.0,0.4765625,32.0,0.051024541171576045,0.03374788537621498,0.45810186862945557,34077.5,32.0,1.0,272683.0,136310.0,0.4998844812474558,128.0,1.0,6.720941947069081e-07,29.911922931671143,80.3908212184906,676.0,0.0,106.81054306030273
677,677.0,8.0,16.0,34.604767084121704,128.0,1.0,342466.0,706110.0,0.6733989715576172,2.0,2.0,2.0,0.328125,32.0,0.05911738088710242,0.033966194838285446,0.3958260715007782,42800.0,32.0,1.0,342466.0,171200.0,0.49990364006937915,128.0,1.0,6.712458283006315e-07,29.911922931671143,98.39610600471497,677.0,0.0,133.08769297599792
678,678.0,8.0,16.0,27.148152828216553,128.0,1.0,287440.0,761136.0,0.7258758544921875,2.0,2.0,2.0,0.5390625,32.0,0.04579680895745107,0.024491846561431885,0.3707100749015808,35922.5,32.0,1.0,287440.0,143690.0,0.49989563039242974,128.0,1.0,6.703969030119155e-07,29.911922931671143,77.0805070400238,678.0,0.0,104.30045628547668
679,679.0,8.0,16.0,29.729598999023438,128.0,1.0,208700.0,839876.0,0.8009681701660156,2.0,2.0,2.0,0.2578125,32.0,0.07933256398653178,0.04425688460469246,0.9727922081947327,26079.5,32.0,1.0,208700.0,104318.0,0.49984666986104453,128.0,1.0,6.695474216113355e-07,29.911922931671143,65.41346049308777,679.0,0.0,95.20726943016052
680,680.0,8.0,16.0,29.57264232635498,128.0,1.0,277223.0,771353.0,0.7356195449829102,2.0,2.0,2.0,0.515625,32.0,0.056430036130756,0.03326375037431717,0.3932811915874481,34645.25,32.0,1.0,277223.0,138581.0,0.49988998026859244,128.0,1.0,6.686973868712816e-07,29.911922931671143,84.3235969543457,680.0,0.0,113.96941351890564
681,681.0,8.0,16.0,32.14029669761658,128.0,1.0,332595.0,715981.0,0.6828126907348633,2.0,2.0,2.0,0.296875,32.0,0.0525008534401707,0.03041638247668743,0.33227235078811646,41564.5,32.0,1.0,332595.0,166258.0,0.4998812369398217,128.0,1.0,6.678468015659496e-07,29.911922931671143,95.79187893867493,681.0,0.0,128.0155770778656
682,682.0,8.0,16.0,31.106463193893433,128.0,1.0,238446.0,810130.0,0.7726001739501953,2.0,2.0,2.0,0.546875,32.0,0.04973238204971763,0.028497708961367607,0.43049585819244385,29798.25,32.0,1.0,238446.0,119193.0,0.49987418535014216,128.0,1.0,6.669956684713325e-07,29.911922931671143,77.43049931526184,682.0,0.0,108.59995913505554
683,683.0,8.0,16.0,24.431413173675537,128.0,1.0,207804.0,840772.0,0.8018226623535156,2.0,2.0,2.0,0.609375,32.0,0.05862193090191649,0.028966384008526802,0.49905842542648315,25967.75,32.0,1.0,207804.0,103871.0,0.49985082096591016,128.0,1.0,6.661439903652107e-07,29.911922931671143,73.11546182632446,683.0,0.0,97.62790107727051
684,684.0,8.0,16.0,23.19090509414673,128.0,1.0,269466.0,779110.0,0.7430171966552734,2.0,2.0,2.0,0.359375,32.0,0.049672697969555625,0.028310276567935944,0.36516714096069336,33675.75,32.0,1.0,269466.0,134703.0,0.4998886687003184,128.0,1.0,6.652917700271436e-07,29.911922931671143,74.72501635551453,684.0,0.0,97.98510670661926
685,685.0,8.0,16.0,21.39401650428772,128.0,1.0,254725.0,793851.0,0.757075309753418,2.0,2.0,2.0,0.2734375,32.0,0.06173728116358615,0.0343153178691864,0.4221382439136505,31834.0,32.0,1.0,254725.0,127336.0,0.4998959662380999,128.0,1.0,6.644390102384604e-07,29.911922931671143,71.35119128227234,685.0,0.0,92.81027674674988
686,686.0,8.0,16.0,36.57857894897461,128.0,1.0,307213.0,741363.0,0.7070188522338867,2.0,2.0,2.0,0.4296875,32.0,0.0425320725347582,0.024409305304288864,0.41453397274017334,38393.25,32.0,1.0,307213.0,153573.0,0.49989095513536214,128.0,1.0,6.635857137822502e-07,29.911922931671143,99.6232557296753,686.0,0.0,136.28436136245728
687,687.0,8.0,16.0,21.36925172805786,128.0,1.0,233032.0,815544.0,0.7777633666992188,2.0,2.0,2.0,0.578125,32.0,0.05566263262103798,0.02867799997329712,0.5142940282821655,29120.0,32.0,1.0,233032.0,116480.0,0.4998455147790861,128.0,1.0,6.627318834433544e-07,29.911922931671143,69.00811648368835,687.0,0.0,90.4387755393982
688,688.0,8.0,16.0,36.64028215408325,128.0,1.0,311829.0,736747.0,0.7026166915893555,2.0,2.0,2.0,0.3515625,32.0,0.05928429745436751,0.03206823021173477,0.4042533338069916,38970.75,32.0,1.0,311829.0,155883.0,0.4998989830965048,128.0,1.0,6.618775220083561e-07,29.911922931671143,100.45277237892151,688.0,0.0,137.16936373710632
689,689.0,8.0,16.0,25.877981901168823,128.0,1.0,261466.0,787110.0,0.7506465911865234,2.0,2.0,2.0,0.390625,32.0,0.054222821178254534,0.03124484233558178,0.37597495317459106,32673.5,32.0,1.0,261466.0,130694.0,0.4998508410271316,128.0,1.0,6.610226322655721e-07,29.911922931671143,81.46550011634827,689.0,0.0,107.41148257255554
690,690.0,8.0,16.0,37.17102932929993,128.0,1.0,310739.0,737837.0,0.7036561965942383,2.0,2.0,2.0,0.4921875,32.0,0.043898952039804616,0.024118687957525253,0.4004882574081421,38836.0,32.0,1.0,310739.0,155344.0,0.49991793756174796,128.0,1.0,6.601672170050434e-07,29.911922931671143,104.42196369171143,690.0,0.0,141.67357087135315
691,691.0,8.0,16.0,25.284867525100708,128.0,1.0,264371.0,784205.0,0.7478761672973633,2.0,2.0,2.0,0.3359375,32.0,0.05677119839000359,0.0328478179872036,0.5872059464454651,33038.25,32.0,1.0,264371.0,132153.0,0.49987706669793586,128.0,1.0,6.593112790185259e-07,29.911922931671143,83.7896134853363,691.0,0.0,109.14517736434937
692,692.0,8.0,16.0,32.94109773635864,128.0,1.0,249520.0,799056.0,0.7620391845703125,2.0,2.0,2.0,0.421875,32.0,0.05635609855147044,0.025995776057243347,0.5026044845581055,31180.75,32.0,1.0,249520.0,124723.0,0.49985171529336325,128.0,1.0,6.584548210994816e-07,29.911922931671143,79.5144407749176,692.0,0.0,112.52408504486084
693,693.0,8.0,16.0,34.26405191421509,128.0,1.0,309342.0,739234.0,0.7049884796142578,2.0,2.0,2.0,0.3828125,32.0,0.05742462461085543,0.03588608652353287,0.39429962635040283,38659.75,32.0,1.0,309342.0,154639.0,0.499896554622392,128.0,1.0,6.575978460430694e-07,29.911922931671143,99.20659112930298,693.0,0.0,133.54819774627686
694,694.0,8.0,16.0,36.32807922363281,128.0,1.0,299716.0,748860.0,0.7141685485839844,2.0,2.0,2.0,0.140625,32.0,0.06668195285734484,0.03914345055818558,0.45320552587509155,37457.5,32.0,1.0,299716.0,149830.0,0.4999065782273886,128.0,1.0,6.567403566461355e-07,29.911922931671143,94.54768466949463,694.0,0.0,130.95161318778992
695,695.0,8.0,16.0,31.725788831710815,128.0,1.0,278500.0,770076.0,0.7344017028808594,2.0,2.0,2.0,0.46875,32.0,0.0442355004597621,0.02374354749917984,0.3552055060863495,34805.5,32.0,1.0,278500.0,139222.0,0.49989946140035907,128.0,1.0,6.558823557072057e-07,29.911922931671143,90.04198551177979,695.0,0.0,121.83794236183167
696,696.0,8.0,16.0,22.788958311080933,128.0,1.0,197943.0,850633.0,0.8112268447875977,2.0,2.0,2.0,0.546875,32.0,0.06925400285425874,0.03271302208304405,0.8457497954368591,24736.0,32.0,1.0,197943.0,98944.0,0.4998610711164325,128.0,1.0,6.550238460264743e-07,29.911922931671143,67.70210838317871,696.0,0.0,90.56630969047546
697,697.0,8.0,16.0,28.150175094604492,128.0,1.0,265954.0,782622.0,0.7463665008544922,2.0,2.0,2.0,0.4921875,32.0,0.06891901493433134,0.0375322550535202,0.46602967381477356,33237.25,32.0,1.0,265954.0,132949.0,0.4998947186355535,128.0,1.0,6.541648304057965e-07,29.911922931671143,79.48399591445923,697.0,0.0,107.70389485359192
698,698.0,8.0,16.0,19.75261425971985,128.0,1.0,183103.0,865473.0,0.8253793716430664,2.0,2.0,2.0,0.53125,32.0,0.06699044869747853,0.031118830665946007,0.5253665447235107,22882.25,32.0,1.0,183103.0,91529.0,0.49987711834322757,128.0,1.0,6.533053116486784e-07,29.911922931671143,67.99584078788757,698.0,0.0,87.80512499809265
699,699.0,8.0,16.0,23.145009994506836,128.0,1.0,224302.0,824274.0,0.7860889434814453,2.0,2.0,2.0,0.4296875,32.0,0.07102833062466442,0.03819052875041962,0.6238418221473694,28029.0,32.0,1.0,224302.0,112116.0,0.49984396037485174,128.0,1.0,6.524452925602682e-07,29.911922931671143,81.97495412826538,699.0,0.0,105.18487906455994
700,700.0,8.0,16.0,32.288198709487915,128.0,1.0,289132.0,759444.0,0.7242622375488281,2.0,2.0,2.0,0.515625,32.0,0.042505720056164334,0.02823120914399624,0.41551992297172546,36134.5,32.0,1.0,289132.0,144538.0,0.499903158418992,128.0,1.0,6.515847759473473e-07,29.911922931671143,96.15544891357422,700.0,0.0,449.1749131679535
701,701.0,8.0,16.0,29.248404502868652,128.0,1.0,249751.0,798825.0,0.7618188858032227,2.0,2.0,2.0,0.5390625,32.0,0.04147798062339943,0.022657891735434532,0.4086124897003174,31210.25,32.0,1.0,249751.0,124841.0,0.49986186241496533,128.0,1.0,6.507237646183205e-07,29.911922931671143,79.1257872581482,701.0,0.0,108.43822860717773
702,702.0,8.0,16.0,34.35568904876709,128.0,1.0,282537.0,766039.0,0.7305517196655273,2.0,2.0,2.0,0.5390625,32.0,0.04872967386103203,0.025181986391544342,0.406305193901062,35309.75,32.0,1.0,282537.0,141239.0,0.4998955888963215,128.0,1.0,6.498622613832073e-07,29.911922931671143,82.68338394165039,702.0,0.0,117.1083300113678
703,703.0,8.0,16.0,21.35809087753296,128.0,1.0,222378.0,826198.0,0.7879238128662109,2.0,2.0,2.0,0.5859375,32.0,0.06962919855087903,0.02942255325615406,0.6415708661079407,27788.75,32.0,1.0,222378.0,111155.0,0.4998471071778683,128.0,1.0,6.490002690536323e-07,29.911922931671143,72.83871817588806,703.0,0.0,94.25719356536865
704,704.0,8.0,16.0,27.714873790740967,128.0,1.0,174574.0,874002.0,0.8335132598876953,2.0,2.0,2.0,0.5,32.0,0.07280757328498991,0.035737089812755585,0.620390772819519,21813.25,32.0,1.0,174574.0,87253.0,0.49980524018467815,128.0,1.0,6.48137790442817e-07,29.911922931671143,66.0409734249115,704.0,0.0,93.81047534942627
705,705.0,8.0,16.0,21.990809440612793,128.0,1.0,241039.0,807537.0,0.7701272964477539,2.0,2.0,2.0,0.546875,32.0,0.0601070399114331,0.029697541147470474,0.49666187167167664,30122.75,32.0,1.0,241039.0,120491.0,0.49988176187256006,128.0,1.0,6.472748283655694e-07,29.911922931671143,72.80756425857544,705.0,0.0,94.8605899810791
706,706.0,8.0,16.0,31.00444531440735,128.0,1.0,219542.0,829034.0,0.7906284332275391,2.0,2.0,2.0,0.7109375,32.0,0.057109084370522825,0.025541240349411964,0.6280786991119385,27436.0,32.0,1.0,219542.0,109744.0,0.4998770166983994,128.0,1.0,6.464113856382751e-07,29.911922931671143,85.34106922149658,706.0,0.0,116.40477681159973
707,707.0,8.0,16.0,36.33867335319519,128.0,1.0,278583.0,769993.0,0.7343225479125977,2.0,2.0,2.0,0.40625,32.0,0.06438250413767108,0.029930375516414642,0.48927241563796997,34814.25,32.0,1.0,278583.0,139257.0,0.49987615899031884,128.0,1.0,6.455474650788894e-07,29.911922931671143,109.11524629592896,707.0,0.0,145.51986980438232
708,708.0,8.0,16.0,26.150475025177002,128.0,1.0,276278.0,772298.0,0.7365207672119141,2.0,2.0,2.0,0.40625,32.0,0.05116508622030628,0.030810264870524406,0.3617217242717743,34527.75,32.0,1.0,276278.0,138111.0,0.4998986528062314,128.0,1.0,6.446830695069259e-07,29.911922931671143,78.19454169273376,708.0,0.0,104.41797947883606
709,709.0,8.0,16.0,27.07672953605652,128.0,1.0,212840.0,835736.0,0.7970199584960938,2.0,2.0,2.0,0.53125,32.0,0.054678198143490446,0.02740967646241188,0.4574827253818512,26597.25,32.0,1.0,212840.0,106389.0,0.4998543506859613,128.0,1.0,6.438182017434492e-07,29.911922931671143,79.16884779930115,709.0,0.0,106.30218052864075
710,710.0,8.0,16.0,35.96392631530762,128.0,1.0,293839.0,754737.0,0.7197732925415039,2.0,2.0,2.0,0.359375,32.0,0.042860635534495435,0.02335650473833084,0.38499149680137634,36722.5,32.0,1.0,293839.0,146890.0,0.4998996048856687,128.0,1.0,6.429528646110647e-07,29.911922931671143,98.26356148719788,710.0,0.0,134.29987597465515
711,711.0,8.0,16.0,17.758633375167847,128.0,1.0,186547.0,862029.0,0.8220949172973633,2.0,2.0,2.0,0.640625,32.0,0.07554892938703386,0.033635493367910385,0.7041964530944824,23311.0,32.0,1.0,186547.0,93244.0,0.49984186290854316,128.0,1.0,6.420870609339099e-07,29.911922931671143,69.0079517364502,711.0,0.0,86.81582522392273
712,712.0,8.0,16.0,31.254915475845337,128.0,1.0,187711.0,860865.0,0.8209848403930664,2.0,2.0,2.0,0.4765625,32.0,0.06745430401252678,0.036176860332489014,0.6269722580909729,23456.25,32.0,1.0,187711.0,93825.0,0.49983751618179006,128.0,1.0,6.412207935376442e-07,29.911922931671143,68.20836162567139,712.0,0.0,99.51581406593323
713,713.0,8.0,16.0,29.52027201652527,128.0,1.0,255612.0,792964.0,0.7562294006347656,2.0,2.0,2.0,0.6484375,32.0,0.04956316819006072,0.030436277389526367,0.40346822142601013,31944.5,32.0,1.0,255612.0,127778.0,0.49989045897688683,128.0,1.0,6.403540652494412e-07,29.911922931671143,78.88323736190796,713.0,0.0,108.4658784866333
714,714.0,8.0,16.0,20.17183208465576,128.0,1.0,235970.0,812606.0,0.7749614715576172,2.0,2.0,2.0,0.453125,32.0,0.053203685339835854,0.026870539411902428,0.5121196508407593,29488.5,32.0,1.0,235970.0,117954.0,0.49986862736788573,128.0,1.0,6.394868788979785e-07,29.911922931671143,75.53890371322632,714.0,0.0,95.7781879901886
715,715.0,8.0,16.0,20.947094202041626,128.0,1.0,211544.0,837032.0,0.7982559204101562,2.0,2.0,2.0,0.4921875,32.0,0.07329888510450829,0.034203168004751205,0.6892532706260681,26434.75,32.0,1.0,211544.0,105739.0,0.4998440040842567,128.0,1.0,6.386192373134283e-07,29.911922931671143,65.7119836807251,715.0,0.0,86.71858739852905
716,716.0,8.0,16.0,23.721680164337158,128.0,1.0,201141.0,847435.0,0.8081769943237305,2.0,2.0,2.0,0.34375,32.0,0.06289476858547668,0.027894774451851845,0.5096011161804199,25135.5,32.0,1.0,201141.0,100542.0,0.49985830835085837,128.0,1.0,6.377511433274489e-07,29.911922931671143,70.75389409065247,716.0,0.0,94.53086876869202
717,717.0,8.0,16.0,28.544238805770874,128.0,1.0,265115.0,783461.0,0.747166633605957,2.0,2.0,2.0,0.359375,32.0,0.0571751136533366,0.03126028552651405,0.47667479515075684,33132.25,32.0,1.0,265115.0,132529.0,0.49989249948135717,128.0,1.0,6.36882599773175e-07,29.911922931671143,83.17224526405334,717.0,0.0,111.78241682052612
718,718.0,8.0,16.0,30.440740823745728,128.0,1.0,248865.0,799711.0,0.7626638412475586,2.0,2.0,2.0,0.4375,32.0,0.055365108958375785,0.028927486389875412,0.46033281087875366,31102.25,32.0,1.0,248865.0,124409.0,0.4999055712936733,128.0,1.0,6.360136094852082e-07,29.911922931671143,88.82820963859558,718.0,0.0,119.3420147895813
719,719.0,8.0,16.0,30.202439546585083,128.0,1.0,217227.0,831349.0,0.7928361892700195,2.0,2.0,2.0,0.6484375,32.0,0.05881582428598207,0.02784746326506138,0.6256269216537476,27144.5,32.0,1.0,217227.0,108578.0,0.49983657648450697,128.0,1.0,6.351441752996084e-07,29.911922931671143,68.46230506896973,719.0,0.0,98.71927309036255
720,720.0,8.0,16.0,26.227003812789917,128.0,1.0,255352.0,793224.0,0.7564773559570312,2.0,2.0,2.0,0.3203125,32.0,0.06489739530903113,0.03586302697658539,0.4507574439048767,31909.75,32.0,1.0,255352.0,127639.0,0.499855101976879,128.0,1.0,6.342743000538844e-07,29.911922931671143,87.63637518882751,720.0,0.0,113.93301892280579
721,721.0,8.0,16.0,30.167781352996826,128.0,1.0,306566.0,742010.0,0.7076358795166016,2.0,2.0,2.0,0.203125,32.0,0.05197392716686162,0.027500903233885765,0.40738368034362793,38313.0,32.0,1.0,306566.0,153252.0,0.4998988798496898,128.0,1.0,6.334039865869837e-07,29.911922931671143,92.86478424072266,721.0,0.0,123.11594223976135
722,722.0,8.0,16.0,28.269670486450195,128.0,1.0,235439.0,813137.0,0.7754678726196289,2.0,2.0,2.0,0.3515625,32.0,0.060039993638954854,0.028034837916493416,0.44451048970222473,29421.25,32.0,1.0,235439.0,117685.0,0.4998534652287854,128.0,1.0,6.325332377392849e-07,29.911922931671143,81.05893087387085,722.0,0.0,109.38941287994385
723,723.0,8.0,16.0,17.934556007385254,128.0,1.0,217765.0,830811.0,0.792323112487793,2.0,2.0,2.0,0.3515625,32.0,0.08677438923037593,0.04706050455570221,0.6984624266624451,27213.0,32.0,1.0,217765.0,108852.0,0.49985994076183043,128.0,1.0,6.316620563525868e-07,29.911922931671143,70.41966152191162,723.0,0.0,88.41443538665771
724,724.0,8.0,16.0,30.736570358276367,128.0,1.0,255626.0,792950.0,0.7562160491943359,2.0,2.0,2.0,0.46875,32.0,0.05627391698683307,0.03177038952708244,0.42277589440345764,31943.75,32.0,1.0,255626.0,127775.0,0.49985134532481046,128.0,1.0,6.307904452701003e-07,29.911922931671143,86.28227972984314,724.0,0.0,117.07939887046814
725,725.0,8.0,16.0,23.449029684066772,128.0,1.0,275593.0,772983.0,0.7371740341186523,2.0,2.0,2.0,0.5234375,32.0,0.0572233225424902,0.029880354180932045,0.404018372297287,34441.25,32.0,1.0,275593.0,137765.0,0.4998857010156281,128.0,1.0,6.299184073364384e-07,29.911922931671143,81.0157732963562,725.0,0.0,104.53340554237366
726,726.0,8.0,16.0,36.06615376472473,128.0,1.0,300280.0,748296.0,0.7136306762695312,2.0,2.0,2.0,0.34375,32.0,0.0858621552048876,0.04323646053671837,0.6614581346511841,37528.0,32.0,1.0,300280.0,150112.0,0.4999067536965499,128.0,1.0,6.290459453976074e-07,29.911922931671143,101.46352076530457,726.0,0.0,137.60694122314453
727,727.0,8.0,16.0,37.72546982765198,128.0,1.0,324079.0,724497.0,0.6909341812133789,2.0,2.0,2.0,0.3671875,32.0,0.0440975543537096,0.023825762793421745,0.37136906385421753,40502.25,32.0,1.0,324079.0,162009.0,0.4999058871448011,128.0,1.0,6.281730623009973e-07,29.911922931671143,96.19938683509827,727.0,0.0,133.99820709228516
728,728.0,8.0,16.0,33.628045320510864,128.0,1.0,252015.0,796561.0,0.7596597671508789,2.0,2.0,2.0,0.15625,32.0,0.07680288509217752,0.042123232036828995,0.5364356637001038,31494.75,32.0,1.0,252015.0,125979.0,0.4998869114933635,128.0,1.0,6.272997608953725e-07,29.911922931671143,84.91174721717834,728.0,0.0,118.60623455047607
729,729.0,8.0,16.0,21.042678833007812,128.0,1.0,202056.0,846520.0,0.8073043823242188,2.0,2.0,2.0,0.5078125,32.0,0.06220647943905255,0.02752317301928997,0.6485806703567505,25248.5,32.0,1.0,202056.0,100994.0,0.49983172981747637,128.0,1.0,6.264260440308629e-07,29.911922931671143,65.6977334022522,729.0,0.0,86.79089879989624
730,730.0,8.0,16.0,35.63586401939392,128.0,1.0,324252.0,724324.0,0.6907691955566406,2.0,2.0,2.0,0.203125,32.0,0.053830553390942386,0.033647798001766205,0.38149502873420715,40523.5,32.0,1.0,324252.0,162094.0,0.499901311325759,128.0,1.0,6.255519145589536e-07,29.911922931671143,103.59589219093323,730.0,0.0,139.3109803199768
731,731.0,8.0,16.0,22.718169927597046,128.0,1.0,227365.0,821211.0,0.783167839050293,2.0,2.0,2.0,0.3359375,32.0,0.05847705691962503,0.030462944880127907,0.4913475811481476,28412.25,32.0,1.0,227365.0,113649.0,0.499852659820113,128.0,1.0,6.246773753324773e-07,29.911922931671143,72.37280654907227,731.0,0.0,95.15452194213867
732,732.0,8.0,16.0,32.39602780342102,128.0,1.0,241041.0,807535.0,0.7701253890991211,2.0,2.0,2.0,0.5390625,32.0,0.05204875968282326,0.02952900156378746,0.4616491496562958,30121.75,32.0,1.0,241041.0,120487.0,0.4998610194946088,128.0,1.0,6.238024292056033e-07,29.911922931671143,82.93522953987122,732.0,0.0,115.39579367637634
733,733.0,8.0,16.0,34.110501766204834,128.0,1.0,241133.0,807443.0,0.7700376510620117,2.0,2.0,2.0,0.4921875,32.0,0.06833108294421053,0.03320779278874397,0.5913095474243164,30133.0,32.0,1.0,241133.0,120532.0,0.4998569254311936,128.0,1.0,6.229270790338289e-07,29.911922931671143,85.40540027618408,733.0,0.0,119.58501935005188
734,734.0,8.0,16.0,24.23927068710327,128.0,1.0,188770.0,859806.0,0.8199748992919922,2.0,2.0,2.0,0.34375,32.0,0.06464803585226783,0.029151035472750664,0.6096157431602478,23587.0,32.0,1.0,188770.0,94348.0,0.49980399427875194,128.0,1.0,6.220513276739705e-07,29.911922931671143,69.98258948326111,734.0,0.0,94.27626442909241
735,735.0,8.0,16.0,37.03191828727722,128.0,1.0,352152.0,696424.0,0.6641616821289062,2.0,2.0,2.0,0.2890625,32.0,0.048369827691515474,0.026842867955565453,0.35833972692489624,44012.0,32.0,1.0,352152.0,176048.0,0.4999204888798019,128.0,1.0,6.211751779841533e-07,29.911922931671143,108.0664734840393,735.0,0.0,145.17472672462463
736,736.0,8.0,16.0,30.103992700576782,128.0,1.0,273207.0,775369.0,0.7394495010375977,2.0,2.0,2.0,0.390625,32.0,0.06314018507755197,0.03321608155965805,0.47595202922821045,34143.0,32.0,1.0,273207.0,136572.0,0.49988470280776115,128.0,1.0,6.202986328238027e-07,29.911922931671143,80.85924530029297,736.0,0.0,111.0331974029541
737,737.0,8.0,16.0,28.605207204818726,128.0,1.0,218847.0,829729.0,0.7912912368774414,2.0,2.0,2.0,0.4765625,32.0,0.05313146592799087,0.028975684195756912,0.4994056224822998,27347.75,32.0,1.0,218847.0,109391.0,0.4998514944230444,128.0,1.0,6.19421695053635e-07,29.911922931671143,71.65005373954773,737.0,0.0,100.31532621383667
738,738.0,8.0,16.0,27.103268146514893,128.0,1.0,215211.0,833365.0,0.7947587966918945,2.0,2.0,2.0,0.59375,32.0,0.061396164788898394,0.03146500140428543,0.5337039232254028,26893.25,32.0,1.0,215211.0,107573.0,0.49984898541431433,128.0,1.0,6.185443675356474e-07,29.911922931671143,75.61696290969849,738.0,0.0,102.77963304519653
739,739.0,8.0,16.0,37.203404903411865,128.0,1.0,294680.0,753896.0,0.7189712524414062,2.0,2.0,2.0,0.296875,32.0,0.053000447418667974,0.0271614957600832,0.4385926127433777,36827.0,32.0,1.0,294680.0,147308.0,0.4998914076286141,128.0,1.0,6.176666531331095e-07,29.911922931671143,109.08570456504822,739.0,0.0,146.36334609985352
740,740.0,8.0,16.0,22.063312292099,128.0,1.0,209687.0,838889.0,0.8000268936157227,2.0,2.0,2.0,0.5078125,32.0,0.06402333367369704,0.03284640237689018,0.531728208065033,26203.5,32.0,1.0,209687.0,104814.0,0.49985931412057016,128.0,1.0,6.167885547105533e-07,29.911922931671143,70.93341302871704,740.0,0.0,93.05396938323975
741,741.0,8.0,16.0,34.34702515602112,128.0,1.0,256904.0,791672.0,0.7549972534179688,2.0,2.0,2.0,0.46875,32.0,0.05441622411571815,0.029886441305279732,0.42830485105514526,32104.75,32.0,1.0,256904.0,128419.0,0.49987154734842587,128.0,1.0,6.159100751337641e-07,29.911922931671143,89.23947715759277,741.0,0.0,123.65145134925842
742,742.0,8.0,16.0,27.129565238952637,128.0,1.0,231552.0,817024.0,0.7791748046875,2.0,2.0,2.0,0.2734375,32.0,0.06532510016576348,0.034976404160261154,0.44970402121543884,28936.0,32.0,1.0,231552.0,115744.0,0.49986180210060804,128.0,1.0,6.150312172697714e-07,29.911922931671143,77.95597958564758,742.0,0.0,105.14390301704407
743,743.0,8.0,16.0,38.125922203063965,128.0,1.0,334843.0,713733.0,0.680668830871582,2.0,2.0,2.0,0.6328125,32.0,0.04184353752558571,0.0243366826325655,0.3573378920555115,41847.5,32.0,1.0,334843.0,167390.0,0.4999059260608703,128.0,1.0,6.141519839868388e-07,29.911922931671143,114.6473331451416,743.0,0.0,152.85360836982727
744,744.0,8.0,16.0,22.243383407592773,128.0,1.0,224702.0,823874.0,0.7857074737548828,2.0,2.0,2.0,0.5,32.0,0.05679925393508162,0.02938963659107685,0.4510725438594818,28079.25,32.0,1.0,224702.0,112317.0,0.4998486884851937,128.0,1.0,6.132723781544557e-07,29.911922931671143,81.3541932106018,744.0,0.0,103.65728998184204
745,745.0,8.0,16.0,19.466654300689697,128.0,1.0,161931.0,886645.0,0.8455705642700195,2.0,2.0,2.0,0.515625,32.0,0.0683756450156781,0.032406870275735855,0.5996370911598206,20234.25,32.0,1.0,161931.0,80937.0,0.49982399911073233,128.0,1.0,6.12392402643327e-07,29.911922931671143,62.55541396141052,745.0,0.0,82.06897592544556
746,746.0,8.0,16.0,21.066300630569458,128.0,1.0,168045.0,880531.0,0.8397397994995117,2.0,2.0,2.0,0.609375,32.0,0.06327517143032466,0.031743187457323074,0.6247199177742004,20996.5,32.0,1.0,168045.0,83986.0,0.4997827962748073,128.0,1.0,6.11512060325364e-07,29.911922931671143,62.77681112289429,746.0,0.0,83.88987636566162
747,747.0,8.0,16.0,34.438035011291504,128.0,1.0,319278.0,729298.0,0.6955127716064453,2.0,2.0,2.0,0.484375,32.0,0.047572571315521485,0.02727345936000347,0.3830718994140625,39901.5,32.0,1.0,319278.0,159606.0,0.4998966417980569,128.0,1.0,6.106313540736755e-07,29.911922931671143,101.87681984901428,747.0,0.0,136.39351296424866
748,748.0,8.0,16.0,17.163812160491943,128.0,1.0,193748.0,854828.0,0.8152275085449219,2.0,2.0,2.0,0.640625,32.0,0.07074812429998165,0.03382289409637451,0.5417055487632751,24210.75,32.0,1.0,193748.0,96843.0,0.49983999834837006,128.0,1.0,6.097502867625577e-07,29.911922931671143,65.74348521232605,748.0,0.0,82.96265149116516
749,749.0,8.0,16.0,23.56398367881775,128.0,1.0,255712.0,792864.0,0.756134033203125,2.0,2.0,2.0,0.3984375,32.0,0.0523029282564857,0.02859344705939293,0.347851037979126,31956.75,32.0,1.0,255712.0,127827.0,0.4998865911650607,128.0,1.0,6.088688612674856e-07,29.911922931671143,76.53079104423523,749.0,0.0,100.1596429347992
750,750.0,8.0,16.0,28.850476503372192,128.0,1.0,245128.0,803448.0,0.7662277221679688,2.0,2.0,2.0,0.4375,32.0,0.0539131469930156,0.030967552214860916,0.4240370988845825,30633.25,32.0,1.0,245128.0,122533.0,0.49987353545902546,128.0,1.0,6.079870804651026e-07,29.911922931671143,86.13417744636536,750.0,0.0,438.7488203048706
751,751.0,8.0,16.0,29.03423500061035,128.0,1.0,273122.0,775454.0,0.7395305633544922,2.0,2.0,2.0,0.421875,32.0,0.06493617834707734,0.032631050795316696,0.39272749423980713,34131.75,32.0,1.0,273122.0,136527.0,0.4998755135067845,128.0,1.0,6.071049472332121e-07,29.911922931671143,82.5242166519165,751.0,0.0,111.62972927093506
752,752.0,8.0,16.0,24.498555183410645,128.0,1.0,219887.0,828689.0,0.7902994155883789,2.0,2.0,2.0,0.7109375,32.0,0.0494577869517626,0.02448926493525505,0.4744552969932556,27478.0,32.0,1.0,219887.0,109912.0,0.4998567446006358,128.0,1.0,6.062224644507676e-07,29.911922931671143,77.87429809570312,752.0,0.0,102.42900228500366
753,753.0,8.0,16.0,20.413045406341553,128.0,1.0,221236.0,827340.0,0.7890129089355469,2.0,2.0,2.0,0.546875,32.0,0.053371882035188736,0.029211627319455147,0.4205997884273529,27646.0,32.0,1.0,221236.0,110584.0,0.4998463179591025,128.0,1.0,6.053396349978631e-07,29.911922931671143,74.05019021034241,753.0,0.0,94.52614140510559
754,754.0,8.0,16.0,36.534175634384155,128.0,1.0,300207.0,748369.0,0.7137002944946289,2.0,2.0,2.0,0.0703125,32.0,0.056290338986070686,0.031268734484910965,0.3820853531360626,37518.25,32.0,1.0,300207.0,150073.0,0.4998984034349632,128.0,1.0,6.044564617557246e-07,29.911922931671143,93.73491334915161,754.0,0.0,130.34671354293823
755,755.0,8.0,16.0,22.68546748161316,128.0,1.0,248821.0,799755.0,0.7627058029174805,2.0,2.0,2.0,0.4453125,32.0,0.058484265440318706,0.02965557388961315,0.42801421880722046,31095.0,32.0,1.0,248821.0,124380.0,0.49987742192178314,128.0,1.0,6.035729476066998e-07,29.911922931671143,74.88605856895447,755.0,0.0,97.63952136039734
756,756.0,8.0,16.0,37.63033366203308,128.0,1.0,343784.0,704792.0,0.6721420288085938,2.0,2.0,2.0,0.34375,32.0,0.057819026566665925,0.028074035421013832,0.5169158577919006,42965.5,32.0,1.0,343784.0,171862.0,0.4999127359039397,128.0,1.0,6.026890954342487e-07,29.911922931671143,102.35629606246948,756.0,0.0,140.06794142723083
757,757.0,8.0,16.0,17.748100757598877,128.0,1.0,177824.0,870752.0,0.830413818359375,2.0,2.0,2.0,0.359375,32.0,0.08124232527573151,0.038481563329696655,0.588753879070282,22220.0,32.0,1.0,177824.0,88880.0,0.49982004678783515,128.0,1.0,6.018049081229351e-07,29.911922931671143,63.1438467502594,757.0,0.0,80.94087672233582
758,758.0,8.0,16.0,33.228612184524536,128.0,1.0,237418.0,811158.0,0.7735805511474609,2.0,2.0,2.0,0.671875,32.0,0.05893588184812528,0.0276739913970232,0.515270471572876,29670.0,32.0,1.0,237418.0,118680.0,0.49987785256383255,128.0,1.0,6.009203885584158e-07,29.911922931671143,93.12783718109131,758.0,0.0,126.42281222343445
759,759.0,8.0,16.0,19.930994510650635,128.0,1.0,204116.0,844460.0,0.8053398132324219,2.0,2.0,2.0,0.546875,32.0,0.05289689793022563,0.02622039243578911,0.4807429015636444,25505.5,32.0,1.0,204116.0,102022.0,0.4998236297007584,128.0,1.0,6.000355396274326e-07,29.911922931671143,67.45485162734985,759.0,0.0,87.44212102890015
760,760.0,8.0,16.0,37.434489727020264,128.0,1.0,337696.0,710880.0,0.677947998046875,2.0,2.0,2.0,0.2421875,32.0,0.051871755076626364,0.030095629394054413,0.3612578809261322,42205.0,32.0,1.0,337696.0,168820.0,0.49991708518904576,128.0,1.0,5.991503642178022e-07,29.911922931671143,94.91323399543762,760.0,0.0,132.42826437950134
761,761.0,8.0,16.0,35.7600519657135,128.0,1.0,258574.0,790002.0,0.7534046173095703,2.0,2.0,2.0,0.59375,32.0,0.04984069681099791,0.026999380439519882,0.4269021451473236,32313.25,32.0,1.0,258574.0,129253.0,0.49986850959493223,128.0,1.0,5.982648652184063e-07,29.911922931671143,98.4444808959961,761.0,0.0,134.27758479118347
762,762.0,8.0,16.0,22.425403118133545,128.0,1.0,234146.0,814430.0,0.7767009735107422,2.0,2.0,2.0,0.3203125,32.0,0.06821615765998312,0.03666423633694649,0.5234277844429016,29260.0,32.0,1.0,234146.0,117040.0,0.49985906229446586,128.0,1.0,5.973790455191829e-07,29.911922931671143,70.56512498855591,762.0,0.0,93.04989790916443
763,763.0,8.0,16.0,40.11527729034424,128.0,1.0,369787.0,678789.0,0.647343635559082,2.0,2.0,2.0,0.328125,32.0,0.06176700988127976,0.03685774281620979,0.46588996052742004,46216.0,32.0,1.0,369787.0,184864.0,0.49992022434536637,128.0,1.0,5.964929080111172e-07,29.911922931671143,112.07885837554932,763.0,0.0,152.28245329856873
764,764.0,8.0,16.0,35.003825187683105,128.0,1.0,313475.0,735101.0,0.7010469436645508,2.0,2.0,2.0,0.34375,32.0,0.06053052776168372,0.040181729942560196,0.40822094678878784,39174.5,32.0,1.0,313475.0,156698.0,0.49987399314139885,128.0,1.0,5.956064555862306e-07,29.911922931671143,99.59911513328552,764.0,0.0,134.68809580802917
765,765.0,8.0,16.0,32.85786199569702,128.0,1.0,280644.0,767932.0,0.7323570251464844,2.0,2.0,2.0,0.3828125,32.0,0.05469723964581573,0.02981184981763363,0.4105106592178345,35072.0,32.0,1.0,280644.0,140288.0,0.4998788500734026,128.0,1.0,5.947196911375733e-07,29.911922931671143,85.71504282951355,765.0,0.0,118.65206623077393
766,766.0,8.0,16.0,17.496503353118896,128.0,1.0,208070.0,840506.0,0.8015689849853516,2.0,2.0,2.0,0.5859375,32.0,0.06626289344068187,0.03255491703748703,0.47345107793807983,26001.5,32.0,1.0,208070.0,104006.0,0.49986062382851926,128.0,1.0,5.93832617559213e-07,29.911922931671143,64.78713321685791,766.0,0.0,82.33992886543274
767,767.0,8.0,16.0,24.401010513305664,128.0,1.0,240035.0,808541.0,0.7710847854614258,2.0,2.0,2.0,0.265625,32.0,0.06739982638721682,0.034702058881521225,0.49720290303230286,29997.5,32.0,1.0,240035.0,119990.0,0.4998854333742996,128.0,1.0,5.929452377462268e-07,29.911922931671143,74.21757698059082,767.0,0.0,98.68313241004944
768,768.0,8.0,16.0,26.13719415664673,128.0,1.0,255699.0,792877.0,0.7561464309692383,2.0,2.0,2.0,0.453125,32.0,0.04896735519425341,0.029509780928492546,0.35469692945480347,31955.0,32.0,1.0,255699.0,127820.0,0.4998846299750879,128.0,1.0,5.920575545946909e-07,29.911922931671143,77.05840134620667,768.0,0.0,103.26316595077515
769,769.0,8.0,16.0,19.17557382583618,128.0,1.0,224981.0,823595.0,0.7854413986206055,2.0,2.0,2.0,0.5625,32.0,0.05951670356047466,0.028219815343618393,0.542802095413208,28113.75,32.0,1.0,224981.0,112455.0,0.49984220889764025,128.0,1.0,5.911695710016717e-07,29.911922931671143,71.96220302581787,769.0,0.0,91.2013647556305
770,770.0,8.0,16.0,34.54108667373657,128.0,1.0,298444.0,750132.0,0.7153816223144531,2.0,2.0,2.0,0.484375,32.0,0.0504939215854866,0.026533756405115128,0.42912834882736206,37298.0,32.0,1.0,298444.0,149192.0,0.49989947862915657,128.0,1.0,5.90281289865216e-07,29.911922931671143,83.94264650344849,770.0,0.0,118.55950784683228
771,771.0,8.0,16.0,34.784363746643066,128.0,1.0,306055.0,742521.0,0.7081232070922852,2.0,2.0,2.0,0.4375,32.0,0.0507833852876705,0.028657954186201096,0.3514324724674225,38249.75,32.0,1.0,306055.0,152999.0,0.49990687948244594,128.0,1.0,5.893927140843418e-07,29.911922931671143,93.1161482334137,771.0,0.0,127.97756695747375
772,772.0,8.0,16.0,24.621680736541748,128.0,1.0,201047.0,847529.0,0.8082666397094727,2.0,2.0,2.0,0.6875,32.0,0.06157440953339982,0.03259002044796944,0.4823116660118103,25123.25,32.0,1.0,201047.0,100493.0,0.49984829417996784,128.0,1.0,5.885038465590289e-07,29.911922931671143,73.34102058410645,772.0,0.0,98.01760768890381
773,773.0,8.0,16.0,27.484666347503662,128.0,1.0,299155.0,749421.0,0.7147035598754883,2.0,2.0,2.0,0.2109375,32.0,0.05909018061871965,0.03147982805967331,0.44942420721054077,37386.0,32.0,1.0,299155.0,149544.0,0.4998880179171333,128.0,1.0,5.876146901902086e-07,29.911922931671143,77.92441177368164,773.0,0.0,105.48107862472534
774,774.0,8.0,16.0,24.449326753616333,128.0,1.0,224215.0,824361.0,0.7861719131469727,2.0,2.0,2.0,0.4375,32.0,0.04731621432393796,0.029950933530926704,0.62126624584198,28018.75,32.0,1.0,224215.0,112075.0,0.49985504984055484,128.0,1.0,5.867252478797556e-07,29.911922931671143,75.3788321018219,774.0,0.0,99.88170409202576
775,775.0,8.0,16.0,33.695573568344116,128.0,1.0,212491.0,836085.0,0.7973527908325195,2.0,2.0,2.0,0.4375,32.0,0.056296577377177,0.027840102091431618,0.46980205178260803,26553.0,32.0,1.0,212491.0,106212.0,0.4998423462640771,128.0,1.0,5.858355225304771e-07,29.911922931671143,80.49189138412476,775.0,0.0,114.24493741989136
776,776.0,8.0,16.0,33.414297103881836,128.0,1.0,258580.0,789996.0,0.7533988952636719,2.0,2.0,2.0,0.296875,32.0,0.052652942049409755,0.02482629008591175,0.48615410923957825,32315.25,32.0,1.0,258580.0,129261.0,0.4998878490215794,128.0,1.0,5.849455170461046e-07,29.911922931671143,87.8538453578949,776.0,0.0,121.33510112762451
777,777.0,8.0,16.0,24.667850017547607,128.0,1.0,262414.0,786162.0,0.7497425079345703,2.0,2.0,2.0,0.296875,32.0,0.058221415182572386,0.027806561440229416,0.4677620828151703,32793.75,32.0,1.0,262414.0,131175.0,0.4998780552866844,128.0,1.0,5.840552343312839e-07,29.911922931671143,80.3488187789917,777.0,0.0,105.10944056510925
778,778.0,8.0,16.0,23.4584858417511,128.0,1.0,177173.0,871403.0,0.8310346603393555,2.0,2.0,2.0,0.71875,32.0,0.05766680329563386,0.023817071691155434,0.5428363680839539,22139.0,32.0,1.0,177173.0,88556.0,0.49982785187359247,128.0,1.0,5.83164677291565e-07,29.911922931671143,65.32744073867798,778.0,0.0,88.83506321907043
779,779.0,8.0,16.0,34.766663551330566,128.0,1.0,261848.0,786728.0,0.7502822875976562,2.0,2.0,2.0,0.4140625,32.0,0.0546707736311979,0.028676334768533707,0.5592712759971619,32723.25,32.0,1.0,261848.0,130893.0,0.49988161070544745,128.0,1.0,5.822738488333937e-07,29.911922931671143,95.19379448890686,779.0,0.0,130.02973222732544
780,780.0,8.0,16.0,22.947855710983276,128.0,1.0,204187.0,844389.0,0.805272102355957,2.0,2.0,2.0,0.4375,32.0,0.06922343898632066,0.029264086857438087,0.6164244413375854,25515.25,32.0,1.0,204187.0,102061.0,0.4998408321783463,128.0,1.0,5.813827518641015e-07,29.911922931671143,73.02100133895874,780.0,0.0,96.03306889533997
781,781.0,8.0,16.0,21.746596097946167,128.0,1.0,215955.0,832621.0,0.7940492630004883,2.0,2.0,2.0,0.484375,32.0,0.0680097138217579,0.03531684726476669,0.4866342544555664,26987.0,32.0,1.0,215955.0,107948.0,0.4998633974670649,128.0,1.0,5.80491389291896e-07,29.911922931671143,69.4016637802124,781.0,0.0,91.20819783210754
782,782.0,8.0,16.0,32.21643829345703,128.0,1.0,256741.0,791835.0,0.755152702331543,2.0,2.0,2.0,0.4140625,32.0,0.05424086604587744,0.03097708895802498,0.48838305473327637,32083.25,32.0,1.0,256741.0,128333.0,0.4998539384048516,128.0,1.0,5.795997640258518e-07,29.911922931671143,87.90367484092712,782.0,0.0,120.18153190612793
783,783.0,8.0,16.0,21.285249710083008,128.0,1.0,218915.0,829661.0,0.7912263870239258,2.0,2.0,2.0,0.6171875,32.0,0.06164080513433078,0.033025987446308136,0.475708931684494,27356.75,32.0,1.0,218915.0,109427.0,0.49986067651828336,128.0,1.0,5.78707878975901e-07,29.911922931671143,72.1462631225586,783.0,0.0,93.49482131004333
784,784.0,8.0,16.0,20.64408802986145,128.0,1.0,202655.0,845921.0,0.8067331314086914,2.0,2.0,2.0,0.5703125,32.0,0.05861278806293388,0.030897971242666245,0.5355644822120667,25323.25,32.0,1.0,202655.0,101293.0,0.4998297599368385,128.0,1.0,5.778157370528233e-07,29.911922931671143,67.85157465934753,784.0,0.0,88.54936337471008
785,785.0,8.0,16.0,19.341959238052368,128.0,1.0,196136.0,852440.0,0.8129501342773438,2.0,2.0,2.0,0.5390625,32.0,0.06596348789142899,0.031376153230667114,0.509890079498291,24508.5,32.0,1.0,196136.0,98034.0,0.49982665089529715,128.0,1.0,5.769233411682367e-07,29.911922931671143,65.45308136940002,785.0,0.0,84.84681224822998
786,786.0,8.0,16.0,26.56585693359375,128.0,1.0,223705.0,824871.0,0.7866582870483398,2.0,2.0,2.0,0.4921875,32.0,0.05110557405060547,0.027363264933228493,0.620763897895813,27956.0,32.0,1.0,223705.0,111824.0,0.49987260007599293,128.0,1.0,5.760306942345882e-07,29.911922931671143,77.4632842540741,786.0,0.0,104.0904586315155
787,787.0,8.0,16.0,33.16838788986206,128.0,1.0,275145.0,773431.0,0.7376012802124023,2.0,2.0,2.0,0.515625,32.0,0.05248599953757523,0.026320265606045723,0.44136396050453186,34384.5,32.0,1.0,275145.0,137538.0,0.4998746115684457,128.0,1.0,5.751377991651441e-07,29.911922931671143,100.43444061279297,787.0,0.0,133.68068885803223
788,788.0,8.0,16.0,30.442716360092163,128.0,1.0,276925.0,771651.0,0.7359037399291992,2.0,2.0,2.0,0.34375,32.0,0.06504650484934348,0.03857859596610069,0.4844806492328644,34606.75,32.0,1.0,276925.0,138427.0,0.49987180644578855,128.0,1.0,5.742446588739806e-07,29.911922931671143,85.12756061553955,788.0,0.0,115.64075088500977
789,789.0,8.0,16.0,34.89752817153931,128.0,1.0,293057.0,755519.0,0.7205190658569336,2.0,2.0,2.0,0.3125,32.0,0.06209677610802498,0.03528875857591629,0.4092693328857422,36624.25,32.0,1.0,293057.0,146497.0,0.49989251237813803,128.0,1.0,5.73351276275974e-07,29.911922931671143,95.66459083557129,789.0,0.0,130.63673186302185
790,790.0,8.0,16.0,24.36443567276001,128.0,1.0,245784.0,802792.0,0.7656021118164062,2.0,2.0,2.0,0.359375,32.0,0.061806780836361035,0.02981104888021946,0.49865689873695374,30715.0,32.0,1.0,245784.0,122860.0,0.4998698043810826,128.0,1.0,5.724576542867914e-07,29.911922931671143,75.0675745010376,790.0,0.0,99.4977753162384
791,791.0,8.0,16.0,20.8511164188385,128.0,1.0,176492.0,872084.0,0.8316841125488281,2.0,2.0,2.0,0.53125,32.0,0.0576088515486496,0.030128106474876404,0.519236147403717,22052.5,32.0,1.0,176492.0,88210.0,0.49979602474899715,128.0,1.0,5.715637958228814e-07,29.911922931671143,69.64409899711609,791.0,0.0,90.5472583770752
792,792.0,8.0,16.0,33.06866455078125,128.0,1.0,270067.0,778509.0,0.7424440383911133,2.0,2.0,2.0,0.1875,32.0,0.06660172096601201,0.03624541684985161,0.43888771533966064,33750.75,32.0,1.0,270067.0,135003.0,0.49988706506163283,128.0,1.0,5.706697038014643e-07,29.911922931671143,87.63682222366333,792.0,0.0,120.7813720703125
793,793.0,8.0,16.0,35.87420845031738,128.0,1.0,312505.0,736071.0,0.7019720077514648,2.0,2.0,2.0,0.46875,32.0,0.04819416936627053,0.023738574236631393,0.347497820854187,39056.25,32.0,1.0,312505.0,156225.0,0.4999120014079775,128.0,1.0,5.697753811405224e-07,29.911922931671143,88.46812438964844,793.0,0.0,124.41910552978516
794,794.0,8.0,16.0,20.024359464645386,128.0,1.0,165782.0,882794.0,0.8418979644775391,2.0,2.0,2.0,0.6328125,32.0,0.0683904032687655,0.03404330089688301,0.5960123538970947,20714.5,32.0,1.0,165782.0,82858.0,0.49980094340760756,128.0,1.0,5.688808307587912e-07,29.911922931671143,63.47622728347778,794.0,0.0,83.55522227287292
795,795.0,8.0,16.0,33.28592348098755,128.0,1.0,275613.0,772963.0,0.7371549606323242,2.0,2.0,2.0,0.3828125,32.0,0.05765879508434263,0.03198939189314842,0.5119809508323669,34443.5,32.0,1.0,275613.0,137774.0,0.4998820810339135,128.0,1.0,5.679860555757489e-07,29.911922931671143,85.39282083511353,795.0,0.0,118.7541344165802
796,796.0,8.0,16.0,33.26592397689819,128.0,1.0,266388.0,782188.0,0.7459526062011719,2.0,2.0,2.0,0.3359375,32.0,0.05917045233936419,0.030135344713926315,0.49656248092651367,33289.75,32.0,1.0,266388.0,133159.0,0.4998686127002718,128.0,1.0,5.670910585116077e-07,29.911922931671143,86.15878009796143,796.0,0.0,119.49363136291504
797,797.0,8.0,16.0,20.062312841415405,128.0,1.0,163838.0,884738.0,0.8437519073486328,2.0,2.0,2.0,0.6015625,32.0,0.056864613778902826,0.027549203485250473,0.5237201452255249,20472.5,32.0,1.0,163838.0,81890.0,0.49982299588618023,128.0,1.0,5.661958424873037e-07,29.911922931671143,60.8213906288147,797.0,0.0,80.9285957813263
798,798.0,8.0,16.0,32.5236701965332,128.0,1.0,245114.0,803462.0,0.7662410736083984,2.0,2.0,2.0,0.5234375,32.0,0.051683610886741234,0.024770818650722504,0.4098007082939148,30629.25,32.0,1.0,245114.0,122517.0,0.499836810626892,128.0,1.0,5.653004104244877e-07,29.911922931671143,87.15097880363464,798.0,0.0,119.73440217971802
799,799.0,8.0,16.0,30.820151567459106,128.0,1.0,250723.0,797853.0,0.7608919143676758,2.0,2.0,2.0,0.5234375,32.0,0.05708074111817055,0.02862170711159706,0.41576915979385376,31330.75,32.0,1.0,250723.0,125323.0,0.49984644408370993,128.0,1.0,5.644047652455159e-07,29.911922931671143,79.35155868530273,799.0,0.0,110.23319101333618
800,800.0,8.0,16.0,26.33746099472046,128.0,1.0,262438.0,786138.0,0.7497196197509766,2.0,2.0,2.0,0.609375,32.0,0.05694316956012281,0.028880592435598373,0.47411084175109863,32797.0,32.0,1.0,262438.0,131188.0,0.49988187686234464,128.0,1.0,5.635089098734393e-07,29.911922931671143,82.98675727844238,800.0,0.0,436.02140522003174
801,801.0,8.0,16.0,14.473049879074097,128.0,1.0,173119.0,875457.0,0.8349008560180664,2.0,2.0,2.0,0.7578125,32.0,0.0531575732978635,0.025238610804080963,0.5140208005905151,21632.5,32.0,1.0,173119.0,86530.0,0.4998295969824225,128.0,1.0,5.626128472319958e-07,29.911922931671143,60.53272294998169,801.0,0.0,75.05565476417542
802,802.0,8.0,16.0,19.770387887954712,128.0,1.0,212881.0,835695.0,0.7969808578491211,2.0,2.0,2.0,0.5,32.0,0.06035031530901523,0.0316082127392292,0.7033930420875549,26601.75,32.0,1.0,212881.0,106407.0,0.49984263508720833,128.0,1.0,5.617165802455987e-07,29.911922931671143,71.47291946411133,802.0,0.0,91.30422568321228
803,803.0,8.0,16.0,28.695201635360718,128.0,1.0,228384.0,820192.0,0.782196044921875,2.0,2.0,2.0,0.5078125,32.0,0.07758237750157776,0.03695877268910408,0.6251542568206787,28541.0,32.0,1.0,228384.0,114164.0,0.4998773994675634,128.0,1.0,5.608201118393293e-07,29.911922931671143,79.41993045806885,803.0,0.0,108.17632675170898
804,804.0,8.0,16.0,34.383907079696655,128.0,1.0,281268.0,767308.0,0.7317619323730469,2.0,2.0,2.0,0.484375,32.0,0.06310101881651035,0.030762961134314537,0.43966051936149597,35150.5,32.0,1.0,281268.0,140602.0,0.499886229503534,128.0,1.0,5.599234449389254e-07,29.911922931671143,93.94506359100342,804.0,0.0,128.39874958992004
805,805.0,8.0,16.0,36.27109885215759,128.0,1.0,301896.0,746680.0,0.7120895385742188,2.0,2.0,2.0,0.3671875,32.0,0.051753365547628764,0.027293704450130463,0.3923078775405884,37730.0,32.0,1.0,301896.0,150920.0,0.49990725282878873,128.0,1.0,5.590265824707729e-07,29.911922931671143,97.24894189834595,805.0,0.0,133.5956997871399
806,806.0,8.0,16.0,28.224530458450317,128.0,1.0,265363.0,783213.0,0.7469301223754883,2.0,2.0,2.0,0.4296875,32.0,0.049495909105440786,0.02837963216006756,0.3666438162326813,33161.5,32.0,1.0,265363.0,132646.0,0.4998662209878544,128.0,1.0,5.581295273618964e-07,29.911922931671143,89.89992046356201,806.0,0.0,118.18829011917114
807,807.0,8.0,16.0,25.710464000701904,128.0,1.0,266790.0,781786.0,0.7455692291259766,2.0,2.0,2.0,0.2890625,32.0,0.06527574612574387,0.03569900244474411,0.47111979126930237,33341.0,32.0,1.0,266790.0,133364.0,0.4998838037407699,128.0,1.0,5.572322825399485e-07,29.911922931671143,82.5998706817627,807.0,0.0,108.38314890861511
808,808.0,8.0,16.0,27.45148468017578,128.0,1.0,221176.0,827400.0,0.7890701293945312,2.0,2.0,2.0,0.203125,32.0,0.07074731456493742,0.03445747122168541,0.5524485111236572,27640.25,32.0,1.0,221176.0,110561.0,0.49987792527218144,128.0,1.0,5.56334850933201e-07,29.911922931671143,71.52300024032593,808.0,0.0,99.03286075592041
809,809.0,8.0,16.0,25.80919647216797,128.0,1.0,288609.0,759967.0,0.7247610092163086,2.0,2.0,2.0,0.3125,32.0,0.05258846144123687,0.027544720098376274,0.4479368031024933,36067.5,32.0,1.0,288609.0,144270.0,0.49988046110828144,128.0,1.0,5.554372354705362e-07,29.911922931671143,96.99708938598633,809.0,0.0,122.87516236305237
810,810.0,8.0,16.0,20.462448835372925,128.0,1.0,208873.0,839703.0,0.8008031845092773,2.0,2.0,2.0,0.6171875,32.0,0.056561071105256565,0.028502820059657097,0.4412720501422882,26101.0,32.0,1.0,208873.0,104404.0,0.49984440305831773,128.0,1.0,5.545394390814353e-07,29.911922931671143,72.71046590805054,810.0,0.0,93.2287962436676
811,811.0,8.0,16.0,16.728237867355347,128.0,1.0,197337.0,851239.0,0.8118047714233398,2.0,2.0,2.0,0.265625,32.0,0.05313828752654213,0.028872661292552948,0.42237308621406555,24659.25,32.0,1.0,197337.0,98637.0,0.49984037458763436,128.0,1.0,5.536414646959707e-07,29.911922931671143,61.949994802474976,811.0,0.0,78.7311270236969
812,812.0,8.0,16.0,33.25970506668091,128.0,1.0,273153.0,775423.0,0.7395009994506836,2.0,2.0,2.0,0.3046875,32.0,0.06180837645795967,0.03414637967944145,0.3814748525619507,34135.5,32.0,1.0,273153.0,136542.0,0.4998736971587352,128.0,1.0,5.527433152447954e-07,29.911922931671143,87.505122423172,812.0,0.0,120.8361406326294
813,813.0,8.0,16.0,27.882038831710815,128.0,1.0,293772.0,754804.0,0.7198371887207031,2.0,2.0,2.0,0.53125,32.0,0.04002781128636083,0.022340940311551094,0.3244311511516571,36713.75,32.0,1.0,293772.0,146855.0,0.4998944759881813,128.0,1.0,5.518449936591339e-07,29.911922931671143,88.77723097801208,813.0,0.0,116.7309217453003
814,814.0,8.0,16.0,25.367400646209717,128.0,1.0,259215.0,789361.0,0.7527933120727539,2.0,2.0,2.0,0.3203125,32.0,0.060774078861276025,0.031058907508850098,0.45012375712394714,32394.75,32.0,1.0,259215.0,129579.0,0.4998900526589896,128.0,1.0,5.509465028707723e-07,29.911922931671143,82.95989179611206,814.0,0.0,108.39110898971558
815,815.0,8.0,16.0,34.03021860122681,128.0,1.0,282089.0,766487.0,0.7309789657592773,2.0,2.0,2.0,0.3828125,32.0,0.06155438553438472,0.03210737183690071,0.6087439656257629,35253.25,32.0,1.0,282089.0,141013.0,0.4998883331147262,128.0,1.0,5.500478458120493e-07,29.911922931671143,89.18877720832825,815.0,0.0,123.28694438934326
816,816.0,8.0,16.0,24.12932300567627,128.0,1.0,211981.0,836595.0,0.7978391647338867,2.0,2.0,2.0,0.359375,32.0,0.07075382506067047,0.031205952167510986,0.721089780330658,26490.25,32.0,1.0,211981.0,105961.0,0.4998608365844109,128.0,1.0,5.491490254158456e-07,29.911922931671143,79.16259264945984,816.0,0.0,103.34853911399841
817,817.0,8.0,16.0,29.931514024734497,128.0,1.0,234190.0,814386.0,0.7766590118408203,2.0,2.0,2.0,0.375,32.0,0.057994048920153876,0.03246328607201576,0.40557795763015747,29266.25,32.0,1.0,234190.0,117065.0,0.4998718988855203,128.0,1.0,5.482500446155753e-07,29.911922931671143,75.16173815727234,817.0,0.0,105.1579258441925
818,818.0,8.0,16.0,33.138507604599,128.0,1.0,265970.0,782606.0,0.7463512420654297,2.0,2.0,2.0,0.3203125,32.0,0.062093423317560854,0.034462179988622665,0.4768570363521576,33240.0,32.0,1.0,265970.0,132960.0,0.4999060044365906,128.0,1.0,5.473509063451766e-07,29.911922931671143,78.9360122680664,818.0,0.0,112.14042592048645
819,819.0,8.0,16.0,32.75369668006897,128.0,1.0,310026.0,738550.0,0.7043361663818359,2.0,2.0,2.0,0.3671875,32.0,0.05726700219385694,0.03315497562289238,0.3709213137626648,38745.0,32.0,1.0,310026.0,154980.0,0.4998935573145478,128.0,1.0,5.464516135391006e-07,29.911922931671143,84.99170422554016,819.0,0.0,117.82072496414185
820,820.0,8.0,16.0,25.48373007774353,128.0,1.0,181966.0,866610.0,0.8264636993408203,2.0,2.0,2.0,0.6640625,32.0,0.06355340232049536,0.03343117982149124,0.5641310811042786,22737.75,32.0,1.0,181966.0,90951.0,0.499824142971764,128.0,1.0,5.455521691323033e-07,29.911922931671143,71.51025104522705,820.0,0.0,97.0520179271698
821,821.0,8.0,16.0,20.457705974578857,128.0,1.0,202141.0,846435.0,0.8072233200073242,2.0,2.0,2.0,0.359375,32.0,0.07335688949434606,0.03476330637931824,0.4929254353046417,25259.75,32.0,1.0,202141.0,101039.0,0.499844168179637,128.0,1.0,5.446525760602357e-07,29.911922931671143,68.68949556350708,821.0,0.0,89.20755505561829
822,822.0,8.0,16.0,22.56873655319214,128.0,1.0,191816.0,856760.0,0.8170700073242188,2.0,2.0,2.0,0.3125,32.0,0.06332474162793435,0.02815147675573826,0.6066924333572388,23968.5,32.0,1.0,191816.0,95874.0,0.4998227467990157,128.0,1.0,5.43752837258833e-07,29.911922931671143,62.941290855407715,822.0,0.0,85.5625991821289
823,823.0,8.0,16.0,23.81126618385315,128.0,1.0,240475.0,808101.0,0.770665168762207,2.0,2.0,2.0,0.328125,32.0,0.08591345257020004,0.04573545977473259,0.5331919193267822,30050.5,32.0,1.0,240475.0,120202.0,0.49985237550680944,128.0,1.0,5.428529556645073e-07,29.911922931671143,74.48274230957031,823.0,0.0,98.35679531097412
824,824.0,8.0,16.0,31.83756184577942,128.0,1.0,296503.0,752073.0,0.7172327041625977,2.0,2.0,2.0,0.4375,32.0,0.057581927229190345,0.03382417932152748,0.35703739523887634,37055.5,32.0,1.0,296503.0,148222.0,0.4999005069088677,128.0,1.0,5.419529342141359e-07,29.911922931671143,99.9400520324707,824.0,0.0,131.85238242149353
825,825.0,8.0,16.0,31.989850759506226,128.0,1.0,260955.0,787621.0,0.751133918762207,2.0,2.0,2.0,0.484375,32.0,0.0532110225481149,0.030387917533516884,0.42980432510375977,32612.0,32.0,1.0,260955.0,130448.0,0.4998869536893334,128.0,1.0,5.410527758450528e-07,29.911922931671143,88.31646203994751,825.0,0.0,120.36964726448059
826,826.0,8.0,16.0,21.371284246444702,128.0,1.0,240691.0,807885.0,0.7704591751098633,2.0,2.0,2.0,0.5,32.0,0.04698893449937867,0.02293347381055355,0.48908376693725586,30078.5,32.0,1.0,240691.0,120314.0,0.4998691268057385,128.0,1.0,5.401524834950387e-07,29.911922931671143,79.16542530059814,826.0,0.0,100.60001873970032
827,827.0,8.0,16.0,16.264727115631104,128.0,1.0,187758.0,860818.0,0.8209400177001953,2.0,2.0,2.0,0.5,32.0,0.06764125468282725,0.028462117537856102,0.6624317169189453,23461.25,32.0,1.0,187758.0,93845.0,0.49981891583847293,128.0,1.0,5.392520601023117e-07,29.911922931671143,61.64289212226868,827.0,0.0,77.97993421554565
828,828.0,8.0,16.0,35.90300512313843,128.0,1.0,314273.0,734303.0,0.7002859115600586,2.0,2.0,2.0,0.3125,32.0,0.0525927532380824,0.028530137613415718,0.36265796422958374,39276.75,32.0,1.0,314273.0,157107.0,0.499906132566272,128.0,1.0,5.383515086055173e-07,29.911922931671143,96.90703082084656,828.0,0.0,132.8826413154602
829,829.0,8.0,16.0,38.43815898895264,128.0,1.0,335001.0,713575.0,0.6805181503295898,2.0,2.0,2.0,0.359375,32.0,0.052095286132718716,0.031386565417051315,0.2995156943798065,41867.25,32.0,1.0,335001.0,167469.0,0.499905970429939,128.0,1.0,5.374508319437196e-07,29.911922931671143,105.8112051486969,829.0,0.0,144.33164143562317
830,830.0,8.0,16.0,28.673365831375122,128.0,1.0,277093.0,771483.0,0.735743522644043,2.0,2.0,2.0,0.2890625,32.0,0.04980189884664164,0.02507983148097992,0.3858587145805359,34628.0,32.0,1.0,277093.0,138512.0,0.4998754930655051,128.0,1.0,5.36550033056391e-07,29.911922931671143,85.9658350944519,830.0,0.0,114.71163415908813
831,831.0,8.0,16.0,22.722232341766357,128.0,1.0,189887.0,858689.0,0.8189096450805664,2.0,2.0,2.0,0.53125,32.0,0.07609155919814509,0.03485752269625664,0.6311251521110535,23727.0,32.0,1.0,189887.0,94908.0,0.4998130467067256,128.0,1.0,5.356491148834025e-07,29.911922931671143,76.67133688926697,831.0,0.0,99.44956541061401
832,832.0,8.0,16.0,9.937342882156372,128.0,1.0,130494.0,918082.0,0.8755512237548828,2.0,2.0,2.0,0.71875,32.0,0.05254468894755272,0.020501818507909775,0.8862799406051636,16303.0,32.0,1.0,130494.0,65212.0,0.49973178843471733,128.0,1.0,5.347480803650146e-07,29.911922931671143,50.44069838523865,832.0,0.0,60.42124319076538
833,833.0,8.0,16.0,34.24052453041077,128.0,1.0,286799.0,761777.0,0.7264871597290039,2.0,2.0,2.0,0.53125,32.0,0.04887335766439833,0.029706276953220367,0.39289385080337524,35841.75,32.0,1.0,286799.0,143367.0,0.49988668021855026,128.0,1.0,5.338469324418675e-07,29.911922931671143,95.18969631195068,833.0,0.0,129.50127363204956
834,834.0,8.0,16.0,29.788504123687744,128.0,1.0,252961.0,795615.0,0.7587575912475586,2.0,2.0,2.0,0.625,32.0,0.0443437160797046,0.023833639919757843,0.3605668544769287,31613.25,32.0,1.0,252961.0,126453.0,0.49989128758978657,128.0,1.0,5.329456740549716e-07,29.911922931671143,83.95399618148804,834.0,0.0,113.80340099334717
835,835.0,8.0,16.0,35.502265214920044,128.0,1.0,287910.0,760666.0,0.7254276275634766,2.0,2.0,2.0,0.34375,32.0,0.06240545087616907,0.03419588878750801,0.41998282074928284,35980.0,32.0,1.0,287910.0,143920.0,0.49987843423292,128.0,1.0,5.320443081456977e-07,29.911922931671143,97.58611464500427,835.0,0.0,133.16159796714783
836,836.0,8.0,16.0,29.39689803123474,128.0,1.0,266623.0,781953.0,0.7457284927368164,2.0,2.0,2.0,0.21875,32.0,0.05675378337001268,0.03077155165374279,0.41467908024787903,33320.25,32.0,1.0,266623.0,133281.0,0.4998856062680264,128.0,1.0,5.311428376557677e-07,29.911922931671143,79.93280696868896,836.0,0.0,109.396399974823
837,837.0,8.0,16.0,21.309810161590576,128.0,1.0,270503.0,778073.0,0.7420282363891602,2.0,2.0,2.0,0.4140625,32.0,0.0677764918166006,0.03889494761824608,0.4594520032405853,33804.75,32.0,1.0,270503.0,135219.0,0.49987985345818714,128.0,1.0,5.302412655272443e-07,29.911922931671143,78.95755934715271,837.0,0.0,100.33510756492615
838,838.0,8.0,16.0,33.115620851516724,128.0,1.0,225656.0,822920.0,0.7847976684570312,2.0,2.0,2.0,0.5234375,32.0,0.05057503022495604,0.02574676088988781,0.43148916959762573,28198.5,32.0,1.0,225656.0,112794.0,0.499849328180948,128.0,1.0,5.293395947025227e-07,29.911922931671143,89.34713053703308,838.0,0.0,122.52063274383545
839,839.0,8.0,16.0,25.865023851394653,128.0,1.0,246995.0,801581.0,0.7644472122192383,2.0,2.0,2.0,0.484375,32.0,0.07297842065777932,0.04033961147069931,0.6396180391311646,30866.75,32.0,1.0,246995.0,123467.0,0.4998765157189417,128.0,1.0,5.284378281243194e-07,29.911922931671143,83.84690141677856,839.0,0.0,109.77476263046265
840,840.0,8.0,16.0,34.4800500869751,128.0,1.0,297977.0,750599.0,0.7158269882202148,2.0,2.0,2.0,0.515625,32.0,0.07029526075946274,0.03693915158510208,0.49589410424232483,37240.25,32.0,1.0,297977.0,148961.0,0.4999077109978287,128.0,1.0,5.275359687356642e-07,29.911922931671143,108.88028264045715,840.0,0.0,143.43451976776123
841,841.0,8.0,16.0,19.527602195739746,128.0,1.0,185180.0,863396.0,0.8233985900878906,2.0,2.0,2.0,0.6640625,32.0,0.04656120588297097,0.021855564787983894,0.4649391174316406,23140.25,32.0,1.0,185180.0,92561.0,0.49984339561507724,128.0,1.0,5.266340194798892e-07,29.911922931671143,65.50156950950623,841.0,0.0,85.08424305915833
842,842.0,8.0,16.0,24.1493239402771,128.0,1.0,184876.0,863700.0,0.8236885070800781,2.0,2.0,2.0,0.65625,32.0,0.06131165954813283,0.030753787606954575,0.5842798948287964,23102.0,32.0,1.0,184876.0,92408.0,0.4998377290724594,128.0,1.0,5.257319833006197e-07,29.911922931671143,69.18535447120667,842.0,0.0,93.38642621040344
843,843.0,8.0,16.0,15.190858364105225,128.0,1.0,168208.0,880368.0,0.8395843505859375,2.0,2.0,2.0,0.5546875,32.0,0.06331092912015909,0.026630399748682976,0.6053164005279541,21017.75,32.0,1.0,168208.0,84071.0,0.4998038143251213,128.0,1.0,5.248298631417655e-07,29.911922931671143,59.50485873222351,843.0,0.0,74.74366021156311
844,844.0,8.0,16.0,35.06916284561157,128.0,1.0,285111.0,763465.0,0.7280969619750977,2.0,2.0,2.0,0.390625,32.0,0.05421828469784327,0.029988132417201996,0.4028220474720001,35632.75,32.0,1.0,285111.0,142531.0,0.4999140685557555,128.0,1.0,5.239276619475094e-07,29.911922931671143,97.64077806472778,844.0,0.0,132.78061771392822
845,845.0,8.0,16.0,19.02052068710327,128.0,1.0,237289.0,811287.0,0.7737035751342773,2.0,2.0,2.0,0.4765625,32.0,0.0750671214204611,0.04074132815003395,0.46492114663124084,29652.5,32.0,1.0,237289.0,118610.0,0.4998546076725006,128.0,1.0,5.230253826622996e-07,29.911922931671143,72.00496292114258,845.0,0.0,91.09323382377625
846,846.0,8.0,16.0,22.173891305923462,128.0,1.0,174405.0,874171.0,0.833674430847168,2.0,2.0,2.0,0.6875,32.0,0.04176867528667772,0.016537737101316452,0.44897523522377014,21792.0,32.0,1.0,174405.0,87168.0,0.4998021845703965,128.0,1.0,5.221230282308384e-07,29.911922931671143,66.05029129981995,846.0,0.0,88.27297568321228
847,847.0,8.0,16.0,33.32587933540344,128.0,1.0,346888.0,701688.0,0.6691818237304688,2.0,2.0,2.0,0.359375,32.0,0.04437406915030747,0.02669442817568779,0.29680901765823364,43352.0,32.0,1.0,346888.0,173408.0,0.49989622010562484,128.0,1.0,5.212206015980741e-07,29.911922931671143,104.511390209198,847.0,0.0,137.92521500587463
848,848.0,8.0,16.0,26.861971616744995,128.0,1.0,238376.0,810200.0,0.7726669311523438,2.0,2.0,2.0,0.453125,32.0,0.04712437045939877,0.026264753192663193,0.5700878500938416,29789.0,32.0,1.0,238376.0,119156.0,0.4998657582978152,128.0,1.0,5.203181057091902e-07,29.911922931671143,77.7338798046112,848.0,0.0,104.65769720077515
849,849.0,8.0,16.0,25.763591289520264,128.0,1.0,290413.0,758163.0,0.7230405807495117,2.0,2.0,2.0,0.265625,32.0,0.05874602145453048,0.03309084475040436,0.47943559288978577,36294.75,32.0,1.0,290413.0,145179.0,0.49990530726930266,128.0,1.0,5.19415543509596e-07,29.911922931671143,83.82883143424988,849.0,0.0,109.66431307792664
850,850.0,8.0,16.0,25.921643257141113,128.0,1.0,269554.0,779022.0,0.7429332733154297,2.0,2.0,2.0,0.4296875,32.0,0.042051517649823726,0.020602380856871605,0.34607282280921936,33686.25,32.0,1.0,269554.0,134745.0,0.49988128538252075,128.0,1.0,5.185129179449178e-07,29.911922931671143,84.51496839523315,850.0,0.0,425.97187328338623
851,851.0,8.0,16.0,34.432644844055176,128.0,1.0,275184.0,773392.0,0.7375640869140625,2.0,2.0,2.0,0.40625,32.0,0.059724093420137306,0.033668432384729385,0.40715235471725464,34391.0,32.0,1.0,275184.0,137564.0,0.4998982498982499,128.0,1.0,5.176102319609881e-07,29.911922931671143,96.23313474655151,851.0,0.0,130.74153900146484
852,852.0,8.0,16.0,32.46104574203491,128.0,1.0,241261.0,807315.0,0.7699155807495117,2.0,2.0,2.0,0.1640625,32.0,0.07067680436224201,0.033636778593063354,0.5567600131034851,30149.75,32.0,1.0,241261.0,120599.0,0.49986943600499045,128.0,1.0,5.167074885038372e-07,29.911922931671143,84.72924661636353,852.0,0.0,117.2526924610138
853,853.0,8.0,16.0,35.73162364959717,128.0,1.0,333902.0,714674.0,0.6815662384033203,2.0,2.0,2.0,0.3046875,32.0,0.048204697804862556,0.030763763934373856,0.3104601502418518,41728.75,32.0,1.0,333902.0,166915.0,0.49989218393420826,128.0,1.0,5.158046905196825e-07,29.911922931671143,99.85212516784668,853.0,0.0,135.66368889808655
854,854.0,8.0,16.0,33.49022102355957,128.0,1.0,222664.0,825912.0,0.7876510620117188,2.0,2.0,2.0,0.40625,32.0,0.06601277548645698,0.03098743036389351,0.5327815413475037,27824.75,32.0,1.0,222664.0,111299.0,0.49985179463227103,128.0,1.0,5.149018409549196e-07,29.911922931671143,86.47934198379517,854.0,0.0,120.0275604724884
855,855.0,8.0,16.0,31.920108556747437,128.0,1.0,265294.0,783282.0,0.7469959259033203,2.0,2.0,2.0,0.1796875,32.0,0.0677762538880772,0.03471288084983826,0.4435809254646301,33152.75,32.0,1.0,265294.0,132611.0,0.49986430149192973,128.0,1.0,5.139989427561123e-07,29.911922931671143,89.47557187080383,855.0,0.0,121.46466970443726
856,856.0,8.0,16.0,31.30101752281189,128.0,1.0,247798.0,800778.0,0.7636814117431641,2.0,2.0,2.0,0.3125,32.0,0.06011415646919218,0.031978409737348557,0.4375947117805481,30967.25,32.0,1.0,247798.0,123869.0,0.4998789336475678,128.0,1.0,5.130959988699829e-07,29.911922931671143,78.10857582092285,856.0,0.0,109.47026348114014
857,857.0,8.0,16.0,23.447271585464478,128.0,1.0,236417.0,812159.0,0.7745351791381836,2.0,2.0,2.0,0.3515625,32.0,0.06680159397904425,0.03315059468150139,0.5232003331184387,29544.75,32.0,1.0,236417.0,118179.0,0.49987522047906874,128.0,1.0,5.121930122434035e-07,29.911922931671143,70.31923317909241,857.0,0.0,93.82938122749329
858,858.0,8.0,16.0,31.693712949752808,128.0,1.0,301064.0,747512.0,0.7128829956054688,2.0,2.0,2.0,0.3359375,32.0,0.05533559087999289,0.03453180193901062,0.38202130794525146,37625.0,32.0,1.0,301064.0,150500.0,0.49989371030744295,128.0,1.0,5.11289985823385e-07,29.911922931671143,90.09465503692627,858.0,0.0,121.86156010627747
859,859.0,8.0,16.0,17.600919485092163,128.0,1.0,187743.0,860833.0,0.8209543228149414,2.0,2.0,2.0,0.3828125,32.0,0.0761360574372528,0.03795802965760231,0.6228723526000977,23460.25,32.0,1.0,187743.0,93841.0,0.49983754387646945,128.0,1.0,5.103869225570686e-07,29.911922931671143,62.568312644958496,859.0,0.0,80.22021722793579
860,860.0,8.0,16.0,26.25899839401245,128.0,1.0,243448.0,805128.0,0.7678298950195312,2.0,2.0,2.0,0.40625,32.0,0.07226272560453724,0.03850401192903519,0.5362983345985413,30423.25,32.0,1.0,243448.0,121693.0,0.4998726627452269,128.0,1.0,5.094838253917155e-07,29.911922931671143,76.34531664848328,860.0,0.0,102.66797065734863
861,861.0,8.0,16.0,15.425916194915771,128.0,1.0,208076.0,840500.0,0.8015632629394531,2.0,2.0,2.0,0.53125,32.0,0.0630170687360018,0.031551338732242584,0.49476590752601624,26001.75,32.0,1.0,208076.0,104007.0,0.49985101597493226,128.0,1.0,5.085806972746978e-07,29.911922931671143,64.9556336402893,861.0,0.0,80.44185495376587
862,862.0,8.0,16.0,21.725526809692383,128.0,1.0,252308.0,796268.0,0.7593803405761719,2.0,2.0,2.0,0.28125,32.0,0.06916957364621713,0.037340231239795685,0.5192426443099976,31531.75,32.0,1.0,252308.0,126127.0,0.49989298793538056,128.0,1.0,5.076775411534881e-07,29.911922931671143,75.47397565841675,862.0,0.0,97.26097512245178
863,863.0,8.0,16.0,39.13675022125244,128.0,1.0,320051.0,728525.0,0.6947755813598633,2.0,2.0,2.0,0.5390625,32.0,0.04030237294811898,0.025295307859778404,0.3044483959674835,39998.5,32.0,1.0,320051.0,159994.0,0.49990157818597664,128.0,1.0,5.067743599756509e-07,29.911922931671143,117.0794141292572,863.0,0.0,156.29298090934753
864,864.0,8.0,16.0,36.215545415878296,128.0,1.0,293298.0,755278.0,0.7202892303466797,2.0,2.0,2.0,0.4921875,32.0,0.04089238556481424,0.024321459233760834,0.319643497467041,36654.75,32.0,1.0,293298.0,146619.0,0.49989771495202834,128.0,1.0,5.058711566888323e-07,29.911922931671143,102.03202199935913,864.0,0.0,138.3333625793457
865,865.0,8.0,16.0,35.29231786727905,128.0,1.0,294848.0,753728.0,0.71881103515625,2.0,2.0,2.0,0.4765625,32.0,0.0411487457924806,0.023251431062817574,0.5159807205200195,36847.25,32.0,1.0,294848.0,147389.0,0.49988129476883003,128.0,1.0,5.049679342407508e-07,29.911922931671143,99.40972709655762,865.0,0.0,134.77487874031067
866,866.0,8.0,16.0,37.802067041397095,128.0,1.0,348936.0,699640.0,0.6672286987304688,2.0,2.0,2.0,0.359375,32.0,0.05327323992829683,0.031331248581409454,0.3338988423347473,43608.25,32.0,1.0,348936.0,174433.0,0.499899695073022,128.0,1.0,5.040646955791868e-07,29.911922931671143,101.5883207321167,866.0,0.0,139.48094630241394
867,867.0,8.0,16.0,25.61207628250122,128.0,1.0,260295.0,788281.0,0.7517633438110352,2.0,2.0,2.0,0.4296875,32.0,0.05681306124069929,0.03207038715481758,0.3958464562892914,32529.0,32.0,1.0,260295.0,130116.0,0.499878983461073,128.0,1.0,5.031614436519742e-07,29.911922931671143,85.12945675849915,867.0,0.0,110.81641244888306
868,868.0,8.0,16.0,31.189358711242676,128.0,1.0,273590.0,774986.0,0.7390842437744141,2.0,2.0,2.0,0.4453125,32.0,0.06316083000957559,0.03420290723443031,0.406797856092453,34191.0,32.0,1.0,273590.0,136764.0,0.4998866917650499,128.0,1.0,5.022581814069902e-07,29.911922931671143,91.29788589477539,868.0,0.0,122.55559802055359
869,869.0,8.0,16.0,16.894070863723755,128.0,1.0,179495.0,869081.0,0.8288202285766602,2.0,2.0,2.0,0.4453125,32.0,0.08043043579703679,0.04124454781413078,0.6497739553451538,22429.5,32.0,1.0,179495.0,89718.0,0.49983565001810637,128.0,1.0,5.013549117921452e-07,29.911922931671143,62.038114070892334,869.0,0.0,78.98458933830261
870,870.0,8.0,16.0,31.111241340637207,128.0,1.0,248501.0,800075.0,0.7630109786987305,2.0,2.0,2.0,0.6875,32.0,0.042816653749208226,0.024304036051034927,0.3866000473499298,31054.75,32.0,1.0,248501.0,124219.0,0.49987323994672056,128.0,1.0,5.004516377553742e-07,29.911922931671143,83.88728451728821,870.0,0.0,115.07287645339966
871,871.0,8.0,16.0,32.24310374259949,128.0,1.0,226045.0,822531.0,0.7844266891479492,2.0,2.0,2.0,0.4375,32.0,0.07139255575208009,0.03420308604836464,0.5429155826568604,28247.0,32.0,1.0,226045.0,112988.0,0.4998473755225729,128.0,1.0,4.99548362244626e-07,29.911922931671143,73.95471811294556,871.0,0.0,106.25598788261414
872,872.0,8.0,16.0,25.379119873046875,128.0,1.0,225218.0,823358.0,0.7852153778076172,2.0,2.0,2.0,0.6640625,32.0,0.06599332893023324,0.03444233164191246,0.45337969064712524,28144.0,32.0,1.0,225218.0,112576.0,0.4998534752994876,128.0,1.0,4.986450882078548e-07,29.911922931671143,73.49401950836182,872.0,0.0,98.93327856063843
873,873.0,8.0,16.0,23.516072511672974,128.0,1.0,209699.0,838877.0,0.8000154495239258,2.0,2.0,2.0,0.6328125,32.0,0.048851396093665435,0.02517634443938732,0.4893624186515808,26204.5,32.0,1.0,209699.0,104818.0,0.499849784691391,128.0,1.0,4.977418185930099e-07,29.911922931671143,69.43025827407837,873.0,0.0,93.00270628929138
874,874.0,8.0,16.0,25.261794567108154,128.0,1.0,223750.0,824826.0,0.7866153717041016,2.0,2.0,2.0,0.4140625,32.0,0.06953428719451463,0.038997452706098557,0.41320931911468506,27959.25,32.0,1.0,223750.0,111837.0,0.4998301675977654,128.0,1.0,4.968385563480258e-07,29.911922931671143,79.3830018043518,874.0,0.0,104.70571780204773
875,875.0,8.0,16.0,34.221391677856445,128.0,1.0,281840.0,766736.0,0.7312164306640625,2.0,2.0,2.0,0.46875,32.0,0.0475121284177629,0.025008155032992363,0.37774431705474854,35223.25,32.0,1.0,281840.0,140893.0,0.4999042009650866,128.0,1.0,4.959353044208133e-07,29.911922931671143,89.61775875091553,875.0,0.0,123.91368412971497
876,876.0,8.0,16.0,28.711665868759155,128.0,1.0,249788.0,798788.0,0.7617835998535156,2.0,2.0,2.0,0.421875,32.0,0.054881724066007095,0.03000219166278839,0.3768274188041687,31216.0,32.0,1.0,249788.0,124864.0,0.49987989815363426,128.0,1.0,4.950320657592494e-07,29.911922931671143,87.33743715286255,876.0,0.0,116.11211848258972
877,877.0,8.0,16.0,22.424389362335205,128.0,1.0,166150.0,882426.0,0.8415470123291016,2.0,2.0,2.0,0.5546875,32.0,0.06216206289337512,0.030912652611732483,0.5085986256599426,20761.0,32.0,1.0,166150.0,83044.0,0.49981342160698167,128.0,1.0,4.941288433111677e-07,29.911922931671143,61.075387954711914,877.0,0.0,83.55180096626282
878,878.0,8.0,16.0,28.607540607452393,128.0,1.0,288425.0,760151.0,0.7249364852905273,2.0,2.0,2.0,0.25,32.0,0.06057843691059007,0.03281240910291672,0.43217429518699646,36044.25,32.0,1.0,288425.0,144177.0,0.4998769177429141,128.0,1.0,4.932256400243492e-07,29.911922931671143,82.7160279750824,878.0,0.0,111.39625120162964
879,879.0,8.0,16.0,34.331937074661255,128.0,1.0,258551.0,790025.0,0.7534265518188477,2.0,2.0,2.0,0.40625,32.0,0.0611438278654896,0.03435993194580078,0.48077183961868286,32311.25,32.0,1.0,258551.0,129245.0,0.49988203487899874,128.0,1.0,4.92322458846512e-07,29.911922931671143,99.14761304855347,879.0,0.0,133.545902967453
880,880.0,8.0,16.0,28.288366556167603,128.0,1.0,256640.0,791936.0,0.7552490234375,2.0,2.0,2.0,0.3828125,32.0,0.08417474004579464,0.04863252118229866,0.5851512551307678,32072.5,32.0,1.0,256640.0,128290.0,0.4998831047381546,128.0,1.0,4.914193027253025e-07,29.911922931671143,81.93111848831177,880.0,0.0,110.2832453250885
881,881.0,8.0,16.0,37.70204281806946,128.0,1.0,327897.0,720679.0,0.6872930526733398,2.0,2.0,2.0,0.28125,32.0,0.039559677773264516,0.024398978799581528,0.29495468735694885,40979.25,32.0,1.0,327897.0,163917.0,0.49990393324733073,128.0,1.0,4.905161746082844e-07,29.911922931671143,94.56374478340149,881.0,0.0,132.34378838539124
882,882.0,8.0,16.0,22.833663940429688,128.0,1.0,269722.0,778854.0,0.7427730560302734,2.0,2.0,2.0,0.234375,32.0,0.0581688306557921,0.03057338111102581,0.41344717144966125,33707.25,32.0,1.0,269722.0,134829.0,0.49988135932552774,128.0,1.0,4.896130774429314e-07,29.911922931671143,79.03709053993225,882.0,0.0,101.94250679016113
883,883.0,8.0,16.0,30.46842670440674,128.0,1.0,195709.0,852867.0,0.8133573532104492,2.0,2.0,2.0,0.5234375,32.0,0.06755723908324451,0.03151709958910942,0.5247432589530945,24454.5,32.0,1.0,195709.0,97818.0,0.4998134986127363,128.0,1.0,4.887100141766149e-07,29.911922931671143,70.89513540267944,883.0,0.0,101.41603493690491
884,884.0,8.0,16.0,26.961670398712158,128.0,1.0,182419.0,866157.0,0.8260316848754883,2.0,2.0,2.0,0.5546875,32.0,0.04997404793227454,0.02410086989402771,0.4846189022064209,22794.0,32.0,1.0,182419.0,91176.0,0.49981635684879316,128.0,1.0,4.878069877565966e-07,29.911922931671143,74.39039444923401,884.0,0.0,101.40410304069519
885,885.0,8.0,16.0,31.36373472213745,128.0,1.0,265167.0,783409.0,0.7471170425415039,2.0,2.0,2.0,0.34375,32.0,0.04396701820597816,0.02686120942234993,0.5167463421821594,33138.5,32.0,1.0,265167.0,132554.0,0.4998887493541806,128.0,1.0,4.869040011300171e-07,29.911922931671143,92.83843040466309,885.0,0.0,124.27151918411255
886,886.0,8.0,16.0,35.32372069358826,128.0,1.0,295809.0,752767.0,0.7178945541381836,2.0,2.0,2.0,0.375,32.0,0.04909882381301001,0.028708986937999725,0.3788776099681854,36968.25,32.0,1.0,295809.0,147873.0,0.49989351236777785,128.0,1.0,4.860010572438878e-07,29.911922931671143,88.61956763267517,886.0,0.0,124.01411819458008
887,887.0,8.0,16.0,33.470378160476685,128.0,1.0,235804.0,812772.0,0.7751197814941406,2.0,2.0,2.0,0.53125,32.0,0.05933893507700317,0.03193706274032593,0.4584853947162628,29467.25,32.0,1.0,235804.0,117869.0,0.49986005326457567,128.0,1.0,4.850981590450804e-07,29.911922931671143,76.69434785842896,887.0,0.0,110.23597288131714
888,888.0,8.0,16.0,25.894614458084106,128.0,1.0,313997.0,734579.0,0.7005491256713867,2.0,2.0,2.0,0.171875,32.0,0.07024711025903647,0.04253191128373146,0.4432859718799591,39241.75,32.0,1.0,313997.0,156967.0,0.4998996805701965,128.0,1.0,4.841953094803173e-07,29.911922931671143,89.91088080406189,888.0,0.0,115.88225150108337
889,889.0,8.0,16.0,24.05564022064209,128.0,1.0,199623.0,848953.0,0.8096246719360352,2.0,2.0,2.0,0.4453125,32.0,0.06642068672166361,0.036789923906326294,0.49813345074653625,24943.75,32.0,1.0,199623.0,99775.0,0.4998171553378118,128.0,1.0,4.832925114961628e-07,29.911922931671143,72.99208235740662,889.0,0.0,97.10124182701111
890,890.0,8.0,16.0,28.876900911331177,128.0,1.0,261589.0,786987.0,0.7505292892456055,2.0,2.0,2.0,0.546875,32.0,0.04953367129340933,0.02676776424050331,0.4480525851249695,32690.5,32.0,1.0,261589.0,130762.0,0.4998757593018055,128.0,1.0,4.823897680390119e-07,29.911922931671143,92.6252019405365,890.0,0.0,121.56624960899353
891,891.0,8.0,16.0,34.93814420700073,128.0,1.0,309068.0,739508.0,0.7052497863769531,2.0,2.0,2.0,0.4609375,32.0,0.04810865766495895,0.027566350996494293,0.38504472374916077,38624.75,32.0,1.0,309068.0,154499.0,0.4998867563125267,128.0,1.0,4.814870820550821e-07,29.911922931671143,99.70307087898254,891.0,0.0,134.712993144989
892,892.0,8.0,16.0,30.26383376121521,128.0,1.0,296566.0,752010.0,0.7171726226806641,2.0,2.0,2.0,0.375,32.0,0.06692674116450516,0.03467314690351486,0.422654926776886,37062.25,32.0,1.0,296566.0,148249.0,0.4998853543561973,128.0,1.0,4.80584456490404e-07,29.911922931671143,90.17508125305176,892.0,0.0,120.51420068740845
893,893.0,8.0,16.0,33.9406840801239,128.0,1.0,265056.0,783520.0,0.747222900390625,2.0,2.0,2.0,0.4609375,32.0,0.0601054454068009,0.033796366304159164,0.4125126898288727,33124.75,32.0,1.0,265056.0,132499.0,0.4998905891585174,128.0,1.0,4.796818942908099e-07,29.911922931671143,90.34068512916565,893.0,0.0,124.35097789764404
894,894.0,8.0,16.0,20.013965368270874,128.0,1.0,196205.0,852371.0,0.8128843307495117,2.0,2.0,2.0,0.609375,32.0,0.07143655365538402,0.03523159772157669,0.5940625071525574,24518.25,32.0,1.0,196205.0,98073.0,0.4998496470528274,128.0,1.0,4.787793984019259e-07,29.911922931671143,71.18362498283386,894.0,0.0,91.24986124038696
895,895.0,8.0,16.0,28.571871995925903,128.0,1.0,295114.0,753462.0,0.7185573577880859,2.0,2.0,2.0,0.34375,32.0,0.060145850185894995,0.029504302889108658,0.4679678976535797,36882.5,32.0,1.0,295114.0,147530.0,0.4999085099317552,128.0,1.0,4.778769717691616e-07,29.911922931671143,83.40292239189148,895.0,0.0,112.04360365867615
896,896.0,8.0,16.0,37.09296989440918,128.0,1.0,256083.0,792493.0,0.7557802200317383,2.0,2.0,2.0,0.4765625,32.0,0.04396326690174237,0.02074339985847473,0.5110646486282349,32002.75,32.0,1.0,256083.0,128011.0,0.49988089799010477,128.0,1.0,4.769746173377005e-07,29.911922931671143,101.20975637435913,896.0,0.0,138.3665771484375
897,897.0,8.0,16.0,27.713401556015015,128.0,1.0,172734.0,875842.0,0.8352680206298828,2.0,2.0,2.0,0.46875,32.0,0.06126136092870708,0.027579305693507195,0.6796144843101501,21583.75,32.0,1.0,172734.0,86335.0,0.4998147440573367,128.0,1.0,4.760723380524906e-07,29.911922931671143,65.74541091918945,897.0,0.0,93.5061776638031
898,898.0,8.0,16.0,33.11656594276428,128.0,1.0,247662.0,800914.0,0.7638111114501953,2.0,2.0,2.0,0.53125,32.0,0.059975939207640785,0.028903799131512642,0.520235002040863,30951.0,32.0,1.0,247662.0,123804.0,0.4998909804491605,128.0,1.0,4.7517013685823464e-07,29.911922931671143,88.46058487892151,898.0,0.0,121.64180326461792
899,899.0,8.0,16.0,24.133658170700073,128.0,1.0,212346.0,836230.0,0.7974910736083984,2.0,2.0,2.0,0.4765625,32.0,0.054273845418550924,0.023697806522250175,0.6130850911140442,26535.75,32.0,1.0,212346.0,106143.0,0.4998587211437936,128.0,1.0,4.7426801669938026e-07,29.911922931671143,74.98282265663147,899.0,0.0,99.17773532867432
900,900.0,8.0,16.0,25.243465900421143,128.0,1.0,202293.0,846283.0,0.8070783615112305,2.0,2.0,2.0,0.5,32.0,0.0571135908183618,0.0251387357711792,0.5363370776176453,25278.75,32.0,1.0,202293.0,101115.0,0.49984428526938646,128.0,1.0,4.733659805201108e-07,29.911922931671143,78.7211651802063,900.0,0.0,434.3399109840393
901,901.0,8.0,16.0,29.555025100708008,128.0,1.0,254123.0,794453.0,0.7576494216918945,2.0,2.0,2.0,0.4609375,32.0,0.04245856184410994,0.02252190187573433,0.4716033935546875,31756.75,32.0,1.0,254123.0,127027.0,0.49986423897089205,128.0,1.0,4.724640312643357e-07,29.911922931671143,85.02744817733765,901.0,0.0,114.6465425491333
902,902.0,8.0,16.0,28.358436584472656,128.0,1.0,196955.0,851621.0,0.812169075012207,2.0,2.0,2.0,0.5703125,32.0,0.06677807367010896,0.031152576208114624,0.48642784357070923,24610.5,32.0,1.0,196955.0,98442.0,0.49981975578177756,128.0,1.0,4.7156217187568046e-07,29.911922931671143,74.3150749206543,902.0,0.0,102.73171472549438
903,903.0,8.0,16.0,33.70034599304199,128.0,1.0,308830.0,739746.0,0.7054767608642578,2.0,2.0,2.0,0.40625,32.0,0.05149984218803454,0.027451736852526665,0.42706504464149475,38596.25,32.0,1.0,308830.0,154385.0,0.49990285917818866,128.0,1.0,4.706604052974773e-07,29.911922931671143,89.64045405387878,903.0,0.0,123.41510653495789
904,904.0,8.0,16.0,35.65099477767944,128.0,1.0,287568.0,761008.0,0.7257537841796875,2.0,2.0,2.0,0.4453125,32.0,0.04018732275972569,0.0217382051050663,0.4053693115711212,35938.5,32.0,1.0,287568.0,143754.0,0.49989567684860625,128.0,1.0,4.6975873447275567e-07,29.911922931671143,103.30786895751953,904.0,0.0,139.03370213508606
905,905.0,8.0,16.0,24.722872495651245,128.0,1.0,257670.0,790906.0,0.7542667388916016,2.0,2.0,2.0,0.3984375,32.0,0.07060640789524751,0.039984382688999176,0.46234700083732605,32200.5,32.0,1.0,257670.0,128802.0,0.49987192921178253,128.0,1.0,4.6885716234423234e-07,29.911922931671143,80.30297422409058,905.0,0.0,105.11869692802429
906,906.0,8.0,16.0,40.337703704833984,128.0,1.0,351276.0,697300.0,0.6649971008300781,2.0,2.0,2.0,0.4765625,32.0,0.048015537711038066,0.03070741891860962,0.33235374093055725,43901.75,32.0,1.0,351276.0,175607.0,0.4999117503046038,128.0,1.0,4.6795569185430224e-07,29.911922931671143,137.05475568771362,906.0,0.0,177.4794566631317
907,907.0,8.0,16.0,32.460325479507446,128.0,1.0,316937.0,731639.0,0.6977453231811523,2.0,2.0,2.0,0.2734375,32.0,0.04801154865093747,0.02607567049562931,0.36070671677589417,39610.0,32.0,1.0,316937.0,158440.0,0.499910076766045,128.0,1.0,4.670543259450286e-07,29.911922931671143,94.71608567237854,907.0,0.0,127.25149536132812
908,908.0,8.0,16.0,26.648844957351685,128.0,1.0,262795.0,785781.0,0.7493791580200195,2.0,2.0,2.0,0.3984375,32.0,0.05874995884825061,0.03187961131334305,0.431690514087677,32840.75,32.0,1.0,262795.0,131363.0,0.4998687189634506,128.0,1.0,4.6615306755813254e-07,29.911922931671143,77.12528586387634,908.0,0.0,103.84586095809937
909,909.0,8.0,16.0,27.15626335144043,128.0,1.0,231678.0,816898.0,0.7790546417236328,2.0,2.0,2.0,0.4453125,32.0,0.060754240896414805,0.029707571491599083,0.4760843515396118,28952.5,32.0,1.0,231678.0,115810.0,0.49987482626749197,128.0,1.0,4.6525191963498544e-07,29.911922931671143,84.09356331825256,909.0,0.0,111.31452012062073
910,910.0,8.0,16.0,30.007301568984985,128.0,1.0,268166.0,780410.0,0.7442569732666016,2.0,2.0,2.0,0.484375,32.0,0.051297057946788696,0.026821952313184738,0.8969280123710632,33513.75,32.0,1.0,268166.0,134055.0,0.49989558706174536,128.0,1.0,4.6435088511659745e-07,29.911922931671143,82.4875910282135,910.0,0.0,112.5758421421051
911,911.0,8.0,16.0,23.650324821472168,128.0,1.0,209252.0,839324.0,0.8004417419433594,2.0,2.0,2.0,0.5703125,32.0,0.05769432266022644,0.030874179676175117,0.5300034880638123,26148.25,32.0,1.0,209252.0,104593.0,0.4998422954141418,128.0,1.0,4.634499669436091e-07,29.911922931671143,77.04404187202454,911.0,0.0,100.75028944015503
912,912.0,8.0,16.0,21.817965269088745,128.0,1.0,222588.0,825988.0,0.7877235412597656,2.0,2.0,2.0,0.390625,32.0,0.06306107832845166,0.030483385547995567,0.6326227784156799,27814.75,32.0,1.0,222588.0,111259.0,0.49984275881898393,128.0,1.0,4.625491680562804e-07,29.911922931671143,75.53608870506287,912.0,0.0,97.41887402534485
913,913.0,8.0,16.0,21.29416275024414,128.0,1.0,223890.0,824686.0,0.7864818572998047,2.0,2.0,2.0,0.5078125,32.0,0.060938464519516775,0.03045792318880558,0.6992673873901367,27978.5,32.0,1.0,223890.0,111914.0,0.4998615391486891,128.0,1.0,4.616484913944827e-07,29.911922931671143,72.61956906318665,913.0,0.0,93.9833607673645
914,914.0,8.0,16.0,29.367079257965088,128.0,1.0,267384.0,781192.0,0.7450027465820312,2.0,2.0,2.0,0.3359375,32.0,0.04539950905469292,0.024472013115882874,0.40696054697036743,33416.0,32.0,1.0,267384.0,133664.0,0.49989528169224784,128.0,1.0,4.607479398976884e-07,29.911922931671143,84.63487601280212,914.0,0.0,114.0692687034607
915,915.0,8.0,16.0,34.20260167121887,128.0,1.0,325201.0,723375.0,0.6898641586303711,2.0,2.0,2.0,0.34375,32.0,0.05303278762307308,0.0320146307349205,0.3530663549900055,40642.5,32.0,1.0,325201.0,162570.0,0.4999062118505171,128.0,1.0,4.5984751650496125e-07,29.911922931671143,97.42233228683472,915.0,0.0,131.70643138885498
916,916.0,8.0,16.0,20.688243627548218,128.0,1.0,160999.0,887577.0,0.8464593887329102,2.0,2.0,2.0,0.6796875,32.0,0.06521641690216838,0.03231065720319748,0.661008358001709,20116.5,32.0,1.0,160999.0,80466.0,0.4997919241734421,128.0,1.0,4.5894722415494727e-07,29.911922931671143,59.323498249053955,916.0,0.0,80.064621925354
917,917.0,8.0,16.0,29.51907181739807,128.0,1.0,263042.0,785534.0,0.7491436004638672,2.0,2.0,2.0,0.46875,32.0,0.05143133677820476,0.02722889371216297,0.44396933913230896,32873.0,32.0,1.0,263042.0,131492.0,0.4998897514465371,128.0,1.0,4.5804706578586404e-07,29.911922931671143,79.73784184455872,917.0,0.0,109.32447576522827
918,918.0,8.0,16.0,25.997216939926147,128.0,1.0,189481.0,859095.0,0.8192968368530273,2.0,2.0,2.0,0.53125,32.0,0.058854228945547524,0.031838301569223404,0.5370157361030579,23677.5,32.0,1.0,189481.0,94710.0,0.4998390339928542,128.0,1.0,4.5714704433549266e-07,29.911922931671143,73.48542261123657,918.0,0.0,99.53505229949951
919,919.0,8.0,16.0,30.86585283279419,128.0,1.0,249487.0,799089.0,0.7620706558227539,2.0,2.0,2.0,0.5,32.0,0.057359735853880434,0.028777867555618286,0.4703865349292755,31177.5,32.0,1.0,249487.0,124710.0,0.4998657244666055,128.0,1.0,4.562471627411669e-07,29.911922931671143,80.25247144699097,919.0,0.0,111.18089032173157
920,920.0,8.0,16.0,23.108906745910645,128.0,1.0,212507.0,836069.0,0.797337532043457,2.0,2.0,2.0,0.65625,32.0,0.06464571896847181,0.03411024436354637,0.4923996925354004,26555.5,32.0,1.0,212507.0,106222.0,0.4998517695887665,128.0,1.0,4.5534742393976456e-07,29.911922931671143,74.94606351852417,920.0,0.0,98.11651849746704
921,921.0,8.0,16.0,35.302934408187866,128.0,1.0,309052.0,739524.0,0.7052650451660156,2.0,2.0,2.0,0.3203125,32.0,0.05042093656873723,0.02938939817249775,0.3409651219844818,38625.25,32.0,1.0,309052.0,154501.0,0.49991910746411605,128.0,1.0,4.5444783086769665e-07,29.911922931671143,89.5717236995697,921.0,0.0,124.95291090011597
922,922.0,8.0,16.0,19.941657543182373,128.0,1.0,171282.0,877294.0,0.8366527557373047,2.0,2.0,2.0,0.765625,32.0,0.04750729848742443,0.02257712185382843,0.6156736612319946,21401.75,32.0,1.0,171282.0,85607.0,0.49980149694655596,128.0,1.0,4.5354838646089943e-07,29.911922931671143,61.30320906639099,922.0,0.0,81.29427242279053
923,923.0,8.0,16.0,18.22692561149597,128.0,1.0,184919.0,863657.0,0.8236474990844727,2.0,2.0,2.0,0.578125,32.0,0.07182522930415972,0.032598771154880524,0.6044936180114746,23108.5,32.0,1.0,184919.0,92434.0,0.49986210178510593,128.0,1.0,4.526490936548234e-07,29.911922931671143,61.480085134506226,923.0,0.0,79.757652759552
924,924.0,8.0,16.0,16.805777311325073,128.0,1.0,188121.0,860455.0,0.8205938339233398,2.0,2.0,2.0,0.7265625,32.0,0.05311958160731442,0.023892398923635483,0.4659605920314789,23507.0,32.0,1.0,188121.0,94028.0,0.4998272388515902,128.0,1.0,4.517499553844246e-07,29.911922931671143,59.67804455757141,924.0,0.0,76.55074429512024
925,925.0,8.0,16.0,26.023144960403442,128.0,1.0,246536.0,802040.0,0.7648849487304688,2.0,2.0,2.0,0.40625,32.0,0.05216239757559117,0.02492699958384037,0.4352494180202484,30808.75,32.0,1.0,246536.0,123235.0,0.49986614530940715,128.0,1.0,4.5085097458415455e-07,29.911922931671143,76.81559538841248,925.0,0.0,102.8988025188446
926,926.0,8.0,16.0,20.00656247138977,128.0,1.0,191662.0,856914.0,0.8172168731689453,2.0,2.0,2.0,0.5390625,32.0,0.06316310030891048,0.030955931171774864,0.5050098299980164,23948.75,32.0,1.0,191662.0,95795.0,0.49981216933977524,128.0,1.0,4.499521541879508e-07,29.911922931671143,71.76344847679138,926.0,0.0,91.82596516609192
927,927.0,8.0,16.0,20.664859294891357,128.0,1.0,208914.0,839662.0,0.8007640838623047,2.0,2.0,2.0,0.40625,32.0,0.0623105267139929,0.03008335456252098,0.512520968914032,26106.25,32.0,1.0,208914.0,104425.0,0.49984682692399746,128.0,1.0,4.4905349712922763e-07,29.911922931671143,68.35129261016846,927.0,0.0,89.07350564002991
928,928.0,8.0,16.0,36.4947874546051,128.0,1.0,304955.0,743621.0,0.709172248840332,2.0,2.0,2.0,0.4140625,32.0,0.04823761251819571,0.028965463861823082,0.36639681458473206,38112.0,32.0,1.0,304955.0,152448.0,0.49990326441606137,128.0,1.0,4.48155006340866e-07,29.911922931671143,91.94115161895752,928.0,0.0,128.50843977928162
929,929.0,8.0,16.0,27.39410161972046,128.0,1.0,274054.0,774522.0,0.7386417388916016,2.0,2.0,2.0,0.4609375,32.0,0.07511368736123944,0.03841228783130646,0.5954020023345947,34249.5,32.0,1.0,274054.0,136998.0,0.4998941814386946,128.0,1.0,4.4725668475520466e-07,29.911922931671143,79.9619996547699,929.0,0.0,107.4246928691864
930,930.0,8.0,16.0,33.51736068725586,128.0,1.0,269288.0,779288.0,0.7431869506835938,2.0,2.0,2.0,0.3125,32.0,0.06589248964792481,0.034976426512002945,0.45699208974838257,33654.0,32.0,1.0,269288.0,134616.0,0.49989602210273015,128.0,1.0,4.4635853530402936e-07,29.911922931671143,81.97649312019348,930.0,0.0,115.55942440032959
931,931.0,8.0,16.0,27.80993628501892,128.0,1.0,222724.0,825852.0,0.7875938415527344,2.0,2.0,2.0,0.2578125,32.0,0.05436036933640027,0.028351109474897385,0.41413167119026184,27833.5,32.0,1.0,222724.0,111334.0,0.49987428386702826,128.0,1.0,4.4546056091856465e-07,29.911922931671143,73.64203143119812,931.0,0.0,101.51350021362305
932,932.0,8.0,16.0,32.682770013809204,128.0,1.0,258407.0,790169.0,0.7535638809204102,2.0,2.0,2.0,0.2734375,32.0,0.06981918169918404,0.036073967814445496,0.4750303328037262,32293.25,32.0,1.0,258407.0,129173.0,0.4998819691417028,128.0,1.0,4.4456276452946375e-07,29.911922931671143,86.35884094238281,932.0,0.0,119.10747218132019
933,933.0,8.0,16.0,32.49029302597046,128.0,1.0,226263.0,822313.0,0.7842187881469727,2.0,2.0,2.0,0.5625,32.0,0.07067475914990218,0.040052857249975204,0.4683992862701416,28275.75,32.0,1.0,226263.0,113103.0,0.4998740403866297,128.0,1.0,4.4366514906679875e-07,29.911922931671143,82.73423218727112,933.0,0.0,115.28311610221863
934,934.0,8.0,16.0,35.499351501464844,128.0,1.0,329892.0,718684.0,0.6853904724121094,2.0,2.0,2.0,0.21875,32.0,0.05987496693333771,0.03467207029461861,0.41469261050224304,41229.0,32.0,1.0,329892.0,164916.0,0.49990906114728456,128.0,1.0,4.427677174600517e-07,29.911922931671143,90.63810229301453,934.0,0.0,126.2128279209137
935,935.0,8.0,16.0,35.4907865524292,128.0,1.0,320170.0,728406.0,0.6946620941162109,2.0,2.0,2.0,0.171875,32.0,0.04706097735387077,0.029433131217956543,0.3790748715400696,40014.0,32.0,1.0,320170.0,160056.0,0.499909423118968,128.0,1.0,4.418704726381037e-07,29.911922931671143,95.71325087547302,935.0,0.0,131.28084564208984
936,936.0,8.0,16.0,30.86841320991516,128.0,1.0,276986.0,771590.0,0.7358455657958984,2.0,2.0,2.0,0.40625,32.0,0.05117736271886698,0.0322171188890934,0.3746528923511505,34614.5,32.0,1.0,276986.0,138458.0,0.49987363982295135,128.0,1.0,4.40973417529227e-07,29.911922931671143,95.94934749603271,936.0,0.0,126.88556027412415
937,937.0,8.0,16.0,27.221434116363525,128.0,1.0,255011.0,793565.0,0.7568025588989258,2.0,2.0,2.0,0.3359375,32.0,0.06579051527499977,0.03745173290371895,0.4481629729270935,31869.0,32.0,1.0,255011.0,127476.0,0.49988431871566325,128.0,1.0,4.400765550610747e-07,29.911922931671143,82.57158279418945,937.0,0.0,109.8754940032959
938,938.0,8.0,16.0,35.093406438827515,128.0,1.0,257454.0,791122.0,0.7544727325439453,2.0,2.0,2.0,0.3515625,32.0,0.05172649729218759,0.027995074167847633,0.37128621339797974,32174.25,32.0,1.0,257454.0,128697.0,0.4998834743293948,128.0,1.0,4.3917988816067083e-07,29.911922931671143,94.63557767868042,938.0,0.0,129.79685521125793
939,939.0,8.0,16.0,14.553155183792114,128.0,1.0,169069.0,879507.0,0.8387632369995117,2.0,2.0,2.0,0.625,32.0,0.05873447531507249,0.025568120181560516,0.5208624005317688,21124.5,32.0,1.0,169069.0,84498.0,0.49978411181233695,128.0,1.0,4.382834197544013e-07,29.911922931671143,58.67842674255371,939.0,0.0,73.28948187828064
940,940.0,8.0,16.0,27.325136184692383,128.0,1.0,211456.0,837120.0,0.79833984375,2.0,2.0,2.0,0.6796875,32.0,0.043677967233398604,0.024426152929663658,0.37888669967651367,26423.5,32.0,1.0,211456.0,105694.0,0.49983921004842613,128.0,1.0,4.373871527680043e-07,29.911922931671143,79.48186373710632,940.0,0.0,106.86612439155579
941,941.0,8.0,16.0,34.252888202667236,128.0,1.0,245482.0,803094.0,0.7658901214599609,2.0,2.0,2.0,0.4140625,32.0,0.05408620906389521,0.02699350006878376,0.44672995805740356,30678.25,32.0,1.0,245482.0,122713.0,0.49988593868389536,128.0,1.0,4.364910901265606e-07,29.911922931671143,85.20458364486694,941.0,0.0,119.51849293708801
942,942.0,8.0,16.0,23.847126483917236,128.0,1.0,244916.0,803660.0,0.7664299011230469,2.0,2.0,2.0,0.46875,32.0,0.07163001416287774,0.04010959342122078,0.49123069643974304,30607.25,32.0,1.0,244916.0,122429.0,0.49988159205605187,128.0,1.0,4.355952347544841e-07,29.911922931671143,77.81938886642456,942.0,0.0,101.73045539855957
943,943.0,8.0,16.0,21.439523696899414,128.0,1.0,211484.0,837092.0,0.7983131408691406,2.0,2.0,2.0,0.5546875,32.0,0.08110213440049502,0.043166548013687134,0.629478394985199,26427.25,32.0,1.0,211484.0,105709.0,0.4998439598267481,128.0,1.0,4.346995895755123e-07,29.911922931671143,72.11485362052917,943.0,0.0,93.61172008514404
944,944.0,8.0,16.0,19.441345691680908,128.0,1.0,153991.0,894585.0,0.8531427383422852,2.0,2.0,2.0,0.671875,32.0,0.060541333414706744,0.023329464718699455,0.6360302567481995,19241.0,32.0,1.0,153991.0,76964.0,0.4997954425908008,128.0,1.0,4.338041575126964e-07,29.911922931671143,64.11380910873413,944.0,0.0,83.6016354560852
945,945.0,8.0,16.0,17.944746017456055,128.0,1.0,161320.0,887256.0,0.8461532592773438,2.0,2.0,2.0,0.625,32.0,0.07783672766681288,0.03564339503645897,0.6067886352539062,20157.75,32.0,1.0,161320.0,80631.0,0.4998202330771138,128.0,1.0,4.3290894148839237e-07,29.911922931671143,62.24406123161316,945.0,0.0,80.23883628845215
946,946.0,8.0,16.0,30.27473735809326,128.0,1.0,280215.0,768361.0,0.7327661514282227,2.0,2.0,2.0,0.453125,32.0,0.054223882342324115,0.028778444975614548,0.3789323568344116,35017.25,32.0,1.0,280215.0,140069.0,0.4998626054993487,128.0,1.0,4.320139444242511e-07,29.911922931671143,83.54317855834961,946.0,0.0,113.88978505134583
947,947.0,8.0,16.0,20.391494750976562,128.0,1.0,214584.0,833992.0,0.7953567504882812,2.0,2.0,2.0,0.6640625,32.0,0.058275677567630836,0.02833583578467369,0.45242616534233093,26815.5,32.0,1.0,214584.0,107262.0,0.49986019460910414,128.0,1.0,4.3111916924120895e-07,29.911922931671143,73.7662000656128,947.0,0.0,94.21655535697937
948,948.0,8.0,16.0,26.375068426132202,128.0,1.0,248166.0,800410.0,0.7633304595947266,2.0,2.0,2.0,0.359375,32.0,0.06216231987023489,0.03424343094229698,0.4915688633918762,31012.25,32.0,1.0,248166.0,124049.0,0.49986299493081243,128.0,1.0,4.302246188594776e-07,29.911922931671143,74.46430969238281,948.0,0.0,100.90548181533813
949,949.0,8.0,16.0,15.125643253326416,128.0,1.0,163388.0,885188.0,0.8441810607910156,2.0,2.0,2.0,0.7734375,32.0,0.04470645920347268,0.019816724583506584,1.3199045658111572,20415.0,32.0,1.0,163388.0,81660.0,0.49979190638235366,128.0,1.0,4.2933029619853574e-07,29.911922931671143,64.04402661323547,949.0,0.0,79.21520256996155
950,950.0,8.0,16.0,31.05849552154541,128.0,1.0,318493.0,730083.0,0.6962614059448242,2.0,2.0,2.0,0.296875,32.0,0.056879255864282774,0.03245781362056732,0.34740835428237915,39803.5,32.0,1.0,318493.0,159214.0,0.4998979569409689,128.0,1.0,4.284362041771185e-07,29.911922931671143,93.84537625312805,950.0,0.0,434.8815755844116
951,951.0,8.0,16.0,21.756551027297974,128.0,1.0,267879.0,780697.0,0.7445306777954102,2.0,2.0,2.0,0.4609375,32.0,0.06340940061155914,0.032107654958963394,0.41081592440605164,33477.25,32.0,1.0,267879.0,133909.0,0.4998861426240952,128.0,1.0,4.2754234571320874e-07,29.911922931671143,78.60407018661499,951.0,0.0,100.44079804420471
952,952.0,8.0,16.0,36.03967237472534,128.0,1.0,341974.0,706602.0,0.6738681793212891,2.0,2.0,2.0,0.203125,32.0,0.0648348831663313,0.03753240406513214,0.41245952248573303,42739.0,32.0,1.0,341974.0,170956.0,0.49990934983361307,128.0,1.0,4.266487237240261e-07,29.911922931671143,91.64200091362,952.0,0.0,127.78126120567322
953,953.0,8.0,16.0,26.45120906829834,128.0,1.0,250275.0,798301.0,0.7613191604614258,2.0,2.0,2.0,0.5234375,32.0,0.04941044998725541,0.026881840080022812,0.3638247847557068,31277.0,32.0,1.0,250275.0,125108.0,0.4998821296573769,128.0,1.0,4.257553411260194e-07,29.911922931671143,83.37489819526672,953.0,0.0,109.89142680168152
954,954.0,8.0,16.0,28.506412029266357,128.0,1.0,225257.0,823319.0,0.7851781845092773,2.0,2.0,2.0,0.46875,32.0,0.06955630191002134,0.04223654419183731,0.45141690969467163,28149.5,32.0,1.0,225257.0,112598.0,0.49986459910235864,128.0,1.0,4.248622008348558e-07,29.911922931671143,79.08078336715698,954.0,0.0,107.65706515312195
955,955.0,8.0,16.0,26.84111762046814,128.0,1.0,266318.0,782258.0,0.7460193634033203,2.0,2.0,2.0,0.34375,32.0,0.05806171302498786,0.03277510404586792,0.44336992502212524,33281.25,32.0,1.0,266318.0,133125.0,0.4998723330754962,128.0,1.0,4.239693057654116e-07,29.911922931671143,84.0834584236145,955.0,0.0,110.99681115150452
956,956.0,8.0,16.0,23.565041303634644,128.0,1.0,237003.0,811573.0,0.7739763259887695,2.0,2.0,2.0,0.3671875,32.0,0.07218103042601749,0.039389342069625854,0.48738446831703186,29617.5,32.0,1.0,237003.0,118470.0,0.4998670902899963,128.0,1.0,4.230766588317634e-07,29.911922931671143,71.16181349754333,956.0,0.0,94.79191541671753
957,957.0,8.0,16.0,29.123656749725342,128.0,1.0,304244.0,744332.0,0.7098503112792969,2.0,2.0,2.0,0.1796875,32.0,0.05731175875032001,0.033938612788915634,0.3127768337726593,38023.25,32.0,1.0,304244.0,152093.0,0.4999046817685805,128.0,1.0,4.221842629471768e-07,29.911922931671143,88.98703694343567,957.0,0.0,118.18384909629822
958,958.0,8.0,16.0,34.497374057769775,128.0,1.0,263280.0,785296.0,0.7489166259765625,2.0,2.0,2.0,0.2734375,32.0,0.06309843312080346,0.03567136451601982,0.3655061721801758,32902.0,32.0,1.0,263280.0,131608.0,0.49987845639623213,128.0,1.0,4.21292121024099e-07,29.911922931671143,87.80366206169128,958.0,0.0,122.37216114997864
959,959.0,8.0,16.0,25.287601470947266,128.0,1.0,224778.0,823798.0,0.7856349945068359,2.0,2.0,2.0,0.453125,32.0,0.0827303334355737,0.03921802341938019,0.5990281701087952,28089.25,32.0,1.0,224778.0,112357.0,0.4998576373132602,128.0,1.0,4.2040023597414817e-07,29.911922931671143,80.5566303730011,959.0,0.0,105.91147971153259
960,960.0,8.0,16.0,36.63001775741577,128.0,1.0,315661.0,732915.0,0.6989622116088867,2.0,2.0,2.0,0.3125,32.0,0.040047693104614694,0.022257931530475616,0.39577242732048035,39449.5,32.0,1.0,315661.0,157798.0,0.49989704144636177,128.0,1.0,4.195086107081041e-07,29.911922931671143,93.5919861793518,960.0,0.0,130.29625868797302
961,961.0,8.0,16.0,22.065643548965454,128.0,1.0,197659.0,850917.0,0.811497688293457,2.0,2.0,2.0,0.515625,32.0,0.04403138630774611,0.01962023414671421,0.4101230204105377,24700.0,32.0,1.0,197659.0,98800.0,0.4998507530646214,128.0,1.0,4.186172481358986e-07,29.911922931671143,67.53637170791626,961.0,0.0,89.65885305404663
962,962.0,8.0,16.0,35.624714374542236,128.0,1.0,286748.0,761828.0,0.7265357971191406,2.0,2.0,2.0,0.3515625,32.0,0.06245556631891678,0.03260217234492302,0.42760732769966125,35836.5,32.0,1.0,286748.0,143346.0,0.49990235328581195,128.0,1.0,4.1772615116660633e-07,29.911922931671143,88.89570331573486,962.0,0.0,124.59224700927734
963,963.0,8.0,16.0,33.05612874031067,128.0,1.0,256278.0,792298.0,0.7555942535400391,2.0,2.0,2.0,0.3359375,32.0,0.0495519721162017,0.02903812937438488,0.39342358708381653,32027.5,32.0,1.0,256278.0,128110.0,0.49988684163291425,128.0,1.0,4.1683532270843495e-07,29.911922931671143,86.0916485786438,963.0,0.0,119.2152533531189
964,964.0,8.0,16.0,31.278595447540283,128.0,1.0,286264.0,762312.0,0.7269973754882812,2.0,2.0,2.0,0.3046875,32.0,0.053139352589374786,0.029770562425255775,0.3757328987121582,35775.5,32.0,1.0,286264.0,143102.0,0.4998952016320599,128.0,1.0,4.159447656687161e-07,29.911922931671143,92.38602447509766,964.0,0.0,123.74089026451111
965,965.0,8.0,16.0,35.10627746582031,128.0,1.0,306028.0,742548.0,0.7081489562988281,2.0,2.0,2.0,0.2421875,32.0,0.059594577719713375,0.03193677216768265,0.37577226758003235,38245.25,32.0,1.0,306028.0,152981.0,0.4998921667298417,128.0,1.0,4.150544829538953e-07,29.911922931671143,94.37978053092957,965.0,0.0,129.56300234794617
966,966.0,8.0,16.0,26.186514854431152,128.0,1.0,280905.0,767671.0,0.7321081161499023,2.0,2.0,2.0,0.296875,32.0,0.06974406864417705,0.03872809559106827,0.5347570776939392,35104.25,32.0,1.0,280905.0,140417.0,0.49987362275502395,128.0,1.0,4.1416447746952295e-07,29.911922931671143,85.3254656791687,966.0,0.0,111.58750653266907
967,967.0,8.0,16.0,33.527825355529785,128.0,1.0,255204.0,793372.0,0.7566184997558594,2.0,2.0,2.0,0.421875,32.0,0.06257629387649653,0.033510126173496246,0.44278961420059204,31891.75,32.0,1.0,255204.0,127567.0,0.49986285481418785,128.0,1.0,4.132747521202445e-07,29.911922931671143,82.9875135421753,967.0,0.0,116.57547450065613
968,968.0,8.0,16.0,22.478771924972534,128.0,1.0,203046.0,845530.0,0.8063602447509766,2.0,2.0,2.0,0.4375,32.0,0.06265825811499712,0.02927609719336033,0.4885995388031006,25372.5,32.0,1.0,203046.0,101490.0,0.49983747525191335,128.0,1.0,4.123853098097913e-07,29.911922931671143,73.4805006980896,968.0,0.0,96.01502251625061
969,969.0,8.0,16.0,31.233540058135986,128.0,1.0,333777.0,714799.0,0.6816854476928711,2.0,2.0,2.0,0.3046875,32.0,0.04845723967778365,0.02525673434138298,0.3577965497970581,41713.5,32.0,1.0,333777.0,166854.0,0.49989663757538716,128.0,1.0,4.114961534409712e-07,29.911922931671143,100.6205518245697,969.0,0.0,131.92997455596924
970,970.0,8.0,16.0,27.378291606903076,128.0,1.0,235355.0,813221.0,0.775547981262207,2.0,2.0,2.0,0.5390625,32.0,0.0536585399458385,0.028192028403282166,0.4427894055843353,29411.5,32.0,1.0,235355.0,117646.0,0.4998661596311954,128.0,1.0,4.106072859156582e-07,29.911922931671143,73.75979232788086,970.0,0.0,101.19922661781311
971,971.0,8.0,16.0,22.443331241607666,128.0,1.0,196215.0,852361.0,0.8128747940063477,2.0,2.0,2.0,0.5859375,32.0,0.05197485469812366,0.028048433363437653,0.5196199417114258,24519.75,32.0,1.0,196215.0,98079.0,0.499854751165813,128.0,1.0,4.097187101347841e-07,29.911922931671143,71.22569584846497,971.0,0.0,93.71911334991455
972,972.0,8.0,16.0,32.98246908187866,128.0,1.0,262620.0,785956.0,0.7495460510253906,2.0,2.0,2.0,0.546875,32.0,0.04995256936846375,0.023921765387058258,0.45194846391677856,32819.5,32.0,1.0,262620.0,131278.0,0.4998781509405224,128.0,1.0,4.0883042899832834e-07,29.911922931671143,84.62476706504822,972.0,0.0,117.67658805847168
973,973.0,8.0,16.0,35.39230680465698,128.0,1.0,304336.0,744240.0,0.7097625732421875,2.0,2.0,2.0,0.3203125,32.0,0.06495188159555548,0.034791987389326096,0.520926296710968,38035.25,32.0,1.0,304336.0,152141.0,0.49991128226696807,128.0,1.0,4.079424454053091e-07,29.911922931671143,91.42192888259888,973.0,0.0,126.89277291297913
974,974.0,8.0,16.0,33.86424660682678,128.0,1.0,252220.0,796356.0,0.7594642639160156,2.0,2.0,2.0,0.359375,32.0,0.05016288520113944,0.03107074275612831,0.41667482256889343,31518.25,32.0,1.0,252220.0,126073.0,0.49985330267227024,128.0,1.0,4.070547622537734e-07,29.911922931671143,80.83938241004944,974.0,0.0,114.7645537853241
975,975.0,8.0,16.0,25.574392080307007,128.0,1.0,239656.0,808920.0,0.7714462280273438,2.0,2.0,2.0,0.53125,32.0,0.053819559345991225,0.02845602296292782,0.42868801951408386,29948.75,32.0,1.0,239656.0,119795.0,0.49986230263377507,128.0,1.0,4.061673824407871e-07,29.911922931671143,79.86079120635986,975.0,0.0,105.49993348121643
976,976.0,8.0,16.0,23.748199701309204,128.0,1.0,234795.0,813781.0,0.7760820388793945,2.0,2.0,2.0,0.59375,32.0,0.04919933705475485,0.02486797235906124,0.45582208037376404,29341.25,32.0,1.0,234795.0,117365.0,0.49986158137950126,128.0,1.0,4.052803088624267e-07,29.911922931671143,68.870352268219,976.0,0.0,92.6862940788269
977,977.0,8.0,16.0,30.992849111557007,128.0,1.0,215342.0,833234.0,0.7946338653564453,2.0,2.0,2.0,0.390625,32.0,0.08304025898361733,0.04064294695854187,0.6859839558601379,26909.25,32.0,1.0,215342.0,107637.0,0.4998421116177987,128.0,1.0,4.0439354441376927e-07,29.911922931671143,76.7685751914978,977.0,0.0,107.83937239646912
978,978.0,8.0,16.0,14.235374689102173,128.0,1.0,179155.0,869421.0,0.8291444778442383,2.0,2.0,2.0,0.453125,32.0,0.060848267902588,0.030623992905020714,0.49656984210014343,22386.5,32.0,1.0,179155.0,89546.0,0.4998241745974156,128.0,1.0,4.035070919888829e-07,29.911922931671143,60.26024317741394,978.0,0.0,74.54789876937866
979,979.0,8.0,16.0,34.113362550735474,128.0,1.0,287157.0,761419.0,0.7261457443237305,2.0,2.0,2.0,0.296875,32.0,0.06615267813305063,0.040767259895801544,0.4395793676376343,35886.5,32.0,1.0,287157.0,143546.0,0.4998868214948617,128.0,1.0,4.0262095448081704e-07,29.911922931671143,87.75301623344421,979.0,0.0,121.9332754611969
980,980.0,8.0,16.0,37.92696523666382,128.0,1.0,349143.0,699433.0,0.6670312881469727,2.0,2.0,2.0,0.3125,32.0,0.0650629555581192,0.04344533383846283,0.3717232942581177,43634.5,32.0,1.0,349143.0,174538.0,0.4999040507757566,128.0,1.0,4.017351347815938e-07,29.911922931671143,105.96787238121033,980.0,0.0,143.98166012763977
981,981.0,8.0,16.0,24.314589500427246,128.0,1.0,222103.0,826473.0,0.7881860733032227,2.0,2.0,2.0,0.3984375,32.0,0.05920805653777899,0.03190000355243683,0.5042755007743835,27756.0,32.0,1.0,222103.0,111024.0,0.49987618357248664,128.0,1.0,4.0084963578219786e-07,29.911922931671143,78.80383324623108,981.0,0.0,103.17639636993408
982,982.0,8.0,16.0,16.144587993621826,128.0,1.0,224824.0,823752.0,0.7855911254882812,2.0,2.0,2.0,0.4921875,32.0,0.0629730765177914,0.03527884930372238,0.5681447386741638,28094.25,32.0,1.0,224824.0,112377.0,0.4998443226701776,128.0,1.0,3.999644603725673e-07,29.911922931671143,65.58608937263489,982.0,0.0,81.8115885257721
983,983.0,8.0,16.0,18.141207695007324,128.0,1.0,157984.0,890592.0,0.849334716796875,2.0,2.0,2.0,0.3671875,32.0,0.06152147064878871,0.02476624958217144,0.656761646270752,19741.25,32.0,1.0,157984.0,78965.0,0.49982909661737895,128.0,1.0,3.9907961144158423e-07,29.911922931671143,62.95942187309265,983.0,0.0,81.15108871459961
984,984.0,8.0,16.0,19.01564073562622,128.0,1.0,191099.0,857477.0,0.817753791809082,2.0,2.0,2.0,0.5703125,32.0,0.06296073090446011,0.027979357168078423,0.5304505825042725,23880.75,32.0,1.0,191099.0,95523.0,0.49986132842139414,128.0,1.0,3.98195091877065e-07,29.911922931671143,63.8889422416687,984.0,0.0,82.95604825019836
985,985.0,8.0,16.0,22.10129737854004,128.0,1.0,250771.0,797805.0,0.7608461380004883,2.0,2.0,2.0,0.53125,32.0,0.04476714255695686,0.022365005686879158,0.4030947685241699,31338.0,32.0,1.0,250771.0,125352.0,0.4998664119854369,128.0,1.0,3.9731090456575125e-07,29.911922931671143,73.44710755348206,985.0,0.0,95.60971021652222
986,986.0,8.0,16.0,34.6948504447937,128.0,1.0,276335.0,772241.0,0.7364664077758789,2.0,2.0,2.0,0.4921875,32.0,0.0444571321926768,0.025769954547286034,0.36709728837013245,34533.75,32.0,1.0,276335.0,138135.0,0.49988238912913674,128.0,1.0,3.9642705239330017e-07,29.911922931671143,86.85918712615967,986.0,0.0,121.62058806419373
987,987.0,8.0,16.0,29.733430862426758,128.0,1.0,312720.0,735856.0,0.7017669677734375,2.0,2.0,2.0,0.1875,32.0,0.06491010687072074,0.035789817571640015,0.4084983170032501,39082.75,32.0,1.0,312720.0,156331.0,0.4999072652852392,128.0,1.0,3.9554353824427544e-07,29.911922931671143,92.71301317214966,987.0,0.0,122.52589440345764
988,988.0,8.0,16.0,20.15414047241211,128.0,1.0,206126.0,842450.0,0.8034229278564453,2.0,2.0,2.0,0.3515625,32.0,0.057907402563898834,0.029721273109316826,0.4633166193962097,25757.25,32.0,1.0,206126.0,103029.0,0.49983505234662295,128.0,1.0,3.94660365002137e-07,29.911922931671143,65.66046452522278,988.0,0.0,85.8674042224884
989,989.0,8.0,16.0,31.623694896697998,128.0,1.0,243903.0,804673.0,0.7673959732055664,2.0,2.0,2.0,0.5546875,32.0,0.05546990675098138,0.029577961191534996,0.42783746123313904,30479.5,32.0,1.0,243903.0,121918.0,0.49986265031590427,128.0,1.0,3.9377753554923244e-07,29.911922931671143,83.99842762947083,989.0,0.0,115.68442845344543
990,990.0,8.0,16.0,25.777482748031616,128.0,1.0,243848.0,804728.0,0.7674484252929688,2.0,2.0,2.0,0.3828125,32.0,0.05531374216578793,0.030832810327410698,0.39526063203811646,30473.0,32.0,1.0,243848.0,121892.0,0.4998687707096224,128.0,1.0,3.9289505276678783e-07,29.911922931671143,73.54446053504944,990.0,0.0,99.38768815994263
991,991.0,8.0,16.0,37.11067032814026,128.0,1.0,349104.0,699472.0,0.6670684814453125,2.0,2.0,2.0,0.28125,32.0,0.050931944262578084,0.03001302108168602,0.32257169485092163,43632.5,32.0,1.0,349104.0,174530.0,0.49993698152985927,128.0,1.0,3.920129195348973e-07,29.911922931671143,93.34463858604431,991.0,0.0,130.53530168533325
992,992.0,8.0,16.0,25.896077871322632,128.0,1.0,281553.0,767023.0,0.7314901351928711,2.0,2.0,2.0,0.3828125,32.0,0.053935051400993986,0.027309497818350792,0.36186447739601135,35186.0,32.0,1.0,281553.0,140744.0,0.4998845688023214,128.0,1.0,3.9113113873251444e-07,29.911922931671143,83.49725937843323,992.0,0.0,109.4620316028595
993,993.0,8.0,16.0,34.76947903633118,128.0,1.0,272473.0,776103.0,0.7401494979858398,2.0,2.0,2.0,0.546875,32.0,0.051549122451208094,0.03099823370575905,0.4335976541042328,34051.25,32.0,1.0,272473.0,136205.0,0.49988439221500847,128.0,1.0,3.9024971323744224e-07,29.911922931671143,90.91060853004456,993.0,0.0,125.74503350257874
994,994.0,8.0,16.0,20.388466119766235,128.0,1.0,234216.0,814360.0,0.7766342163085938,2.0,2.0,2.0,0.375,32.0,0.05606574072068627,0.02920122630894184,0.39645448327064514,29270.25,32.0,1.0,234216.0,117081.0,0.4998847217952659,128.0,1.0,3.8936864592632456e-07,29.911922931671143,74.83051466941833,994.0,0.0,95.27884793281555
995,995.0,8.0,16.0,28.769837617874146,128.0,1.0,233825.0,814751.0,0.7770071029663086,2.0,2.0,2.0,0.703125,32.0,0.049184325744922264,0.02550053969025612,0.4325491786003113,29220.25,32.0,1.0,233825.0,116881.0,0.4998652838661392,128.0,1.0,3.8848793967463606e-07,29.911922931671143,81.4754707813263,995.0,0.0,110.30561852455139
996,996.0,8.0,16.0,26.613021850585938,128.0,1.0,232535.0,816041.0,0.7782373428344727,2.0,2.0,2.0,0.421875,32.0,0.050218814557919364,0.025856507942080498,0.4068501889705658,29059.25,32.0,1.0,232535.0,116237.0,0.4998688369492765,128.0,1.0,3.876075973566732e-07,29.911922931671143,78.46708416938782,996.0,0.0,105.13561367988586
997,997.0,8.0,16.0,34.0661940574646,128.0,1.0,266563.0,782013.0,0.7457857131958008,2.0,2.0,2.0,0.375,32.0,0.060261076551224355,0.02912045828998089,0.4571245610713959,33311.5,32.0,1.0,266563.0,133246.0,0.4998668232275297,128.0,1.0,3.867276218455444e-07,29.911922931671143,90.35708093643188,997.0,0.0,124.48963236808777
998,998.0,8.0,16.0,27.841715812683105,128.0,1.0,208901.0,839675.0,0.800776481628418,2.0,2.0,2.0,0.59375,32.0,0.048858752832397344,0.02500096894800663,0.46207016706466675,26104.75,32.0,1.0,208901.0,104419.0,0.49984921087022083,128.0,1.0,3.858480160131612e-07,29.911922931671143,79.39514493942261,998.0,0.0,107.29035329818726
999,999.0,8.0,16.0,29.25045919418335,128.0,1.0,222688.0,825888.0,0.787628173828125,2.0,2.0,2.0,0.3359375,32.0,0.07073557451778703,0.03801517188549042,0.4622398614883423,27827.0,32.0,1.0,222688.0,111308.0,0.49983833884178763,128.0,1.0,3.8496878273022865e-07,29.911922931671143,70.25417447090149,999.0,0.0,99.56260919570923
1000,1000.0,8.0,16.0,25.34791135787964,128.0,1.0,259909.0,788667.0,0.752131462097168,2.0,2.0,2.0,0.4453125,32.0,0.05379897805566607,0.03103071078658104,0.4418639540672302,32480.5,32.0,1.0,259909.0,129922.0,0.49987495623468214,128.0,1.0,3.840899248662358e-07,29.911922931671143,81.20220279693604,1000.0,0.0,430.05030488967896
1001,1001.0,8.0,16.0,22.579671382904053,128.0,1.0,235813.0,812763.0,0.775111198425293,2.0,2.0,2.0,0.5546875,32.0,0.05781124925874134,0.030364325270056725,0.4098622798919678,29468.75,32.0,1.0,235813.0,117875.0,0.49986641957822514,128.0,1.0,3.832114452894468e-07,29.911922931671143,72.02463412284851,1001.0,0.0,94.66470241546631
1002,1002.0,8.0,16.0,33.89159178733826,128.0,1.0,288373.0,760203.0,0.7249860763549805,2.0,2.0,2.0,0.4140625,32.0,0.04727731517739943,0.027426118031144142,0.4759937822818756,36037.5,32.0,1.0,288373.0,144150.0,0.49987342781744476,128.0,1.0,3.823333468668905e-07,29.911922931671143,89.26235437393188,1002.0,0.0,123.22215485572815
1003,1003.0,8.0,16.0,37.29890441894531,128.0,1.0,306402.0,742174.0,0.7077922821044922,2.0,2.0,2.0,0.453125,32.0,0.03806277319583761,0.02241416648030281,0.4138571321964264,38293.0,32.0,1.0,306402.0,153172.0,0.4999053530982174,128.0,1.0,3.8145563246435253e-07,29.911922931671143,106.35821771621704,1003.0,0.0,143.72868728637695
1004,1004.0,8.0,16.0,24.343194246292114,128.0,1.0,244391.0,804185.0,0.7669305801391602,2.0,2.0,2.0,0.2734375,32.0,0.06295048781809348,0.029834473505616188,0.5000625252723694,30541.0,32.0,1.0,244391.0,122164.0,0.49987110818319824,128.0,1.0,3.80578304946365e-07,29.911922931671143,75.69530296325684,1004.0,0.0,100.10065507888794
1005,1005.0,8.0,16.0,21.342133045196533,128.0,1.0,184423.0,864153.0,0.8241205215454102,2.0,2.0,2.0,0.578125,32.0,0.061433853826737383,0.030469289049506187,0.5649994611740112,23044.75,32.0,1.0,184423.0,92179.0,0.49982377469187683,128.0,1.0,3.797013671761973e-07,29.911922931671143,62.82219839096069,1005.0,0.0,84.21339154243469
1006,1006.0,8.0,16.0,22.631227016448975,128.0,1.0,223055.0,825521.0,0.7872781753540039,2.0,2.0,2.0,0.5546875,32.0,0.05937683989548318,0.03146421164274216,0.4451867938041687,27875.25,32.0,1.0,223055.0,111501.0,0.4998811952209096,128.0,1.0,3.7882482201584674e-07,29.911922931671143,70.83647561073303,1006.0,0.0,93.5262565612793
1007,1007.0,8.0,16.0,23.27308702468872,128.0,1.0,189841.0,858735.0,0.8189535140991211,2.0,2.0,2.0,0.6640625,32.0,0.058933813240201326,0.030305562540888786,0.5043576955795288,23722.0,32.0,1.0,189841.0,94888.0,0.49982880410448743,128.0,1.0,3.779486723260295e-07,29.911922931671143,66.60996770858765,1007.0,0.0,89.93755555152893
1008,1008.0,8.0,16.0,27.327221155166626,128.0,1.0,208172.0,840404.0,0.8014717102050781,2.0,2.0,2.0,0.5703125,32.0,0.05927575618290559,0.03300679102540016,0.4676315486431122,26014.0,32.0,1.0,208172.0,104056.0,0.49985588839997697,128.0,1.0,3.7707292096617097e-07,29.911922931671143,72.07840871810913,1008.0,0.0,99.46781015396118
1009,1009.0,8.0,16.0,25.101223945617676,128.0,1.0,220223.0,828353.0,0.7899789810180664,2.0,2.0,2.0,0.5390625,32.0,0.07620876601110513,0.03590000420808792,1.1559607982635498,27520.25,32.0,1.0,220223.0,110081.0,0.4998615040209242,128.0,1.0,3.7619757079439665e-07,29.911922931671143,77.50154256820679,1009.0,0.0,102.67718005180359
1010,1010.0,8.0,16.0,29.221373558044434,128.0,1.0,233043.0,815533.0,0.7777528762817383,2.0,2.0,2.0,0.3203125,32.0,0.06310316169961726,0.03302675485610962,0.3981742858886719,29122.25,32.0,1.0,233043.0,116489.0,0.49986054075857245,128.0,1.0,3.753226246675228e-07,29.911922931671143,80.90379881858826,1010.0,0.0,110.19495463371277
1011,1011.0,8.0,16.0,21.807424068450928,128.0,1.0,207689.0,840887.0,0.8019323348999023,2.0,2.0,2.0,0.5703125,32.0,0.06047293314695332,0.02952555939555168,0.47905999422073364,25954.0,32.0,1.0,207689.0,103816.0,0.49986277559235204,128.0,1.0,3.7444808544104647e-07,29.911922931671143,77.05253219604492,1011.0,0.0,98.91419839859009
1012,1012.0,8.0,16.0,32.873817920684814,128.0,1.0,183129.0,865447.0,0.8253545761108398,2.0,2.0,2.0,0.5234375,32.0,0.06723062599341052,0.03163029998540878,0.5894546508789062,22884.0,32.0,1.0,183129.0,91536.0,0.49984437200006554,128.0,1.0,3.735739559691371e-07,29.911922931671143,74.73603320121765,1012.0,0.0,107.66386151313782
1013,1013.0,8.0,16.0,34.39680504798889,128.0,1.0,275349.0,773227.0,0.7374067306518555,2.0,2.0,2.0,0.34375,32.0,0.049955133488722485,0.030440447852015495,0.4016248285770416,34411.0,32.0,1.0,275349.0,137644.0,0.49988923148440706,128.0,1.0,3.727002391046273e-07,29.911922931671143,93.81160259246826,1013.0,0.0,128.27418541908264
1014,1014.0,8.0,16.0,25.601990222930908,128.0,1.0,245499.0,803077.0,0.765873908996582,2.0,2.0,2.0,0.4453125,32.0,0.06494522190046784,0.03231777250766754,0.5796274542808533,30679.25,32.0,1.0,245499.0,122717.0,0.49986761656870293,128.0,1.0,3.7182693769900274e-07,29.911922931671143,77.33851647377014,1014.0,0.0,103.00350737571716
1015,1015.0,8.0,16.0,25.778013944625854,128.0,1.0,191002.0,857574.0,0.8178462982177734,2.0,2.0,2.0,0.5703125,32.0,0.05690566035551168,0.024170376360416412,0.48798978328704834,23867.25,32.0,1.0,191002.0,95469.0,0.4998324624873038,128.0,1.0,3.709540546023926e-07,29.911922931671143,71.50250816345215,1015.0,0.0,97.33301782608032
1016,1016.0,8.0,16.0,38.14772844314575,128.0,1.0,306236.0,742340.0,0.7079505920410156,2.0,2.0,2.0,0.1875,32.0,0.05052122038173626,0.025231696665287018,0.4764286279678345,38272.5,32.0,1.0,306236.0,153090.0,0.4999085672487885,128.0,1.0,3.700815926635616e-07,29.911922931671143,107.10975074768066,1016.0,0.0,145.33704900741577
1017,1017.0,8.0,16.0,34.37229585647583,128.0,1.0,279099.0,769477.0,0.733830451965332,2.0,2.0,2.0,0.3203125,32.0,0.04990994485348609,0.026632122695446014,0.48170509934425354,34878.75,32.0,1.0,279099.0,139515.0,0.4998763879483624,128.0,1.0,3.692095547298997e-07,29.911922931671143,89.17061567306519,1017.0,0.0,123.60686564445496
1018,1018.0,8.0,16.0,22.7028911113739,128.0,1.0,258017.0,790559.0,0.7539358139038086,2.0,2.0,2.0,0.5,32.0,0.05127053037843263,0.027205197140574455,0.38925933837890625,32243.75,32.0,1.0,258017.0,128975.0,0.4998701635938717,128.0,1.0,3.683379436474132e-07,29.911922931671143,71.32253050804138,1018.0,0.0,94.08859086036682
1019,1019.0,8.0,16.0,30.41814613342285,128.0,1.0,284567.0,764009.0,0.7286157608032227,2.0,2.0,2.0,0.484375,32.0,0.05382754910690767,0.03234594687819481,0.43949776887893677,35563.5,32.0,1.0,284567.0,142254.0,0.4998963337280851,128.0,1.0,3.674667622607152e-07,29.911922931671143,88.3510057926178,1019.0,0.0,118.83793497085571
1020,1020.0,8.0,16.0,22.405261993408203,128.0,1.0,196969.0,851607.0,0.8121557235717773,2.0,2.0,2.0,0.6484375,32.0,0.06167068097524812,0.031221477314829826,0.4895783066749573,24613.5,32.0,1.0,196969.0,98454.0,0.49984515329823476,128.0,1.0,3.665960134130163e-07,29.911922931671143,70.9751079082489,1020.0,0.0,93.43398237228394
1021,1021.0,8.0,16.0,34.559051513671875,128.0,1.0,305968.0,742608.0,0.7082061767578125,2.0,2.0,2.0,0.1796875,32.0,0.054200635257995004,0.030205460265278816,0.4387788474559784,38238.75,32.0,1.0,305968.0,152955.0,0.4999052188464153,128.0,1.0,3.657256999461157e-07,29.911922931671143,90.54613423347473,1021.0,0.0,125.17962002754211
1022,1022.0,8.0,16.0,33.22628140449524,128.0,1.0,262104.0,786472.0,0.7500381469726562,2.0,2.0,2.0,0.5234375,32.0,0.05376861438236378,0.02963949739933014,0.4392421841621399,32755.5,32.0,1.0,262104.0,131022.0,0.49988554161706805,128.0,1.0,3.6485582470039147e-07,29.911922931671143,80.40595698356628,1022.0,0.0,113.70105266571045
1023,1023.0,8.0,16.0,24.328226566314697,128.0,1.0,241648.0,806928.0,0.7695465087890625,2.0,2.0,2.0,0.4609375,32.0,0.046898522754141046,0.026950715109705925,0.4000242054462433,30197.0,32.0,1.0,241648.0,120788.0,0.49985102297556777,128.0,1.0,3.6398639051479184e-07,29.911922931671143,73.33654356002808,1023.0,0.0,97.72228407859802
1024,1024.0,8.0,16.0,35.12064599990845,128.0,1.0,257926.0,790650.0,0.7540225982666016,2.0,2.0,2.0,0.4765625,32.0,0.042992124913276926,0.026024555787444115,0.33126986026763916,32233.0,32.0,1.0,257926.0,128932.0,0.49987981048827956,128.0,1.0,3.63117400226825e-07,29.911922931671143,87.54855632781982,1024.0,0.0,122.73430919647217
1025,1025.0,8.0,16.0,27.013375759124756,128.0,1.0,330314.0,718262.0,0.6849880218505859,2.0,2.0,2.0,0.3359375,32.0,0.049342914994371496,0.027474768459796906,0.34541693329811096,41281.5,32.0,1.0,330314.0,165126.0,0.49990614990584714,128.0,1.0,3.62248856672551e-07,29.911922931671143,84.98179149627686,1025.0,0.0,112.07390260696411
1026,1026.0,8.0,16.0,21.618276596069336,128.0,1.0,194482.0,854094.0,0.8145275115966797,2.0,2.0,2.0,0.7109375,32.0,0.04685560781933101,0.025874288752675056,0.47170132398605347,24302.5,32.0,1.0,194482.0,97210.0,0.499840602215115,128.0,1.0,3.613807626865716e-07,29.911922931671143,65.8779525756836,1026.0,0.0,87.54946947097778
1027,1027.0,8.0,16.0,24.520384550094604,128.0,1.0,188352.0,860224.0,0.82037353515625,2.0,2.0,2.0,0.6875,32.0,0.06178535637635437,0.027010219171643257,0.5858517289161682,23536.0,32.0,1.0,188352.0,94144.0,0.49983010533469246,128.0,1.0,3.6051312110202166e-07,29.911922931671143,71.76755881309509,1027.0,0.0,96.34125638008118
1028,1028.0,8.0,16.0,24.95902943611145,128.0,1.0,220061.0,828515.0,0.7901334762573242,2.0,2.0,2.0,0.3984375,32.0,0.0697025952997147,0.036753103137016296,0.5291814804077148,27499.25,32.0,1.0,220061.0,109997.0,0.49984776948209814,128.0,1.0,3.5964593475055885e-07,29.911922931671143,72.67620301246643,1028.0,0.0,97.69456696510315
1029,1029.0,8.0,16.0,25.361945867538452,128.0,1.0,273008.0,775568.0,0.7396392822265625,2.0,2.0,2.0,0.3671875,32.0,0.04870692283966382,0.02522311732172966,0.35888078808784485,34118.0,32.0,1.0,273008.0,136472.0,0.4998827873175878,128.0,1.0,3.587792064623558e-07,29.911922931671143,80.58488059043884,1029.0,0.0,106.01228427886963
1030,1030.0,8.0,16.0,21.850985050201416,128.0,1.0,208093.0,840483.0,0.8015470504760742,2.0,2.0,2.0,0.453125,32.0,0.06720142075883459,0.035860203206539154,0.4413023889064789,26004.5,32.0,1.0,208093.0,104018.0,0.4998630420052573,128.0,1.0,3.579129390660901e-07,29.911922931671143,66.81370210647583,1030.0,0.0,88.72023606300354
1031,1031.0,8.0,16.0,34.223944425582886,128.0,1.0,318058.0,730518.0,0.6966762542724609,2.0,2.0,2.0,0.3359375,32.0,0.04890032181259553,0.030770540237426758,0.32820558547973633,39748.75,32.0,1.0,318058.0,158995.0,0.4998931012582611,128.0,1.0,3.570471353889351e-07,29.911922931671143,99.23930239677429,1031.0,0.0,133.54129004478455
1032,1032.0,8.0,16.0,22.355026483535767,128.0,1.0,253382.0,795194.0,0.7583560943603516,2.0,2.0,2.0,0.421875,32.0,0.056392997632825646,0.03316105529665947,0.5383341312408447,31664.75,32.0,1.0,253382.0,126659.0,0.4998737084717936,128.0,1.0,3.5618179825655084e-07,29.911922931671143,76.79472422599792,1032.0,0.0,99.2128586769104
1033,1033.0,8.0,16.0,23.616117238998413,128.0,1.0,242144.0,806432.0,0.769073486328125,2.0,2.0,2.0,0.4453125,32.0,0.05765238515981297,0.02887566201388836,0.47393059730529785,30259.75,32.0,1.0,242144.0,121039.0,0.49986371745738073,128.0,1.0,3.553169304930741e-07,29.911922931671143,75.3071928024292,1033.0,0.0,98.98258209228516
1034,1034.0,8.0,16.0,34.99194931983948,128.0,1.0,292662.0,755914.0,0.7208957672119141,2.0,2.0,2.0,0.4921875,32.0,0.041866906457587026,0.026610147207975388,0.4595430791378021,36574.75,32.0,1.0,292662.0,146299.0,0.49989065884877437,128.0,1.0,3.5445253492111067e-07,29.911922931671143,80.30117845535278,1034.0,0.0,115.36236310005188
1035,1035.0,8.0,16.0,30.9751558303833,128.0,1.0,242089.0,806487.0,0.7691259384155273,2.0,2.0,2.0,0.390625,32.0,0.0513747934847878,0.02783380076289177,0.4709970951080322,30253.5,32.0,1.0,242089.0,121014.0,0.4998740132761092,128.0,1.0,3.535886143617248e-07,29.911922931671143,78.37125897407532,1035.0,0.0,109.40858101844788
1036,1036.0,8.0,16.0,19.737126350402832,128.0,1.0,211234.0,837342.0,0.7985515594482422,2.0,2.0,2.0,0.5078125,32.0,0.06296745889400929,0.03129614517092705,0.5368247032165527,26396.0,32.0,1.0,211234.0,105584.0,0.49984377514983386,128.0,1.0,3.527251716344308e-07,29.911922931671143,65.61702084541321,1036.0,0.0,85.41006398200989
1037,1037.0,8.0,16.0,23.85461974143982,128.0,1.0,236156.0,812420.0,0.7747840881347656,2.0,2.0,2.0,0.6015625,32.0,0.04642390419768667,0.02614539861679077,0.3659396171569824,29511.75,32.0,1.0,236156.0,118047.0,0.49986873083893696,128.0,1.0,3.5186220955718303e-07,29.911922931671143,85.67907357215881,1037.0,0.0,109.59236001968384
1038,1038.0,8.0,16.0,11.824475049972534,128.0,1.0,132660.0,915916.0,0.8734855651855469,2.0,2.0,2.0,0.6328125,32.0,0.06087700557493258,0.0284973606467247,0.6064447164535522,16575.0,32.0,1.0,132660.0,66300.0,0.4997738579828132,128.0,1.0,3.509997309463677e-07,29.911922931671143,52.67919135093689,1038.0,0.0,64.5430097579956
1039,1039.0,8.0,16.0,28.7602059841156,128.0,1.0,248307.0,800269.0,0.7631959915161133,2.0,2.0,2.0,0.4140625,32.0,0.0561262757189424,0.03150617331266403,0.760072648525238,31030.75,32.0,1.0,248307.0,124123.0,0.4998771681829348,128.0,1.0,3.501377386167928e-07,29.911922931671143,77.48256301879883,1039.0,0.0,106.30422759056091
1040,1040.0,8.0,16.0,31.186744689941406,128.0,1.0,240781.0,807795.0,0.7703733444213867,2.0,2.0,2.0,0.296875,32.0,0.07100086276463861,0.03865152224898338,0.4459885060787201,30089.5,32.0,1.0,240781.0,120358.0,0.499865022572379,128.0,1.0,3.492762353816795e-07,29.911922931671143,73.59819650650024,1040.0,0.0,104.85280466079712
1041,1041.0,8.0,16.0,16.012277603149414,128.0,1.0,176017.0,872559.0,0.8321371078491211,2.0,2.0,2.0,0.515625,32.0,0.086601830416978,0.042268648743629456,0.6319426894187927,21994.0,32.0,1.0,176017.0,87976.0,0.4998153587437577,128.0,1.0,3.4841522405265266e-07,29.911922931671143,62.06528401374817,1041.0,0.0,78.12796902656555
1042,1042.0,8.0,16.0,31.308347702026367,128.0,1.0,194138.0,854438.0,0.8148555755615234,2.0,2.0,2.0,0.5234375,32.0,0.04983598683681673,0.028351258486509323,0.44302183389663696,24259.0,32.0,1.0,194138.0,97036.0,0.4998300178223738,128.0,1.0,3.4755470743973174e-07,29.911922931671143,71.97081804275513,1042.0,0.0,103.32828307151794
1043,1043.0,8.0,16.0,34.287039041519165,128.0,1.0,286067.0,762509.0,0.7271852493286133,2.0,2.0,2.0,0.578125,32.0,0.04700733773665293,0.02378067746758461,0.3697829246520996,35752.0,32.0,1.0,286067.0,143008.0,0.49991086004327656,128.0,1.0,3.4669468835132163e-07,29.911922931671143,94.6416175365448,1043.0,0.0,128.99777269363403
1044,1044.0,8.0,16.0,22.514016151428223,128.0,1.0,223595.0,824981.0,0.7867631912231445,2.0,2.0,2.0,0.515625,32.0,0.053854376285538415,0.028532007709145546,0.45494914054870605,27941.5,32.0,1.0,223595.0,111766.0,0.49985912028444285,128.0,1.0,3.4583516959420344e-07,29.911922931671143,76.89426255226135,1044.0,0.0,99.46992945671082
1045,1045.0,8.0,16.0,24.647090911865234,128.0,1.0,253319.0,795257.0,0.7584161758422852,2.0,2.0,2.0,0.390625,32.0,0.05136481725660415,0.025699451565742493,0.4580219089984894,31657.25,32.0,1.0,253319.0,126629.0,0.49987959845096497,128.0,1.0,3.4497615397352565e-07,29.911922931671143,86.4448413848877,1045.0,0.0,111.15694880485535
1046,1046.0,8.0,16.0,29.514073610305786,128.0,1.0,215771.0,832805.0,0.794224739074707,2.0,2.0,2.0,0.5390625,32.0,0.05341113556026771,0.024722956120967865,0.5940997004508972,26965.25,32.0,1.0,215771.0,107861.0,0.49988645369396256,128.0,1.0,3.4411764429279427e-07,29.911922931671143,87.19149041175842,1046.0,0.0,116.76275563240051
1047,1047.0,8.0,16.0,18.974584579467773,128.0,1.0,175513.0,873063.0,0.8326177597045898,2.0,2.0,2.0,0.375,32.0,0.07326354589641948,0.03606417030096054,0.5398529767990112,21931.5,32.0,1.0,175513.0,87726.0,0.49982622369852947,128.0,1.0,3.4325964335386437e-07,29.911922931671143,64.3830361366272,1047.0,0.0,83.40527582168579
1048,1048.0,8.0,16.0,19.83433175086975,128.0,1.0,189501.0,859075.0,0.8192777633666992,2.0,2.0,2.0,0.6796875,32.0,0.051478081947858,0.02399272844195366,0.47421908378601074,23680.0,32.0,1.0,189501.0,94720.0,0.4998390509812613,128.0,1.0,3.424021539569306e-07,29.911922931671143,73.43836498260498,1048.0,0.0,93.32231664657593
1049,1049.0,8.0,16.0,24.398516416549683,128.0,1.0,194895.0,853681.0,0.8141336441040039,2.0,2.0,2.0,0.65625,32.0,0.049538477820475615,0.025424350053071976,0.4639056622982025,24354.25,32.0,1.0,194895.0,97417.0,0.49984350547730827,128.0,1.0,3.4154517890051833e-07,29.911922931671143,73.82684278488159,1049.0,0.0,98.27383637428284
1050,1050.0,8.0,16.0,35.909589767456055,128.0,1.0,291176.0,757400.0,0.7223129272460938,2.0,2.0,2.0,0.3984375,32.0,0.05785219099239822,0.03478684648871422,1.2868900299072266,36389.25,32.0,1.0,291176.0,145557.0,0.499893535181471,128.0,1.0,3.4068872098147415e-07,29.911922931671143,101.23065853118896,1050.0,0.0,459.2099823951721
1051,1051.0,8.0,16.0,39.31264567375183,128.0,1.0,386287.0,662289.0,0.6316080093383789,2.0,2.0,2.0,0.3046875,32.0,0.03803877951768531,0.024862954393029213,0.2597518265247345,48276.75,32.0,1.0,386287.0,193107.0,0.4999055106695281,128.0,1.0,3.3983278299495664e-07,29.911922931671143,109.71689867973328,1051.0,0.0,149.12560963630676
1052,1052.0,8.0,16.0,31.339575052261353,128.0,1.0,218046.0,830530.0,0.7920551300048828,2.0,2.0,2.0,0.28125,32.0,0.062386644579323254,0.031162405386567116,0.48619645833969116,27248.25,32.0,1.0,218046.0,108993.0,0.4998624143529347,128.0,1.0,3.3897736773442787e-07,29.911922931671143,76.50613284111023,1052.0,0.0,107.90194511413574
1053,1053.0,8.0,16.0,35.06073570251465,128.0,1.0,277079.0,771497.0,0.7357568740844727,2.0,2.0,2.0,0.484375,32.0,0.06160005621254518,0.03149990737438202,0.40479156374931335,34627.0,32.0,1.0,277079.0,138508.0,0.4998863140115274,128.0,1.0,3.3812247799164386e-07,29.911922931671143,95.35107612609863,1053.0,0.0,130.4803762435913
1054,1054.0,8.0,16.0,30.680375814437866,128.0,1.0,179211.0,869365.0,0.8290910720825195,2.0,2.0,2.0,0.609375,32.0,0.04359137870609865,0.02040877379477024,0.5925449728965759,22392.5,32.0,1.0,179211.0,89570.0,0.49980190948100284,128.0,1.0,3.372681165566457e-07,29.911922931671143,68.30423617362976,1054.0,0.0,99.03468918800354
1055,1055.0,8.0,16.0,24.805086851119995,128.0,1.0,233488.0,815088.0,0.7773284912109375,2.0,2.0,2.0,0.1640625,32.0,0.06495660267717304,0.03191467002034187,0.47858789563179016,29177.5,32.0,1.0,233488.0,116710.0,0.49985438223805934,128.0,1.0,3.364142862177498e-07,29.911922931671143,77.9405586719513,1055.0,0.0,102.81056833267212
1056,1056.0,8.0,16.0,26.110281467437744,128.0,1.0,243785.0,804791.0,0.7675085067749023,2.0,2.0,2.0,0.3984375,32.0,0.0476389224808434,0.027232680469751358,0.3903872072696686,30465.25,32.0,1.0,243785.0,121861.0,0.49987078778431815,128.0,1.0,3.355609897615397e-07,29.911922931671143,78.0727469921112,1056.0,0.0,104.24447321891785
1057,1057.0,8.0,16.0,38.294443130493164,128.0,1.0,343157.0,705419.0,0.6727399826049805,2.0,2.0,2.0,0.21875,32.0,0.05403209304159061,0.030918288975954056,0.3304508626461029,42885.75,32.0,1.0,343157.0,171543.0,0.4998965488100199,128.0,1.0,3.347082299728563e-07,29.911922931671143,106.83739447593689,1057.0,0.0,145.2182276248932
1058,1058.0,8.0,16.0,21.21233606338501,128.0,1.0,213610.0,834966.0,0.7962856292724609,2.0,2.0,2.0,0.4765625,32.0,0.057504093668521064,0.026652688160538673,0.4240330755710602,26693.75,32.0,1.0,213610.0,106775.0,0.49985955713683816,128.0,1.0,3.338560096347893e-07,29.911922931671143,79.85184693336487,1058.0,0.0,101.12485647201538
1059,1059.0,8.0,16.0,21.747164249420166,128.0,1.0,250647.0,797929.0,0.7609643936157227,2.0,2.0,2.0,0.1875,32.0,0.0673194520308811,0.037694696336984634,0.5486027598381042,31322.5,32.0,1.0,250647.0,125290.0,0.49986634589681905,128.0,1.0,3.330043315286676e-07,29.911922931671143,73.18061256408691,1059.0,0.0,94.99150896072388
1060,1060.0,8.0,16.0,25.880602836608887,128.0,1.0,207471.0,841105.0,0.8021402359008789,2.0,2.0,2.0,0.6796875,32.0,0.06016884652125324,0.0302775576710701,0.5353636741638184,25925.75,32.0,1.0,207471.0,103703.0,0.4998433516009466,128.0,1.0,3.321531984340504e-07,29.911922931671143,71.4185562133789,1060.0,0.0,97.3535737991333
1061,1061.0,8.0,16.0,27.316171407699585,128.0,1.0,263121.0,785455.0,0.7490682601928711,2.0,2.0,2.0,0.4921875,32.0,0.04052365729850605,0.02313041314482689,0.36798229813575745,32882.25,32.0,1.0,263121.0,131529.0,0.4998802832157068,128.0,1.0,3.313026131287184e-07,29.911922931671143,89.23962616920471,1061.0,0.0,116.62165236473083
1062,1062.0,8.0,16.0,26.36519145965576,128.0,1.0,258092.0,790484.0,0.7538642883300781,2.0,2.0,2.0,0.2734375,32.0,0.05753394790823261,0.02966541424393654,0.4273548126220703,32254.5,32.0,1.0,258092.0,129018.0,0.4998915115540195,128.0,1.0,3.3045257838866444e-07,29.911922931671143,83.31110954284668,1062.0,0.0,109.73861074447632
1063,1063.0,8.0,16.0,18.950581550598145,128.0,1.0,193162.0,855414.0,0.8157863616943359,2.0,2.0,2.0,0.4921875,32.0,0.07284822251283396,0.03949638083577156,0.5743523240089417,24137.25,32.0,1.0,193162.0,96549.0,0.4998343359459935,128.0,1.0,3.296030969880845e-07,29.911922931671143,65.8623571395874,1063.0,0.0,84.86736607551575
1064,1064.0,8.0,16.0,36.827080726623535,128.0,1.0,321582.0,726994.0,0.6933155059814453,2.0,2.0,2.0,0.484375,32.0,0.048061021533312986,0.028423182666301727,0.2919705808162689,40189.5,32.0,1.0,321582.0,160758.0,0.4998973823161744,128.0,1.0,3.287541716993686e-07,29.911922931671143,97.1874258518219,1064.0,0.0,134.0925362110138
1065,1065.0,8.0,16.0,32.577247619628906,128.0,1.0,237085.0,811491.0,0.7738981246948242,2.0,2.0,2.0,0.5078125,32.0,0.053497496891260016,0.030898792669177055,0.4193289577960968,29628.5,32.0,1.0,237085.0,118514.0,0.49987978994875254,128.0,1.0,3.279058052930919e-07,29.911922931671143,82.09932017326355,1065.0,0.0,114.73760890960693
1066,1066.0,8.0,16.0,32.84193515777588,128.0,1.0,216952.0,831624.0,0.7930984497070312,2.0,2.0,2.0,0.546875,32.0,0.05769913317501249,0.031009001657366753,0.47642403841018677,27110.25,32.0,1.0,216952.0,108441.0,0.49983867399240384,128.0,1.0,3.270580005380056e-07,29.911922931671143,72.7772696018219,1066.0,0.0,105.67954778671265
1067,1067.0,8.0,16.0,23.415931224822998,128.0,1.0,190913.0,857663.0,0.8179311752319336,2.0,2.0,2.0,0.4921875,32.0,0.05543405864519238,0.026102637872099876,0.49677199125289917,23855.5,32.0,1.0,190913.0,95422.0,0.49981928941455006,128.0,1.0,3.2621076020102777e-07,29.911922931671143,69.22398328781128,1067.0,0.0,92.69562935829163
1068,1068.0,8.0,16.0,36.47694373130798,128.0,1.0,294123.0,754453.0,0.7195024490356445,2.0,2.0,2.0,0.3828125,32.0,0.04255790294598034,0.025105461478233337,0.32623592019081116,36757.25,32.0,1.0,294123.0,147029.0,0.4998895020110634,128.0,1.0,3.253640870472349e-07,29.911922931671143,96.36777520179749,1068.0,0.0,132.91719484329224
1069,1069.0,8.0,16.0,21.152417182922363,128.0,1.0,216702.0,831874.0,0.7933368682861328,2.0,2.0,2.0,0.453125,32.0,0.06027242074714732,0.028423206880688667,0.47709792852401733,27080.5,32.0,1.0,216702.0,108322.0,0.49986617566981384,128.0,1.0,3.245179838398513e-07,29.911922931671143,78.87397980690002,1069.0,0.0,100.08246541023254
1070,1070.0,8.0,16.0,32.575950145721436,128.0,1.0,199868.0,848708.0,0.8093910217285156,2.0,2.0,2.0,0.4296875,32.0,0.054819876909471814,0.02696376107633114,0.4912927746772766,24975.5,32.0,1.0,199868.0,99902.0,0.499839894330258,128.0,1.0,3.236724533402424e-07,29.911922931671143,76.19046902656555,1070.0,0.0,108.82349109649658
1071,1071.0,8.0,16.0,17.99740219116211,128.0,1.0,194998.0,853578.0,0.8140354156494141,2.0,2.0,2.0,0.5234375,32.0,0.06864960648869362,0.035079196095466614,0.5832117199897766,24366.25,32.0,1.0,194998.0,97465.0,0.49982563923732554,128.0,1.0,3.228274983079039e-07,29.911922931671143,61.55646800994873,1071.0,0.0,79.60708570480347
1072,1072.0,8.0,16.0,29.440912008285522,128.0,1.0,259262.0,789314.0,0.7527484893798828,2.0,2.0,2.0,0.5,32.0,0.05480956193055371,0.028607163578271866,0.3416680693626404,32399.5,32.0,1.0,259262.0,129598.0,0.4998727156312919,128.0,1.0,3.219831215004537e-07,29.911922931671143,85.6418776512146,1072.0,0.0,115.14580774307251
1073,1073.0,8.0,16.0,33.69655728340149,128.0,1.0,283840.0,764736.0,0.72930908203125,2.0,2.0,2.0,0.375,32.0,0.052918423106086215,0.029095424339175224,0.38175687193870544,35471.75,32.0,1.0,283840.0,141887.0,0.4998837373167982,128.0,1.0,3.211393256736221e-07,29.911922931671143,89.69167590141296,1073.0,0.0,123.4614155292511
1074,1074.0,8.0,16.0,37.27625012397766,128.0,1.0,315550.0,733026.0,0.6990680694580078,2.0,2.0,2.0,0.546875,32.0,0.05299106281515719,0.03017554245889187,0.4252193570137024,39434.75,32.0,1.0,315550.0,157739.0,0.4998859134843923,128.0,1.0,3.2029611358124365e-07,29.911922931671143,105.04966044425964,1074.0,0.0,142.39630913734436
1075,1075.0,8.0,16.0,25.95617437362671,128.0,1.0,253142.0,795434.0,0.7585849761962891,2.0,2.0,2.0,0.359375,32.0,0.05868773777748826,0.03568887338042259,0.3850404620170593,31635.0,32.0,1.0,253142.0,126540.0,0.4998775390887328,128.0,1.0,3.1945348797524786e-07,29.911922931671143,93.01828646659851,1075.0,0.0,119.03758263587952
1076,1076.0,8.0,16.0,17.75685954093933,128.0,1.0,207875.0,840701.0,0.8017549514770508,2.0,2.0,2.0,0.375,32.0,0.08825038251039946,0.044422298669815063,0.6157037615776062,25977.0,32.0,1.0,207875.0,103908.0,0.49985808779314495,128.0,1.0,3.1861145160564993e-07,29.911922931671143,62.23104476928711,1076.0,0.0,80.04721093177795
1077,1077.0,8.0,16.0,23.786911725997925,128.0,1.0,240823.0,807753.0,0.7703332901000977,2.0,2.0,2.0,0.4609375,32.0,0.06304019295720899,0.03172047808766365,0.47459545731544495,30094.25,32.0,1.0,240823.0,120377.0,0.4998567412581024,128.0,1.0,3.177700072205425e-07,29.911922931671143,74.51954936981201,1077.0,0.0,98.36756443977356
1078,1078.0,8.0,16.0,21.784952640533447,128.0,1.0,211052.0,837524.0,0.7987251281738281,2.0,2.0,2.0,0.4921875,32.0,0.048347243177093616,0.027255311608314514,0.484249085187912,26374.0,32.0,1.0,211052.0,105496.0,0.49985785493622426,128.0,1.0,3.1692915756608544e-07,29.911922931671143,73.77493381500244,1078.0,0.0,95.61726713180542
1079,1079.0,8.0,16.0,14.549798250198364,128.0,1.0,148487.0,900089.0,0.8583917617797852,2.0,2.0,2.0,0.484375,32.0,0.05435473657205823,0.02810424007475376,0.48648977279663086,18554.0,32.0,1.0,148487.0,74216.0,0.4998147986018978,128.0,1.0,3.1608890538649824e-07,29.911922931671143,56.27537655830383,1079.0,0.0,70.87279796600342
1080,1080.0,8.0,16.0,19.495355367660522,128.0,1.0,197271.0,851305.0,0.8118677139282227,2.0,2.0,2.0,0.4375,32.0,0.046859103253944365,0.024180887266993523,0.4140470623970032,24650.75,32.0,1.0,197271.0,98603.0,0.4998352520137273,128.0,1.0,3.1524925342405017e-07,29.911922931671143,66.13364338874817,1080.0,0.0,85.68852376937866
1081,1081.0,8.0,16.0,22.92850947380066,128.0,1.0,205136.0,843440.0,0.8043670654296875,2.0,2.0,2.0,0.6171875,32.0,0.057669917967075074,0.030703002586960793,0.6848669052124023,25634.5,32.0,1.0,205136.0,102538.0,0.49985375555728884,128.0,1.0,3.1441020441905184e-07,29.911922931671143,76.65883135795593,1081.0,0.0,99.64186525344849
1082,1082.0,8.0,16.0,34.84512376785278,128.0,1.0,304399.0,744177.0,0.7097024917602539,2.0,2.0,2.0,0.390625,32.0,0.047480565051411724,0.030346645042300224,0.3166853189468384,38041.25,32.0,1.0,304399.0,152165.0,0.49988666191413245,128.0,1.0,3.135717611098457e-07,29.911922931671143,97.65502071380615,1082.0,0.0,132.57316374778748
1083,1083.0,8.0,16.0,35.7739999294281,128.0,1.0,284935.0,763641.0,0.7282648086547852,2.0,2.0,2.0,0.4296875,32.0,0.04949361486931376,0.025242777541279793,0.4471295475959778,35609.0,32.0,1.0,284935.0,142436.0,0.4998894484707038,128.0,1.0,3.127339262327978e-07,29.911922931671143,104.98159170150757,1083.0,0.0,140.82966828346252
1084,1084.0,8.0,16.0,30.00035309791565,128.0,1.0,273505.0,775071.0,0.7391653060913086,2.0,2.0,2.0,0.3828125,32.0,0.047809193760191944,0.027062106877565384,0.3573654890060425,34179.5,32.0,1.0,273505.0,136718.0,0.49987385971006015,128.0,1.0,3.118967025222882e-07,29.911922931671143,90.01501774787903,1084.0,0.0,120.09195470809937
1085,1085.0,8.0,16.0,23.655482053756714,128.0,1.0,174373.0,874203.0,0.833704948425293,2.0,2.0,2.0,0.671875,32.0,0.064217360058213,0.032242875546216965,0.5857663154602051,21789.5,32.0,1.0,174373.0,87158.0,0.49983655726517295,128.0,1.0,3.1106009271070257e-07,29.911922931671143,73.04865574836731,1085.0,0.0,96.75790071487427
1086,1086.0,8.0,16.0,25.981480360031128,128.0,1.0,262280.0,786296.0,0.7498703002929688,2.0,2.0,2.0,0.5859375,32.0,0.045033782587772395,0.022850899025797844,0.3883213698863983,32776.75,32.0,1.0,262280.0,131107.0,0.49987418026536523,128.0,1.0,3.10224099528423e-07,29.911922931671143,87.31701254844666,1086.0,0.0,113.36342144012451
1087,1087.0,8.0,16.0,33.83335304260254,128.0,1.0,269519.0,779057.0,0.7429666519165039,2.0,2.0,2.0,0.4453125,32.0,0.044072363537629694,0.02714189514517784,0.5570874214172363,33681.0,32.0,1.0,269519.0,134724.0,0.4998682838686697,128.0,1.0,3.0938872570381887e-07,29.911922931671143,90.65909266471863,1087.0,0.0,124.55964493751526
1088,1088.0,8.0,16.0,34.66185522079468,128.0,1.0,270993.0,777583.0,0.7415609359741211,2.0,2.0,2.0,0.515625,32.0,0.049649977201600755,0.029688922688364983,0.35390445590019226,33866.75,32.0,1.0,270993.0,135467.0,0.4998911410995856,128.0,1.0,3.0855397396323846e-07,29.911922931671143,92.5169837474823,1088.0,0.0,127.24604415893555
1089,1089.0,8.0,16.0,26.445817232131958,128.0,1.0,223066.0,825510.0,0.7872676849365234,2.0,2.0,2.0,0.453125,32.0,0.04300477732804736,0.02207828499376774,0.40608084201812744,27875.75,32.0,1.0,223066.0,111503.0,0.499865510656039,128.0,1.0,3.0771984703099985e-07,29.911922931671143,78.03042483329773,1089.0,0.0,104.53983116149902
1090,1090.0,8.0,16.0,30.324913024902344,128.0,1.0,244283.0,804293.0,0.767033576965332,2.0,2.0,2.0,0.546875,32.0,0.04725287135035243,0.03019610606133938,0.35416510701179504,30527.75,32.0,1.0,244283.0,122111.0,0.49987514481155054,128.0,1.0,3.0688634762938206e-07,29.911922931671143,79.4702787399292,1090.0,0.0,109.85617351531982
1091,1091.0,8.0,16.0,23.59824013710022,128.0,1.0,255435.0,793141.0,0.7563982009887695,2.0,2.0,2.0,0.375,32.0,0.056782616399082934,0.028720984235405922,0.4939568042755127,31923.0,32.0,1.0,255435.0,127692.0,0.49990017029772743,128.0,1.0,3.060534784786154e-07,29.911922931671143,76.17371535301208,1091.0,0.0,99.83497476577759
1092,1092.0,8.0,16.0,30.105552196502686,128.0,1.0,294920.0,753656.0,0.7187423706054688,2.0,2.0,2.0,0.34375,32.0,0.058814310405157236,0.030787574127316475,0.396276593208313,36856.75,32.0,1.0,294920.0,147427.0,0.49988810524888105,128.0,1.0,3.0522124229687407e-07,29.911922931671143,83.88254165649414,1092.0,0.0,114.05991125106812
1093,1093.0,8.0,16.0,35.38405919075012,128.0,1.0,290750.0,757826.0,0.7227191925048828,2.0,2.0,2.0,0.578125,32.0,0.04131616925362759,0.024209382012486458,0.3228839933872223,36334.75,32.0,1.0,290750.0,145339.0,0.49987618228718833,128.0,1.0,3.043896418002661e-07,29.911922931671143,95.67680621147156,1093.0,0.0,131.13321948051453
1094,1094.0,8.0,16.0,20.674498319625854,128.0,1.0,188387.0,860189.0,0.8203401565551758,2.0,2.0,2.0,0.6484375,32.0,0.03706617029464288,0.018504835665225983,0.34383395314216614,23540.5,32.0,1.0,188387.0,94162.0,0.4998327910099954,128.0,1.0,3.035586797028252e-07,29.911922931671143,63.99215841293335,1094.0,0.0,84.71663641929626
1095,1095.0,8.0,16.0,40.85383176803589,128.0,1.0,371116.0,677460.0,0.6460762023925781,2.0,2.0,2.0,0.3359375,32.0,0.055299205398450936,0.03659553453326225,0.3508155047893524,46382.25,32.0,1.0,371116.0,185529.0,0.49992185731684974,128.0,1.0,3.027283587165014e-07,29.911922931671143,117.7645537853241,1095.0,0.0,158.70713543891907
1096,1096.0,8.0,16.0,27.698789358139038,128.0,1.0,251121.0,797455.0,0.7605123519897461,2.0,2.0,2.0,0.40625,32.0,0.05174102241108052,0.028412075713276863,0.3569942116737366,31381.75,32.0,1.0,251121.0,125527.0,0.49986659817378876,128.0,1.0,3.0189868155115195e-07,29.911922931671143,82.7487645149231,1096.0,0.0,110.51566219329834
1097,1097.0,8.0,16.0,32.11701703071594,128.0,1.0,285410.0,763166.0,0.7278118133544922,2.0,2.0,2.0,0.4296875,32.0,0.05834537926828202,0.033644046634435654,0.41644716262817383,35668.0,32.0,1.0,285410.0,142672.0,0.49988437686135734,128.0,1.0,3.010696509145336e-07,29.911922931671143,91.20518493652344,1097.0,0.0,123.39143991470337
1098,1098.0,8.0,16.0,22.55682134628296,128.0,1.0,229457.0,819119.0,0.7811727523803711,2.0,2.0,2.0,0.484375,32.0,0.06344081828976111,0.030692581087350845,0.4708539843559265,28673.25,32.0,1.0,229457.0,114693.0,0.4998452869165029,128.0,1.0,3.0024126951229266e-07,29.911922931671143,73.18251729011536,1098.0,0.0,95.79805135726929
1099,1099.0,8.0,16.0,36.73574233055115,128.0,1.0,315856.0,732720.0,0.6987762451171875,2.0,2.0,2.0,0.4921875,32.0,0.0548038873507234,0.03140685334801674,0.3651302754878998,39474.0,32.0,1.0,315856.0,157896.0,0.499898688009726,128.0,1.0,2.99413540047957e-07,29.911922931671143,97.55150055885315,1099.0,0.0,134.36244988441467
1100,1100.0,8.0,16.0,32.966110706329346,128.0,1.0,328159.0,720417.0,0.6870431900024414,2.0,2.0,2.0,0.4140625,32.0,0.06329532380362421,0.03593283146619797,0.4304664433002472,41011.5,32.0,1.0,328159.0,164046.0,0.49989791533982003,128.0,1.0,2.985864652229261e-07,29.911922931671143,98.00661206245422,1100.0,0.0,447.814537525177
1101,1101.0,8.0,16.0,23.556355476379395,128.0,1.0,202825.0,845751.0,0.8065710067749023,2.0,2.0,2.0,0.4921875,32.0,0.07159341370672428,0.037507522851228714,0.527130663394928,25344.25,32.0,1.0,202825.0,101377.0,0.4998249722667324,128.0,1.0,2.977600477364636e-07,29.911922931671143,73.18360114097595,1101.0,0.0,96.802561044693
1102,1102.0,8.0,16.0,18.611730575561523,128.0,1.0,187896.0,860680.0,0.8208084106445312,2.0,2.0,2.0,0.390625,32.0,0.06587945112212497,0.03862256556749344,0.48397910594940186,23479.25,32.0,1.0,187896.0,93917.0,0.4998350151147443,128.0,1.0,2.969342902856875e-07,29.911922931671143,62.6884388923645,1102.0,0.0,81.34885263442993
1103,1103.0,8.0,16.0,34.898463010787964,128.0,1.0,311006.0,737570.0,0.7034015655517578,2.0,2.0,2.0,0.28125,32.0,0.04902109373166908,0.02581951394677162,0.37087687849998474,38868.25,32.0,1.0,311006.0,155473.0,0.499903538838479,128.0,1.0,2.961091955655619e-07,29.911922931671143,88.16094875335693,1103.0,0.0,123.13121747970581
1104,1104.0,8.0,16.0,22.06605339050293,128.0,1.0,237215.0,811361.0,0.7737741470336914,2.0,2.0,2.0,0.46875,32.0,0.05125164594665723,0.028124650940299034,0.4116438329219818,29644.25,32.0,1.0,237215.0,118577.0,0.4998714246569568,128.0,1.0,2.9528476626888766e-07,29.911922931671143,75.97138547897339,1104.0,0.0,98.09533095359802
1105,1105.0,8.0,16.0,35.58858585357666,128.0,1.0,313799.0,734777.0,0.7007379531860352,2.0,2.0,2.0,0.1328125,32.0,0.06554370458403593,0.04195988550782204,0.4071730375289917,39217.25,32.0,1.0,313799.0,156869.0,0.4999028040242321,128.0,1.0,2.9446100508629434e-07,29.911922931671143,94.22504353523254,1105.0,0.0,129.8902988433838
1106,1106.0,8.0,16.0,20.090940237045288,128.0,1.0,157181.0,891395.0,0.8501005172729492,2.0,2.0,2.0,0.4921875,32.0,0.06737611177591152,0.030992932617664337,0.7065445780754089,19639.5,32.0,1.0,157181.0,78558.0,0.499793232006413,128.0,1.0,2.936379147062307e-07,29.911922931671143,65.40957951545715,1106.0,0.0,85.54692769050598
1107,1107.0,8.0,16.0,34.16593050956726,128.0,1.0,261062.0,787514.0,0.7510318756103516,2.0,2.0,2.0,0.625,32.0,0.036151516502815874,0.015151129104197025,0.44547346234321594,32625.0,32.0,1.0,261062.0,130500.0,0.4998812542614398,128.0,1.0,2.928154978149565e-07,29.911922931671143,90.36536359786987,1107.0,0.0,124.59558343887329
1108,1108.0,8.0,16.0,23.507917881011963,128.0,1.0,220529.0,828047.0,0.7896871566772461,2.0,2.0,2.0,0.5703125,32.0,0.06155988416026409,0.030619993805885315,0.47458264231681824,27559.5,32.0,1.0,220529.0,110238.0,0.49987983439819705,128.0,1.0,2.919937570965335e-07,29.911922931671143,71.78354525566101,1108.0,0.0,95.348952293396
1109,1109.0,8.0,16.0,17.792378187179565,128.0,1.0,168874.0,879702.0,0.8389492034912109,2.0,2.0,2.0,0.6328125,32.0,0.06198770740989671,0.0364249050617218,0.5174753665924072,21100.75,32.0,1.0,168874.0,84403.0,0.49979866646138543,128.0,1.0,2.911726952328163e-07,29.911922931671143,60.47844648361206,1109.0,0.0,78.32002544403076
1110,1110.0,8.0,16.0,34.59526777267456,128.0,1.0,280054.0,768522.0,0.7329196929931641,2.0,2.0,2.0,0.2421875,32.0,0.054311589628740733,0.03163225203752518,0.6382983922958374,34998.0,32.0,1.0,280054.0,139992.0,0.4998750241024945,128.0,1.0,2.9035231490344426e-07,29.911922931671143,84.29760241508484,1110.0,0.0,118.96611452102661
1111,1111.0,8.0,16.0,42.2962749004364,128.0,1.0,424382.0,624194.0,0.5952777862548828,2.0,2.0,2.0,0.265625,32.0,0.04415887252740566,0.030316026881337166,0.3111512064933777,53040.25,32.0,1.0,424382.0,212161.0,0.49992930897163407,128.0,1.0,2.895326187858326e-07,29.911922931671143,116.32373118400574,1111.0,0.0,158.71481680870056
1112,1112.0,8.0,16.0,37.06751108169556,128.0,1.0,331827.0,716749.0,0.6835451126098633,2.0,2.0,2.0,0.4765625,32.0,0.04631047174599192,0.025142883881926537,0.3874644339084625,41469.75,32.0,1.0,331827.0,165879.0,0.4998960301602944,128.0,1.0,2.887136095551632e-07,29.911922931671143,104.5569703578949,1112.0,0.0,141.70619869232178
1113,1113.0,8.0,16.0,32.74861741065979,128.0,1.0,209475.0,839101.0,0.8002290725708008,2.0,2.0,2.0,0.3515625,32.0,0.0538902015018396,0.03233949467539787,0.7453659176826477,26177.0,32.0,1.0,209475.0,104708.0,0.499859171738871,128.0,1.0,2.878952898843765e-07,29.911922931671143,73.92716908454895,1113.0,0.0,106.72905850410461
1114,1114.0,8.0,16.0,35.601518869400024,128.0,1.0,332161.0,716415.0,0.6832265853881836,2.0,2.0,2.0,0.3515625,32.0,0.050763403151238076,0.025638965889811516,0.5295427441596985,41512.0,32.0,1.0,332161.0,166048.0,0.49990215588223785,128.0,1.0,2.870776624441622e-07,29.911922931671143,98.54996967315674,1114.0,0.0,134.22986888885498
1115,1115.0,8.0,16.0,35.28718423843384,128.0,1.0,300197.0,748379.0,0.713709831237793,2.0,2.0,2.0,0.5703125,32.0,0.04686522594299262,0.029491519555449486,0.3607295751571655,37517.25,32.0,1.0,300197.0,150069.0,0.49990173119651427,128.0,1.0,2.862607299029511e-07,29.911922931671143,96.28946232795715,1115.0,0.0,131.64681458473206
1116,1116.0,8.0,16.0,28.1616473197937,128.0,1.0,191593.0,856983.0,0.8172826766967773,2.0,2.0,2.0,0.671875,32.0,0.05367843904956917,0.027993982657790184,0.42660391330718994,23942.75,32.0,1.0,191593.0,95771.0,0.4998669053671063,128.0,1.0,2.85444494926906e-07,29.911922931671143,80.3414855003357,1116.0,0.0,108.560866355896
1117,1117.0,8.0,16.0,23.21252965927124,128.0,1.0,223978.0,824598.0,0.7863979339599609,2.0,2.0,2.0,0.7109375,32.0,0.05920776652985054,0.032688695937395096,0.403714656829834,27988.5,32.0,1.0,223978.0,111954.0,0.49984373465251053,128.0,1.0,2.846289601799131e-07,29.911922931671143,67.44657874107361,1117.0,0.0,90.71939754486084
1118,1118.0,8.0,16.0,22.02175998687744,128.0,1.0,176853.0,871723.0,0.8313398361206055,2.0,2.0,2.0,0.6640625,32.0,0.059406562768341366,0.0283314548432827,0.5645610094070435,22098.75,32.0,1.0,176853.0,88395.0,0.4998218859730963,128.0,1.0,2.83814128323573e-07,29.911922931671143,61.66996693611145,1118.0,0.0,83.74252080917358
1119,1119.0,8.0,16.0,26.217485904693604,128.0,1.0,256341.0,792235.0,0.7555341720581055,2.0,2.0,2.0,0.5625,32.0,0.05462280149054185,0.0306620541960001,0.49546289443969727,32035.25,32.0,1.0,256341.0,128141.0,0.49988491891659936,128.0,1.0,2.830000020171928e-07,29.911922931671143,78.17346835136414,1119.0,0.0,104.46807837486267
1120,1120.0,8.0,16.0,22.26015043258667,128.0,1.0,221612.0,826964.0,0.7886543273925781,2.0,2.0,2.0,0.4609375,32.0,0.05930075971427586,0.029784051701426506,0.45473843812942505,27693.25,32.0,1.0,221612.0,110773.0,0.49985109109615,128.0,1.0,2.821865839177767e-07,29.911922931671143,73.08841967582703,1120.0,0.0,95.41161632537842
1121,1121.0,8.0,16.0,27.107423543930054,128.0,1.0,211894.0,836682.0,0.7979221343994141,2.0,2.0,2.0,0.5703125,32.0,0.06526969268525798,0.030524030327796936,0.521613359451294,26479.0,32.0,1.0,211894.0,105916.0,0.4998537004351232,128.0,1.0,2.8137387668001797e-07,29.911922931671143,70.89824271202087,1121.0,0.0,98.05780982971191
1122,1122.0,8.0,16.0,27.409894704818726,128.0,1.0,241840.0,806736.0,0.7693634033203125,2.0,2.0,2.0,0.484375,32.0,0.05866814214312903,0.02780226059257984,0.44413265585899353,30222.0,32.0,1.0,241840.0,120888.0,0.49986768111147867,128.0,1.0,2.8056188295628915e-07,29.911922931671143,76.55243611335754,1122.0,0.0,104.02751207351685
1123,1123.0,8.0,16.0,34.19231462478638,128.0,1.0,268579.0,779997.0,0.7438631057739258,2.0,2.0,2.0,0.3515625,32.0,0.057621814512347075,0.02820308320224285,0.4565645456314087,33563.75,32.0,1.0,268579.0,134255.0,0.49987154617449614,128.0,1.0,2.7975060539663453e-07,29.911922931671143,92.0980281829834,1123.0,0.0,126.35380291938782
1124,1124.0,8.0,16.0,28.452093839645386,128.0,1.0,259289.0,789287.0,0.7527227401733398,2.0,2.0,2.0,0.40625,32.0,0.05060071942032537,0.027360541746020317,0.3778843581676483,32402.75,32.0,1.0,259289.0,129611.0,0.49987080053531,128.0,1.0,2.7894004664876137e-07,29.911922931671143,82.55979800224304,1124.0,0.0,111.0722439289093
1125,1125.0,8.0,16.0,19.131940603256226,128.0,1.0,217195.0,831381.0,0.7928667068481445,2.0,2.0,2.0,0.5,32.0,0.060823882812704365,0.03265800699591637,0.45310550928115845,27141.25,32.0,1.0,217195.0,108565.0,0.4998503648794862,128.0,1.0,2.781302093580305e-07,29.911922931671143,69.33731651306152,1125.0,0.0,88.52683138847351
1126,1126.0,8.0,16.0,36.872084856033325,128.0,1.0,372382.0,676194.0,0.6448688507080078,2.0,2.0,2.0,0.2421875,32.0,0.05359002385794892,0.030782850459218025,0.32268860936164856,46539.0,32.0,1.0,372382.0,186156.0,0.49990601049459965,128.0,1.0,2.77321096167449e-07,29.911922931671143,97.41155290603638,1126.0,0.0,134.39206647872925
1127,1127.0,8.0,16.0,25.03149175643921,128.0,1.0,204498.0,844078.0,0.8049755096435547,2.0,2.0,2.0,0.5859375,32.0,0.06670628858508071,0.030893532559275627,0.5906694531440735,25552.75,32.0,1.0,204498.0,102211.0,0.49981417911177617,128.0,1.0,2.7651270971765953e-07,29.911922931671143,68.59828233718872,1127.0,0.0,93.70096802711487
1128,1128.0,8.0,16.0,16.796255588531494,128.0,1.0,157809.0,890767.0,0.8495016098022461,2.0,2.0,2.0,0.6328125,32.0,0.054253352890754794,0.027834689244627953,0.5460087656974792,19717.75,32.0,1.0,157809.0,78871.0,0.4997877180642422,128.0,1.0,2.75705052646934e-07,29.911922931671143,59.14881229400635,1128.0,0.0,76.01232552528381
1129,1129.0,8.0,16.0,37.79009485244751,128.0,1.0,314417.0,734159.0,0.7001485824584961,2.0,2.0,2.0,0.4765625,32.0,0.04161755414049798,0.020871439948678017,0.34218519926071167,39295.0,32.0,1.0,314417.0,157180.0,0.49990935604626974,128.0,1.0,2.748981275911633e-07,29.911922931671143,97.47975325584412,1129.0,0.0,135.35805773735046
1130,1130.0,8.0,16.0,21.656092405319214,128.0,1.0,266973.0,781603.0,0.7453947067260742,2.0,2.0,2.0,0.203125,32.0,0.06912847901249769,0.037232886999845505,0.5187219977378845,33363.75,32.0,1.0,266973.0,133455.0,0.4998820105403917,128.0,1.0,2.740919371838498e-07,29.911922931671143,80.4073839187622,1130.0,0.0,102.13229942321777
1131,1131.0,8.0,16.0,22.85728144645691,128.0,1.0,234929.0,813647.0,0.7759542465209961,2.0,2.0,2.0,0.6015625,32.0,0.04481877863046321,0.024610713124275208,0.4060977101325989,29358.25,32.0,1.0,234929.0,117433.0,0.49986591693660637,128.0,1.0,2.7328648405609755e-07,29.911922931671143,72.20005583763123,1131.0,0.0,95.11888980865479
1132,1132.0,8.0,16.0,33.95030236244202,128.0,1.0,254207.0,794369.0,0.7575693130493164,2.0,2.0,2.0,0.3046875,32.0,0.06192737091440557,0.02846507728099823,0.4889988899230957,31768.5,32.0,1.0,254207.0,127074.0,0.4998839528415819,128.0,1.0,2.7248177083660505e-07,29.911922931671143,81.00719952583313,1132.0,0.0,115.02786874771118
1133,1133.0,8.0,16.0,33.76763200759888,128.0,1.0,311996.0,736580.0,0.7024574279785156,2.0,2.0,2.0,0.3984375,32.0,0.06056487634223653,0.032862890511751175,0.38691699504852295,38992.0,32.0,1.0,311996.0,155968.0,0.49990384492108875,128.0,1.0,2.7167780015165566e-07,29.911922931671143,87.95056343078613,1133.0,0.0,121.79458999633789
1134,1134.0,8.0,16.0,29.309112071990967,128.0,1.0,288148.0,760428.0,0.7252006530761719,2.0,2.0,2.0,0.3046875,32.0,0.05553042707630779,0.03311620280146599,0.42110732197761536,36010.75,32.0,1.0,288148.0,144043.0,0.4998924163971293,128.0,1.0,2.708745746251095e-07,29.911922931671143,91.75146341323853,1134.0,0.0,121.12980794906616
1135,1135.0,8.0,16.0,30.719050407409668,128.0,1.0,238937.0,809639.0,0.7721319198608398,2.0,2.0,2.0,0.296875,32.0,0.0674560500485473,0.03468085452914238,0.49552223086357117,29859.0,32.0,1.0,238937.0,119436.0,0.4998639808819898,128.0,1.0,2.700720968783948e-07,29.911922931671143,88.91902685165405,1135.0,0.0,119.69543814659119
1136,1136.0,8.0,16.0,28.24550724029541,128.0,1.0,326595.0,721981.0,0.6885347366333008,2.0,2.0,2.0,0.375,32.0,0.048514386999648405,0.029249709099531174,0.3120806813240051,40817.25,32.0,1.0,326595.0,163269.0,0.4999127359573784,128.0,1.0,2.6927036953049927e-07,29.911922931671143,86.42209672927856,1136.0,0.0,114.74941873550415
1137,1137.0,8.0,16.0,30.749684810638428,128.0,1.0,185798.0,862778.0,0.8228092193603516,2.0,2.0,2.0,0.640625,32.0,0.05425342793905139,0.027333160862326622,0.45227453112602234,23216.5,32.0,1.0,185798.0,92866.0,0.499822387754443,128.0,1.0,2.684693951979616e-07,29.911922931671143,70.50153827667236,1137.0,0.0,101.29901885986328
1138,1138.0,8.0,16.0,21.613694190979004,128.0,1.0,260676.0,787900.0,0.7513999938964844,2.0,2.0,2.0,0.5234375,32.0,0.05059651823181101,0.0276938546448946,0.37151575088500977,32576.0,32.0,1.0,260676.0,130304.0,0.49986956988752324,128.0,1.0,2.676691764948629e-07,29.911922931671143,77.68354749679565,1138.0,0.0,99.36336421966553
1139,1139.0,8.0,16.0,25.276240348815918,128.0,1.0,249190.0,799386.0,0.7623538970947266,2.0,2.0,2.0,0.3984375,32.0,0.06175072798514472,0.028701024129986763,0.48312896490097046,31140.75,32.0,1.0,249190.0,124563.0,0.4998715839319395,128.0,1.0,2.668697160328184e-07,29.911922931671143,73.95525312423706,1139.0,0.0,99.29837346076965
1140,1140.0,8.0,16.0,19.98564052581787,128.0,1.0,171512.0,877064.0,0.8364334106445312,2.0,2.0,2.0,0.5625,32.0,0.07373871372277586,0.03320863097906113,0.606782853603363,21430.25,32.0,1.0,171512.0,85721.0,0.4997959326461122,128.0,1.0,2.660710164209682e-07,29.911922931671143,63.695517778396606,1140.0,0.0,83.72769260406494
1141,1141.0,8.0,16.0,34.12725329399109,128.0,1.0,292299.0,756277.0,0.7212419509887695,2.0,2.0,2.0,0.5625,32.0,0.053650362160745306,0.029499247670173645,0.36091625690460205,36529.0,32.0,1.0,292299.0,146116.0,0.49988539132874216,128.0,1.0,2.652730802659697e-07,29.911922931671143,94.05405044555664,1141.0,0.0,128.25466442108154
1142,1142.0,8.0,16.0,20.765893697738647,128.0,1.0,206321.0,842255.0,0.8032369613647461,2.0,2.0,2.0,0.4296875,32.0,0.0747409920622284,0.040624771267175674,0.5013918876647949,25784.5,32.0,1.0,206321.0,103138.0,0.49989094663170497,128.0,1.0,2.6447591017198865e-07,29.911922931671143,77.68830227851868,1142.0,0.0,98.50966787338257
1143,1143.0,8.0,16.0,22.015546083450317,128.0,1.0,218174.0,830402.0,0.7919330596923828,2.0,2.0,2.0,0.5625,32.0,0.06462514708667334,0.032334428280591965,0.44374698400497437,27263.5,32.0,1.0,218174.0,109054.0,0.4998487445800141,128.0,1.0,2.6367950874069056e-07,29.911922931671143,64.19520115852356,1143.0,0.0,86.26951432228088
1144,1144.0,8.0,16.0,36.41842865943909,128.0,1.0,330288.0,718288.0,0.6850128173828125,2.0,2.0,2.0,0.28125,32.0,0.044387734593875634,0.026204634457826614,0.3797794580459595,41277.75,32.0,1.0,330288.0,165111.0,0.4999000871966284,128.0,1.0,2.628838785712324e-07,29.911922931671143,98.45237278938293,1144.0,0.0,134.94843435287476
1145,1145.0,8.0,16.0,21.319843769073486,128.0,1.0,223644.0,824932.0,0.7867164611816406,2.0,2.0,2.0,0.5234375,32.0,0.0537101698540834,0.02805383689701557,0.42432188987731934,27947.75,32.0,1.0,223644.0,111791.0,0.4998613868469532,128.0,1.0,2.6208902226025366e-07,29.911922931671143,71.63767886161804,1145.0,0.0,93.01420426368713
1146,1146.0,8.0,16.0,25.023097276687622,128.0,1.0,216137.0,832439.0,0.7938756942749023,2.0,2.0,2.0,0.59375,32.0,0.06421954238183596,0.03022676892578602,1.177273154258728,27008.75,32.0,1.0,216137.0,108035.0,0.49984500571396845,128.0,1.0,2.6129494240186865e-07,29.911922931671143,72.76151442527771,1146.0,0.0,97.84665060043335
1147,1147.0,8.0,16.0,21.747974634170532,128.0,1.0,196322.0,852254.0,0.8127727508544922,2.0,2.0,2.0,0.640625,32.0,0.0578984377911497,0.0337960347533226,0.512858510017395,24531.5,32.0,1.0,196322.0,98126.0,0.49982172145760534,128.0,1.0,2.6050164158765765e-07,29.911922931671143,70.76649594306946,1147.0,0.0,92.56965637207031
1148,1148.0,8.0,16.0,34.85819602012634,128.0,1.0,291264.0,757312.0,0.72222900390625,2.0,2.0,2.0,0.4375,32.0,0.046651129856557325,0.024474095553159714,0.3712494969367981,36400.75,32.0,1.0,291264.0,145603.0,0.49990043397055595,128.0,1.0,2.597091224066581e-07,29.911922931671143,85.80276656150818,1148.0,0.0,120.73137593269348
1149,1149.0,8.0,16.0,28.728198051452637,128.0,1.0,242345.0,806231.0,0.7688817977905273,2.0,2.0,2.0,0.515625,32.0,0.06125393465406724,0.037508778274059296,0.40391311049461365,30285.0,32.0,1.0,242345.0,121140.0,0.4998658936639914,128.0,1.0,2.5891738744535684e-07,29.911922931671143,87.85063195228577,1149.0,0.0,116.64367628097534
1150,1150.0,8.0,16.0,22.086590051651,128.0,1.0,265975.0,782601.0,0.7463464736938477,2.0,2.0,2.0,0.3359375,32.0,0.05370463485599092,0.030599167570471764,0.3834211528301239,33240.25,32.0,1.0,265975.0,132961.0,0.499900366575806,128.0,1.0,2.5812643928768113e-07,29.911922931671143,73.50624990463257,1150.0,0.0,416.5365798473358
1151,1151.0,8.0,16.0,26.98982572555542,128.0,1.0,227454.0,821122.0,0.7830829620361328,2.0,2.0,2.0,0.671875,32.0,0.04874135555540666,0.027049021795392036,0.3864476680755615,28423.25,32.0,1.0,227454.0,113693.0,0.49985051922586543,128.0,1.0,2.573362805149903e-07,29.911922931671143,79.79579758644104,1151.0,0.0,106.84669256210327
1152,1152.0,8.0,16.0,29.57088804244995,128.0,1.0,263008.0,785568.0,0.749176025390625,2.0,2.0,2.0,0.2421875,32.0,0.06012179806333433,0.03397712484002113,0.4263678789138794,32868.5,32.0,1.0,263008.0,131474.0,0.4998859350285923,128.0,1.0,2.565469137060677e-07,29.911922931671143,78.2056679725647,1152.0,0.0,107.83842134475708
1153,1153.0,8.0,16.0,33.247109174728394,128.0,1.0,329444.0,719132.0,0.6858177185058594,2.0,2.0,2.0,0.4296875,32.0,0.051335417438508356,0.03043247014284134,0.3539559245109558,41172.25,32.0,1.0,329444.0,164689.0,0.499899831230801,128.0,1.0,2.5575834143711185e-07,29.911922931671143,97.92484498023987,1153.0,0.0,131.26104712486267
1154,1154.0,8.0,16.0,19.0151424407959,128.0,1.0,192776.0,855800.0,0.8161544799804688,2.0,2.0,2.0,0.28125,32.0,0.06337835286488037,0.030034592375159264,0.5398250222206116,24089.0,32.0,1.0,192776.0,96356.0,0.49983400423289204,128.0,1.0,2.549705662817279e-07,29.911922931671143,67.99809098243713,1154.0,0.0,87.06512784957886
1155,1155.0,8.0,16.0,36.61973333358765,128.0,1.0,329059.0,719517.0,0.6861848831176758,2.0,2.0,2.0,0.3046875,32.0,0.07204674193050022,0.04600495100021362,0.4442417323589325,41125.75,32.0,1.0,329059.0,164503.0,0.49991946732956705,128.0,1.0,2.5418359081092e-07,29.911922931671143,101.178875207901,1155.0,0.0,137.89676761627197
1156,1156.0,8.0,16.0,22.860278367996216,128.0,1.0,195309.0,853267.0,0.8137388229370117,2.0,2.0,2.0,0.65625,32.0,0.06537369504939147,0.02982415445148945,1.2207324504852295,24404.5,32.0,1.0,195309.0,97618.0,0.4998131166510504,128.0,1.0,2.533974175930821e-07,29.911922931671143,62.67796277999878,1156.0,0.0,85.59356784820557
1157,1157.0,8.0,16.0,36.08329129219055,128.0,1.0,325420.0,723156.0,0.6896553039550781,2.0,2.0,2.0,0.328125,32.0,0.05280652538865446,0.03150566294789314,0.39170190691947937,40669.0,32.0,1.0,325420.0,162676.0,0.4998955196361625,128.0,1.0,2.5261204919399035e-07,29.911922931671143,98.16635370254517,1157.0,0.0,134.33353281021118
1158,1158.0,8.0,16.0,31.66906976699829,128.0,1.0,275619.0,772957.0,0.7371492385864258,2.0,2.0,2.0,0.390625,32.0,0.05979875457061994,0.03255990520119667,0.4048078954219818,34444.5,32.0,1.0,275619.0,137778.0,0.49988571179780783,128.0,1.0,2.518274881767934e-07,29.911922931671143,81.7201018333435,1158.0,0.0,113.45621585845947
1159,1159.0,8.0,16.0,22.6572527885437,128.0,1.0,243808.0,804768.0,0.767486572265625,2.0,2.0,2.0,0.4765625,32.0,0.05031058483611707,0.030413536354899406,0.44521036744117737,30467.75,32.0,1.0,243808.0,121871.0,0.4998646475915475,128.0,1.0,2.5104373710200586e-07,29.911922931671143,77.40534138679504,1159.0,0.0,100.13792181015015
1160,1160.0,8.0,16.0,19.12757182121277,128.0,1.0,188608.0,859968.0,0.82012939453125,2.0,2.0,2.0,0.734375,32.0,0.04745691663092183,0.022935999557375908,0.3944054841995239,23569.0,32.0,1.0,188608.0,94276.0,0.49985154394299286,128.0,1.0,2.502607985274985e-07,29.911922931671143,66.61992955207825,1160.0,0.0,85.80038166046143
1161,1161.0,8.0,16.0,23.12176012992859,128.0,1.0,208126.0,840450.0,0.8015155792236328,2.0,2.0,2.0,0.546875,32.0,0.054173952257909955,0.031236767768859863,0.4696207344532013,26009.25,32.0,1.0,208126.0,104037.0,0.4998750756753121,128.0,1.0,2.4947867500849044e-07,29.911922931671143,65.35511875152588,1161.0,0.0,88.53138303756714
1162,1162.0,8.0,16.0,33.19524908065796,128.0,1.0,292619.0,755957.0,0.7209367752075195,2.0,2.0,2.0,0.5546875,32.0,0.04644608072325118,0.022726314142346382,0.43112602829933167,36569.5,32.0,1.0,292619.0,146278.0,0.4998923514877708,128.0,1.0,2.48697369097541e-07,29.911922931671143,83.185054063797,1162.0,0.0,116.44869542121887
1163,1163.0,8.0,16.0,28.321242570877075,128.0,1.0,235943.0,812633.0,0.7749872207641602,2.0,2.0,2.0,0.5390625,32.0,0.047077818801655624,0.02524375542998314,0.5566023588180542,29486.0,32.0,1.0,235943.0,117944.0,0.49988344642561977,128.0,1.0,2.4791688334454053e-07,29.911922931671143,73.78683876991272,1163.0,0.0,102.17151761054993
1164,1164.0,8.0,16.0,27.394073247909546,128.0,1.0,206085.0,842491.0,0.803462028503418,2.0,2.0,2.0,0.515625,32.0,0.056309239501804685,0.03424276039004326,0.4548109471797943,25752.25,32.0,1.0,206085.0,103009.0,0.49983744571414707,128.0,1.0,2.471372202967033e-07,29.911922931671143,80.57752466201782,1164.0,0.0,108.0265052318573
1165,1165.0,8.0,16.0,29.629687070846558,128.0,1.0,280361.0,768215.0,0.7326269149780273,2.0,2.0,2.0,0.4375,32.0,0.05591721738989329,0.03261822834610939,0.49724870920181274,35036.75,32.0,1.0,280361.0,140147.0,0.4998805111980625,128.0,1.0,2.463583824985584e-07,29.911922931671143,79.71997380256653,1165.0,0.0,109.42324924468994
1166,1166.0,8.0,16.0,18.824025630950928,128.0,1.0,227979.0,820597.0,0.7825822830200195,2.0,2.0,2.0,0.4609375,32.0,0.04813785131032523,0.02322545275092125,0.4593876898288727,28488.5,32.0,1.0,227979.0,113954.0,0.49984428390334196,128.0,1.0,2.455803724919417e-07,29.911922931671143,71.0568208694458,1166.0,0.0,89.94746375083923
1167,1167.0,8.0,16.0,35.35951352119446,128.0,1.0,274863.0,773713.0,0.7378702163696289,2.0,2.0,2.0,0.34375,32.0,0.047402268371258736,0.029908500611782074,0.4059174656867981,34350.0,32.0,1.0,274863.0,137400.0,0.49988539745254906,128.0,1.0,2.448031928159869e-07,29.911922931671143,87.2426016330719,1167.0,0.0,122.6707534790039
1168,1168.0,8.0,16.0,34.96522045135498,128.0,1.0,269228.0,779348.0,0.7432441711425781,2.0,2.0,2.0,0.53125,32.0,0.04287879685812033,0.02321520820260048,0.3939472734928131,33645.75,32.0,1.0,269228.0,134583.0,0.49988485595851845,128.0,1.0,2.4402684600711867e-07,29.911922931671143,86.3059892654419,1168.0,0.0,121.34236097335815
1169,1169.0,8.0,16.0,25.383933067321777,128.0,1.0,239584.0,808992.0,0.771514892578125,2.0,2.0,2.0,0.4375,32.0,0.05042931526586219,0.028077518567442894,0.41508713364601135,29939.75,32.0,1.0,239584.0,119759.0,0.4998622612528383,128.0,1.0,2.432513345990429e-07,29.911922931671143,72.18533873558044,1169.0,0.0,97.63001680374146
1170,1170.0,8.0,16.0,29.735456466674805,128.0,1.0,285954.0,762622.0,0.7272930145263672,2.0,2.0,2.0,0.3515625,32.0,0.05408633830252383,0.031969234347343445,0.3355652689933777,35735.75,32.0,1.0,285954.0,142943.0,0.4998810997573036,128.0,1.0,2.4247666112273936e-07,29.911922931671143,85.08477807044983,1170.0,0.0,114.914377450943
1171,1171.0,8.0,16.0,19.84939742088318,128.0,1.0,220999.0,827577.0,0.7892389297485352,2.0,2.0,2.0,0.3515625,32.0,0.06693112229304682,0.03674441576004028,0.47426629066467285,27616.75,32.0,1.0,220999.0,110467.0,0.499852940511043,128.0,1.0,2.4170282810645297e-07,29.911922931671143,71.89846158027649,1171.0,0.0,91.80832052230835
1172,1172.0,8.0,16.0,36.40860056877136,128.0,1.0,305013.0,743563.0,0.7091169357299805,2.0,2.0,2.0,0.515625,32.0,0.04225381812701159,0.024965113028883934,0.30791670083999634,38118.0,32.0,1.0,305013.0,152472.0,0.4998868900669807,128.0,1.0,2.4092983807568575e-07,29.911922931671143,102.00931906700134,1172.0,0.0,138.4893937110901
1173,1173.0,8.0,16.0,17.580471992492676,128.0,1.0,222411.0,826165.0,0.7878923416137695,2.0,2.0,2.0,0.578125,32.0,0.04717934218032616,0.025513481348752975,0.4009692072868347,27793.0,32.0,1.0,222411.0,111172.0,0.49984937795342854,128.0,1.0,2.4015769355318843e-07,29.911922931671143,69.90588140487671,1173.0,0.0,87.54805445671082
1174,1174.0,8.0,16.0,17.227850198745728,128.0,1.0,187494.0,861082.0,0.8211917877197266,2.0,2.0,2.0,0.609375,32.0,0.04399016782901228,0.022070134058594704,0.44230562448501587,23428.5,32.0,1.0,187494.0,93714.0,0.49982399436781977,128.0,1.0,2.393863970589525e-07,29.911922931671143,66.36327958106995,1174.0,0.0,83.64669513702393
1175,1175.0,8.0,16.0,20.371739149093628,128.0,1.0,205628.0,842948.0,0.8038978576660156,2.0,2.0,2.0,0.390625,32.0,0.05838143021734982,0.02895660139620304,0.45688536763191223,25695.5,32.0,1.0,205628.0,102782.0,0.4998443791701519,128.0,1.0,2.38615951110202e-07,29.911922931671143,64.68859601020813,1175.0,0.0,85.11518406867981
1176,1176.0,8.0,16.0,34.159690618515015,128.0,1.0,277727.0,770849.0,0.7351388931274414,2.0,2.0,2.0,0.5234375,32.0,0.04601305956565655,0.02604679949581623,0.3445212244987488,34708.5,32.0,1.0,277727.0,138834.0,0.4998937805830906,128.0,1.0,2.378463582213842e-07,29.911922931671143,88.32053589820862,1176.0,0.0,122.55269455909729
1177,1177.0,8.0,16.0,25.947750091552734,128.0,1.0,227117.0,821459.0,0.7834043502807617,2.0,2.0,2.0,0.421875,32.0,0.05863109739701351,0.033519573509693146,0.488468736410141,28382.75,32.0,1.0,227117.0,113531.0,0.49987891703395165,128.0,1.0,2.3707762090416328e-07,29.911922931671143,72.95892286300659,1177.0,0.0,98.96650648117065
1178,1178.0,8.0,16.0,25.59682273864746,128.0,1.0,290744.0,757832.0,0.7227249145507812,2.0,2.0,2.0,0.2734375,32.0,0.04797883193211178,0.027779409661889076,0.3079000413417816,36334.25,32.0,1.0,290744.0,145337.0,0.49987961918388685,128.0,1.0,2.3630974166741073e-07,29.911922931671143,88.00786089897156,1178.0,0.0,113.67420554161072
1179,1179.0,8.0,16.0,23.816640615463257,128.0,1.0,226746.0,821830.0,0.7837581634521484,2.0,2.0,2.0,0.4296875,32.0,0.06249311082300103,0.029263794422149658,0.5541994571685791,28336.25,32.0,1.0,226746.0,113345.0,0.49987651380840237,128.0,1.0,2.3554272301719785e-07,29.911922931671143,70.96806597709656,1179.0,0.0,94.84317970275879
1180,1180.0,8.0,16.0,24.432998180389404,128.0,1.0,226676.0,821900.0,0.7838249206542969,2.0,2.0,2.0,0.5078125,32.0,0.051080012392591106,0.02595319226384163,0.4824008345603943,28325.75,32.0,1.0,226676.0,113303.0,0.4998455945931638,128.0,1.0,2.3477656745678677e-07,29.911922931671143,81.6920371055603,1180.0,0.0,106.18494391441345
1181,1181.0,8.0,16.0,25.79684042930603,128.0,1.0,261365.0,787211.0,0.7507429122924805,2.0,2.0,2.0,0.40625,32.0,0.04636648366794644,0.025694353505969048,0.3752538561820984,32663.75,32.0,1.0,261365.0,130655.0,0.49989478315765307,128.0,1.0,2.3401127748662325e-07,29.911922931671143,85.57040929794312,1181.0,0.0,111.4272792339325
1182,1182.0,8.0,16.0,35.122475385665894,128.0,1.0,325559.0,723017.0,0.6895227432250977,2.0,2.0,2.0,0.171875,32.0,0.04998559348713792,0.031009716913104057,0.28016018867492676,40686.75,32.0,1.0,325559.0,162747.0,0.499900171704668,128.0,1.0,2.3324685560432789e-07,29.911922931671143,96.18611907958984,1182.0,0.0,131.39137411117554
1183,1183.0,8.0,16.0,24.90741729736328,128.0,1.0,271103.0,777473.0,0.7414560317993164,2.0,2.0,2.0,0.4296875,32.0,0.06087695648333345,0.029632799327373505,0.5606878399848938,33879.5,32.0,1.0,271103.0,135518.0,0.49987643072928,128.0,1.0,2.3248330430468855e-07,29.911922931671143,82.0884518623352,1183.0,0.0,107.07918667793274
1184,1184.0,8.0,16.0,14.79046893119812,128.0,1.0,179754.0,868822.0,0.8285732269287109,2.0,2.0,2.0,0.5078125,32.0,0.07749962595704979,0.04028075560927391,0.5125707387924194,22462.0,32.0,1.0,179754.0,89848.0,0.4998386684023721,128.0,1.0,2.3172062607965165e-07,29.911922931671143,59.800848722457886,1184.0,0.0,74.64860010147095
1185,1185.0,8.0,16.0,25.29164409637451,128.0,1.0,224189.0,824387.0,0.7861967086791992,2.0,2.0,2.0,0.671875,32.0,0.055717720000123136,0.03243233636021614,0.5331246256828308,28013.25,32.0,1.0,224189.0,112053.0,0.499814888330828,128.0,1.0,2.309588234183137e-07,29.911922931671143,76.24831295013428,1185.0,0.0,101.59492444992065
1186,1186.0,8.0,16.0,30.222403526306152,128.0,1.0,210954.0,837622.0,0.7988185882568359,2.0,2.0,2.0,0.5,32.0,0.05496946378634707,0.030201513320207596,0.5033437609672546,26362.25,32.0,1.0,210954.0,105449.0,0.49986726964172284,128.0,1.0,2.3019789880691433e-07,29.911922931671143,73.87730240821838,1186.0,0.0,104.1575174331665
1187,1187.0,8.0,16.0,35.09638857841492,128.0,1.0,267918.0,780658.0,0.7444934844970703,2.0,2.0,2.0,0.5390625,32.0,0.06068297417124576,0.027972055599093437,0.4638489782810211,33482.75,32.0,1.0,267918.0,133931.0,0.49989549041124526,128.0,1.0,2.2943785472882732e-07,29.911922931671143,84.93123817443848,1187.0,0.0,120.0896565914154
1188,1188.0,8.0,16.0,30.640570640563965,128.0,1.0,283660.0,764916.0,0.7294807434082031,2.0,2.0,2.0,0.390625,32.0,0.056345669541636764,0.03199533373117447,0.412609338760376,35450.25,32.0,1.0,283660.0,141801.0,0.4998977649298456,128.0,1.0,2.2867869366455294e-07,29.911922931671143,97.0714340209961,1188.0,0.0,127.78019881248474
1189,1189.0,8.0,16.0,20.827158451080322,128.0,1.0,208278.0,840298.0,0.8013706207275391,2.0,2.0,2.0,0.6015625,32.0,0.05201558513201129,0.024208856746554375,0.4154946804046631,26026.75,32.0,1.0,208278.0,104107.0,0.4998463591930017,128.0,1.0,2.2792041809170902e-07,29.911922931671143,71.50948667526245,1189.0,0.0,92.3929660320282
1190,1190.0,8.0,16.0,30.41282343864441,128.0,1.0,227882.0,820694.0,0.7826747894287109,2.0,2.0,2.0,0.4453125,32.0,0.05444131024105119,0.03347676247358322,0.4415053725242615,28477.25,32.0,1.0,227882.0,113909.0,0.49985957644745965,128.0,1.0,2.2716303048502418e-07,29.911922931671143,80.23329710960388,1190.0,0.0,110.70508241653442
1191,1191.0,8.0,16.0,31.838759183883667,128.0,1.0,256989.0,791587.0,0.7549161911010742,2.0,2.0,2.0,0.640625,32.0,0.052567907410058956,0.028000671416521072,0.43555760383605957,32115.25,32.0,1.0,256989.0,128461.0,0.49986964422601743,128.0,1.0,2.2640653331632863e-07,29.911922931671143,78.32992625236511,1191.0,0.0,110.23412895202637
1192,1192.0,8.0,16.0,27.23676061630249,128.0,1.0,276450.0,772126.0,0.7363567352294922,2.0,2.0,2.0,0.3828125,32.0,0.048277110526518625,0.030021661892533302,0.39055076241493225,34548.75,32.0,1.0,276450.0,138195.0,0.4998914812805209,128.0,1.0,2.256509290545467e-07,29.911922931671143,78.8064398765564,1192.0,0.0,106.11316084861755
1193,1193.0,8.0,16.0,34.72741627693176,128.0,1.0,344491.0,704085.0,0.6714677810668945,2.0,2.0,2.0,0.1640625,32.0,0.055659263432726355,0.03483208268880844,0.34625598788261414,43053.0,32.0,1.0,344491.0,172212.0,0.4999027550792328,128.0,1.0,2.2489622016568855e-07,29.911922931671143,99.41289114952087,1193.0,0.0,134.22337579727173
1194,1194.0,8.0,16.0,37.336430311203,128.0,1.0,322848.0,725728.0,0.692108154296875,2.0,2.0,2.0,0.5078125,32.0,0.03757309778767027,0.0226975716650486,0.2845326364040375,40348.75,32.0,1.0,322848.0,161395.0,0.499910174447418,128.0,1.0,2.2414240911284215e-07,29.911922931671143,100.59336066246033,1194.0,0.0,138.01171731948853
1195,1195.0,8.0,16.0,29.8531973361969,128.0,1.0,198966.0,849610.0,0.8102512359619141,2.0,2.0,2.0,0.4140625,32.0,0.047332898999446954,0.024349752813577652,0.5301001667976379,24862.0,32.0,1.0,198966.0,99448.0,0.49982409054813387,128.0,1.0,2.2338949835616533e-07,29.911922931671143,81.4348886013031,1195.0,0.0,111.33872365951538
1196,1196.0,8.0,16.0,31.997742414474487,128.0,1.0,225045.0,823531.0,0.7853803634643555,2.0,2.0,2.0,0.625,32.0,0.05525574563946601,0.025505904108285904,0.5753908753395081,28121.5,32.0,1.0,225045.0,112486.0,0.49983781021573465,128.0,1.0,2.2263749035287765e-07,29.911922931671143,80.66772317886353,1196.0,0.0,112.72305083274841
1197,1197.0,8.0,16.0,21.22924780845642,128.0,1.0,202867.0,845709.0,0.8065309524536133,2.0,2.0,2.0,0.4453125,32.0,0.06428574077761724,0.03293616697192192,0.4728828966617584,25351.5,32.0,1.0,202867.0,101406.0,0.4998644432066329,128.0,1.0,2.2188638755725263e-07,29.911922931671143,71.43336868286133,1197.0,0.0,92.71591258049011
1198,1198.0,8.0,16.0,26.49360704421997,128.0,1.0,275029.0,773547.0,0.7377119064331055,2.0,2.0,2.0,0.6015625,32.0,0.04909452983486481,0.02661263197660446,0.37430477142333984,34372.25,32.0,1.0,275029.0,137489.0,0.499907282504754,128.0,1.0,2.21136192420609e-07,29.911922931671143,86.42357349395752,1198.0,0.0,112.98695731163025
1199,1199.0,8.0,16.0,25.117239952087402,128.0,1.0,275538.0,773038.0,0.7372264862060547,2.0,2.0,2.0,0.40625,32.0,0.05896901246265072,0.030483892187476158,0.4476707875728607,34434.75,32.0,1.0,275538.0,137739.0,0.49989112209568193,128.0,1.0,2.203869073913036e-07,29.911922931671143,82.60368299484253,1199.0,0.0,107.78687262535095
1200,1200.0,8.0,16.0,32.10380005836487,128.0,1.0,235518.0,813058.0,0.7753925323486328,2.0,2.0,2.0,0.515625,32.0,0.04873852602287206,0.032923221588134766,0.34244978427886963,29433.0,32.0,1.0,235518.0,117732.0,0.4998853590808346,128.0,1.0,2.196385349147231e-07,29.911922931671143,71.04411768913269,1200.0,0.0,426.9096462726593
1201,1201.0,8.0,16.0,35.55236053466797,128.0,1.0,308785.0,739791.0,0.7055196762084961,2.0,2.0,2.0,0.34375,32.0,0.05316164771945291,0.03186263144016266,0.36333879828453064,38590.75,32.0,1.0,308785.0,154363.0,0.4999044642712567,128.0,1.0,2.188910774332758e-07,29.911922931671143,89.88636088371277,1201.0,0.0,125.51688957214355
1202,1202.0,8.0,16.0,27.95222043991089,128.0,1.0,265588.0,782988.0,0.7467155456542969,2.0,2.0,2.0,0.5234375,32.0,0.05141841995003155,0.03195398673415184,0.3794380724430084,33189.75,32.0,1.0,265588.0,132759.0,0.4998682169375122,128.0,1.0,2.1814453738638394e-07,29.911922931671143,90.61880111694336,1202.0,0.0,118.64007496833801
1203,1203.0,8.0,16.0,26.13919425010681,128.0,1.0,232012.0,816564.0,0.7787361145019531,2.0,2.0,2.0,0.5,32.0,0.06621241555911908,0.037790942937135696,0.585399329662323,28992.75,32.0,1.0,232012.0,115971.0,0.49984914573384137,128.0,1.0,2.1739891721047516e-07,29.911922931671143,85.12683844566345,1203.0,0.0,111.32427620887756
1204,1204.0,8.0,16.0,32.50883364677429,128.0,1.0,207436.0,841140.0,0.8021736145019531,2.0,2.0,2.0,0.6484375,32.0,0.06119570996322936,0.028365222737193108,0.5111541748046875,25921.0,32.0,1.0,207436.0,103684.0,0.49983609402418094,128.0,1.0,2.1665421933897544e-07,29.911922931671143,76.62485694885254,1204.0,0.0,109.19830989837646
1205,1205.0,8.0,16.0,20.46651530265808,128.0,1.0,221910.0,826666.0,0.7883701324462891,2.0,2.0,2.0,0.515625,32.0,0.05403626613865469,0.029313407838344574,0.4610690474510193,27731.0,32.0,1.0,221910.0,110924.0,0.49986030372673607,128.0,1.0,2.159104462023006e-07,29.911922931671143,72.14577770233154,1205.0,0.0,92.67242789268494
1206,1206.0,8.0,16.0,27.033580541610718,128.0,1.0,245880.0,802696.0,0.7655105590820312,2.0,2.0,2.0,0.375,32.0,0.05634532675039758,0.02946942113339901,0.3922575116157532,30726.25,32.0,1.0,245880.0,122905.0,0.49985765414023103,128.0,1.0,2.1516760022784836e-07,29.911922931671143,89.13766813278198,1206.0,0.0,116.22966480255127
1207,1207.0,8.0,16.0,27.85006618499756,128.0,1.0,247572.0,801004.0,0.7638969421386719,2.0,2.0,2.0,0.4765625,32.0,0.06571204699252303,0.02927415445446968,0.6467300653457642,30938.75,32.0,1.0,247572.0,123755.0,0.49987478390124895,128.0,1.0,2.1442568383999067e-07,29.911922931671143,80.76788282394409,1207.0,0.0,108.67821311950684
1208,1208.0,8.0,16.0,24.76947045326233,128.0,1.0,228976.0,819600.0,0.7816314697265625,2.0,2.0,2.0,0.28125,32.0,0.04743929710969062,0.025324853137135506,0.38749146461486816,28613.75,32.0,1.0,228976.0,114455.0,0.49985588009223675,128.0,1.0,2.1368469946006557e-07,29.911922931671143,71.0087583065033,1208.0,0.0,95.84039568901062
1209,1209.0,8.0,16.0,19.613396406173706,128.0,1.0,221286.0,827290.0,0.7889652252197266,2.0,2.0,2.0,0.34375,32.0,0.06798058380064234,0.03612135350704193,0.4405493438243866,27652.5,32.0,1.0,221286.0,110610.0,0.4998508717225672,128.0,1.0,2.1294464950636937e-07,29.911922931671143,69.21545577049255,1209.0,0.0,88.88975071907043
1210,1210.0,8.0,16.0,18.379558801651,128.0,1.0,162097.0,886479.0,0.8454122543334961,2.0,2.0,2.0,0.3984375,32.0,0.08291323396501525,0.03884095326066017,0.6858789324760437,20253.25,32.0,1.0,162097.0,81013.0,0.49978099532995673,128.0,1.0,2.1220553639414873e-07,29.911922931671143,63.7559597492218,1210.0,0.0,82.1817398071289
1211,1211.0,8.0,16.0,30.163888454437256,128.0,1.0,244502.0,804074.0,0.7668247222900391,2.0,2.0,2.0,0.5625,32.0,0.04077938661543687,0.02469136379659176,0.3450978100299835,30554.25,32.0,1.0,244502.0,122217.0,0.4998609418327866,128.0,1.0,2.1146736253559316e-07,29.911922931671143,84.11005902290344,1211.0,0.0,114.34289216995239
1212,1212.0,8.0,16.0,29.604127407073975,128.0,1.0,250444.0,798132.0,0.7611579895019531,2.0,2.0,2.0,0.484375,32.0,0.05287055879048828,0.02580113150179386,0.3968218266963959,31297.75,32.0,1.0,250444.0,125191.0,0.49987621983357555,128.0,1.0,2.1073013033982607e-07,29.911922931671143,72.98947787284851,1212.0,0.0,102.65537977218628
1213,1213.0,8.0,16.0,30.29075837135315,128.0,1.0,275688.0,772888.0,0.7370834350585938,2.0,2.0,2.0,0.375,32.0,0.06632603923114692,0.03438389301300049,0.4416421949863434,34452.5,32.0,1.0,275688.0,137810.0,0.4998766721801457,128.0,1.0,2.099938422128982e-07,29.911922931671143,81.83649682998657,1213.0,0.0,112.19795179367065
1214,1214.0,8.0,16.0,25.448002338409424,128.0,1.0,228628.0,819948.0,0.7819633483886719,2.0,2.0,2.0,0.6796875,32.0,0.044233028086485035,0.022719677537679672,0.4550755023956299,28570.25,32.0,1.0,228628.0,114281.0,0.4998556607239708,128.0,1.0,2.0925850055777905e-07,29.911922931671143,74.6119065284729,1214.0,0.0,100.11789464950562
1215,1215.0,8.0,16.0,31.130630493164062,128.0,1.0,231808.0,816768.0,0.7789306640625,2.0,2.0,2.0,0.359375,32.0,0.055060164734613296,0.025935117155313492,0.5026354193687439,28969.25,32.0,1.0,231808.0,115877.0,0.49988352429596905,128.0,1.0,2.085241077743493e-07,29.911922931671143,85.73477673530579,1215.0,0.0,116.92487049102783
1216,1216.0,8.0,16.0,28.777013778686523,128.0,1.0,285002.0,763574.0,0.7282009124755859,2.0,2.0,2.0,0.359375,32.0,0.06193757279208029,0.03484473004937172,0.4343683123588562,35617.25,32.0,1.0,285002.0,142469.0,0.4998877200861748,128.0,1.0,2.0779066625939274e-07,29.911922931671143,88.63913440704346,1216.0,0.0,117.48524236679077
1217,1217.0,8.0,16.0,21.51793122291565,128.0,1.0,203143.0,845433.0,0.8062677383422852,2.0,2.0,2.0,0.3203125,32.0,0.05972051394038034,0.03156581148505211,0.5092291235923767,25386.0,32.0,1.0,203143.0,101544.0,0.49986462738071213,128.0,1.0,2.070581784065885e-07,29.911922931671143,71.68378114700317,1217.0,0.0,93.2579927444458
1218,1218.0,8.0,16.0,28.16375231742859,128.0,1.0,272410.0,776166.0,0.7402095794677734,2.0,2.0,2.0,0.5,32.0,0.06036785322140544,0.03566225618124008,0.6328829526901245,34043.25,32.0,1.0,272410.0,136173.0,0.4998825300099115,128.0,1.0,2.0632664660650357e-07,29.911922931671143,79.34052920341492,1218.0,0.0,107.57109761238098
1219,1219.0,8.0,16.0,31.81876540184021,128.0,1.0,231254.0,817322.0,0.7794589996337891,2.0,2.0,2.0,0.546875,32.0,0.04388336580858136,0.021519044414162636,0.44500482082366943,28897.0,32.0,1.0,231254.0,115588.0,0.4998313542684667,128.0,1.0,2.0559607324658446e-07,29.911922931671143,77.1933045387268,1219.0,0.0,109.06825947761536
1220,1220.0,8.0,16.0,33.076549768447876,128.0,1.0,216073.0,832503.0,0.7939367294311523,2.0,2.0,2.0,0.609375,32.0,0.051933185058964035,0.02412315644323826,0.5888900756835938,27001.5,32.0,1.0,216073.0,108006.0,0.4998588440017957,128.0,1.0,2.0486646071115005e-07,29.911922931671143,84.91096210479736,1220.0,0.0,118.04095816612244
1221,1221.0,8.0,16.0,31.07063317298889,128.0,1.0,187252.0,861324.0,0.8214225769042969,2.0,2.0,2.0,0.796875,32.0,0.0373609287295228,0.019099297001957893,0.6009271144866943,23398.75,32.0,1.0,187252.0,93595.0,0.49983444769615276,128.0,1.0,2.0413781138138286e-07,29.911922931671143,71.47918629646301,1221.0,0.0,102.60124731063843
1222,1222.0,8.0,16.0,22.91274619102478,128.0,1.0,202930.0,845646.0,0.8064708709716797,2.0,2.0,2.0,0.6015625,32.0,0.05879349703005535,0.026100674644112587,0.48017168045043945,25358.25,32.0,1.0,202930.0,101433.0,0.4998423101562115,128.0,1.0,2.0341012763532239e-07,29.911922931671143,80.55883955955505,1222.0,0.0,103.52853918075562
1223,1223.0,8.0,16.0,35.457242012023926,128.0,1.0,292629.0,755947.0,0.7209272384643555,2.0,2.0,2.0,0.4375,32.0,0.047842831853214626,0.029964955523610115,0.36340978741645813,36571.0,32.0,1.0,292629.0,146284.0,0.4998957724627429,128.0,1.0,2.026834118478567e-07,29.911922931671143,100.27328872680664,1223.0,0.0,135.80257201194763
1224,1224.0,8.0,16.0,32.40135145187378,128.0,1.0,279257.0,769319.0,0.7336797714233398,2.0,2.0,2.0,0.375,32.0,0.05813127405778166,0.028848081827163696,0.5128874778747559,34898.75,32.0,1.0,279257.0,139595.0,0.49988003881729015,128.0,1.0,2.0195766639071483e-07,29.911922931671143,89.98841309547424,1224.0,0.0,122.46262288093567
1225,1225.0,8.0,16.0,24.632987022399902,128.0,1.0,265511.0,783065.0,0.7467889785766602,2.0,2.0,2.0,0.4765625,32.0,0.060100968226462034,0.03602311387658119,0.4451003670692444,33181.25,32.0,1.0,265511.0,132725.0,0.49988512716987243,128.0,1.0,2.0123289363245872e-07,29.911922931671143,80.89280080795288,1225.0,0.0,105.59458780288696
1226,1226.0,8.0,16.0,29.148115396499634,128.0,1.0,277464.0,771112.0,0.7353897094726562,2.0,2.0,2.0,0.4453125,32.0,0.05126366067364464,0.028114639222621918,0.3579055070877075,34675.75,32.0,1.0,277464.0,138703.0,0.4998954819363953,128.0,1.0,2.0050909593847615e-07,29.911922931671143,88.5653715133667,1226.0,0.0,117.78591752052307
1227,1227.0,8.0,16.0,19.942850828170776,128.0,1.0,192996.0,855580.0,0.8159446716308594,2.0,2.0,2.0,0.484375,32.0,0.04679516135096635,0.02296246588230133,0.38840606808662415,24115.5,32.0,1.0,192996.0,96462.0,0.499813467636635,128.0,1.0,1.9978627567097244e-07,29.911922931671143,67.7214093208313,1227.0,0.0,87.72053241729736
1228,1228.0,8.0,16.0,32.3466956615448,128.0,1.0,198398.0,850178.0,0.8107929229736328,2.0,2.0,2.0,0.53125,32.0,0.05247238329273602,0.026378894224762917,0.4708009958267212,24790.0,32.0,1.0,198398.0,99160.0,0.4998034254377564,128.0,1.0,1.990644351889632e-07,29.911922931671143,76.85458040237427,1228.0,0.0,109.25793290138245
1229,1229.0,8.0,16.0,35.364060163497925,128.0,1.0,225346.0,823230.0,0.7850933074951172,2.0,2.0,2.0,0.375,32.0,0.05340534352822494,0.027230501174926758,0.5644318461418152,28160.5,32.0,1.0,225346.0,112642.0,0.49986243376851597,128.0,1.0,1.9834357684826608e-07,29.911922931671143,82.74741387367249,1229.0,0.0,118.16654515266418
1230,1230.0,8.0,16.0,32.54105734825134,128.0,1.0,236530.0,812046.0,0.7744274139404297,2.0,2.0,2.0,0.5703125,32.0,0.05203250832757395,0.033063918352127075,0.4307437837123871,29558.0,32.0,1.0,236530.0,118232.0,0.49986048281401935,128.0,1.0,1.9762370300149367e-07,29.911922931671143,77.98245358467102,1230.0,0.0,110.58453679084778
1231,1231.0,8.0,16.0,22.67036461830139,128.0,1.0,251590.0,796986.0,0.7600650787353516,2.0,2.0,2.0,0.453125,32.0,0.056898992982986375,0.03266400098800659,0.4169989824295044,31441.25,32.0,1.0,251590.0,125765.0,0.499880758376724,128.0,1.0,1.9690481599804526e-07,29.911922931671143,81.17901730537415,1231.0,0.0,103.91539287567139
1232,1232.0,8.0,16.0,32.37767791748047,128.0,1.0,203880.0,844696.0,0.8055648803710938,2.0,2.0,2.0,0.5,32.0,0.053773389330907265,0.025181230157613754,0.5543688535690308,25477.75,32.0,1.0,203880.0,101911.0,0.49985775946635275,128.0,1.0,1.9618691818409965e-07,29.911922931671143,71.61366581916809,1232.0,0.0,104.04723644256592
1233,1233.0,8.0,16.0,26.35422420501709,128.0,1.0,216532.0,832044.0,0.7934989929199219,2.0,2.0,2.0,0.421875,32.0,0.05204602308299149,0.02648884244263172,0.4765016436576843,27058.0,32.0,1.0,216532.0,108232.0,0.49984297932869043,128.0,1.0,1.9547001190260742e-07,29.911922931671143,67.8503794670105,1233.0,0.0,94.2703812122345
1234,1234.0,8.0,16.0,19.010536432266235,128.0,1.0,226365.0,822211.0,0.7841215133666992,2.0,2.0,2.0,0.7109375,32.0,0.0660717103542234,0.03051649034023285,0.5011072754859924,28287.5,32.0,1.0,226365.0,113150.0,0.49985642656771145,128.0,1.0,1.947540994932826e-07,29.911922931671143,66.34513688087463,1234.0,0.0,85.4171371459961
1235,1235.0,8.0,16.0,36.12055563926697,128.0,1.0,296564.0,752012.0,0.7171745300292969,2.0,2.0,2.0,0.375,32.0,0.04111377960675047,0.026910940185189247,0.2768324613571167,37063.0,32.0,1.0,296564.0,148252.0,0.49989884139679797,128.0,1.0,1.9403918329259616e-07,29.911922931671143,89.59377145767212,1235.0,0.0,125.79344487190247
1236,1236.0,8.0,16.0,31.70734214782715,128.0,1.0,305931.0,742645.0,0.7082414627075195,2.0,2.0,2.0,0.5625,32.0,0.04402045351887704,0.023964259773492813,0.3325634300708771,38232.0,32.0,1.0,305931.0,152928.0,0.4998774233405572,128.0,1.0,1.9332526563376765e-07,29.911922931671143,85.8131775856018,1236.0,0.0,117.621591091156
1237,1237.0,8.0,16.0,23.28326988220215,128.0,1.0,253672.0,794904.0,0.7580795288085938,2.0,2.0,2.0,0.4453125,32.0,0.051918482700055585,0.029718367382884026,0.37951967120170593,31700.5,32.0,1.0,253672.0,126802.0,0.49986596865243305,128.0,1.0,1.926123488467577e-07,29.911922931671143,69.35182881355286,1237.0,0.0,92.70723748207092
1238,1238.0,8.0,16.0,22.680951833724976,128.0,1.0,183116.0,865460.0,0.8253669738769531,2.0,2.0,2.0,0.640625,32.0,0.05758237173253045,0.029788855463266373,0.6152328848838806,22881.0,32.0,1.0,183116.0,91524.0,0.49981432534568254,128.0,1.0,1.9190043525826067e-07,29.911922931671143,60.12929844856262,1238.0,0.0,82.8756320476532
1239,1239.0,8.0,16.0,22.602754831314087,128.0,1.0,214564.0,834012.0,0.7953758239746094,2.0,2.0,2.0,0.46875,32.0,0.059056841264037443,0.029960500076413155,0.43932703137397766,26812.0,32.0,1.0,214564.0,107248.0,0.4998415391211946,128.0,1.0,1.9118952719169617e-07,29.911922931671143,67.39702534675598,1239.0,0.0,90.06410932540894
1240,1240.0,8.0,16.0,32.75231981277466,128.0,1.0,268432.0,780144.0,0.7440032958984375,2.0,2.0,2.0,0.265625,32.0,0.05572342962309381,0.03439001366496086,0.3518284857273102,33546.5,32.0,1.0,268432.0,134186.0,0.49988823985217856,128.0,1.0,1.9047962696720317e-07,29.911922931671143,80.79959011077881,1240.0,0.0,113.61800622940063
1241,1241.0,8.0,16.0,33.32052731513977,128.0,1.0,283667.0,764909.0,0.7294740676879883,2.0,2.0,2.0,0.2265625,32.0,0.05615566669188329,0.030611544847488403,0.3534903824329376,35450.75,32.0,1.0,283667.0,141803.0,0.4998924795623037,128.0,1.0,1.8977073690163071e-07,29.911922931671143,75.00329923629761,1241.0,0.0,108.39244508743286
1242,1242.0,8.0,16.0,24.77392315864563,128.0,1.0,268739.0,779837.0,0.7437105178833008,2.0,2.0,2.0,0.125,32.0,0.058318971029740055,0.029582105576992035,0.4150446951389313,33583.25,32.0,1.0,268739.0,134333.0,0.4998641804873874,128.0,1.0,1.8906285930853156e-07,29.911922931671143,77.68331575393677,1242.0,0.0,102.52310705184937
1243,1243.0,8.0,16.0,30.420499801635742,128.0,1.0,253824.0,794752.0,0.7579345703125,2.0,2.0,2.0,0.328125,32.0,0.055837791217075806,0.03414300084114075,0.4289170801639557,31720.75,32.0,1.0,253824.0,126883.0,0.49988574760463944,128.0,1.0,1.8835599649815337e-07,29.911922931671143,70.78664469718933,1243.0,0.0,101.27365326881409
1244,1244.0,8.0,16.0,36.461018323898315,128.0,1.0,326459.0,722117.0,0.688664436340332,2.0,2.0,2.0,0.3203125,32.0,0.05286691425101902,0.02988959290087223,0.36914679408073425,40797.5,32.0,1.0,326459.0,163190.0,0.49987900471422136,128.0,1.0,1.8765015077743268e-07,29.911922931671143,94.8145956993103,1244.0,0.0,131.3629550933838
1245,1245.0,8.0,16.0,32.818615436553955,128.0,1.0,277714.0,770862.0,0.7351512908935547,2.0,2.0,2.0,0.3125,32.0,0.05326488548397877,0.03110598772764206,0.3923936188220978,34706.0,32.0,1.0,277714.0,138824.0,0.4998811727172559,128.0,1.0,1.8694532444998627e-07,29.911922931671143,81.65952014923096,1245.0,0.0,114.54455041885376
1246,1246.0,8.0,16.0,34.67270541191101,128.0,1.0,282366.0,766210.0,0.7307147979736328,2.0,2.0,2.0,0.34375,32.0,0.0548561310989876,0.03157094493508339,0.3549846112728119,35286.75,32.0,1.0,282366.0,141147.0,0.49987250589660226,128.0,1.0,1.862415198161042e-07,29.911922931671143,79.07288408279419,1246.0,0.0,113.81504607200623
1247,1247.0,8.0,16.0,31.802090644836426,128.0,1.0,340804.0,707772.0,0.6749839782714844,2.0,2.0,2.0,0.21875,32.0,0.06323594966000264,0.03716285899281502,0.441609263420105,42591.75,32.0,1.0,340804.0,170367.0,0.49989730167486296,128.0,1.0,1.8553873917274203e-07,29.911922931671143,85.64344191551208,1247.0,0.0,117.53228211402893
1248,1248.0,8.0,16.0,20.84671926498413,128.0,1.0,222040.0,826536.0,0.7882461547851562,2.0,2.0,2.0,0.3828125,32.0,0.05081935428218949,0.027039559558033943,0.4194619655609131,27746.75,32.0,1.0,222040.0,110987.0,0.49985137813006664,128.0,1.0,1.8483698481351312e-07,29.911922931671143,66.10841679573059,1248.0,0.0,87.01111388206482
1249,1249.0,8.0,16.0,25.29715919494629,128.0,1.0,227833.0,820743.0,0.7827215194702148,2.0,2.0,2.0,0.6171875,32.0,0.05224858358249726,0.02693997137248516,0.4030786454677582,28471.0,32.0,1.0,227833.0,113884.0,0.4998573516566959,128.0,1.0,1.841362590286818e-07,29.911922931671143,69.92752122879028,1249.0,0.0,95.28198456764221
1250,1250.0,8.0,16.0,16.04745364189148,128.0,1.0,161533.0,887043.0,0.8459501266479492,2.0,2.0,2.0,0.6875,32.0,0.0665619722070951,0.03136591985821724,0.5818688273429871,20183.75,32.0,1.0,161533.0,80735.0,0.49980499340692,128.0,1.0,1.8343656410515529e-07,29.911922931671143,50.21392250061035,1250.0,0.0,383.2446918487549
1251,1251.0,8.0,16.0,30.006749153137207,128.0,1.0,242107.0,806469.0,0.769108772277832,2.0,2.0,2.0,0.4921875,32.0,0.05559215779930566,0.028837641701102257,0.4237763583660126,30256.5,32.0,1.0,242107.0,121026.0,0.4998864138583354,128.0,1.0,1.8273790232647667e-07,29.911922931671143,69.89390659332275,1251.0,0.0,99.96585965156555
1252,1252.0,8.0,16.0,24.89154815673828,128.0,1.0,232060.0,816516.0,0.7786903381347656,2.0,2.0,2.0,0.484375,32.0,0.059936007636576465,0.029756683856248856,0.4549354910850525,28999.75,32.0,1.0,232060.0,115999.0,0.49986641385848485,128.0,1.0,1.8204027597281707e-07,29.911922931671143,72.3004367351532,1252.0,0.0,97.2503867149353
1253,1253.0,8.0,16.0,24.348353385925293,128.0,1.0,208259.0,840317.0,0.8013887405395508,2.0,2.0,2.0,0.46875,32.0,0.06947619548389278,0.03593497350811958,0.5038591027259827,26024.5,32.0,1.0,208259.0,104098.0,0.49984874603258445,128.0,1.0,1.8134368732096838e-07,29.911922931671143,62.98636555671692,1253.0,0.0,87.39399766921997
1254,1254.0,8.0,16.0,36.63529443740845,128.0,1.0,327837.0,720739.0,0.6873502731323242,2.0,2.0,2.0,0.3125,32.0,0.0503622002534512,0.029349569231271744,0.3628186881542206,40972.0,32.0,1.0,327837.0,163888.0,0.49990696596174317,128.0,1.0,1.8064813864433586e-07,29.911922931671143,89.16238808631897,1254.0,0.0,125.87378144264221
1255,1255.0,8.0,16.0,34.843313455581665,128.0,1.0,292680.0,755896.0,0.7208786010742188,2.0,2.0,2.0,0.390625,32.0,0.056878565942468345,0.031047167256474495,0.406700074672699,36577.25,32.0,1.0,292680.0,146309.0,0.49989408227415605,128.0,1.0,1.7995363221293086e-07,29.911922931671143,90.04599809646606,1255.0,0.0,124.96676349639893
1256,1256.0,8.0,16.0,17.47304606437683,128.0,1.0,237964.0,810612.0,0.7730598449707031,2.0,2.0,2.0,0.5390625,32.0,0.044079028300568306,0.02258654311299324,0.40200257301330566,29737.5,32.0,1.0,237964.0,118950.0,0.49986552587786387,128.0,1.0,1.7926017029336265e-07,29.911922931671143,60.49612522125244,1256.0,0.0,78.0284743309021
1257,1257.0,8.0,16.0,33.41029691696167,128.0,1.0,270053.0,778523.0,0.742457389831543,2.0,2.0,2.0,0.140625,32.0,0.08733600910030427,0.046905308961868286,0.6194044947624207,33750.5,32.0,1.0,270053.0,135002.0,0.49990927706783483,128.0,1.0,1.785677551488322e-07,29.911922931671143,74.90466904640198,1257.0,0.0,108.38093447685242
1258,1258.0,8.0,16.0,22.502826929092407,128.0,1.0,260912.0,787664.0,0.7511749267578125,2.0,2.0,2.0,0.5390625,32.0,0.05554068911664038,0.030124066397547722,0.4160674214363098,32605.75,32.0,1.0,260912.0,130423.0,0.49987352057398665,128.0,1.0,1.7787638903912395e-07,29.911922931671143,71.41413044929504,1258.0,0.0,93.97791409492493
1259,1259.0,8.0,16.0,22.89433240890503,128.0,1.0,198206.0,850370.0,0.8109760284423828,2.0,2.0,2.0,0.328125,32.0,0.05764180132278482,0.03454583138227463,0.44865328073501587,24769.0,32.0,1.0,198206.0,99076.0,0.4998637780894625,128.0,1.0,1.7718607422059879e-07,29.911922931671143,64.38328814506531,1259.0,0.0,87.33292531967163
1260,1260.0,8.0,16.0,29.466960906982422,128.0,1.0,265770.0,782806.0,0.7465419769287109,2.0,2.0,2.0,0.2265625,32.0,0.052546180998333546,0.027185464277863503,0.5082464814186096,33212.75,32.0,1.0,265770.0,132851.0,0.4998720698348196,128.0,1.0,1.7649681294618663e-07,29.911922931671143,70.47243785858154,1260.0,0.0,100.00292444229126
1261,1261.0,8.0,16.0,38.93283224105835,128.0,1.0,427070.0,621506.0,0.5927143096923828,2.0,2.0,2.0,0.15625,32.0,0.0500596161655597,0.032241303473711014,0.30930888652801514,53375.75,32.0,1.0,427070.0,213503.0,0.49992507083147963,128.0,1.0,1.7580860746537863e-07,29.911922931671143,101.0683343410492,1261.0,0.0,140.09831070899963
1262,1262.0,8.0,16.0,19.560590267181396,128.0,1.0,216945.0,831631.0,0.7931051254272461,2.0,2.0,2.0,0.4453125,32.0,0.0681360356133948,0.03304734826087952,0.6873058080673218,27111.5,32.0,1.0,216945.0,108446.0,0.4998778492244578,128.0,1.0,1.7512146002422056e-07,29.911922931671143,62.51717734336853,1262.0,0.0,82.13062620162964
1263,1263.0,8.0,16.0,30.77072024345398,128.0,1.0,227342.0,821234.0,0.7831897735595703,2.0,2.0,2.0,0.359375,32.0,0.049588008018407875,0.023223569616675377,0.6797897219657898,28410.0,32.0,1.0,227342.0,113640.0,0.4998636415620519,128.0,1.0,1.7443537286530497e-07,29.911922931671143,74.73539185523987,1263.0,0.0,105.56376910209656
1264,1264.0,8.0,16.0,13.768124103546143,128.0,1.0,129880.0,918696.0,0.8761367797851562,2.0,2.0,2.0,0.75,32.0,0.04668064052627739,0.020737282931804657,0.6417848467826843,16227.75,32.0,1.0,129880.0,64911.0,0.4997767169695103,128.0,1.0,1.737503482277647e-07,29.911922931671143,46.54970645904541,1264.0,0.0,60.35611414909363
1265,1265.0,8.0,16.0,30.66164469718933,128.0,1.0,226466.0,822110.0,0.7840251922607422,2.0,2.0,2.0,0.53125,32.0,0.0612018731928469,0.03591209277510643,0.41995441913604736,28301.25,32.0,1.0,226466.0,113205.0,0.49987636113147227,128.0,1.0,1.730663883472638e-07,29.911922931671143,67.2851927280426,1265.0,0.0,98.00493311882019
1266,1266.0,8.0,16.0,26.81995415687561,128.0,1.0,224545.0,824031.0,0.7858572006225586,2.0,2.0,2.0,0.5390625,32.0,0.04997879195526208,0.024957560002803802,0.9497773051261902,28060.25,32.0,1.0,224545.0,112241.0,0.4998597163152152,128.0,1.0,1.7238349545599213e-07,29.911922931671143,67.699702501297,1266.0,0.0,94.57700157165527
1267,1267.0,8.0,16.0,19.9271502494812,128.0,1.0,250329.0,798247.0,0.7612676620483398,2.0,2.0,2.0,0.3515625,32.0,0.05045169975141303,0.027637753635644913,0.41135674715042114,31283.0,32.0,1.0,250329.0,125132.0,0.4998701708551546,128.0,1.0,1.717016717826571e-07,29.911922931671143,63.693617820739746,1267.0,0.0,83.68064594268799
1268,1268.0,8.0,16.0,34.96551752090454,128.0,1.0,288545.0,760031.0,0.7248220443725586,2.0,2.0,2.0,0.3203125,32.0,0.04934047557765713,0.03014017827808857,0.35009604692459106,36059.0,32.0,1.0,288545.0,144236.0,0.49987350326638824,128.0,1.0,1.710209195524765e-07,29.911922931671143,80.0161075592041,1268.0,0.0,115.05838656425476
1269,1269.0,8.0,16.0,23.68879270553589,128.0,1.0,247760.0,800816.0,0.7637176513671875,2.0,2.0,2.0,0.2265625,32.0,0.05618182864055176,0.028812697157263756,0.4847038984298706,30962.5,32.0,1.0,247760.0,123850.0,0.4998789150791088,128.0,1.0,1.7034124098717174e-07,29.911922931671143,65.6077389717102,1269.0,0.0,89.35876750946045
1270,1270.0,8.0,16.0,21.558376789093018,128.0,1.0,173274.0,875302.0,0.8347530364990234,2.0,2.0,2.0,0.578125,32.0,0.03650774869741568,0.020253637805581093,0.4203193783760071,21651.25,32.0,1.0,173274.0,86605.0,0.49981532139847873,128.0,1.0,1.6966263830495935e-07,29.911922931671143,62.17815709114075,1270.0,0.0,83.7814130783081
1271,1271.0,8.0,16.0,24.07809352874756,128.0,1.0,184063.0,864513.0,0.8244638442993164,2.0,2.0,2.0,0.7109375,32.0,0.060929435507637325,0.03251146152615547,0.5480895042419434,23000.0,32.0,1.0,184063.0,92000.0,0.499828862943666,128.0,1.0,1.6898511372054535e-07,29.911922931671143,58.62809658050537,1271.0,0.0,82.76541090011597
1272,1272.0,8.0,16.0,35.54250502586365,128.0,1.0,349609.0,698967.0,0.6665868759155273,2.0,2.0,2.0,0.359375,32.0,0.0544000945347696,0.03325185924768448,0.3616830110549927,43693.0,32.0,1.0,349609.0,174772.0,0.4999070390064329,128.0,1.0,1.6830866944511702e-07,29.911922931671143,86.75956702232361,1272.0,0.0,122.38470411300659
1273,1273.0,8.0,16.0,12.905843734741211,128.0,1.0,161334.0,887242.0,0.8461399078369141,2.0,2.0,2.0,0.46875,32.0,0.06363970080252132,0.03092898614704609,0.6288355588912964,20158.25,32.0,1.0,161334.0,80633.0,0.49978925706918564,128.0,1.0,1.6763330768633582e-07,29.911922931671143,48.27192044258118,1273.0,0.0,61.2278470993042
1274,1274.0,8.0,16.0,28.897257089614868,128.0,1.0,252610.0,795966.0,0.7590923309326172,2.0,2.0,2.0,0.234375,32.0,0.06689893593540376,0.031588852405548096,0.6240867376327515,31568.5,32.0,1.0,252610.0,126274.0,0.49987728118443453,128.0,1.0,1.6695903064833038e-07,29.911922931671143,78.13150930404663,1274.0,0.0,107.09071779251099
1275,1275.0,8.0,16.0,36.980633020401,128.0,1.0,358901.0,689675.0,0.6577253341674805,2.0,2.0,2.0,0.28125,32.0,0.05791359909223805,0.034507133066654205,0.3472083806991577,44854.5,32.0,1.0,358901.0,179418.0,0.49990944578031266,128.0,1.0,1.662858405316892e-07,29.911922931671143,95.44350624084473,1275.0,0.0,132.50485825538635
1276,1276.0,8.0,16.0,29.091240167617798,128.0,1.0,230309.0,818267.0,0.780360221862793,2.0,2.0,2.0,0.4375,32.0,0.06778930243716873,0.03495484218001366,0.4752947986125946,28780.5,32.0,1.0,230309.0,115122.0,0.49985888523679056,128.0,1.0,1.6561373953345338e-07,29.911922931671143,69.64489603042603,1276.0,0.0,98.79896926879883
1277,1277.0,8.0,16.0,15.29325532913208,128.0,1.0,177097.0,871479.0,0.8311071395874023,2.0,2.0,2.0,0.6328125,32.0,0.06469557660452646,0.02841588295996189,0.5323028564453125,22129.25,32.0,1.0,177097.0,88517.0,0.49982213137433157,128.0,1.0,1.649427298471096e-07,29.911922931671143,48.0840368270874,1277.0,0.0,63.423561096191406
1278,1278.0,8.0,16.0,34.648295402526855,128.0,1.0,272385.0,776191.0,0.7402334213256836,2.0,2.0,2.0,0.40625,32.0,0.06175489966836376,0.034120120108127594,0.4051133096218109,34040.5,32.0,1.0,272385.0,136162.0,0.4998880261394717,128.0,1.0,1.6427281366258317e-07,29.911922931671143,74.5911374092102,1278.0,0.0,109.3025050163269
1279,1279.0,8.0,16.0,25.765390396118164,128.0,1.0,237142.0,811434.0,0.7738437652587891,2.0,2.0,2.0,0.5,32.0,0.06341165005733318,0.03440483659505844,0.45217588543891907,29633.75,32.0,1.0,237142.0,118535.0,0.4998481922223815,128.0,1.0,1.6360399316622997e-07,29.911922931671143,72.18216466903687,1279.0,0.0,98.00554418563843
1280,1280.0,8.0,16.0,32.9475359916687,128.0,1.0,198776.0,849800.0,0.8104324340820312,2.0,2.0,2.0,0.6953125,32.0,0.042872856775457414,0.018415814265608788,0.6123326420783997,24838.75,32.0,1.0,198776.0,99355.0,0.49983398398196965,128.0,1.0,1.629362705408306e-07,29.911922931671143,70.52257442474365,1280.0,0.0,103.52095293998718
1281,1281.0,8.0,16.0,34.049224853515625,128.0,1.0,245724.0,802852.0,0.7656593322753906,2.0,2.0,2.0,0.53125,32.0,0.05130717942478026,0.027383992448449135,0.38284555077552795,30706.75,32.0,1.0,245724.0,122827.0,0.49985756377073465,128.0,1.0,1.6226964796558222e-07,29.911922931671143,82.21161103248596,1281.0,0.0,116.32239532470703
1282,1282.0,8.0,16.0,14.791072368621826,128.0,1.0,177742.0,870834.0,0.8304920196533203,2.0,2.0,2.0,0.453125,32.0,0.06974298101724057,0.03773398697376251,0.5412135124206543,22210.0,32.0,1.0,177742.0,88840.0,0.4998255898999674,128.0,1.0,1.6160412761609233e-07,29.911922931671143,54.0216178894043,1282.0,0.0,68.86124587059021
1283,1283.0,8.0,16.0,35.0012001991272,128.0,1.0,340079.0,708497.0,0.6756753921508789,2.0,2.0,2.0,0.4140625,32.0,0.0403371350161544,0.026121271774172783,0.3345692753791809,42502.0,32.0,1.0,340079.0,170008.0,0.49990737446299244,128.0,1.0,1.6093971166437042e-07,29.911922931671143,97.56371974945068,1283.0,0.0,132.64017128944397
1284,1284.0,8.0,16.0,35.46936511993408,128.0,1.0,290248.0,758328.0,0.7231979370117188,2.0,2.0,2.0,0.2734375,32.0,0.05415777621696268,0.026862310245633125,0.49388375878334045,36272.75,32.0,1.0,290248.0,145091.0,0.4998863041261266,128.0,1.0,1.6027640227882228e-07,29.911922931671143,90.69059419631958,1284.0,0.0,126.22396421432495
1285,1285.0,8.0,16.0,29.272290468215942,128.0,1.0,261959.0,786617.0,0.7501764297485352,2.0,2.0,2.0,0.3515625,32.0,0.07059597959923168,0.04228905588388443,0.5488638281822205,32737.0,32.0,1.0,261959.0,130948.0,0.49987975217495867,128.0,1.0,1.59614201624242e-07,29.911922931671143,76.30811882019043,1285.0,0.0,105.64666986465454
1286,1286.0,8.0,16.0,26.372148513793945,128.0,1.0,219486.0,829090.0,0.7906818389892578,2.0,2.0,2.0,0.5546875,32.0,0.0668142373703016,0.041905347257852554,0.5256574749946594,27426.75,32.0,1.0,219486.0,109707.0,0.4998359804269976,128.0,1.0,1.5895311186180521e-07,29.911922931671143,70.24618148803711,1286.0,0.0,96.67457628250122
1287,1287.0,8.0,16.0,28.099876165390015,128.0,1.0,334899.0,713677.0,0.6806154251098633,2.0,2.0,2.0,0.359375,32.0,0.04559577456070081,0.027317535132169724,0.3383790850639343,41853.75,32.0,1.0,334899.0,167415.0,0.4998969838667777,128.0,1.0,1.5829313514906217e-07,29.911922931671143,83.71714687347412,1287.0,0.0,111.89821577072144
1288,1288.0,8.0,16.0,33.29845714569092,128.0,1.0,297939.0,750637.0,0.7158632278442383,2.0,2.0,2.0,0.5234375,32.0,0.04520118953216084,0.025351984426379204,0.3179551362991333,37233.25,32.0,1.0,297939.0,148933.0,0.4998774917013214,128.0,1.0,1.5763427363993033e-07,29.911922931671143,83.16173076629639,1288.0,0.0,116.52842259407043
1289,1289.0,8.0,16.0,32.978334188461304,128.0,1.0,260864.0,787712.0,0.751220703125,2.0,2.0,2.0,0.5,32.0,0.05626787954003484,0.030485006049275398,0.4128120243549347,32600.5,32.0,1.0,260864.0,130402.0,0.4998849975466143,128.0,1.0,1.569765294846877e-07,29.911922931671143,74.90682983398438,1289.0,0.0,107.94827079772949
1290,1290.0,8.0,16.0,33.21286630630493,128.0,1.0,257077.0,791499.0,0.7548322677612305,2.0,2.0,2.0,0.328125,32.0,0.06203053050239116,0.03266795724630356,0.4629126489162445,32127.0,32.0,1.0,257077.0,128508.0,0.4998813585034834,128.0,1.0,1.5631990482996553e-07,29.911922931671143,71.68863224983215,1290.0,0.0,104.96706175804138
1291,1291.0,8.0,16.0,29.69986605644226,128.0,1.0,252573.0,796003.0,0.7591276168823242,2.0,2.0,2.0,0.4609375,32.0,0.0512541466856534,0.031119367107748985,0.37835192680358887,31564.5,32.0,1.0,252573.0,126258.0,0.4998871613355347,128.0,1.0,1.5566440181874169e-07,29.911922931671143,71.93307662010193,1291.0,0.0,101.69532895088196
1292,1292.0,8.0,16.0,33.81860709190369,128.0,1.0,263318.0,785258.0,0.7488803863525391,2.0,2.0,2.0,0.5703125,32.0,0.05188863646413216,0.025134893134236336,0.5637741684913635,32906.0,32.0,1.0,263318.0,131624.0,0.4998670808679999,128.0,1.0,1.550100225903329e-07,29.911922931671143,77.83753776550293,1292.0,0.0,111.71599435806274
1293,1293.0,8.0,16.0,20.775922298431396,128.0,1.0,202669.0,845907.0,0.8067197799682617,2.0,2.0,2.0,0.4140625,32.0,0.055278734347899025,0.030125699937343597,0.47082725167274475,25326.5,32.0,1.0,202669.0,101306.0,0.4998593766190192,128.0,1.0,1.543567692803888e-07,29.911922931671143,55.099366903305054,1293.0,0.0,75.92628955841064
1294,1294.0,8.0,16.0,25.620473623275757,128.0,1.0,248690.0,799886.0,0.7628307342529297,2.0,2.0,2.0,0.5390625,32.0,0.0500349951495493,0.02651836723089218,0.4043387770652771,31078.0,32.0,1.0,248690.0,124312.0,0.49986730467650486,128.0,1.0,1.5370464402088436e-07,29.911922931671143,73.46896028518677,1294.0,0.0,99.1563618183136
1295,1295.0,8.0,16.0,27.593074321746826,128.0,1.0,284060.0,764516.0,0.7290992736816406,2.0,2.0,2.0,0.4921875,32.0,0.046835020835795375,0.0282063540071249,0.3746858835220337,35500.25,32.0,1.0,284060.0,142001.0,0.49989790889248753,128.0,1.0,1.530536489401127e-07,29.911922931671143,82.71359348297119,1295.0,0.0,110.37833833694458
1296,1296.0,8.0,16.0,20.08423161506653,128.0,1.0,213865.0,834711.0,0.7960424423217773,2.0,2.0,2.0,0.3125,32.0,0.08390627055938583,0.041675906628370285,0.5737889409065247,26725.25,32.0,1.0,213865.0,106901.0,0.4998527108222477,128.0,1.0,1.5240378616267886e-07,29.911922931671143,60.694570779800415,1296.0,0.0,80.83258652687073
1297,1297.0,8.0,16.0,33.29800057411194,128.0,1.0,238630.0,809946.0,0.7724246978759766,2.0,2.0,2.0,0.5,32.0,0.05757711511198209,0.03139236196875572,0.4715993404388428,29821.25,32.0,1.0,238630.0,119285.0,0.49987428236181536,128.0,1.0,1.5175505780949223e-07,29.911922931671143,77.43751764297485,1297.0,0.0,110.79646706581116
1298,1298.0,8.0,16.0,25.850022315979004,128.0,1.0,211664.0,836912.0,0.7981414794921875,2.0,2.0,2.0,0.484375,32.0,0.05462852072169186,0.028646133840084076,0.7233624458312988,26449.75,32.0,1.0,211664.0,105799.0,0.4998440925240003,128.0,1.0,1.5110746599775986e-07,29.911922931671143,67.99116373062134,1298.0,0.0,93.89624238014221
1299,1299.0,8.0,16.0,28.10908079147339,128.0,1.0,180886.0,867690.0,0.8274936676025391,2.0,2.0,2.0,0.7109375,32.0,0.07108854551767353,0.033334650099277496,0.533247172832489,22602.5,32.0,1.0,180886.0,90410.0,0.499817564653981,128.0,1.0,1.5046101284097968e-07,29.911922931671143,58.018890142440796,1299.0,0.0,86.17868304252625
1300,1300.0,8.0,16.0,18.540306568145752,128.0,1.0,188877.0,859699.0,0.8198728561401367,2.0,2.0,2.0,0.4921875,32.0,0.06265439676684806,0.028172453865408897,0.5812181234359741,23602.25,32.0,1.0,188877.0,94409.0,0.4998438136988622,128.0,1.0,1.498157004489335e-07,29.911922931671143,54.55496573448181,1300.0,0.0,394.69131088256836
1301,1301.0,8.0,16.0,18.59946894645691,128.0,1.0,191172.0,857404.0,0.8176841735839844,2.0,2.0,2.0,0.578125,32.0,0.04497029439159015,0.022108685225248337,0.4062318503856659,23888.5,32.0,1.0,191172.0,95554.0,0.499832611470299,128.0,1.0,1.4917153092767974e-07,29.911922931671143,56.392181158065796,1301.0,0.0,75.04539823532104
1302,1302.0,8.0,16.0,29.32712984085083,128.0,1.0,236880.0,811696.0,0.7740936279296875,2.0,2.0,2.0,0.6328125,32.0,0.04930364884519187,0.026089850813150406,0.4321058392524719,29602.5,32.0,1.0,236880.0,118410.0,0.49987335359675783,128.0,1.0,1.4852850637954734e-07,29.911922931671143,71.23838257789612,1302.0,0.0,100.62467932701111
1303,1303.0,8.0,16.0,26.424628496170044,128.0,1.0,279488.0,769088.0,0.73345947265625,2.0,2.0,2.0,0.5,32.0,0.04838064752141029,0.029259249567985535,0.343283474445343,34927.5,32.0,1.0,279488.0,139710.0,0.4998783489809938,128.0,1.0,1.4788662890312824e-07,29.911922931671143,78.07989764213562,1303.0,0.0,104.57270836830139
1304,1304.0,8.0,16.0,13.179003238677979,128.0,1.0,178812.0,869764.0,0.8294715881347656,2.0,2.0,2.0,0.5078125,32.0,0.06029310588258781,0.027657493948936462,0.4897427558898926,22342.5,32.0,1.0,178812.0,89370.0,0.4997986712301188,128.0,1.0,1.4724590059327096e-07,29.911922931671143,56.703436613082886,1304.0,0.0,69.93051767349243
1305,1305.0,8.0,16.0,36.46195840835571,128.0,1.0,306348.0,742228.0,0.7078437805175781,2.0,2.0,2.0,0.515625,32.0,0.04073762789155729,0.024647342041134834,0.41813692450523376,38285.25,32.0,1.0,306348.0,153141.0,0.49989227936856123,128.0,1.0,1.466063235410735e-07,29.911922931671143,98.12419271469116,1305.0,0.0,134.65917658805847
1306,1306.0,8.0,16.0,16.643452405929565,128.0,1.0,185905.0,862671.0,0.8227071762084961,2.0,2.0,2.0,0.4921875,32.0,0.06525616220164264,0.034900736063718796,0.5304123759269714,23230.25,32.0,1.0,185905.0,92921.0,0.49983055861864933,128.0,1.0,1.459678998338763e-07,29.911922931671143,59.18715047836304,1306.0,0.0,75.88789439201355
1307,1307.0,8.0,16.0,35.26364064216614,128.0,1.0,298601.0,749975.0,0.7152318954467773,2.0,2.0,2.0,0.2734375,32.0,0.05724835859906338,0.02897678129374981,0.44557955861091614,37316.75,32.0,1.0,298601.0,149267.0,0.49988781015468803,128.0,1.0,1.453306315552561e-07,29.911922931671143,95.53053712844849,1307.0,0.0,130.87203216552734
1308,1308.0,8.0,16.0,26.954344272613525,128.0,1.0,240167.0,808409.0,0.7709589004516602,2.0,2.0,2.0,0.65625,32.0,0.06681588074298686,0.031918253749608994,0.5853380560874939,30012.5,32.0,1.0,240167.0,120050.0,0.49986051372586576,128.0,1.0,1.4469452078501853e-07,29.911922931671143,79.21795201301575,1308.0,0.0,106.23207569122314
1309,1309.0,8.0,16.0,20.743555784225464,128.0,1.0,212618.0,835958.0,0.7972316741943359,2.0,2.0,2.0,0.3828125,32.0,0.06154224749421359,0.030418366193771362,0.44665899872779846,26569.0,32.0,1.0,212618.0,106276.0,0.4998447920684044,128.0,1.0,1.4405956959919164e-07,29.911922931671143,67.04878449440002,1309.0,0.0,87.84883451461792
1310,1310.0,8.0,16.0,23.973015308380127,128.0,1.0,267740.0,780836.0,0.7446632385253906,2.0,2.0,2.0,0.640625,32.0,0.04251973109055686,0.024827860295772552,0.38963624835014343,33459.5,32.0,1.0,267740.0,133838.0,0.4998804810637185,128.0,1.0,1.4342578007001905e-07,29.911922931671143,79.58233952522278,1310.0,0.0,103.61786317825317
1311,1311.0,8.0,16.0,35.289541244506836,128.0,1.0,292706.0,755870.0,0.7208538055419922,2.0,2.0,2.0,0.390625,32.0,0.044772721062913114,0.026404887437820435,0.31270071864128113,36580.5,32.0,1.0,292706.0,146322.0,0.49989409168243903,128.0,1.0,1.4279315426595313e-07,29.911922931671143,88.67351055145264,1311.0,0.0,124.03404879570007
1312,1312.0,8.0,16.0,26.529785871505737,128.0,1.0,226109.0,822467.0,0.7843656539916992,2.0,2.0,2.0,0.4140625,32.0,0.06823907484669195,0.03541512414813042,0.514045774936676,28255.25,32.0,1.0,226109.0,113021.0,0.4998518413685435,128.0,1.0,1.421616942516482e-07,29.911922931671143,76.68998146057129,1312.0,0.0,103.28308463096619
1313,1313.0,8.0,16.0,36.864824295043945,128.0,1.0,359824.0,688752.0,0.6568450927734375,2.0,2.0,2.0,0.28125,32.0,0.055851523703504415,0.03270789980888367,0.3437768518924713,44971.0,32.0,1.0,359824.0,179884.0,0.4999221841789319,128.0,1.0,1.41531402087954e-07,29.911922931671143,93.29101657867432,1313.0,0.0,130.24301648139954
1314,1314.0,8.0,16.0,37.65539622306824,128.0,1.0,314356.0,734220.0,0.7002067565917969,2.0,2.0,2.0,0.6015625,32.0,0.03496783242227863,0.0200266744941473,0.33911898732185364,39286.75,32.0,1.0,314356.0,157147.0,0.4999013856901093,128.0,1.0,1.40902279831909e-07,29.911922931671143,107.00438070297241,1314.0,0.0,144.73595333099365
1315,1315.0,8.0,16.0,33.80968141555786,128.0,1.0,276868.0,771708.0,0.7359580993652344,2.0,2.0,2.0,0.5234375,32.0,0.0561328385128216,0.03381888195872307,0.4711697995662689,34601.25,32.0,1.0,276868.0,138405.0,0.49989525694554804,128.0,1.0,1.4027432953673291e-07,29.911922931671143,93.11191534996033,1315.0,0.0,126.99405264854431
1316,1316.0,8.0,16.0,26.849775791168213,128.0,1.0,239620.0,808956.0,0.7714805603027344,2.0,2.0,2.0,0.6015625,32.0,0.06350953923431413,0.03512510657310486,0.4882710576057434,29943.75,32.0,1.0,239620.0,119775.0,0.49985393539771306,128.0,1.0,1.3964755325182125e-07,29.911922931671143,79.66447043418884,1316.0,0.0,106.58231902122498
1317,1317.0,8.0,16.0,23.97173810005188,128.0,1.0,242567.0,806009.0,0.7686700820922852,2.0,2.0,2.0,0.4375,32.0,0.0488193958680872,0.026880959048867226,0.3559182584285736,30312.75,32.0,1.0,242567.0,121251.0,0.4998660163995927,128.0,1.0,1.3902195302273778e-07,29.911922931671143,71.3542275428772,1317.0,0.0,95.38880753517151
1318,1318.0,8.0,16.0,28.72801423072815,128.0,1.0,292542.0,756034.0,0.7210102081298828,2.0,2.0,2.0,0.4921875,32.0,0.04602615457220636,0.027407191693782806,0.29906606674194336,36559.0,32.0,1.0,292542.0,146236.0,0.49988035905955386,128.0,1.0,1.3839753089120816e-07,29.911922931671143,77.711496591568,1318.0,0.0,106.51112604141235
1319,1319.0,8.0,16.0,30.165067434310913,128.0,1.0,255721.0,792855.0,0.7561254501342773,2.0,2.0,2.0,0.4296875,32.0,0.056907210935038546,0.03414071723818779,0.3825059235095978,31957.25,32.0,1.0,255721.0,127829.0,0.4998768188768228,128.0,1.0,1.3777428889511272e-07,29.911922931671143,69.78936433792114,1319.0,0.0,100.01750802993774
1320,1320.0,8.0,16.0,21.24947428703308,128.0,1.0,193246.0,855330.0,0.8157062530517578,2.0,2.0,2.0,0.578125,32.0,0.0576490560920242,0.02840469777584076,0.6014223694801331,24147.5,32.0,1.0,193246.0,96590.0,0.4998292332053445,128.0,1.0,1.3715222906848067e-07,29.911922931671143,64.17235803604126,1320.0,0.0,85.47247648239136
1321,1321.0,8.0,16.0,23.352168798446655,128.0,1.0,197530.0,851046.0,0.8116207122802734,2.0,2.0,2.0,0.5859375,32.0,0.04250059297073738,0.023014403879642487,0.5630074143409729,24683.75,32.0,1.0,197530.0,98735.0,0.499848124335544,128.0,1.0,1.3653135344148332e-07,29.911922931671143,61.21454572677612,1321.0,0.0,84.61937355995178
1322,1322.0,8.0,16.0,24.692567348480225,128.0,1.0,253593.0,794983.0,0.7581548690795898,2.0,2.0,2.0,0.296875,32.0,0.05407338838038206,0.029716596007347107,0.39502406120300293,31692.0,32.0,1.0,253593.0,126768.0,0.4998876151944257,128.0,1.0,1.3591166404042664e-07,29.911922931671143,65.42153191566467,1322.0,0.0,90.17663025856018
1323,1323.0,8.0,16.0,24.608901262283325,128.0,1.0,272123.0,776453.0,0.740483283996582,2.0,2.0,2.0,0.453125,32.0,0.05265193204162661,0.03128258138895035,0.38535207509994507,34007.75,32.0,1.0,272123.0,136031.0,0.49988791833104884,128.0,1.0,1.3529316288774566e-07,29.911922931671143,73.10589790344238,1323.0,0.0,97.77985405921936
1324,1324.0,8.0,16.0,33.82595157623291,128.0,1.0,295763.0,752813.0,0.7179384231567383,2.0,2.0,2.0,0.3125,32.0,0.05674970303195673,0.0325218103826046,0.388426274061203,36962.5,32.0,1.0,295763.0,147850.0,0.4998934958057634,128.0,1.0,1.3467585200199693e-07,29.911922931671143,73.78432202339172,1324.0,0.0,107.67819023132324
1325,1325.0,8.0,16.0,18.631794691085815,128.0,1.0,135785.0,912791.0,0.8705053329467773,2.0,2.0,2.0,0.9140625,32.0,0.05716955692718954,0.025411248207092285,0.6779329776763916,16965.0,32.0,1.0,135785.0,67860.0,0.4997606510292006,128.0,1.0,1.3405973339785276e-07,29.911922931671143,46.255232095718384,1325.0,0.0,64.93000197410583
1326,1326.0,8.0,16.0,28.065292596817017,128.0,1.0,221916.0,826660.0,0.7883644104003906,2.0,2.0,2.0,0.5625,32.0,0.052692184990845874,0.02537575550377369,0.4809391498565674,27732.25,32.0,1.0,221916.0,110929.0,0.4998693199228537,128.0,1.0,1.3344480908609419e-07,29.911922931671143,66.9927270412445,1326.0,0.0,95.11883640289307
1327,1327.0,8.0,16.0,31.594003438949585,128.0,1.0,251645.0,796931.0,0.7600126266479492,2.0,2.0,2.0,0.4921875,32.0,0.046531311921946275,0.03034813329577446,0.33039385080337524,31448.0,32.0,1.0,251645.0,125792.0,0.49987879751236863,128.0,1.0,1.3283108107360474e-07,29.911922931671143,66.44705200195312,1327.0,0.0,98.10575795173645
1328,1328.0,8.0,16.0,35.677324295043945,128.0,1.0,325390.0,723186.0,0.6896839141845703,2.0,2.0,2.0,0.2265625,32.0,0.04004398058406485,0.021395469084382057,0.289808988571167,40665.5,32.0,1.0,325390.0,162662.0,0.4998985832385752,128.0,1.0,1.3221855136336317e-07,29.911922931671143,83.80201005935669,1328.0,0.0,119.55138993263245
1329,1329.0,8.0,16.0,33.64620780944824,128.0,1.0,311953.0,736623.0,0.7024984359741211,2.0,2.0,2.0,0.2265625,32.0,0.06418814922281837,0.03694115951657295,0.42730313539505005,38987.0,32.0,1.0,311953.0,155948.0,0.49990864008360236,128.0,1.0,1.3160722195443792e-07,29.911922931671143,82.00816988945007,1329.0,0.0,115.73553109169006
1330,1330.0,8.0,16.0,23.15432071685791,128.0,1.0,193477.0,855099.0,0.815485954284668,2.0,2.0,2.0,0.5859375,32.0,0.057156996839901796,0.029913872480392456,0.6822104454040527,24176.5,32.0,1.0,193477.0,96706.0,0.49983202137721794,128.0,1.0,1.309970948419798e-07,29.911922931671143,67.18223547935486,1330.0,0.0,90.38810110092163
1331,1331.0,8.0,16.0,26.399078369140625,128.0,1.0,258364.0,790212.0,0.7536048889160156,2.0,2.0,2.0,0.453125,32.0,0.06759578006364278,0.03696317970752716,0.4593677818775177,32287.75,32.0,1.0,258364.0,129151.0,0.49988001424347045,128.0,1.0,1.3038817201721598e-07,29.911922931671143,71.48511552810669,1331.0,0.0,97.95062518119812
1332,1332.0,8.0,16.0,19.93279266357422,128.0,1.0,186254.0,862322.0,0.8223743438720703,2.0,2.0,2.0,0.6796875,32.0,0.05760303531376663,0.033157363533973694,0.4643392264842987,23274.5,32.0,1.0,186254.0,93098.0,0.4998442986459351,128.0,1.0,1.2978045546744315e-07,29.911922931671143,53.578640937805176,1332.0,0.0,73.56261849403381
1333,1333.0,8.0,16.0,29.620636701583862,128.0,1.0,269599.0,778977.0,0.7428903579711914,2.0,2.0,2.0,0.5390625,32.0,0.047027260111871534,0.02818458527326584,0.46106576919555664,33691.0,32.0,1.0,269599.0,134764.0,0.49986832295372013,128.0,1.0,1.291739471760212e-07,29.911922931671143,74.24231028556824,1333.0,0.0,103.92946147918701
1334,1334.0,8.0,16.0,18.862399578094482,128.0,1.0,209153.0,839423.0,0.8005361557006836,2.0,2.0,2.0,0.359375,32.0,0.0771254863782408,0.040102969855070114,0.649291455745697,26135.75,32.0,1.0,209153.0,104543.0,0.4998398301721706,128.0,1.0,1.2856864912236676e-07,29.911922931671143,60.423370599746704,1334.0,0.0,79.33940863609314
1335,1335.0,8.0,16.0,23.96674871444702,128.0,1.0,268029.0,780547.0,0.7443876266479492,2.0,2.0,2.0,0.40625,32.0,0.05304916276343324,0.030050601810216904,0.3835330009460449,33495.0,32.0,1.0,268029.0,133980.0,0.4998712825850934,128.0,1.0,1.2796456328194653e-07,29.911922931671143,69.97512888908386,1335.0,0.0,94.00645160675049
1336,1336.0,8.0,16.0,29.505598306655884,128.0,1.0,319725.0,728851.0,0.6950864791870117,2.0,2.0,2.0,0.3125,32.0,0.051309321212588056,0.030861591920256615,0.3198411464691162,39957.5,32.0,1.0,319725.0,159830.0,0.49989835014465556,128.0,1.0,1.2736169162627148e-07,29.911922931671143,86.62557053565979,1336.0,0.0,116.20499300956726
1337,1337.0,8.0,16.0,27.33035135269165,128.0,1.0,216987.0,831589.0,0.793065071105957,2.0,2.0,2.0,0.5546875,32.0,0.05336134708783337,0.028082480654120445,0.5398560166358948,27115.5,32.0,1.0,216987.0,108462.0,0.4998548300128579,128.0,1.0,1.267600361228891e-07,29.911922931671143,65.96853709220886,1337.0,0.0,93.35565829277039
1338,1338.0,8.0,16.0,25.71740460395813,128.0,1.0,226127.0,822449.0,0.7843484878540039,2.0,2.0,2.0,0.609375,32.0,0.050108673780596635,0.027675218880176544,0.48996081948280334,28257.0,32.0,1.0,226127.0,113028.0,0.49984300857482744,128.0,1.0,1.2615959873537845e-07,29.911922931671143,68.86140656471252,1338.0,0.0,94.63495802879333
1339,1339.0,8.0,16.0,30.847729682922363,128.0,1.0,185976.0,862600.0,0.8226394653320312,2.0,2.0,2.0,0.828125,32.0,0.050158127919607914,0.02329382114112377,0.4395064115524292,23238.75,32.0,1.0,185976.0,92955.0,0.499822557749387,128.0,1.0,1.2556038142334307e-07,29.911922931671143,61.47836089134216,1339.0,0.0,92.37854790687561
1340,1340.0,8.0,16.0,31.568947076797485,128.0,1.0,212812.0,835764.0,0.7970466613769531,2.0,2.0,2.0,0.3828125,32.0,0.060108478462735496,0.0315093994140625,0.48598232865333557,26593.5,32.0,1.0,212812.0,106374.0,0.4998496325395185,128.0,1.0,1.249623861424046e-07,29.911922931671143,67.95379710197449,1340.0,0.0,99.58000040054321
1341,1341.0,8.0,16.0,21.441958904266357,128.0,1.0,239043.0,809533.0,0.7720308303833008,2.0,2.0,2.0,0.484375,32.0,0.04932070940313143,0.0275887418538332,0.42649468779563904,29873.25,32.0,1.0,239043.0,119493.0,0.4998807745886723,128.0,1.0,1.2436561484419604e-07,29.911922931671143,64.91510391235352,1341.0,0.0,86.41900062561035
1342,1342.0,8.0,16.0,26.276662588119507,128.0,1.0,269332.0,779244.0,0.7431449890136719,2.0,2.0,2.0,0.28125,32.0,0.05174510604651023,0.029400205239653587,0.36564901471138,33658.0,32.0,1.0,269332.0,134632.0,0.4998737617512958,128.0,1.0,1.237700694763562e-07,29.911922931671143,67.75584959983826,1342.0,0.0,94.09817838668823
1343,1343.0,8.0,16.0,35.81033730506897,128.0,1.0,321658.0,726918.0,0.6932430267333984,2.0,2.0,2.0,0.4375,32.0,0.04289425520811332,0.02616294100880623,0.35150614380836487,40200.0,32.0,1.0,321658.0,160800.0,0.4999098421304615,128.0,1.0,1.2317575198252284e-07,29.911922931671143,92.3079297542572,1343.0,0.0,128.19012236595154
1344,1344.0,8.0,16.0,29.900582551956177,128.0,1.0,183381.0,865195.0,0.8251142501831055,2.0,2.0,2.0,0.59375,32.0,0.05862543032279167,0.028684204444289207,0.5077454447746277,22915.25,32.0,1.0,183381.0,91661.0,0.4998391327345799,128.0,1.0,1.225826643023261e-07,29.911922931671143,62.93543815612793,1344.0,0.0,92.88290858268738
1345,1345.0,8.0,16.0,30.640990018844604,128.0,1.0,212474.0,836102.0,0.7973690032958984,2.0,2.0,2.0,0.359375,32.0,0.04788304443769485,0.023378310725092888,0.47305381298065186,26552.0,32.0,1.0,212474.0,106208.0,0.4998635127121436,128.0,1.0,1.219908083713832e-07,29.911922931671143,61.01124668121338,1345.0,0.0,91.70814037322998
1346,1346.0,8.0,16.0,31.375117778778076,128.0,1.0,256248.0,792328.0,0.7556228637695312,2.0,2.0,2.0,0.3984375,32.0,0.059453857335328646,0.028199130669236183,0.4278719425201416,32021.5,32.0,1.0,256248.0,128086.0,0.49985170615965785,128.0,1.0,1.214001861212905e-07,29.911922931671143,78.55159425735474,1346.0,0.0,109.98811507225037
1347,1347.0,8.0,16.0,35.32523727416992,128.0,1.0,315467.0,733109.0,0.6991472244262695,2.0,2.0,2.0,0.25,32.0,0.054786246989640484,0.02850751392543316,0.40564095973968506,39425.0,32.0,1.0,315467.0,157700.0,0.499893808227168,128.0,1.0,1.2081079947961853e-07,29.911922931671143,80.8691074848175,1347.0,0.0,116.26730298995972
1348,1348.0,8.0,16.0,33.3183319568634,128.0,1.0,256176.0,792400.0,0.7556915283203125,2.0,2.0,2.0,0.3515625,32.0,0.05852357169659514,0.031713422387838364,0.49936747550964355,32012.25,32.0,1.0,256176.0,128049.0,0.4998477609143714,128.0,1.0,1.202226503699053e-07,29.911922931671143,84.96425223350525,1348.0,0.0,118.3464822769165
1349,1349.0,8.0,16.0,33.655938148498535,128.0,1.0,277006.0,771570.0,0.7358264923095703,2.0,2.0,2.0,0.4453125,32.0,0.05182150055223509,0.02994544245302677,0.7498533129692078,34617.25,32.0,1.0,277006.0,138469.0,0.4998772589763399,128.0,1.0,1.1963574071164993e-07,29.911922931671143,77.7837016582489,1349.0,0.0,111.50951957702637
1350,1350.0,8.0,16.0,35.68155574798584,128.0,1.0,294643.0,753933.0,0.7190065383911133,2.0,2.0,2.0,0.5703125,32.0,0.05113669080062404,0.02996699884533882,0.4702875018119812,36823.0,32.0,1.0,294643.0,147292.0,0.4998998788364224,128.0,1.0,1.1905007242030624e-07,29.911922931671143,100.09140110015869,1350.0,0.0,453.7904291152954
1351,1351.0,8.0,16.0,32.06480026245117,128.0,1.0,247068.0,801508.0,0.7643775939941406,2.0,2.0,2.0,0.5625,32.0,0.04367426094422903,0.024057656526565552,0.40821412205696106,30875.25,32.0,1.0,247068.0,123501.0,0.4998664335324688,128.0,1.0,1.1846564740727688e-07,29.911922931671143,66.82102918624878,1351.0,0.0,98.94865798950195
1352,1352.0,8.0,16.0,31.700071811676025,128.0,1.0,224303.0,824273.0,0.7860879898071289,2.0,2.0,2.0,0.3671875,32.0,0.06452070474345536,0.032508816570043564,0.5291075706481934,28030.0,32.0,1.0,224303.0,112120.0,0.4998595649634646,128.0,1.0,1.1788246757990684e-07,29.911922931671143,62.249404191970825,1352.0,0.0,94.0087902545929
1353,1353.0,8.0,16.0,30.368832111358643,128.0,1.0,298336.0,750240.0,0.715484619140625,2.0,2.0,2.0,0.453125,32.0,0.060662349036422036,0.0348283052444458,0.4397594928741455,37282.75,32.0,1.0,298336.0,149131.0,0.499875978762201,128.0,1.0,1.173005348414774e-07,29.911922931671143,79.5579206943512,1353.0,0.0,109.99748969078064
1354,1354.0,8.0,16.0,30.263855457305908,128.0,1.0,277866.0,770710.0,0.7350063323974609,2.0,2.0,2.0,0.3515625,32.0,0.055137509713676876,0.03529728204011917,0.35542815923690796,34725.5,32.0,1.0,277866.0,138902.0,0.4998884354329065,128.0,1.0,1.167198510911997e-07,29.911922931671143,83.84836912155151,1354.0,0.0,114.1805911064148
1355,1355.0,8.0,16.0,27.36313033103943,128.0,1.0,253966.0,794610.0,0.7577991485595703,2.0,2.0,2.0,0.28125,32.0,0.06989857348258319,0.03431428596377373,0.5986661911010742,31738.0,32.0,1.0,253966.0,126952.0,0.4998779364166857,128.0,1.0,1.1614041822420862e-07,29.911922931671143,75.47586059570312,1355.0,0.0,102.90559792518616
1356,1356.0,8.0,16.0,33.68545603752136,128.0,1.0,252720.0,795856.0,0.7589874267578125,2.0,2.0,2.0,0.484375,32.0,0.06367338865172728,0.035427797585725784,0.495673269033432,31582.25,32.0,1.0,252720.0,126329.0,0.4998773345995568,128.0,1.0,1.1556223813155669e-07,29.911922931671143,86.41810011863708,1356.0,0.0,120.1653311252594
1357,1357.0,8.0,16.0,30.642091989517212,128.0,1.0,245643.0,802933.0,0.7657365798950195,2.0,2.0,2.0,0.3125,32.0,0.04687158316958471,0.025266531854867935,0.38901618123054504,30696.5,32.0,1.0,245643.0,122786.0,0.49985548132859475,128.0,1.0,1.1498531270020783e-07,29.911922931671143,88.02048563957214,1357.0,0.0,118.7283775806427
1358,1358.0,8.0,16.0,29.379841327667236,128.0,1.0,269005.0,779571.0,0.7434568405151367,2.0,2.0,2.0,0.3828125,32.0,0.04500315775379831,0.025458132848143578,0.3619087338447571,33617.25,32.0,1.0,269005.0,134469.0,0.4998754669987547,128.0,1.0,1.1440964381303148e-07,29.911922931671143,80.84376931190491,1358.0,0.0,110.29487323760986
1359,1359.0,8.0,16.0,31.73442053794861,128.0,1.0,273944.0,774632.0,0.7387466430664062,2.0,2.0,2.0,0.3359375,32.0,0.04960487934991346,0.024789702147245407,0.5096849799156189,34234.5,32.0,1.0,273944.0,136938.0,0.49987588704260727,128.0,1.0,1.1383523334879547e-07,29.911922931671143,78.21963930130005,1359.0,0.0,110.02252888679504
1360,1360.0,8.0,16.0,32.51866173744202,128.0,1.0,248074.0,800502.0,0.7634181976318359,2.0,2.0,2.0,0.3671875,32.0,0.05198369598896096,0.023691946640610695,0.4799644351005554,31002.0,32.0,1.0,248074.0,124008.0,0.4998830993977603,128.0,1.0,1.132620831821613e-07,29.911922931671143,86.93300914764404,1360.0,0.0,119.51331996917725
1361,1361.0,8.0,16.0,32.150094747543335,128.0,1.0,244521.0,804055.0,0.7668066024780273,2.0,2.0,2.0,0.46875,32.0,0.06853731188672431,0.035433586686849594,0.5300270915031433,30556.25,32.0,1.0,244521.0,122225.0,0.4998548181955742,128.0,1.0,1.1269019518367706e-07,29.911922931671143,72.2358250617981,1361.0,0.0,104.45356512069702
1362,1362.0,8.0,16.0,33.88211369514465,128.0,1.0,253885.0,794691.0,0.7578763961791992,2.0,2.0,2.0,0.4765625,32.0,0.048395800330571434,0.030547700822353363,0.40988534688949585,31727.0,32.0,1.0,253885.0,126908.0,0.499864111704118,128.0,1.0,1.1211957121977173e-07,29.911922931671143,81.14985132217407,1362.0,0.0,115.09918022155762
1363,1363.0,8.0,16.0,29.91778254508972,128.0,1.0,287654.0,760922.0,0.7256717681884766,2.0,2.0,2.0,0.453125,32.0,0.05833124198088884,0.03336026519536972,0.43191003799438477,35948.25,32.0,1.0,287654.0,143793.0,0.499881802443213,128.0,1.0,1.1155021315274882e-07,29.911922931671143,82.66980934143066,1363.0,0.0,112.66054034233093
1364,1364.0,8.0,16.0,31.991199493408203,128.0,1.0,237027.0,811549.0,0.7739534378051758,2.0,2.0,2.0,0.4375,32.0,0.04988107614098326,0.025532206520438194,0.5250037312507629,29620.5,32.0,1.0,237027.0,118482.0,0.4998671037476743,128.0,1.0,1.1098212284078035e-07,29.911922931671143,69.32314658164978,1364.0,0.0,101.37151765823364
1365,1365.0,8.0,16.0,18.171624898910522,128.0,1.0,208660.0,839916.0,0.8010063171386719,2.0,2.0,2.0,0.4453125,32.0,0.0673174800537332,0.03246370702981949,0.591244101524353,26074.75,32.0,1.0,208660.0,104299.0,0.4998514329531295,128.0,1.0,1.1041530213790101e-07,29.911922931671143,66.50284171104431,1365.0,0.0,84.72800874710083
1366,1366.0,8.0,16.0,32.65483999252319,128.0,1.0,261933.0,786643.0,0.7502012252807617,2.0,2.0,2.0,0.3046875,32.0,0.05317639354463907,0.02967263013124466,0.4190707206726074,32734.5,32.0,1.0,261933.0,130938.0,0.49989119354949546,128.0,1.0,1.0984975289400189e-07,29.911922931671143,88.7192440032959,1366.0,0.0,121.43762516975403
1367,1367.0,8.0,16.0,33.24722862243652,128.0,1.0,275286.0,773290.0,0.7374668121337891,2.0,2.0,2.0,0.28125,32.0,0.059673335747977334,0.04086489602923393,0.41550132632255554,34403.25,32.0,1.0,275286.0,137613.0,0.49989102242758443,128.0,1.0,1.0928547695482465e-07,29.911922931671143,84.64067554473877,1367.0,0.0,117.95461821556091
1368,1368.0,8.0,16.0,34.180322885513306,128.0,1.0,292140.0,756436.0,0.7213935852050781,2.0,2.0,2.0,0.421875,32.0,0.055101042062747366,0.028035562485456467,0.42977386713027954,36510.25,32.0,1.0,292140.0,146041.0,0.4999007325255015,128.0,1.0,1.0872247616195523e-07,29.911922931671143,88.39994740486145,1368.0,0.0,122.65649771690369
1369,1369.0,8.0,16.0,23.207401275634766,128.0,1.0,199440.0,849136.0,0.8097991943359375,2.0,2.0,2.0,0.453125,32.0,0.06009523574128848,0.032927241176366806,0.44370099902153015,24921.5,32.0,1.0,199440.0,99686.0,0.4998295226634577,128.0,1.0,1.0816075235281791e-07,29.911922931671143,65.59860610961914,1369.0,0.0,88.85669541358948
1370,1370.0,8.0,16.0,32.66983652114868,128.0,1.0,252326.0,796250.0,0.7593631744384766,2.0,2.0,2.0,0.390625,32.0,0.05222870411839746,0.025340931490063667,1.123728632926941,31531.75,32.0,1.0,252326.0,126127.0,0.49985732742563194,128.0,1.0,1.076003073606695e-07,29.911922931671143,68.50565528869629,1370.0,0.0,101.23870491981506
1371,1371.0,8.0,16.0,31.693058252334595,128.0,1.0,289061.0,759515.0,0.724329948425293,2.0,2.0,2.0,0.5,32.0,0.04609045239185844,0.02523055672645569,0.3828158378601074,36124.0,32.0,1.0,289061.0,144496.0,0.4998806480293087,128.0,1.0,1.0704114301459316e-07,29.911922931671143,80.25530004501343,1371.0,0.0,112.02074122428894
1372,1372.0,8.0,16.0,22.376806020736694,128.0,1.0,245239.0,803337.0,0.7661218643188477,2.0,2.0,2.0,0.2265625,32.0,0.0753550152686773,0.040367241948843,0.5426352620124817,30646.75,32.0,1.0,245239.0,122587.0,0.49986747621707806,128.0,1.0,1.0648326113949269e-07,29.911922931671143,64.85985732078552,1372.0,0.0,87.29843759536743
1373,1373.0,8.0,16.0,32.04568552970886,128.0,1.0,237652.0,810924.0,0.7733573913574219,2.0,2.0,2.0,0.609375,32.0,0.06473510983945473,0.03341355547308922,0.46770524978637695,29699.25,32.0,1.0,237652.0,118797.0,0.4998779728342282,128.0,1.0,1.0592666355608599e-07,29.911922931671143,72.37800908088684,1373.0,0.0,104.49142575263977
1374,1374.0,8.0,16.0,22.666503429412842,128.0,1.0,244938.0,803638.0,0.7664089202880859,2.0,2.0,2.0,0.328125,32.0,0.052328776220573296,0.030820539221167564,0.4200727939605713,30609.5,32.0,1.0,244938.0,122438.0,0.4998734373596584,128.0,1.0,1.053713520808997e-07,29.911922931671143,68.08072876930237,1374.0,0.0,90.81196403503418
1375,1375.0,8.0,16.0,36.52490973472595,128.0,1.0,317055.0,731521.0,0.6976327896118164,2.0,2.0,2.0,0.5,32.0,0.03974283654082926,0.022733017802238464,0.4115302264690399,39623.75,32.0,1.0,317055.0,158495.0,0.4998974941256249,128.0,1.0,1.048173285262633e-07,29.911922931671143,99.1781575679779,1375.0,0.0,135.78212785720825
1376,1376.0,8.0,16.0,30.097965002059937,128.0,1.0,267492.0,781084.0,0.7448997497558594,2.0,2.0,2.0,0.28125,32.0,0.06325919582079918,0.036606647074222565,0.4969879984855652,33428.5,32.0,1.0,267492.0,133714.0,0.4998803702540637,128.0,1.0,1.042645947003028e-07,29.911922931671143,73.67554688453674,1376.0,0.0,103.84353065490723
1377,1377.0,8.0,16.0,36.52180099487305,128.0,1.0,345256.0,703320.0,0.6707382202148438,2.0,2.0,2.0,0.3125,32.0,0.04874375017075609,0.026249639689922333,0.4024810492992401,43149.75,32.0,1.0,345256.0,172599.0,0.4999160043561879,128.0,1.0,1.0371315240693474e-07,29.911922931671143,94.95548367500305,1377.0,0.0,131.55326628684998
1378,1378.0,8.0,16.0,13.4971284866333,128.0,1.0,176917.0,871659.0,0.8312788009643555,2.0,2.0,2.0,0.484375,32.0,0.059430441566267984,0.028038736432790756,0.4831306040287018,22106.0,32.0,1.0,176917.0,88424.0,0.49980499330194383,128.0,1.0,1.0316300344586109e-07,29.911922931671143,52.56602931022644,1378.0,0.0,66.11127829551697
1379,1379.0,8.0,16.0,28.629858016967773,128.0,1.0,258959.0,789617.0,0.7530374526977539,2.0,2.0,2.0,0.5078125,32.0,0.06314614742351513,0.032261718064546585,0.4725533723831177,32361.75,32.0,1.0,258959.0,129447.0,0.49987449750732743,128.0,1.0,1.0261414961256265e-07,29.911922931671143,76.82593488693237,1379.0,0.0,105.52173471450806
1380,1380.0,8.0,16.0,40.172576665878296,128.0,1.0,361945.0,686631.0,0.6548223495483398,2.0,2.0,2.0,0.34375,32.0,0.0407878328460014,0.023055458441376686,0.5060670375823975,45235.5,32.0,1.0,361945.0,180942.0,0.49991573305336445,128.0,1.0,1.0206659269829333e-07,29.911922931671143,128.314612865448,1380.0,0.0,168.5676486492157
1381,1381.0,8.0,16.0,28.83106565475464,128.0,1.0,228261.0,820315.0,0.782313346862793,2.0,2.0,2.0,0.4765625,32.0,0.05265859493763394,0.027035586535930634,0.4352276623249054,28524.5,32.0,1.0,228261.0,114098.0,0.4998576191289795,128.0,1.0,1.0152033449007453e-07,29.911922931671143,73.4849328994751,1381.0,0.0,102.37299346923828
1382,1382.0,8.0,16.0,25.355931043624878,128.0,1.0,270973.0,777603.0,0.7415800094604492,2.0,2.0,2.0,0.3515625,32.0,0.05935130439371859,0.03599920496344566,0.4127103090286255,33863.5,32.0,1.0,270973.0,135454.0,0.4998800618511807,128.0,1.0,1.0097537677068885e-07,29.911922931671143,73.1779260635376,1382.0,0.0,98.59810042381287
1383,1383.0,8.0,16.0,32.56773900985718,128.0,1.0,242443.0,806133.0,0.7687883377075195,2.0,2.0,2.0,0.390625,32.0,0.06473372515310526,0.030455565080046654,0.5449298620223999,30297.0,32.0,1.0,242443.0,121188.0,0.4998618231914306,128.0,1.0,1.004317213186749e-07,29.911922931671143,75.02406120300293,1383.0,0.0,107.66541838645935
1384,1384.0,8.0,16.0,38.406442165374756,128.0,1.0,323262.0,725314.0,0.6917133331298828,2.0,2.0,2.0,0.3359375,32.0,0.04920914085116972,0.025220859795808792,0.4088801145553589,40398.75,32.0,1.0,323262.0,161595.0,0.4998886352246784,128.0,1.0,9.988936990832109e-08,29.911922931671143,108.84426093101501,1384.0,0.0,147.32332229614258
1385,1385.0,8.0,16.0,29.47217893600464,128.0,1.0,152062.0,896514.0,0.8549823760986328,2.0,2.0,2.0,0.546875,32.0,0.05940407309850043,0.02610432542860508,0.6011073589324951,18999.75,32.0,1.0,152062.0,75999.0,0.499789559521774,128.0,1.0,9.934832430966001e-08,29.911922931671143,57.64785552024841,1385.0,0.0,87.16502070426941
1386,1386.0,8.0,16.0,34.406858921051025,128.0,1.0,342910.0,705666.0,0.6729755401611328,2.0,2.0,2.0,0.421875,32.0,0.0569543569361661,0.03500785306096077,0.35943087935447693,42856.0,32.0,1.0,342910.0,171424.0,0.49990959727042084,128.0,1.0,9.880858628846222e-08,29.911922931671143,86.81412243843079,1386.0,0.0,121.2994019985199
1387,1387.0,8.0,16.0,18.477884531021118,128.0,1.0,167530.0,881046.0,0.8402309417724609,2.0,2.0,2.0,0.625,32.0,0.06485866652562176,0.029934318736195564,0.5691331028938293,20934.25,32.0,1.0,167530.0,83737.0,0.4998328657553871,128.0,1.0,9.827015760623125e-08,29.911922931671143,60.1266975402832,1387.0,0.0,78.65789031982422
1388,1388.0,8.0,16.0,30.221631288528442,128.0,1.0,286021.0,762555.0,0.727229118347168,2.0,2.0,2.0,0.2265625,32.0,0.07559998413138107,0.044390324503183365,0.446306973695755,35744.5,32.0,1.0,286021.0,142978.0,0.49988637197967983,128.0,1.0,9.773304002019716e-08,29.911922931671143,79.72386646270752,1388.0,0.0,110.01611661911011
1389,1389.0,8.0,16.0,33.914037227630615,128.0,1.0,261832.0,786744.0,0.7502975463867188,2.0,2.0,2.0,0.5703125,32.0,0.05523471211661416,0.03450402617454529,0.4138963222503662,32720.5,32.0,1.0,261832.0,130882.0,0.49987014574230804,128.0,1.0,9.71972352833113e-08,29.911922931671143,88.761962890625,1389.0,0.0,122.74634146690369
1390,1390.0,8.0,16.0,33.112385272979736,128.0,1.0,231417.0,817159.0,0.7793035507202148,2.0,2.0,2.0,0.2265625,32.0,0.06193400281365992,0.029874136671423912,0.47752758860588074,28919.0,32.0,1.0,231417.0,115676.0,0.4998595608792785,128.0,1.0,9.666274514424022e-08,29.911922931671143,74.53779673576355,1390.0,0.0,107.7073667049408
1391,1391.0,8.0,16.0,26.311919927597046,128.0,1.0,193496.0,855080.0,0.8154678344726562,2.0,2.0,2.0,0.6171875,32.0,0.05579039347641115,0.025715842843055725,0.699942409992218,24178.25,32.0,1.0,193496.0,96713.0,0.4998191177078596,128.0,1.0,9.61295713473601e-08,29.911922931671143,58.338372230529785,1391.0,0.0,84.70114421844482
1392,1392.0,8.0,16.0,30.184952974319458,128.0,1.0,325627.0,722949.0,0.689457893371582,2.0,2.0,2.0,0.2109375,32.0,0.05421047374146378,0.030509017407894135,0.39061272144317627,40696.25,32.0,1.0,325627.0,162785.0,0.4999124765452496,128.0,1.0,9.55977156327512e-08,29.911922931671143,93.29610204696655,1392.0,0.0,123.56041026115417
1393,1393.0,8.0,16.0,22.727781534194946,128.0,1.0,249463.0,799113.0,0.7620935440063477,2.0,2.0,2.0,0.3671875,32.0,0.0712215422277789,0.04094686731696129,0.5284074544906616,31173.25,32.0,1.0,249463.0,124693.0,0.49984566849592926,128.0,1.0,9.506717973619194e-08,29.911922931671143,71.9052906036377,1393.0,0.0,94.69528317451477
1394,1394.0,8.0,16.0,14.521938800811768,128.0,1.0,152584.0,895992.0,0.8544845581054688,2.0,2.0,2.0,0.8046875,32.0,0.0707555811002158,0.0311711598187685,0.665910005569458,19064.5,32.0,1.0,152584.0,76258.0,0.4997771719184187,128.0,1.0,9.453796538915354e-08,29.911922931671143,51.95895791053772,1394.0,0.0,66.52912926673889
1395,1395.0,8.0,16.0,30.732407808303833,128.0,1.0,184747.0,863829.0,0.8238115310668945,2.0,2.0,2.0,0.734375,32.0,0.051495029682001994,0.02532416209578514,0.558863639831543,23086.5,32.0,1.0,184747.0,92346.0,0.49985114778589096,128.0,1.0,9.401007431879366e-08,29.911922931671143,65.61067485809326,1395.0,0.0,96.39132714271545
1396,1396.0,8.0,16.0,32.982192277908325,128.0,1.0,276544.0,772032.0,0.73626708984375,2.0,2.0,2.0,0.640625,32.0,0.04569914568001718,0.024646583944559097,0.4598645567893982,34559.25,32.0,1.0,276544.0,138237.0,0.4998734378616061,128.0,1.0,9.348350824795187e-08,29.911922931671143,86.16727709770203,1396.0,0.0,119.21960759162903
1397,1397.0,8.0,16.0,27.188523530960083,128.0,1.0,243057.0,805519.0,0.7682027816772461,2.0,2.0,2.0,0.390625,32.0,0.06846071118640679,0.03459608554840088,0.48184263706207275,30375.0,32.0,1.0,243057.0,121500.0,0.49988274355398116,128.0,1.0,9.295826889514313e-08,29.911922931671143,67.03156304359436,1397.0,0.0,94.28149795532227
1398,1398.0,8.0,16.0,11.453811407089233,128.0,1.0,134000.0,914576.0,0.8722076416015625,2.0,2.0,2.0,0.7890625,32.0,0.05292060175292102,0.023702876642346382,0.5459951162338257,16742.25,32.0,1.0,134000.0,66969.0,0.4997686567164179,128.0,1.0,9.243435797455262e-08,29.911922931671143,43.91026997566223,1398.0,0.0,55.40397047996521
1399,1399.0,8.0,16.0,32.488789796829224,128.0,1.0,303031.0,745545.0,0.7110071182250977,2.0,2.0,2.0,0.2265625,32.0,0.05666375070230935,0.034822963178157806,0.36340105533599854,37871.25,32.0,1.0,303031.0,151485.0,0.49989935023149445,128.0,1.0,9.19117771960301e-08,29.911922931671143,86.53797602653503,1399.0,0.0,119.1001763343811
1400,1400.0,8.0,16.0,33.34831762313843,128.0,1.0,241581.0,806995.0,0.7696104049682617,2.0,2.0,2.0,0.4375,32.0,0.05564669904810552,0.029556401073932648,0.4283094108104706,30190.0,32.0,1.0,241581.0,120760.0,0.4998737483494149,128.0,1.0,9.139052826508376e-08,29.911922931671143,79.21950602531433,1400.0,0.0,437.3748571872711
1401,1401.0,8.0,16.0,26.534769296646118,128.0,1.0,263439.0,785137.0,0.7487649917602539,2.0,2.0,2.0,0.421875,32.0,0.06375975995360407,0.03513398766517639,0.6758586168289185,32923.5,32.0,1.0,263439.0,131694.0,0.4999032033981301,128.0,1.0,9.087061288287545e-08,29.911922931671143,72.38322925567627,1401.0,0.0,98.98765206336975
1402,1402.0,8.0,16.0,21.523186206817627,128.0,1.0,244309.0,804267.0,0.7670087814331055,2.0,2.0,2.0,0.4609375,32.0,0.04982105767071562,0.023403575643897057,0.570158064365387,30532.25,32.0,1.0,244309.0,122129.0,0.4998956239843804,128.0,1.0,9.035203274621522e-08,29.911922931671143,70.93582558631897,1402.0,0.0,92.51970481872559
1403,1403.0,8.0,16.0,30.063081741333008,128.0,1.0,171956.0,876620.0,0.8360099792480469,2.0,2.0,2.0,0.6796875,32.0,0.05729857080224108,0.027308953925967216,2.052419424057007,21486.75,32.0,1.0,171956.0,85947.0,0.49981972132405966,128.0,1.0,8.983478954755492e-08,29.911922931671143,61.11328935623169,1403.0,0.0,91.22309470176697
1404,1404.0,8.0,16.0,29.493935585021973,128.0,1.0,244903.0,803673.0,0.7664422988891602,2.0,2.0,2.0,0.34375,32.0,0.055856191814738804,0.03084842674434185,0.5308587551116943,30604.25,32.0,1.0,244903.0,122417.0,0.4998591278996174,128.0,1.0,8.931888497498296e-08,29.911922931671143,67.0632095336914,1404.0,0.0,96.61970448493958
1405,1405.0,8.0,16.0,30.6886146068573,128.0,1.0,278064.0,770512.0,0.7348175048828125,2.0,2.0,2.0,0.34375,32.0,0.04248361974221211,0.025175869464874268,0.43736571073532104,34749.0,32.0,1.0,278064.0,138996.0,0.4998705334023822,128.0,1.0,8.880432071221933e-08,29.911922931671143,82.98943853378296,1405.0,0.0,113.74283576011658
1406,1406.0,8.0,16.0,26.424508810043335,128.0,1.0,269289.0,779287.0,0.7431859970092773,2.0,2.0,2.0,0.2734375,32.0,0.0683422179831999,0.03756776824593544,0.46808379888534546,33654.0,32.0,1.0,269289.0,134616.0,0.4998941657475797,128.0,1.0,8.829109843860965e-08,29.911922931671143,77.6852536201477,1406.0,0.0,104.17700338363647
1407,1407.0,8.0,16.0,34.20834422111511,128.0,1.0,291183.0,757393.0,0.7223062515258789,2.0,2.0,2.0,0.4375,32.0,0.0560617299476626,0.029478346928954124,0.3805655241012573,36389.5,32.0,1.0,291183.0,145558.0,0.49988495207481204,128.0,1.0,8.777921982911996e-08,29.911922931671143,81.83274292945862,1407.0,0.0,116.11610913276672
1408,1408.0,8.0,16.0,32.26952934265137,128.0,1.0,219129.0,829447.0,0.7910223007202148,2.0,2.0,2.0,0.6484375,32.0,0.05871432338374123,0.03545249626040459,0.48834550380706787,27382.75,32.0,1.0,219129.0,109531.0,0.49984712201488624,128.0,1.0,8.726868655433056e-08,29.911922931671143,82.40815091133118,1408.0,0.0,114.7435302734375
1409,1409.0,8.0,16.0,34.91306233406067,128.0,1.0,278537.0,770039.0,0.7343664169311523,2.0,2.0,2.0,0.5390625,32.0,0.052108720792526556,0.02485325001180172,0.6535729765892029,34809.25,32.0,1.0,278537.0,139237.0,0.49988690910004774,128.0,1.0,8.675950028043161e-08,29.911922931671143,90.14421772956848,1409.0,0.0,125.1280632019043
1410,1410.0,8.0,16.0,27.476025104522705,128.0,1.0,270106.0,778470.0,0.7424068450927734,2.0,2.0,2.0,0.4765625,32.0,0.05473808410515997,0.031715646386146545,0.39011383056640625,33754.75,32.0,1.0,270106.0,135019.0,0.49987412349225857,128.0,1.0,8.625166266921696e-08,29.911922931671143,74.36783909797668,1410.0,0.0,101.9122838973999
1411,1411.0,8.0,16.0,22.41600203514099,128.0,1.0,267693.0,780883.0,0.7447080612182617,2.0,2.0,2.0,0.171875,32.0,0.052496461154234945,0.03117215819656849,0.42963454127311707,33453.5,32.0,1.0,267693.0,133814.0,0.4998785922680085,128.0,1.0,8.574517537807896e-08,29.911922931671143,75.04825353622437,1411.0,0.0,97.53144192695618
1412,1412.0,8.0,16.0,38.374287843704224,128.0,1.0,322539.0,726037.0,0.6924028396606445,2.0,2.0,2.0,0.390625,32.0,0.04605587286955203,0.030414102599024773,0.311967134475708,40310.25,32.0,1.0,322539.0,161241.0,0.4999116385925423,128.0,1.0,8.524004006000295e-08,29.911922931671143,98.80104374885559,1412.0,0.0,137.25301051139832
1413,1413.0,8.0,16.0,26.277766942977905,128.0,1.0,191763.0,856813.0,0.8171205520629883,2.0,2.0,2.0,0.8046875,32.0,0.0444492811636238,0.02391505055129528,0.4649975001811981,23963.0,32.0,1.0,191763.0,95852.0,0.4998461642756945,128.0,1.0,8.473625836356207e-08,29.911922931671143,64.40961647033691,1413.0,0.0,90.74053502082825
1414,1414.0,8.0,16.0,31.16784930229187,128.0,1.0,317379.0,731197.0,0.6973237991333008,2.0,2.0,2.0,0.2109375,32.0,0.046998977780104485,0.029321031644940376,0.2973830997943878,39665.0,32.0,1.0,317379.0,158660.0,0.49990705119116263,128.0,1.0,8.423383193291161e-08,29.911922931671143,87.11864304542542,1414.0,0.0,118.36103796958923
1415,1415.0,8.0,16.0,22.354458808898926,128.0,1.0,228586.0,819990.0,0.7820034027099609,2.0,2.0,2.0,0.75,32.0,0.041615675346771915,0.022398723289370537,0.413803368806839,28564.75,32.0,1.0,228586.0,114259.0,0.499851259482208,128.0,1.0,8.373276240778383e-08,29.911922931671143,70.45023941993713,1415.0,0.0,92.8659598827362
1416,1416.0,8.0,16.0,35.2398841381073,128.0,1.0,294448.0,754128.0,0.7191925048828125,2.0,2.0,2.0,0.40625,32.0,0.054249799007593,0.030318457633256912,0.36747488379478455,36799.25,32.0,1.0,294448.0,147197.0,0.49990830299407707,128.0,1.0,8.323305142348269e-08,29.911922931671143,96.26974058151245,1416.0,0.0,131.58160614967346
1417,1417.0,8.0,16.0,33.40645098686218,128.0,1.0,246746.0,801830.0,0.7646846771240234,2.0,2.0,2.0,0.5703125,32.0,0.04872778783531946,0.027974236756563187,0.3733062148094177,30834.5,32.0,1.0,246746.0,123338.0,0.49985815372893583,128.0,1.0,8.273470061087795e-08,29.911922931671143,84.42754673957825,1417.0,0.0,117.90516114234924
1418,1418.0,8.0,16.0,31.06042194366455,128.0,1.0,272939.0,775637.0,0.7397050857543945,2.0,2.0,2.0,0.3984375,32.0,0.06023037025062009,0.03574342653155327,0.3905870318412781,34109.25,32.0,1.0,272939.0,136437.0,0.4998809257746236,128.0,1.0,8.22377115964008e-08,29.911922931671143,79.12948679924011,1418.0,0.0,110.26421976089478
1419,1419.0,8.0,16.0,33.838900566101074,128.0,1.0,304047.0,744529.0,0.7100381851196289,2.0,2.0,2.0,0.3203125,32.0,0.06608451607408544,0.038197193294763565,0.4035596549510956,37998.5,32.0,1.0,304047.0,151994.0,0.49990297552681,128.0,1.0,8.174208600203775e-08,29.911922931671143,79.16575837135315,1419.0,0.0,113.07408714294434
1420,1420.0,8.0,16.0,33.653164863586426,128.0,1.0,274312.0,774264.0,0.7383956909179688,2.0,2.0,2.0,0.2890625,32.0,0.05363359937281234,0.03108273446559906,0.4680953323841095,34281.75,32.0,1.0,274312.0,137127.0,0.49989428096474087,128.0,1.0,8.12478254453256e-08,29.911922931671143,82.08280992507935,1420.0,0.0,115.80742955207825
1421,1421.0,8.0,16.0,28.125813961029053,128.0,1.0,187974.0,860602.0,0.8207340240478516,2.0,2.0,2.0,0.4375,32.0,0.059796558010203706,0.027799872681498528,0.9650978446006775,23488.75,32.0,1.0,187974.0,93955.0,0.4998297636907232,128.0,1.0,8.075493153934648e-08,29.911922931671143,62.19066548347473,1421.0,0.0,90.36666131019592
1422,1422.0,8.0,16.0,31.488641262054443,128.0,1.0,286880.0,761696.0,0.726409912109375,2.0,2.0,2.0,0.4375,32.0,0.04385910698036498,0.02685076929628849,0.38950932025909424,35852.5,32.0,1.0,286880.0,143410.0,0.4998954266592303,128.0,1.0,8.02634058927218e-08,29.911922931671143,86.56266498565674,1422.0,0.0,118.1215660572052
1423,1423.0,8.0,16.0,25.020138025283813,128.0,1.0,220785.0,827791.0,0.7894430160522461,2.0,2.0,2.0,0.5234375,32.0,0.04979993926657975,0.025327762588858604,0.5173927545547485,27589.25,32.0,1.0,220785.0,110357.0,0.49983921009126525,128.0,1.0,7.977325010960779e-08,29.911922931671143,69.1607825756073,1423.0,0.0,94.2352192401886
1424,1424.0,8.0,16.0,20.638017177581787,128.0,1.0,236084.0,812492.0,0.7748527526855469,2.0,2.0,2.0,0.4921875,32.0,0.05737246434240488,0.030758872628211975,0.49939003586769104,29503.0,32.0,1.0,236084.0,118012.0,0.4998729265854526,128.0,1.0,7.928446578968989e-08,29.911922931671143,67.01953411102295,1424.0,0.0,87.71642684936523
1425,1425.0,8.0,16.0,36.73081135749817,128.0,1.0,350955.0,697621.0,0.6653032302856445,2.0,2.0,2.0,0.359375,32.0,0.05611263426264023,0.032767992466688156,0.3509162366390228,43861.25,32.0,1.0,350955.0,175445.0,0.4999073955350401,128.0,1.0,7.87970545281777e-08,29.911922931671143,90.12488150596619,1425.0,0.0,126.94212698936462
1426,1426.0,8.0,16.0,18.655200004577637,128.0,1.0,172757.0,875819.0,0.8352460861206055,2.0,2.0,2.0,0.5234375,32.0,0.07302091010855365,0.03541967645287514,0.5368040800094604,21587.5,32.0,1.0,172757.0,86350.0,0.49983502839248195,128.0,1.0,7.831101791579948e-08,29.911922931671143,59.24087691307068,1426.0,0.0,77.9451642036438
1427,1427.0,8.0,16.0,24.609379291534424,128.0,1.0,269773.0,778803.0,0.7427244186401367,2.0,2.0,2.0,0.421875,32.0,0.06350636828203375,0.03528568521142006,0.4553620219230652,33712.75,32.0,1.0,269773.0,134851.0,0.49986840788366516,128.0,1.0,7.78263575387973e-08,29.911922931671143,77.84653377532959,1427.0,0.0,102.52702569961548
1428,1428.0,8.0,16.0,33.28664016723633,128.0,1.0,247395.0,801181.0,0.7640657424926758,2.0,2.0,2.0,0.6328125,32.0,0.061665939909320185,0.03175782039761543,0.6777299046516418,30917.0,32.0,1.0,247395.0,123668.0,0.49988075749307787,128.0,1.0,7.734307497892161e-08,29.911922931671143,85.17809915542603,1428.0,0.0,118.53098821640015
1429,1429.0,8.0,16.0,36.96264028549194,128.0,1.0,342346.0,706230.0,0.6735134124755859,2.0,2.0,2.0,0.15625,32.0,0.04531366503603551,0.026019945740699768,0.28453782200813293,42785.25,32.0,1.0,342346.0,171141.0,0.4999065273144713,128.0,1.0,7.686117181342627e-08,29.911922931671143,98.78429937362671,1429.0,0.0,135.84038853645325
1430,1430.0,8.0,16.0,31.374334812164307,128.0,1.0,324069.0,724507.0,0.690943717956543,2.0,2.0,2.0,0.3515625,32.0,0.04842415349060262,0.031420376151800156,0.2956334352493286,40500.5,32.0,1.0,324069.0,162002.0,0.49989971271550193,128.0,1.0,7.638064961506335e-08,29.911922931671143,91.46123051643372,1430.0,0.0,122.91771101951599
1431,1431.0,8.0,16.0,36.088088512420654,128.0,1.0,328273.0,720303.0,0.6869344711303711,2.0,2.0,2.0,0.25,32.0,0.0572177066698927,0.03346346691250801,0.42664778232574463,41027.0,32.0,1.0,328273.0,164108.0,0.49991318201618773,128.0,1.0,7.590150995207761e-08,29.911922931671143,98.37201237678528,1431.0,0.0,134.5427691936493
1432,1432.0,8.0,16.0,34.692063331604004,128.0,1.0,298591.0,749985.0,0.7152414321899414,2.0,2.0,2.0,0.53125,32.0,0.047468439782437054,0.023207662627100945,0.3880985975265503,37316.0,32.0,1.0,298591.0,149264.0,0.4998945045229093,128.0,1.0,7.54237543882022e-08,29.911922931671143,94.58043479919434,1432.0,0.0,129.34077405929565
1433,1433.0,8.0,16.0,27.40175437927246,128.0,1.0,277269.0,771307.0,0.7355756759643555,2.0,2.0,2.0,0.4140625,32.0,0.05401614615690665,0.03088998794555664,0.3750113546848297,34651.25,32.0,1.0,277269.0,138605.0,0.49989360512715086,128.0,1.0,7.494738448265287e-08,29.911922931671143,76.77014374732971,1433.0,0.0,104.2390239238739
1434,1434.0,8.0,16.0,33.21941566467285,128.0,1.0,239296.0,809280.0,0.77178955078125,2.0,2.0,2.0,0.421875,32.0,0.03543459144471063,0.017750753089785576,0.4034116864204407,29904.0,32.0,1.0,239296.0,119616.0,0.4998662744049211,128.0,1.0,7.447240179012305e-08,29.911922931671143,82.6099967956543,1434.0,0.0,115.89038729667664
1435,1435.0,8.0,16.0,17.72285008430481,128.0,1.0,220030.0,828546.0,0.7901630401611328,2.0,2.0,2.0,0.4921875,32.0,0.05113388573210247,0.02804742008447647,0.4418410062789917,27495.75,32.0,1.0,220030.0,109983.0,0.4998545652865518,128.0,1.0,7.399880786077889e-08,29.911922931671143,64.7318685054779,1435.0,0.0,82.51045203208923
1436,1436.0,8.0,16.0,29.539671897888184,128.0,1.0,272352.0,776224.0,0.740264892578125,2.0,2.0,2.0,0.421875,32.0,0.05943366625488366,0.03458928316831589,0.4348814785480499,34036.0,32.0,1.0,272352.0,136144.0,0.49988250499353776,128.0,1.0,7.35266042402542e-08,29.911922931671143,83.02907848358154,1436.0,0.0,112.63589930534363
1437,1437.0,8.0,16.0,23.584808826446533,128.0,1.0,261318.0,787258.0,0.7507877349853516,2.0,2.0,2.0,0.515625,32.0,0.0679331588912109,0.03846277296543121,0.4272134006023407,32657.0,32.0,1.0,261318.0,130628.0,0.4998813705906214,128.0,1.0,7.305579246964522e-08,29.911922931671143,76.56387519836426,1437.0,0.0,100.21482372283936
1438,1438.0,8.0,16.0,32.67063570022583,128.0,1.0,288706.0,759870.0,0.7246685028076172,2.0,2.0,2.0,0.28125,32.0,0.059250112353904615,0.03248743712902069,0.39094194769859314,36080.0,32.0,1.0,288706.0,144320.0,0.4998856968680942,128.0,1.0,7.258637408550577e-08,29.911922931671143,84.65734434127808,1438.0,0.0,117.3964455127716
1439,1439.0,8.0,16.0,27.54484724998474,128.0,1.0,294697.0,753879.0,0.7189550399780273,2.0,2.0,2.0,0.203125,32.0,0.05889662281143026,0.03171400725841522,0.38076329231262207,36829.5,32.0,1.0,294697.0,147318.0,0.4998965038666834,128.0,1.0,7.211835061984228e-08,29.911922931671143,80.7687497138977,1439.0,0.0,108.38705825805664
1440,1440.0,8.0,16.0,30.81208634376526,128.0,1.0,287989.0,760587.0,0.7253522872924805,2.0,2.0,2.0,0.34375,32.0,0.050171815132007185,0.029751010239124298,0.5381969213485718,35990.25,32.0,1.0,287989.0,143961.0,0.4998836761126293,128.0,1.0,7.16517236001084e-08,29.911922931671143,78.00309634208679,1440.0,0.0,108.882169008255
1441,1441.0,8.0,16.0,37.996790409088135,128.0,1.0,363320.0,685256.0,0.6535110473632812,2.0,2.0,2.0,0.3671875,32.0,0.04581861855992353,0.024374211207032204,0.3880089819431305,45408.5,32.0,1.0,363320.0,181634.0,0.4999284377408345,128.0,1.0,7.118649454920056e-08,29.911922931671143,95.77304673194885,1441.0,0.0,133.8495910167694
1442,1442.0,8.0,16.0,28.71899676322937,128.0,1.0,253082.0,795494.0,0.7586421966552734,2.0,2.0,2.0,0.6484375,32.0,0.03534563449980515,0.018921134993433952,0.5127821564674377,31626.5,32.0,1.0,253082.0,126506.0,0.4998617049019685,128.0,1.0,7.072266498545265e-08,29.911922931671143,66.13566589355469,1442.0,0.0,94.92078828811646
1443,1443.0,8.0,16.0,33.20563459396362,128.0,1.0,253791.0,794785.0,0.7579660415649414,2.0,2.0,2.0,0.484375,32.0,0.043874717395537395,0.023218950256705284,0.5747227668762207,31715.25,32.0,1.0,253791.0,126861.0,0.4998640613733348,128.0,1.0,7.026023642263129e-08,29.911922931671143,78.78822541236877,1443.0,0.0,112.05329132080078
1444,1444.0,8.0,16.0,22.606669425964355,128.0,1.0,173401.0,875175.0,0.8346319198608398,2.0,2.0,2.0,0.53125,32.0,0.058112524031438795,0.025794606655836105,0.564498782157898,21667.75,32.0,1.0,173401.0,86671.0,0.49982987410683904,128.0,1.0,6.979921036993041e-08,29.911922931671143,56.676682233810425,1444.0,0.0,79.33144664764404
1445,1445.0,8.0,16.0,37.774208068847656,128.0,1.0,332818.0,715758.0,0.6826000213623047,2.0,2.0,2.0,0.375,32.0,0.04901572862220797,0.029840392991900444,0.6914250254631042,41594.75,32.0,1.0,332818.0,166379.0,0.4999098606445565,128.0,1.0,6.933958833196702e-08,29.911922931671143,93.66789245605469,1445.0,0.0,131.51867055892944
1446,1446.0,8.0,16.0,19.262617826461792,128.0,1.0,204332.0,844244.0,0.8051338195800781,2.0,2.0,2.0,0.328125,32.0,0.060222707163408176,0.029880480840802193,0.4572216868400574,25534.25,32.0,1.0,204332.0,102137.0,0.49985807411467614,128.0,1.0,6.888137180877579e-08,29.911922931671143,58.79041385650635,1446.0,0.0,78.10536527633667
1447,1447.0,8.0,16.0,25.636125087738037,128.0,1.0,205093.0,843483.0,0.804408073425293,2.0,2.0,2.0,0.484375,32.0,0.06345260632641829,0.03352032229304314,0.524329423904419,25628.5,32.0,1.0,205093.0,102514.0,0.49984153530349645,128.0,1.0,6.84245622958044e-08,29.911922931671143,66.72956418991089,1447.0,0.0,92.42295265197754
1448,1448.0,8.0,16.0,20.316569328308105,128.0,1.0,166996.0,881580.0,0.8407402038574219,2.0,2.0,2.0,0.59375,32.0,0.05572814853903014,0.03164941072463989,0.4998103678226471,20865.75,32.0,1.0,166996.0,83463.0,0.4997904141416561,128.0,1.0,6.796916128390851e-08,29.911922931671143,56.23704481124878,1448.0,0.0,76.59928750991821
1449,1449.0,8.0,16.0,31.695477962493896,128.0,1.0,331961.0,716615.0,0.6834173202514648,2.0,2.0,2.0,0.2890625,32.0,0.04730782631150514,0.030262349173426628,0.3082485795021057,41487.5,32.0,1.0,331961.0,165950.0,0.499908121737192,128.0,1.0,6.7515170259347e-08,29.911922931671143,78.01536703109741,1449.0,0.0,109.78964972496033
1450,1450.0,8.0,16.0,30.946369647979736,128.0,1.0,285830.0,762746.0,0.7274112701416016,2.0,2.0,2.0,0.359375,32.0,0.049111682124809194,0.02478126995265484,0.3681517243385315,35721.75,32.0,1.0,285830.0,142887.0,0.49990203967393204,128.0,1.0,6.706259070377696e-08,29.911922931671143,73.17117190361023,1450.0,0.0,420.08294892311096
1451,1451.0,8.0,16.0,40.62304353713989,128.0,1.0,380364.0,668212.0,0.6372566223144531,2.0,2.0,2.0,0.296875,32.0,0.04263383216109267,0.02335786074399948,0.27820542454719543,47537.5,32.0,1.0,380364.0,190150.0,0.4999158700613097,128.0,1.0,6.661142409424913e-08,29.911922931671143,112.0044195652008,1451.0,0.0,152.71592950820923
1452,1452.0,8.0,16.0,19.44220757484436,128.0,1.0,247887.0,800689.0,0.7635965347290039,2.0,2.0,2.0,0.21875,32.0,0.059898292881525206,0.0323905423283577,0.4206882417201996,30976.5,32.0,1.0,247887.0,123906.0,0.49984872139321546,128.0,1.0,6.616167190320299e-08,29.911922931671143,71.18330311775208,1452.0,0.0,90.69158744812012
1453,1453.0,8.0,16.0,17.424619913101196,128.0,1.0,181766.0,866810.0,0.8266544342041016,2.0,2.0,2.0,0.6015625,32.0,0.0663895928706279,0.03449336439371109,0.5949710607528687,22713.75,32.0,1.0,181766.0,90855.0,0.4998459557893115,128.0,1.0,6.571333559846143e-08,29.911922931671143,57.114354848861694,1453.0,0.0,74.5876829624176
1454,1454.0,8.0,16.0,22.629472017288208,128.0,1.0,241537.0,807039.0,0.7696523666381836,2.0,2.0,2.0,0.390625,32.0,0.056031461243118294,0.030135175213217735,0.47923609614372253,30185.0,32.0,1.0,241537.0,120740.0,0.4998820056554482,128.0,1.0,6.526641664322696e-08,29.911922931671143,69.18268537521362,1454.0,0.0,91.8774344921112
1455,1455.0,8.0,16.0,25.231088399887085,128.0,1.0,260574.0,788002.0,0.7514972686767578,2.0,2.0,2.0,0.65625,32.0,0.03500875299587112,0.018442509695887566,0.33694374561309814,32564.0,32.0,1.0,260574.0,130256.0,0.4998810318757819,128.0,1.0,6.482091649607613e-08,29.911922931671143,70.67273330688477,1455.0,0.0,95.96666383743286
1456,1456.0,8.0,16.0,34.02325963973999,128.0,1.0,227457.0,821119.0,0.7830801010131836,2.0,2.0,2.0,0.6171875,32.0,0.04278200917497764,0.021275853738188744,0.4567665457725525,28424.25,32.0,1.0,227457.0,113697.0,0.49986151228583864,128.0,1.0,6.437683661095505e-08,29.911922931671143,73.4564220905304,1456.0,0.0,107.53240299224854
1457,1457.0,8.0,16.0,38.794583559036255,128.0,1.0,326314.0,722262.0,0.6888027191162109,2.0,2.0,2.0,0.3671875,32.0,0.05610049354965497,0.03190053999423981,0.4242134392261505,40782.25,32.0,1.0,326314.0,163129.0,0.499914193077833,128.0,1.0,6.393417843717474e-08,29.911922931671143,93.124666929245,1457.0,0.0,132.00066471099854
1458,1458.0,8.0,16.0,27.882202863693237,128.0,1.0,265403.0,783173.0,0.746891975402832,2.0,2.0,2.0,0.546875,32.0,0.05347583841833,0.030799977481365204,0.35497722029685974,33167.75,32.0,1.0,265403.0,132671.0,0.49988508042486335,128.0,1.0,6.349294341940592e-08,29.911922931671143,79.17924737930298,1458.0,0.0,107.12679386138916
1459,1459.0,8.0,16.0,34.4090142250061,128.0,1.0,265142.0,783434.0,0.7471408843994141,2.0,2.0,2.0,0.53125,32.0,0.04843436187923833,0.024692917242646217,0.47820499539375305,33136.5,32.0,1.0,265142.0,132546.0,0.49990571090208263,128.0,1.0,6.305313299767517e-08,29.911922931671143,92.44643545150757,1459.0,0.0,126.91934156417847
1460,1460.0,8.0,16.0,25.544620752334595,128.0,1.0,244395.0,804181.0,0.7669267654418945,2.0,2.0,2.0,0.21875,32.0,0.08476373375243516,0.04042710363864899,0.5909762382507324,30540.75,32.0,1.0,244395.0,122163.0,0.4998588350825508,128.0,1.0,6.261474860735944e-08,29.911922931671143,72.98706769943237,1460.0,0.0,98.59920239448547
1461,1461.0,8.0,16.0,26.58467173576355,128.0,1.0,178555.0,870021.0,0.829716682434082,2.0,2.0,2.0,0.65625,32.0,0.0746385592535708,0.03291032463312149,0.694879949092865,22311.75,32.0,1.0,178555.0,89247.0,0.4998291842849542,128.0,1.0,6.217779167918175e-08,29.911922931671143,63.557061433792114,1461.0,0.0,90.1929144859314
1462,1462.0,8.0,16.0,28.0985004901886,128.0,1.0,286890.0,761686.0,0.7264003753662109,2.0,2.0,2.0,0.2109375,32.0,0.0691787641070147,0.04031180590391159,0.4684719443321228,35852.0,32.0,1.0,286890.0,143408.0,0.499871030708634,128.0,1.0,6.174226363920615e-08,29.911922931671143,76.00578308105469,1462.0,0.0,104.18260192871094
1463,1463.0,8.0,16.0,30.187133312225342,128.0,1.0,331455.0,717121.0,0.6838998794555664,2.0,2.0,2.0,0.2109375,32.0,0.05218077142998183,0.029521718621253967,0.37313830852508545,41424.0,32.0,1.0,331455.0,165696.0,0.4999049644748156,128.0,1.0,6.130816590883365e-08,29.911922931671143,90.36866927146912,1463.0,0.0,120.6505560874939
1464,1464.0,8.0,16.0,27.97130250930786,128.0,1.0,285912.0,762664.0,0.7273330688476562,2.0,2.0,2.0,0.3046875,32.0,0.05345753923122215,0.03043937496840954,0.37995627522468567,35729.5,32.0,1.0,285912.0,142918.0,0.4998670919723551,128.0,1.0,6.087549990479718e-08,29.911922931671143,78.33181476593018,1464.0,0.0,106.37192702293396
1465,1465.0,8.0,16.0,12.83636999130249,128.0,1.0,168192.0,880384.0,0.839599609375,2.0,2.0,2.0,0.5390625,32.0,0.06296469643964636,0.02830950729548931,0.5745958089828491,21016.25,32.0,1.0,168192.0,84065.0,0.4998156868340944,128.0,1.0,6.044426703915689e-08,29.911922931671143,50.20549774169922,1465.0,0.0,63.09057140350342
1466,1466.0,8.0,16.0,22.05329179763794,128.0,1.0,180622.0,867954.0,0.8277454376220703,2.0,2.0,2.0,0.78125,32.0,0.06155239334451064,0.03077917918562889,0.5063871741294861,22571.5,32.0,1.0,180622.0,90286.0,0.4998615893966405,128.0,1.0,6.00144687192961e-08,29.911922931671143,57.88226008415222,1466.0,0.0,79.98451542854309
1467,1467.0,8.0,16.0,26.522897481918335,128.0,1.0,227485.0,821091.0,0.7830533981323242,2.0,2.0,2.0,0.5,32.0,0.053170348077984556,0.027949687093496323,0.5700392723083496,28427.75,32.0,1.0,227485.0,113711.0,0.49986152933160427,128.0,1.0,5.958610634791572e-08,29.911922931671143,71.02920031547546,1467.0,0.0,97.61189365386963
1468,1468.0,8.0,16.0,33.13060975074768,128.0,1.0,261721.0,786855.0,0.7504034042358398,2.0,2.0,2.0,0.671875,32.0,0.055334993895734756,0.03165911138057709,0.4501444697380066,32708.25,32.0,1.0,261721.0,130833.0,0.4998949262764547,128.0,1.0,5.9159181323030714e-08,29.911922931671143,72.56302952766418,1468.0,0.0,105.7576675415039
1469,1469.0,8.0,16.0,35.78321647644043,128.0,1.0,307886.0,740690.0,0.7063770294189453,2.0,2.0,2.0,0.265625,32.0,0.06104906236251444,0.0371425487101078,0.3503674566745758,38477.0,32.0,1.0,307886.0,153908.0,0.4998863215605776,128.0,1.0,5.873369503796494e-08,29.911922931671143,87.63500118255615,1469.0,0.0,123.51721954345703
1470,1470.0,8.0,16.0,32.37939381599426,128.0,1.0,252458.0,796118.0,0.7592372894287109,2.0,2.0,2.0,0.40625,32.0,0.05311946202307086,0.029133591800928116,0.4158160388469696,31550.5,32.0,1.0,252458.0,126202.0,0.49989305151748015,128.0,1.0,5.8309648881346706e-08,29.911922931671143,75.09095311164856,1470.0,0.0,107.53783869743347
1471,1471.0,8.0,16.0,27.94573163986206,128.0,1.0,296303.0,752273.0,0.7174234390258789,2.0,2.0,2.0,0.3671875,32.0,0.057670458020406844,0.031321290880441666,0.43569496273994446,37031.0,32.0,1.0,296303.0,148124.0,0.4999071895998353,128.0,1.0,5.788704423710444e-08,29.911922931671143,84.00964260101318,1471.0,0.0,112.02402377128601
1472,1472.0,8.0,16.0,24.428823947906494,128.0,1.0,225386.0,823190.0,0.7850551605224609,2.0,2.0,2.0,0.375,32.0,0.06315256548257625,0.031696416437625885,0.4926604628562927,28166.0,32.0,1.0,225386.0,112664.0,0.49987133184847327,128.0,1.0,5.7465882484461826e-08,29.911922931671143,74.3088846206665,1472.0,0.0,98.79312562942505
1473,1473.0,8.0,16.0,31.383588790893555,128.0,1.0,281077.0,767499.0,0.7319440841674805,2.0,2.0,2.0,0.3828125,32.0,0.05269228077128151,0.027078332379460335,0.4207911193370819,35126.25,32.0,1.0,281077.0,140505.0,0.4998808155772262,128.0,1.0,5.704616499793352e-08,29.911922931671143,90.46149206161499,1473.0,0.0,121.91272807121277
1474,1474.0,8.0,16.0,24.821382522583008,128.0,1.0,257134.0,791442.0,0.7547779083251953,2.0,2.0,2.0,0.53125,32.0,0.05541139982626078,0.03138958662748337,0.3957741856575012,32134.25,32.0,1.0,257134.0,128537.0,0.4998833293146764,128.0,1.0,5.6627893147320746e-08,29.911922931671143,77.83368396759033,1474.0,0.0,102.72140598297119
1475,1475.0,8.0,16.0,21.354114532470703,128.0,1.0,228060.0,820516.0,0.7825050354003906,2.0,2.0,2.0,0.34375,32.0,0.06536237147009474,0.03436814621090889,0.5178756713867188,28501.5,32.0,1.0,228060.0,114006.0,0.4998947645356485,128.0,1.0,5.621106829770672e-08,29.911922931671143,64.60213494300842,1475.0,0.0,86.0131459236145
1476,1476.0,8.0,16.0,33.04156517982483,128.0,1.0,211725.0,836851.0,0.7980833053588867,2.0,2.0,2.0,0.4453125,32.0,0.06399589511956896,0.032222241163253784,0.5404641032218933,26457.75,32.0,1.0,211725.0,105831.0,0.4998512221041445,128.0,1.0,5.579569180945187e-08,29.911922931671143,79.09887385368347,1476.0,0.0,112.19716739654541
1477,1477.0,8.0,16.0,26.112828254699707,128.0,1.0,207438.0,841138.0,0.8021717071533203,2.0,2.0,2.0,0.4453125,32.0,0.0698922270769499,0.032868362963199615,0.5293745994567871,25922.25,32.0,1.0,207438.0,103689.0,0.49985537847453215,128.0,1.0,5.538176503819009e-08,29.911922931671143,68.48934245109558,1477.0,0.0,94.65331554412842
1478,1478.0,8.0,16.0,27.874959468841553,128.0,1.0,266078.0,782498.0,0.7462482452392578,2.0,2.0,2.0,0.4296875,32.0,0.05642158242148568,0.027468489482998848,0.43063029646873474,33251.75,32.0,1.0,266078.0,133007.0,0.4998797345139395,128.0,1.0,5.4969289334823757e-08,29.911922931671143,73.23208808898926,1478.0,0.0,101.17247939109802
1479,1479.0,8.0,16.0,35.46406030654907,128.0,1.0,318273.0,730303.0,0.6964712142944336,2.0,2.0,2.0,0.421875,32.0,0.03955436854194898,0.023011736571788788,0.3084992468357086,39776.75,32.0,1.0,318273.0,159107.0,0.4999073122759392,128.0,1.0,5.455826604551972e-08,29.911922931671143,89.49404501914978,1479.0,0.0,125.03689527511597
1480,1480.0,8.0,16.0,19.92298197746277,128.0,1.0,191520.0,857056.0,0.817352294921875,2.0,2.0,2.0,0.5390625,32.0,0.049424368019937874,0.027078572660684586,0.4263394773006439,23932.0,32.0,1.0,191520.0,95728.0,0.4998329156223893,128.0,1.0,5.414869651170423e-08,29.911922931671143,60.926422119140625,1480.0,0.0,80.89956068992615
1481,1481.0,8.0,16.0,25.255601406097412,128.0,1.0,227060.0,821516.0,0.7834587097167969,2.0,2.0,2.0,0.515625,32.0,0.05782439143817855,0.034780941903591156,0.4326709806919098,28375.0,32.0,1.0,227060.0,113500.0,0.499867876332247,128.0,1.0,5.3740582070059435e-08,29.911922931671143,70.68906712532043,1481.0,0.0,96.00515794754028
1482,1482.0,8.0,16.0,21.235751152038574,128.0,1.0,246114.0,802462.0,0.7652873992919922,2.0,2.0,2.0,0.625,32.0,0.041076959384189406,0.023680265992879868,0.3760409653186798,30756.75,32.0,1.0,246114.0,123027.0,0.4998781052682903,128.0,1.0,5.3333924052518467e-08,29.911922931671143,70.71599960327148,1482.0,0.0,92.01011085510254
1483,1483.0,8.0,16.0,24.421205043792725,128.0,1.0,225850.0,822726.0,0.7846126556396484,2.0,2.0,2.0,0.5390625,32.0,0.06174524008445121,0.030973704531788826,0.5058197379112244,28221.75,32.0,1.0,225850.0,112887.0,0.4998317467345583,128.0,1.0,5.2928723786261395e-08,29.911922931671143,70.07895874977112,1483.0,0.0,94.55877757072449
1484,1484.0,8.0,16.0,28.177603721618652,128.0,1.0,212660.0,835916.0,0.7971916198730469,2.0,2.0,2.0,0.46875,32.0,0.06067931360546499,0.031108079478144646,0.4450943171977997,26574.5,32.0,1.0,212660.0,106298.0,0.4998495250634816,128.0,1.0,5.252498259371041e-08,29.911922931671143,66.64126586914062,1484.0,0.0,94.87286019325256
1485,1485.0,8.0,16.0,34.095141887664795,128.0,1.0,291726.0,756850.0,0.7217884063720703,2.0,2.0,2.0,0.453125,32.0,0.06432497074126849,0.032679926604032516,0.3913775384426117,36457.25,32.0,1.0,291726.0,145829.0,0.49988345228056463,128.0,1.0,5.2122701792526037e-08,29.911922931671143,82.44588255882263,1485.0,0.0,116.61176896095276
1486,1486.0,8.0,16.0,21.459954500198364,128.0,1.0,232919.0,815657.0,0.7778711318969727,2.0,2.0,2.0,0.4453125,32.0,0.06208663900393808,0.028567802160978317,0.5509914755821228,29106.5,32.0,1.0,232919.0,116426.0,0.49985617317608266,128.0,1.0,5.172188269560257e-08,29.911922931671143,67.5974292755127,1486.0,0.0,89.11273074150085
1487,1487.0,8.0,16.0,29.620023488998413,128.0,1.0,273888.0,774688.0,0.738800048828125,2.0,2.0,2.0,0.5546875,32.0,0.053124954274849145,0.0333256796002388,0.3126070499420166,34228.5,32.0,1.0,273888.0,136914.0,0.4998904661759551,128.0,1.0,5.132252661106401e-08,29.911922931671143,79.84900975227356,1487.0,0.0,109.53591179847717
1488,1488.0,8.0,16.0,29.626797199249268,128.0,1.0,371388.0,677188.0,0.6458168029785156,2.0,2.0,2.0,0.2265625,32.0,0.0532992100615442,0.03485482186079025,0.3148500621318817,46415.0,32.0,1.0,371388.0,185660.0,0.4999084515385527,128.0,1.0,5.092463484225945e-08,29.911922931671143,81.83108639717102,1488.0,0.0,111.54188799858093
1489,1489.0,8.0,16.0,21.67483639717102,128.0,1.0,189093.0,859483.0,0.819666862487793,2.0,2.0,2.0,0.6640625,32.0,0.05135256191667808,0.02509361505508423,0.456937700510025,23628.75,32.0,1.0,189093.0,94515.0,0.4998334153035808,128.0,1.0,5.0528208687758865e-08,29.911922931671143,56.463711977005005,1489.0,0.0,78.18993091583252
1490,1490.0,8.0,16.0,24.74120569229126,128.0,1.0,189006.0,859570.0,0.8197498321533203,2.0,2.0,2.0,0.5703125,32.0,0.05642760438685225,0.023133452981710434,0.6467046141624451,23616.75,32.0,1.0,189006.0,94467.0,0.49980952985619503,128.0,1.0,5.013324944134939e-08,29.911922931671143,60.78244209289551,1490.0,0.0,85.57244563102722
1491,1491.0,8.0,16.0,25.89024591445923,128.0,1.0,211948.0,836628.0,0.7978706359863281,2.0,2.0,2.0,0.4921875,32.0,0.06049797700522962,0.027959423139691353,0.6209337711334229,26486.0,32.0,1.0,211948.0,105944.0,0.49985845584766075,128.0,1.0,4.973975839203048e-08,29.911922931671143,65.39317917823792,1491.0,0.0,91.33864188194275
1492,1492.0,8.0,16.0,30.495184898376465,128.0,1.0,231255.0,817321.0,0.7794580459594727,2.0,2.0,2.0,0.421875,32.0,0.056514040489220235,0.0312868170440197,0.45773395895957947,28900.0,32.0,1.0,231255.0,115600.0,0.4998810836522454,128.0,1.0,4.9347736824009945e-08,29.911922931671143,67.7830240726471,1492.0,0.0,98.34021329879761
1493,1493.0,8.0,16.0,17.281811475753784,128.0,1.0,178243.0,870333.0,0.8300142288208008,2.0,2.0,2.0,0.6640625,32.0,0.05308523151175316,0.025212787091732025,0.6435506343841553,22273.0,32.0,1.0,178243.0,89092.0,0.4998344956043155,128.0,1.0,4.895718601669979e-08,29.911922931671143,54.81748366355896,1493.0,0.0,72.14594769477844
1494,1494.0,8.0,16.0,27.406572818756104,128.0,1.0,302349.0,746227.0,0.7116575241088867,2.0,2.0,2.0,0.3125,32.0,0.05457905219396153,0.03209014981985092,0.36458534002304077,37785.25,32.0,1.0,302349.0,151141.0,0.4998892008903618,128.0,1.0,4.8568107244712106e-08,29.911922931671143,79.8166835308075,1494.0,0.0,107.29412746429443
1495,1495.0,8.0,16.0,37.071794509887695,128.0,1.0,321463.0,727113.0,0.6934289932250977,2.0,2.0,2.0,0.6484375,32.0,0.039513455380154765,0.018091684207320213,0.5005675554275513,40175.0,32.0,1.0,321463.0,160700.0,0.49990201049576466,128.0,1.0,4.818050177785465e-08,29.911922931671143,101.92224287986755,1495.0,0.0,139.06603598594666
1496,1496.0,8.0,16.0,21.58904218673706,128.0,1.0,158315.0,890261.0,0.8490190505981445,2.0,2.0,2.0,0.71875,32.0,0.06376872533615222,0.03029402159154415,0.668392539024353,19781.75,32.0,1.0,158315.0,79127.0,0.49980734611376054,128.0,1.0,4.779437088112698e-08,29.911922931671143,55.9865357875824,1496.0,0.0,77.62024211883545
1497,1497.0,8.0,16.0,34.00282669067383,128.0,1.0,283535.0,765041.0,0.7295999526977539,2.0,2.0,2.0,0.5,32.0,0.0405884183205447,0.020873473957180977,0.38956311345100403,35432.75,32.0,1.0,283535.0,141731.0,0.499871268097413,128.0,1.0,4.740971581471614e-08,29.911922931671143,77.49835848808289,1497.0,0.0,111.56785845756531
1498,1498.0,8.0,16.0,32.28148674964905,128.0,1.0,226173.0,822403.0,0.7843046188354492,2.0,2.0,2.0,0.359375,32.0,0.06024977187774962,0.03200547397136688,0.6490497589111328,28263.75,32.0,1.0,226173.0,113055.0,0.4998607260813625,128.0,1.0,4.702653783399263e-08,29.911922931671143,65.454585313797,1498.0,0.0,97.79784655570984
1499,1499.0,8.0,16.0,32.078574657440186,128.0,1.0,236933.0,811643.0,0.774043083190918,2.0,2.0,2.0,0.3515625,32.0,0.04847613746154582,0.026563169434666634,0.6545628905296326,29609.0,32.0,1.0,236933.0,118436.0,0.4998712716253118,128.0,1.0,4.664483818950621e-08,29.911922931671143,67.92644143104553,1499.0,0.0,100.06117010116577
1500,1500.0,8.0,16.0,25.982162952423096,128.0,1.0,254970.0,793606.0,0.7568416595458984,2.0,2.0,2.0,0.671875,32.0,0.03701940560760908,0.021378498524427414,0.3851965665817261,31862.5,32.0,1.0,254970.0,127450.0,0.49986272894850375,128.0,1.0,4.6264618126982125e-08,29.911922931671143,78.3763108253479,1500.0,0.0,422.60044169425964
1501,1501.0,8.0,16.0,33.50863981246948,128.0,1.0,262469.0,786107.0,0.749690055847168,2.0,2.0,2.0,0.609375,32.0,0.03600353032395488,0.02076752856373787,0.28050243854522705,32799.75,32.0,1.0,262469.0,131199.0,0.49986474593190056,128.0,1.0,4.588587888731671e-08,29.911922931671143,82.27163290977478,1501.0,0.0,115.85118436813354
1502,1502.0,8.0,16.0,28.356775283813477,128.0,1.0,259480.0,789096.0,0.7525405883789062,2.0,2.0,2.0,0.390625,32.0,0.053251588910906845,0.026176143437623978,0.39797431230545044,32426.25,32.0,1.0,259480.0,129705.0,0.4998651148450748,128.0,1.0,4.5508621706573215e-08,29.911922931671143,71.7502989768982,1502.0,0.0,100.1692247390747
1503,1503.0,8.0,16.0,31.067094802856445,128.0,1.0,289578.0,758998.0,0.7238368988037109,2.0,2.0,2.0,0.328125,32.0,0.04921968181063016,0.025073979049921036,0.39722105860710144,36189.5,32.0,1.0,289578.0,144758.0,0.4998929476686765,128.0,1.0,4.513284781597837e-08,29.911922931671143,82.23423409461975,1503.0,0.0,113.36991858482361
1504,1504.0,8.0,16.0,32.226075410842896,128.0,1.0,219459.0,829117.0,0.7907075881958008,2.0,2.0,2.0,0.6484375,32.0,0.04675625849928283,0.030890295282006264,0.3933276832103729,27424.5,32.0,1.0,219459.0,109698.0,0.49985646521673754,128.0,1.0,4.4758558441917724e-08,29.911922931671143,78.25688934326172,1504.0,0.0,110.53830552101135
1505,1505.0,8.0,16.0,20.1021945476532,128.0,1.0,186236.0,862340.0,0.8223915100097656,2.0,2.0,2.0,0.6171875,32.0,0.05106554769498287,0.023359602317214012,0.46767452359199524,23271.5,32.0,1.0,186236.0,93086.0,0.49982817500375865,128.0,1.0,4.4385754805932095e-08,29.911922931671143,58.869073152542114,1505.0,0.0,79.0202808380127
1506,1506.0,8.0,16.0,36.4351601600647,128.0,1.0,323694.0,724882.0,0.6913013458251953,2.0,2.0,2.0,0.3046875,32.0,0.04048098443119273,0.024026118218898773,0.2924725413322449,40453.5,32.0,1.0,323694.0,161814.0,0.49989805186379727,128.0,1.0,4.4014438124713505e-08,29.911922931671143,96.63242673873901,1506.0,0.0,133.14383363723755
1507,1507.0,8.0,16.0,37.53696322441101,128.0,1.0,360433.0,688143.0,0.6562643051147461,2.0,2.0,2.0,0.375,32.0,0.045761715425381384,0.02748575620353222,0.3463471829891205,45046.75,32.0,1.0,360433.0,180187.0,0.49991815399810785,128.0,1.0,4.364460961010069e-08,29.911922931671143,94.93630957603455,1507.0,0.0,132.55220890045166
1508,1508.0,8.0,16.0,30.29488205909729,128.0,1.0,268469.0,780107.0,0.7439680099487305,2.0,2.0,2.0,0.5546875,32.0,0.05267981179522683,0.028674671426415443,0.3929378390312195,33550.25,32.0,1.0,268469.0,134201.0,0.49987521836785626,128.0,1.0,4.327627046907595e-08,29.911922931671143,74.90916633605957,1508.0,0.0,105.27868056297302
1509,1509.0,8.0,16.0,25.54461669921875,128.0,1.0,215619.0,832957.0,0.7943696975708008,2.0,2.0,2.0,0.46875,32.0,0.05236599213359188,0.029402581974864006,0.46063390374183655,26945.0,32.0,1.0,215619.0,107780.0,0.49986318459875984,128.0,1.0,4.290942190376068e-08,29.911922931671143,63.06746172904968,1509.0,0.0,88.66521716117859
1510,1510.0,8.0,16.0,17.12018322944641,128.0,1.0,184041.0,864535.0,0.8244848251342773,2.0,2.0,2.0,0.546875,32.0,0.0681666004690887,0.0271602850407362,0.7447317838668823,22998.0,32.0,1.0,184041.0,91992.0,0.4998451432017866,128.0,1.0,4.254406511141173e-08,29.911922931671143,55.08980417251587,1510.0,0.0,72.2586760520935
1511,1511.0,8.0,16.0,33.34952902793884,128.0,1.0,255218.0,793358.0,0.7566051483154297,2.0,2.0,2.0,0.515625,32.0,0.04931807850276539,0.026951037347316742,0.4259752035140991,31894.75,32.0,1.0,255218.0,127579.0,0.49988245343196797,128.0,1.0,4.218020128441701e-08,29.911922931671143,72.21697878837585,1511.0,0.0,105.62918066978455
1512,1512.0,8.0,16.0,26.564674615859985,128.0,1.0,277075.0,771501.0,0.7357606887817383,2.0,2.0,2.0,0.4375,32.0,0.056863025153286485,0.03350270166993141,0.4016655385494232,34625.5,32.0,1.0,277075.0,138502.0,0.4998718758458901,128.0,1.0,4.181783161029234e-08,29.911922931671143,67.05946445465088,1512.0,0.0,93.69063639640808
1513,1513.0,8.0,16.0,33.64168620109558,128.0,1.0,286645.0,761931.0,0.7266340255737305,2.0,2.0,2.0,0.328125,32.0,0.05845682772734638,0.029711103066802025,0.38863882422447205,35822.75,32.0,1.0,286645.0,143291.0,0.49989010797327704,128.0,1.0,4.145695727167697e-08,29.911922931671143,77.66010689735413,1513.0,0.0,111.36973690986633
1514,1514.0,8.0,16.0,25.688255786895752,128.0,1.0,239563.0,809013.0,0.7715349197387695,2.0,2.0,2.0,0.4140625,32.0,0.06120339229376247,0.03161291033029556,0.402647465467453,29937.75,32.0,1.0,239563.0,119751.0,0.4998726848469922,128.0,1.0,4.109757944633002e-08,29.911922931671143,64.61782026290894,1514.0,0.0,90.36513900756836
1515,1515.0,8.0,16.0,28.267409086227417,128.0,1.0,285861.0,762715.0,0.727381706237793,2.0,2.0,2.0,0.3046875,32.0,0.05957964401231441,0.03348289057612419,0.41362738609313965,35725.75,32.0,1.0,285861.0,142903.0,0.4999037993990086,128.0,1.0,4.073969930712645e-08,29.911922931671143,71.895343542099,1515.0,0.0,100.23375391960144
1516,1516.0,8.0,16.0,23.2614586353302,128.0,1.0,243162.0,805414.0,0.7681026458740234,2.0,2.0,2.0,0.5234375,32.0,0.04221699867587442,0.025441497564315796,0.3244737684726715,30387.75,32.0,1.0,243162.0,121551.0,0.4998766254595702,128.0,1.0,4.038331802205352e-08,29.911922931671143,65.14485311508179,1516.0,0.0,88.46492099761963
1517,1517.0,8.0,16.0,33.27206802368164,128.0,1.0,244057.0,804519.0,0.7672491073608398,2.0,2.0,2.0,0.4375,32.0,0.05811372689573944,0.03209512680768967,0.4843667149543762,30499.5,32.0,1.0,244057.0,121998.0,0.4998750291939998,128.0,1.0,4.0028436754206586e-08,29.911922931671143,70.90355348587036,1517.0,0.0,104.23896384239197
1518,1518.0,8.0,16.0,16.17302107810974,128.0,1.0,152560.0,896016.0,0.8545074462890625,2.0,2.0,2.0,0.6328125,32.0,0.05477332970332448,0.023229027166962624,0.5815482139587402,19061.75,32.0,1.0,152560.0,76247.0,0.4997836916622968,128.0,1.0,3.967505666178555e-08,29.911922931671143,51.11151337623596,1518.0,0.0,67.32722520828247
1519,1519.0,8.0,16.0,35.01457166671753,128.0,1.0,280294.0,768282.0,0.7326908111572266,2.0,2.0,2.0,0.1796875,32.0,0.061517307442358254,0.03653772175312042,0.4152594208717346,35029.5,32.0,1.0,280294.0,140118.0,0.4998965372073608,128.0,1.0,3.932317889809128e-08,29.911922931671143,82.84014964103699,1519.0,0.0,117.92573761940002
1520,1520.0,8.0,16.0,28.684096097946167,128.0,1.0,252864.0,795712.0,0.75885009765625,2.0,2.0,2.0,0.3125,32.0,0.06534704855694459,0.0340421088039875,0.4973430931568146,31598.75,32.0,1.0,252864.0,126395.0,0.49985367628448496,128.0,1.0,3.897280461152119e-08,29.911922931671143,73.4512243270874,1520.0,0.0,102.19705390930176
1521,1521.0,8.0,16.0,28.34751868247986,128.0,1.0,266651.0,781925.0,0.745701789855957,2.0,2.0,2.0,0.3671875,32.0,0.05875643944881142,0.03256196156144142,0.46632513403892517,33323.5,32.0,1.0,266651.0,133294.0,0.4998818680597485,128.0,1.0,3.862393494556615e-08,29.911922931671143,75.01777219772339,1521.0,0.0,103.43539142608643
1522,1522.0,8.0,16.0,26.63274836540222,128.0,1.0,190460.0,858116.0,0.8183631896972656,2.0,2.0,2.0,0.71875,32.0,0.0631107481432254,0.02803383581340313,0.5753925442695618,23799.5,32.0,1.0,190460.0,95198.0,0.4998319857187861,128.0,1.0,3.827657103880655e-08,29.911922931671143,60.644697189331055,1522.0,0.0,87.33290719985962
1523,1523.0,8.0,16.0,22.794182300567627,128.0,1.0,233045.0,815531.0,0.7777509689331055,2.0,2.0,2.0,0.15625,32.0,0.06513209637450122,0.03469238802790642,0.5067824721336365,29123.25,32.0,1.0,233045.0,116493.0,0.4998734150056856,128.0,1.0,3.793071402490844e-08,29.911922931671143,70.74590539932251,1523.0,0.0,93.59650421142578
1524,1524.0,8.0,16.0,23.111963272094727,128.0,1.0,202059.0,846517.0,0.8073015213012695,2.0,2.0,2.0,0.6953125,32.0,0.04872660695488027,0.025941791012883186,0.45298752188682556,25249.25,32.0,1.0,202059.0,100997.0,0.4998391558901113,128.0,1.0,3.7586365032620023e-08,29.911922931671143,63.00901556015015,1524.0,0.0,86.17519068717957
1525,1525.0,8.0,16.0,22.19514489173889,128.0,1.0,189923.0,858653.0,0.8188753128051758,2.0,2.0,2.0,0.6875,32.0,0.04653024750319965,0.023352285847067833,0.45321109890937805,23732.0,32.0,1.0,189923.0,94928.0,0.49982361272726317,128.0,1.0,3.7243525185767736e-08,29.911922931671143,62.4645938873291,1525.0,0.0,84.71386432647705
1526,1526.0,8.0,16.0,23.695783853530884,128.0,1.0,235968.0,812608.0,0.77496337890625,2.0,2.0,2.0,0.5,32.0,0.05680565319311817,0.029994819313287735,0.415362685918808,29488.25,32.0,1.0,235968.0,117953.0,0.49986862625440737,128.0,1.0,3.69021956032528e-08,29.911922931671143,68.27935194969177,1526.0,0.0,92.03778171539307
1527,1527.0,8.0,16.0,22.153553247451782,128.0,1.0,246175.0,802401.0,0.7652292251586914,2.0,2.0,2.0,0.5390625,32.0,0.0487791228646428,0.02974816784262657,0.3801124095916748,30764.25,32.0,1.0,246175.0,123057.0,0.49987610439727836,128.0,1.0,3.656237739904766e-08,29.911922931671143,62.67004323005676,1527.0,0.0,84.88477182388306
1528,1528.0,8.0,16.0,35.91563820838928,128.0,1.0,339856.0,708720.0,0.6758880615234375,2.0,2.0,2.0,0.3203125,32.0,0.052955702843649526,0.030939681455492973,0.3481200933456421,42474.5,32.0,1.0,339856.0,169898.0,0.49991172731980604,128.0,1.0,3.622407168219188e-08,29.911922931671143,88.65737915039062,1528.0,0.0,124.65131139755249
1529,1529.0,8.0,16.0,31.511722087860107,128.0,1.0,289896.0,758680.0,0.7235336303710938,2.0,2.0,2.0,0.4140625,32.0,0.05147834418181801,0.03095266781747341,0.3468661904335022,36228.5,32.0,1.0,289896.0,144914.0,0.49988271656042166,128.0,1.0,3.588727955678916e-08,29.911922931671143,82.01014947891235,1529.0,0.0,113.5936815738678
1530,1530.0,8.0,16.0,36.51360011100769,128.0,1.0,286058.0,762518.0,0.7271938323974609,2.0,2.0,2.0,0.515625,32.0,0.061409801304476715,0.03584889695048332,0.41950491070747375,35750.25,32.0,1.0,286058.0,143001.0,0.49990211775234394,128.0,1.0,3.55520021220031e-08,29.911922931671143,82.33605432510376,1530.0,0.0,118.91692399978638
1531,1531.0,8.0,16.0,31.674053192138672,128.0,1.0,297232.0,751344.0,0.7165374755859375,2.0,2.0,2.0,0.328125,32.0,0.0493293858625619,0.028444504365324974,0.32473739981651306,37146.5,32.0,1.0,297232.0,148586.0,0.49989906874091616,128.0,1.0,3.521824047205413e-08,29.911922931671143,86.3788480758667,1531.0,0.0,118.12154960632324
1532,1532.0,8.0,16.0,34.61577272415161,128.0,1.0,267832.0,780744.0,0.7445755004882812,2.0,2.0,2.0,0.65625,32.0,0.03180718658807787,0.01829439029097557,0.2852538824081421,33471.75,32.0,1.0,267832.0,133887.0,0.4998917231697482,128.0,1.0,3.488599569621559e-08,29.911922931671143,88.26584911346436,1532.0,0.0,122.94329261779785
1533,1533.0,8.0,16.0,35.13475775718689,128.0,1.0,286237.0,762339.0,0.7270231246948242,2.0,2.0,2.0,0.53125,32.0,0.052163328043940756,0.03387700766324997,0.3747750222682953,35771.25,32.0,1.0,286237.0,143085.0,0.49988296411714767,128.0,1.0,3.4555268878810494e-08,29.911922931671143,91.9057514667511,1533.0,0.0,127.12062358856201
1534,1534.0,8.0,16.0,19.761475801467896,128.0,1.0,265685.0,782891.0,0.7466230392456055,2.0,2.0,2.0,0.203125,32.0,0.0621127802888997,0.03459097445011139,0.4637186527252197,33201.25,32.0,1.0,265685.0,132805.0,0.4998588554114835,128.0,1.0,3.4226061099207504e-08,29.911922931671143,65.17020177841187,1534.0,0.0,84.99555659294128
1535,1535.0,8.0,16.0,21.607749223709106,128.0,1.0,237369.0,811207.0,0.7736272811889648,2.0,2.0,2.0,0.3984375,32.0,0.06553966589935437,0.03623560443520546,0.49595415592193604,29663.0,32.0,1.0,237369.0,118652.0,0.49986308237385674,128.0,1.0,3.389837343181795e-08,29.911922931671143,67.23232626914978,1535.0,0.0,88.90250706672668
1536,1536.0,8.0,16.0,28.26343560218811,128.0,1.0,241170.0,807406.0,0.7700023651123047,2.0,2.0,2.0,0.3828125,32.0,0.0695483138220537,0.03806201368570328,0.43809545040130615,30138.5,32.0,1.0,241170.0,120554.0,0.4998714599659991,128.0,1.0,3.357220694609203e-08,29.911922931671143,69.35760521888733,1536.0,0.0,97.68038821220398
1537,1537.0,8.0,16.0,19.290247917175293,128.0,1.0,203470.0,845106.0,0.8059558868408203,2.0,2.0,2.0,0.4765625,32.0,0.05231802811525913,0.026865094900131226,0.5126511454582214,25426.25,32.0,1.0,203470.0,101705.0,0.49985255811667567,128.0,1.0,3.324756270651546e-08,29.911922931671143,62.14014554023743,1537.0,0.0,81.48176765441895
1538,1538.0,8.0,16.0,32.41312289237976,128.0,1.0,237072.0,811504.0,0.7739105224609375,2.0,2.0,2.0,0.4765625,32.0,0.05202817946476031,0.03080490045249462,0.3931541442871094,29626.5,32.0,1.0,237072.0,118506.0,0.4998734561652156,128.0,1.0,3.2924441772605614e-08,29.911922931671143,70.02317237854004,1538.0,0.0,102.49650764465332
1539,1539.0,8.0,16.0,26.57480549812317,128.0,1.0,235734.0,812842.0,0.7751865386962891,2.0,2.0,2.0,0.453125,32.0,0.07065676949303079,0.03252251818776131,0.5498062968254089,29460.0,32.0,1.0,235734.0,117840.0,0.49988546412481866,128.0,1.0,3.26028451989086e-08,29.911922931671143,78.48963618278503,1539.0,0.0,105.12639117240906
1540,1540.0,8.0,16.0,31.513364791870117,128.0,1.0,194518.0,854058.0,0.8144931793212891,2.0,2.0,2.0,0.6015625,32.0,0.04644291641532426,0.022869233042001724,0.41324183344841003,24307.75,32.0,1.0,194518.0,97231.0,0.4998560544525442,128.0,1.0,3.228277403499569e-08,29.911922931671143,67.94170784950256,1540.0,0.0,99.50981402397156
1541,1541.0,8.0,16.0,29.826645135879517,128.0,1.0,247033.0,801543.0,0.7644109725952148,2.0,2.0,2.0,0.5859375,32.0,0.060364730173085926,0.032443754374980927,0.45712509751319885,30870.5,32.0,1.0,247033.0,123482.0,0.49986034254532796,128.0,1.0,3.1964229325459557e-08,29.911922931671143,75.83898663520813,1541.0,0.0,105.72867774963379
1542,1542.0,8.0,16.0,35.146726846694946,128.0,1.0,331114.0,717462.0,0.6842250823974609,2.0,2.0,2.0,0.34375,32.0,0.051218351017202145,0.03037744201719761,0.3256591856479645,41379.5,32.0,1.0,331114.0,165518.0,0.4998822157927481,128.0,1.0,3.164721210991128e-08,29.911922931671143,89.3758065700531,1542.0,0.0,124.60376477241516
1543,1543.0,8.0,16.0,23.500795364379883,128.0,1.0,231952.0,816624.0,0.7787933349609375,2.0,2.0,2.0,0.5703125,32.0,0.04698188956003264,0.024625010788440704,0.39930060505867004,28985.75,32.0,1.0,231952.0,115943.0,0.4998577291853487,128.0,1.0,3.1331723422976517e-08,29.911922931671143,65.06149363517761,1543.0,0.0,88.626793384552
1544,1544.0,8.0,16.0,29.80833101272583,128.0,1.0,239903.0,808673.0,0.7712106704711914,2.0,2.0,2.0,0.625,32.0,0.05287659720635945,0.029643923044204712,0.3962102234363556,29979.5,32.0,1.0,239903.0,119918.0,0.4998603602289259,128.0,1.0,3.101776429429265e-08,29.911922931671143,77.32230186462402,1544.0,0.0,107.19015288352966
1545,1545.0,8.0,16.0,34.39192247390747,128.0,1.0,251180.0,797396.0,0.7604560852050781,2.0,2.0,2.0,0.3046875,32.0,0.07968482520628228,0.04211128130555153,0.5310332179069519,31389.5,32.0,1.0,251180.0,125558.0,0.4998726013217613,128.0,1.0,3.0705335748504924e-08,29.911922931671143,72.80105233192444,1545.0,0.0,107.26377654075623
1546,1546.0,8.0,16.0,20.385538339614868,128.0,1.0,218345.0,830231.0,0.7917699813842773,2.0,2.0,2.0,0.578125,32.0,0.0676662546646836,0.03611738607287407,0.49781283736228943,27284.75,32.0,1.0,218345.0,109139.0,0.49984657308388103,128.0,1.0,3.0394438805263656e-08,29.911922931671143,65.4611930847168,1546.0,0.0,85.90261101722717
1547,1547.0,8.0,16.0,28.954487323760986,128.0,1.0,322421.0,726155.0,0.6925153732299805,2.0,2.0,2.0,0.390625,32.0,0.05786107468548158,0.03375503048300743,0.42792412638664246,40296.0,32.0,1.0,322421.0,161184.0,0.49991780932383434,128.0,1.0,3.0085074479220204e-08,29.911922931671143,80.33855485916138,1547.0,0.0,109.36767220497131
1548,1548.0,8.0,16.0,21.014535427093506,128.0,1.0,224133.0,824443.0,0.786250114440918,2.0,2.0,2.0,0.40625,32.0,0.05873117441851667,0.031081322580575943,0.47731295228004456,28007.5,32.0,1.0,224133.0,112030.0,0.49983715026345965,128.0,1.0,2.9777243780024218e-08,29.911922931671143,67.11004281044006,1548.0,0.0,88.18701982498169
1549,1549.0,8.0,16.0,25.95933437347412,128.0,1.0,245679.0,802897.0,0.7657022476196289,2.0,2.0,2.0,0.4375,32.0,0.07039897207448782,0.03697708621621132,0.47306394577026367,30700.5,32.0,1.0,245679.0,122802.0,0.49984736180137496,128.0,1.0,2.947094771232017e-08,29.911922931671143,61.96473407745361,1549.0,0.0,87.99025964736938
1550,1550.0,8.0,16.0,22.391337394714355,128.0,1.0,212350.0,836226.0,0.7974872589111328,2.0,2.0,2.0,0.4921875,32.0,0.056599338548648924,0.026999201625585556,0.675218939781189,26536.0,32.0,1.0,212350.0,106144.0,0.4998540145985401,128.0,1.0,2.9166187275744103e-08,29.911922931671143,64.37368154525757,1550.0,0.0,411.1140568256378
1551,1551.0,8.0,16.0,34.392799854278564,128.0,1.0,306618.0,741958.0,0.7075862884521484,2.0,2.0,2.0,0.3984375,32.0,0.054402554805956516,0.031011613085865974,0.36530351638793945,38319.0,32.0,1.0,306618.0,153276.0,0.4998923742246052,128.0,1.0,2.886296346492023e-08,29.911922931671143,80.0190896987915,1551.0,0.0,114.48814272880554
1552,1552.0,8.0,16.0,31.92087197303772,128.0,1.0,330146.0,718430.0,0.6851482391357422,2.0,2.0,2.0,0.40625,32.0,0.054409886342063674,0.03278891742229462,0.3516729772090912,41259.75,32.0,1.0,330146.0,165039.0,0.4998970152599153,128.0,1.0,2.8561277269457895e-08,29.911922931671143,85.37267017364502,1552.0,0.0,117.37383031845093
1553,1553.0,8.0,16.0,30.62354803085327,128.0,1.0,324856.0,723720.0,0.6901931762695312,2.0,2.0,2.0,0.2734375,32.0,0.046631073528078694,0.029124299064278603,0.3500771224498749,40600.25,32.0,1.0,324856.0,162401.0,0.49991688625113895,128.0,1.0,2.826112967394817e-08,29.911922931671143,83.32723712921143,1553.0,0.0,114.02322316169739
1554,1554.0,8.0,16.0,18.242627143859863,128.0,1.0,241048.0,807528.0,0.7701187133789062,2.0,2.0,2.0,0.453125,32.0,0.050490107753118095,0.028534702956676483,0.38139817118644714,30123.0,32.0,1.0,241048.0,120492.0,0.49986724635757196,128.0,1.0,2.79625216579607e-08,29.911922931671143,61.65387725830078,1554.0,0.0,79.95981097221375
1555,1555.0,8.0,16.0,16.727821111679077,128.0,1.0,160407.0,888169.0,0.8470239639282227,2.0,2.0,2.0,0.5703125,32.0,0.05888898589974313,0.02323726937174797,0.5781221985816956,20043.0,32.0,1.0,160407.0,80172.0,0.4998036245301016,128.0,1.0,2.766545419604066e-08,29.911922931671143,52.54753375053406,1555.0,0.0,69.31830072402954
1556,1556.0,8.0,16.0,23.84507942199707,128.0,1.0,188810.0,859766.0,0.8199367523193359,2.0,2.0,2.0,0.5625,32.0,0.04415451550428517,0.02286873199045658,0.3612135052680969,23592.5,32.0,1.0,188810.0,94370.0,0.4998146284624755,128.0,1.0,2.7369928257705122e-08,29.911922931671143,71.13315081596375,1556.0,0.0,95.03112578392029
1557,1557.0,8.0,16.0,29.80617880821228,128.0,1.0,267728.0,780848.0,0.7446746826171875,2.0,2.0,2.0,0.234375,32.0,0.06735566948319004,0.041014496237039566,0.48474007844924927,33457.5,32.0,1.0,267728.0,133830.0,0.49987300543835533,128.0,1.0,2.7075944807440522e-08,29.911922931671143,75.37734079360962,1557.0,0.0,105.25440669059753
1558,1558.0,8.0,16.0,19.90319514274597,128.0,1.0,187703.0,860873.0,0.8209924697875977,2.0,2.0,2.0,0.6328125,32.0,0.04783964783018221,0.025161318480968475,0.5693826079368591,23455.75,32.0,1.0,187703.0,93823.0,0.49984816438735663,128.0,1.0,2.6783504804699042e-08,29.911922931671143,61.498828172683716,1558.0,0.0,81.45075821876526
1559,1559.0,8.0,16.0,32.184250593185425,128.0,1.0,206669.0,841907.0,0.8029050827026367,2.0,2.0,2.0,0.640625,32.0,0.051135151866279524,0.02803008444607258,0.43763962388038635,25824.5,32.0,1.0,206669.0,103298.0,0.49982338909076834,128.0,1.0,2.649260920389568e-08,29.911922931671143,73.99503207206726,1559.0,0.0,106.2373275756836
1560,1560.0,8.0,16.0,23.704727172851562,128.0,1.0,284020.0,764556.0,0.7291374206542969,2.0,2.0,2.0,0.2109375,32.0,0.05870996025225098,0.03468583524227142,0.3883937895298004,35495.0,32.0,1.0,284020.0,141980.0,0.4998943736356595,128.0,1.0,2.6203258954405007e-08,29.911922931671143,70.39520192146301,1560.0,0.0,94.1650743484497
1561,1561.0,8.0,16.0,20.201252460479736,128.0,1.0,170912.0,877664.0,0.837005615234375,2.0,2.0,2.0,0.625,32.0,0.05809380799579209,0.03355346992611885,0.6254801154136658,21356.0,32.0,1.0,170912.0,85424.0,0.49981276914435496,128.0,1.0,2.5915455000558195e-08,29.911922931671143,55.93434453010559,1561.0,0.0,76.19546723365784
1562,1562.0,8.0,16.0,19.884751558303833,128.0,1.0,199588.0,848988.0,0.8096580505371094,2.0,2.0,2.0,0.5,32.0,0.05686226314323317,0.031227631494402885,0.42718347907066345,24940.5,32.0,1.0,199588.0,99762.0,0.4998396697196224,128.0,1.0,2.5629198281639842e-08,29.911922931671143,56.65969896316528,1562.0,0.0,76.59775829315186
1563,1563.0,8.0,16.0,18.78883695602417,128.0,1.0,211274.0,837302.0,0.7985134124755859,2.0,2.0,2.0,0.6328125,32.0,0.05251816928722808,0.025015318766236305,0.4046868085861206,26400.25,32.0,1.0,211274.0,105601.0,0.4998296051572839,128.0,1.0,2.5344489731885133e-08,29.911922931671143,59.32062482833862,1563.0,0.0,78.16343307495117
1564,1564.0,8.0,16.0,21.987619638442993,128.0,1.0,201666.0,846910.0,0.8076763153076172,2.0,2.0,2.0,0.609375,32.0,0.05485213252555768,0.030007468536496162,0.4607418179512024,25199.75,32.0,1.0,201666.0,100799.0,0.4998314044013369,128.0,1.0,2.5061330280476413e-08,29.911922931671143,69.10472869873047,1564.0,0.0,91.15220642089844
1565,1565.0,8.0,16.0,29.270046710968018,128.0,1.0,289635.0,758941.0,0.7237825393676758,2.0,2.0,2.0,0.2734375,32.0,0.05948185614997245,0.03384072706103325,0.4029930830001831,36195.75,32.0,1.0,289635.0,144783.0,0.4998808845616034,128.0,1.0,2.477972085154034e-08,29.911922931671143,75.63861036300659,1565.0,0.0,104.97831773757935
1566,1566.0,8.0,16.0,29.055692672729492,128.0,1.0,240556.0,808020.0,0.7705879211425781,2.0,2.0,2.0,0.5703125,32.0,0.05864289797583009,0.0330229289829731,0.46353694796562195,30061.5,32.0,1.0,240556.0,120246.0,0.4998669748416169,128.0,1.0,2.4499662364144913e-08,29.911922931671143,79.09850764274597,1566.0,0.0,108.21559000015259
1567,1567.0,8.0,16.0,33.48564887046814,128.0,1.0,245012.0,803564.0,0.7663383483886719,2.0,2.0,2.0,0.359375,32.0,0.05402507348217518,0.025244977325201035,0.4144074618816376,30618.0,32.0,1.0,245012.0,122472.0,0.49986123128663085,128.0,1.0,2.4221155732296493e-08,29.911922931671143,77.81629157066345,1567.0,0.0,111.3820288181305
1568,1568.0,8.0,16.0,29.137893199920654,128.0,1.0,301752.0,746824.0,0.7122268676757812,2.0,2.0,2.0,0.34375,32.0,0.05545817646239557,0.033614519983530045,0.37444108724594116,37710.75,32.0,1.0,301752.0,150843.0,0.49989063867016625,128.0,1.0,2.3944201864936842e-08,29.911922931671143,82.32124209403992,1568.0,0.0,111.53545331954956
1569,1569.0,8.0,16.0,33.77481126785278,128.0,1.0,301015.0,747561.0,0.7129297256469727,2.0,2.0,2.0,0.3125,32.0,0.052541468966335464,0.028068142011761665,0.47480782866477966,37619.25,32.0,1.0,301015.0,150477.0,0.49989867614570704,128.0,1.0,2.366880166593982e-08,29.911922931671143,74.87634229660034,1569.0,0.0,108.724454164505
1570,1570.0,8.0,16.0,25.786100387573242,128.0,1.0,204069.0,844507.0,0.805384635925293,2.0,2.0,2.0,0.5625,32.0,0.05215291425862801,0.026462702080607414,0.483138769865036,25500.5,32.0,1.0,204069.0,102002.0,0.4998407401418148,128.0,1.0,2.3394956034108847e-08,29.911922931671143,65.12222504615784,1570.0,0.0,90.97648668289185
1571,1571.0,8.0,16.0,17.642831325531006,128.0,1.0,244087.0,804489.0,0.7672204971313477,2.0,2.0,2.0,0.4453125,32.0,0.04998947233067905,0.029135456308722496,0.43516355752944946,30503.5,32.0,1.0,244087.0,122014.0,0.499879141453662,128.0,1.0,2.3122665863173852e-08,29.911922931671143,62.481096267700195,1571.0,0.0,80.18304991722107
1572,1572.0,8.0,16.0,32.09157848358154,128.0,1.0,256654.0,791922.0,0.7552356719970703,2.0,2.0,2.0,0.328125,32.0,0.06763432010058008,0.0414193831384182,0.41979363560676575,32074.0,32.0,1.0,256654.0,128296.0,0.49987921481839365,128.0,1.0,2.2851932041788258e-08,29.911922931671143,73.11005091667175,1572.0,0.0,105.26663708686829
1573,1573.0,8.0,16.0,26.81339120864868,128.0,1.0,306240.0,742336.0,0.70794677734375,2.0,2.0,2.0,0.2109375,32.0,0.06639924072445692,0.0360964834690094,0.36329153180122375,38271.5,32.0,1.0,306240.0,153086.0,0.4998889759665622,128.0,1.0,2.258275545352617e-08,29.911922931671143,73.66799974441528,1573.0,0.0,100.55648732185364
1574,1574.0,8.0,16.0,16.048875331878662,128.0,1.0,189309.0,859267.0,0.8194608688354492,2.0,2.0,2.0,0.546875,32.0,0.06141720498222048,0.03373803198337555,0.5141826272010803,23656.0,32.0,1.0,189309.0,94624.0,0.49983888774437557,128.0,1.0,2.2315136976879533e-08,29.911922931671143,56.19673275947571,1574.0,0.0,72.29788422584534
1575,1575.0,8.0,16.0,23.274627208709717,128.0,1.0,249049.0,799527.0,0.7624883651733398,2.0,2.0,2.0,0.375,32.0,0.07153355152918596,0.030544834211468697,0.5968509912490845,31124.5,32.0,1.0,249049.0,124498.0,0.4998935952362788,128.0,1.0,2.2049077485254974e-08,29.911922931671143,68.20233178138733,1575.0,0.0,91.53768038749695
1576,1576.0,8.0,16.0,20.18126893043518,128.0,1.0,218026.0,830550.0,0.7920742034912109,2.0,2.0,2.0,0.6171875,32.0,0.0473227234551426,0.025650693103671074,0.4056268036365509,27246.5,32.0,1.0,218026.0,108986.0,0.4998761615587132,128.0,1.0,2.1784577846971465e-08,29.911922931671143,61.808403968811035,1576.0,0.0,82.04651093482971
1577,1577.0,8.0,16.0,34.39406967163086,128.0,1.0,265922.0,782654.0,0.7463970184326172,2.0,2.0,2.0,0.3515625,32.0,0.04862435431863153,0.026361389085650444,0.4177931547164917,33233.0,32.0,1.0,265922.0,132932.0,0.4998909454652116,128.0,1.0,2.15216389252571e-08,29.911922931671143,73.57887053489685,1577.0,0.0,108.03851389884949
1578,1578.0,8.0,16.0,30.228294610977173,128.0,1.0,276653.0,771923.0,0.7361631393432617,2.0,2.0,2.0,0.4296875,32.0,0.061854741291485084,0.03439154475927353,0.4497121572494507,34573.0,32.0,1.0,276653.0,138292.0,0.49987529504469497,128.0,1.0,2.126026157824612e-08,29.911922931671143,79.30766105651855,1578.0,0.0,109.60354733467102
1579,1579.0,8.0,16.0,22.420966386795044,128.0,1.0,224492.0,824084.0,0.7859077453613281,2.0,2.0,2.0,0.3046875,32.0,0.06515134673985412,0.035249218344688416,0.517751932144165,28053.75,32.0,1.0,224492.0,112215.0,0.4998619104466974,128.0,1.0,2.100044665897671e-08,29.911922931671143,60.86418795585632,1579.0,0.0,83.35066246986389
1580,1580.0,8.0,16.0,16.85723114013672,128.0,1.0,208300.0,840276.0,0.8013496398925781,2.0,2.0,2.0,0.4140625,32.0,0.05523472669546192,0.027811897918581963,0.44990912079811096,26030.0,32.0,1.0,208300.0,104120.0,0.499855976956313,128.0,1.0,2.0742195015387764e-08,29.911922931671143,61.57945680618286,1580.0,0.0,78.49261927604675
1581,1581.0,8.0,16.0,34.437010288238525,128.0,1.0,248805.0,799771.0,0.762721061706543,2.0,2.0,2.0,0.5703125,32.0,0.054019396100395446,0.03169209510087967,0.3823702335357666,31092.5,32.0,1.0,248805.0,124370.0,0.4998693756154418,128.0,1.0,2.0485507490316245e-08,29.911922931671143,73.4645607471466,1581.0,0.0,107.96576714515686
1582,1582.0,8.0,16.0,33.24907159805298,128.0,1.0,276375.0,772201.0,0.7364282608032227,2.0,2.0,2.0,0.390625,32.0,0.0534641871754421,0.028111819177865982,0.38514500856399536,34538.75,32.0,1.0,276375.0,138155.0,0.4998824061510629,128.0,1.0,2.0230384921494313e-08,29.911922931671143,72.51744389533997,1582.0,0.0,105.83708715438843
1583,1583.0,8.0,16.0,20.315789222717285,128.0,1.0,158296.0,890280.0,0.8490371704101562,2.0,2.0,2.0,0.6875,32.0,0.054939508963436794,0.02692238613963127,0.5025256276130676,19778.75,32.0,1.0,158296.0,79115.0,0.49979152979228786,128.0,1.0,1.997682814154683e-08,29.911922931671143,55.98614168167114,1583.0,0.0,76.35441493988037
1584,1584.0,8.0,16.0,32.16449475288391,128.0,1.0,298867.0,749709.0,0.7149782180786133,2.0,2.0,2.0,0.40625,32.0,0.05257854136281831,0.028726432472467422,0.41501370072364807,37350.25,32.0,1.0,298867.0,149401.0,0.49989125597673884,128.0,1.0,1.972483797798835e-08,29.911922931671143,79.06732034683228,1584.0,0.0,111.30258321762085
1585,1585.0,8.0,16.0,22.675405979156494,128.0,1.0,216100.0,832476.0,0.7939109802246094,2.0,2.0,2.0,0.484375,32.0,0.07190262636477703,0.03180702030658722,0.62469881772995,27004.0,32.0,1.0,216100.0,108016.0,0.4998426654326701,128.0,1.0,1.9474415253220688e-08,29.911922931671143,62.17527198791504,1585.0,0.0,84.90780282020569
1586,1586.0,8.0,16.0,37.70579814910889,128.0,1.0,319534.0,729042.0,0.6952686309814453,2.0,2.0,2.0,0.3203125,32.0,0.06076890126571186,0.03320871293544769,0.37395957112312317,39934.25,32.0,1.0,319534.0,159737.0,0.4999061132774603,128.0,1.0,1.922556078453025e-08,29.911922931671143,94.59323406219482,1586.0,0.0,132.3753855228424
1587,1587.0,8.0,16.0,34.71281123161316,128.0,1.0,314712.0,733864.0,0.6998672485351562,2.0,2.0,2.0,0.3984375,32.0,0.0523122771481307,0.0361986979842186,0.698416531085968,39332.0,32.0,1.0,314712.0,157328.0,0.499911029766898,128.0,1.0,1.8978275384084917e-08,29.911922931671143,80.83793568611145,1587.0,0.0,115.62389254570007
1588,1588.0,8.0,16.0,28.55628776550293,128.0,1.0,260759.0,787817.0,0.7513208389282227,2.0,2.0,2.0,0.3359375,32.0,0.0383841927491177,0.023007463663816452,0.3131971061229706,32587.5,32.0,1.0,260759.0,130350.0,0.49988686871785826,128.0,1.0,1.8732559858932018e-08,29.911922931671143,73.9011001586914,1588.0,0.0,102.52029180526733
1589,1589.0,8.0,16.0,30.662663459777832,128.0,1.0,325433.0,723143.0,0.6896429061889648,2.0,2.0,2.0,0.1796875,32.0,0.058202344148076915,0.03498038277029991,0.31374338269233704,40670.5,32.0,1.0,325433.0,162682.0,0.4998939873952549,128.0,1.0,1.848841501099524e-08,29.911922931671143,82.10353088378906,1589.0,0.0,112.8407347202301
1590,1590.0,8.0,16.0,31.09821343421936,128.0,1.0,203511.0,845065.0,0.8059167861938477,2.0,2.0,2.0,0.5625,32.0,0.0673307937843979,0.029871992766857147,0.7583008408546448,25430.5,32.0,1.0,203511.0,101722.0,0.4998353897332331,128.0,1.0,1.8245841637072213e-08,29.911922931671143,64.50405979156494,1590.0,0.0,95.65438032150269
1591,1591.0,8.0,16.0,30.26102089881897,128.0,1.0,245101.0,803475.0,0.7662534713745117,2.0,2.0,2.0,0.359375,32.0,0.06407146485973168,0.0359615832567215,0.4589844048023224,30631.0,32.0,1.0,245101.0,122524.0,0.4998918813060738,128.0,1.0,1.8004840528831832e-08,29.911922931671143,70.80348062515259,1591.0,0.0,101.13008880615234
1592,1592.0,8.0,16.0,25.791873693466187,128.0,1.0,193040.0,855536.0,0.8159027099609375,2.0,2.0,2.0,0.546875,32.0,0.04086601527371762,0.023124022409319878,0.4044334590435028,24121.25,32.0,1.0,193040.0,96485.0,0.49981869042685456,128.0,1.0,1.776541247281177e-08,29.911922931671143,76.33872866630554,1592.0,0.0,102.18123030662537
1593,1593.0,8.0,16.0,27.862545490264893,128.0,1.0,214787.0,833789.0,0.7951631546020508,2.0,2.0,2.0,0.6328125,32.0,0.05449503409654645,0.03127264603972435,0.4076530337333679,26840.25,32.0,1.0,214787.0,107361.0,0.49984868730416643,128.0,1.0,1.7527558250415687e-08,29.911922931671143,66.00623416900635,1593.0,0.0,93.92593097686768
1594,1594.0,8.0,16.0,34.91887712478638,128.0,1.0,324187.0,724389.0,0.690831184387207,2.0,2.0,2.0,0.421875,32.0,0.042808941964286855,0.027599718421697617,0.29525279998779297,40515.5,32.0,1.0,324187.0,162062.0,0.49990283385823614,128.0,1.0,1.7291278637911023e-08,29.911922931671143,84.25835347175598,1594.0,0.0,119.25280213356018
1595,1595.0,8.0,16.0,36.91021490097046,128.0,1.0,345265.0,703311.0,0.6707296371459961,2.0,2.0,2.0,0.40625,32.0,0.05363342219277166,0.03086894564330578,0.32206347584724426,43149.25,32.0,1.0,345265.0,172597.0,0.49989718042662884,128.0,1.0,1.7056574406426216e-08,29.911922931671143,93.64512610435486,1595.0,0.0,130.6418855190277
1596,1596.0,8.0,16.0,23.842244625091553,128.0,1.0,232709.0,815867.0,0.778071403503418,2.0,2.0,2.0,0.4375,32.0,0.053849170268321866,0.031207917258143425,0.4688281714916229,29080.25,32.0,1.0,232709.0,116321.0,0.4998560433846564,128.0,1.0,1.6823446321948208e-08,29.911922931671143,61.7682044506073,1596.0,0.0,85.67264890670776
1597,1597.0,8.0,16.0,29.51717257499695,128.0,1.0,243095.0,805481.0,0.7681665420532227,2.0,2.0,2.0,0.6484375,32.0,0.04330952073139418,0.0260330680757761,0.34181755781173706,30378.75,32.0,1.0,243095.0,121515.0,0.49986630741068305,128.0,1.0,1.659189514532e-08,29.911922931671143,71.33031678199768,1597.0,0.0,100.90966296195984
1598,1598.0,8.0,16.0,36.777806758880615,128.0,1.0,306793.0,741783.0,0.7074193954467773,2.0,2.0,2.0,0.40625,32.0,0.04220062759616557,0.024844365194439888,0.3314875364303589,38339.25,32.0,1.0,306793.0,153357.0,0.49987124869211486,128.0,1.0,1.6361921632238262e-08,29.911922931671143,91.95134902000427,1598.0,0.0,128.7980306148529
1599,1599.0,8.0,16.0,33.85728120803833,128.0,1.0,286537.0,762039.0,0.7267370223999023,2.0,2.0,2.0,0.359375,32.0,0.057916331216176405,0.03425092622637749,0.3449396789073944,35809.25,32.0,1.0,286537.0,143237.0,0.4998900665533596,128.0,1.0,1.6133526533250563e-08,29.911922931671143,80.6599690914154,1599.0,0.0,114.58659291267395
1600,1600.0,8.0,16.0,28.090375661849976,128.0,1.0,269835.0,778741.0,0.7426652908325195,2.0,2.0,2.0,0.3984375,32.0,0.04610411189351521,0.02889845333993435,0.3162092864513397,33721.25,32.0,1.0,269835.0,134885.0,0.49987955602497824,128.0,1.0,1.5906710593753312e-08,29.911922931671143,86.83428835868835,1600.0,0.0,427.2724919319153
1601,1601.0,8.0,16.0,31.50063943862915,128.0,1.0,278200.0,770376.0,0.7346878051757812,2.0,2.0,2.0,0.4140625,32.0,0.04562794085647295,0.026895320042967796,0.3624814748764038,34766.75,32.0,1.0,278200.0,139067.0,0.49988138030194107,128.0,1.0,1.5681474553988938e-08,29.911922931671143,88.736319065094,1601.0,0.0,120.30558252334595
1602,1602.0,8.0,16.0,23.335664987564087,128.0,1.0,261335.0,787241.0,0.7507715225219727,2.0,2.0,2.0,0.3671875,32.0,0.06318424768778406,0.041197147220373154,0.437511146068573,32660.0,32.0,1.0,261335.0,130640.0,0.49989477107926605,128.0,1.0,1.5457819149043815e-08,29.911922931671143,77.28851342201233,1602.0,0.0,100.69540143013
1603,1603.0,8.0,16.0,23.333690643310547,128.0,1.0,216795.0,831781.0,0.793248176574707,2.0,2.0,2.0,0.4375,32.0,0.06356775228657827,0.030516551807522774,0.506886899471283,27092.75,32.0,1.0,216795.0,108371.0,0.4998777647085957,128.0,1.0,1.5235745108845732e-08,29.911922931671143,67.05030822753906,1603.0,0.0,90.44244027137756
1604,1604.0,8.0,16.0,20.786718606948853,128.0,1.0,200050.0,848526.0,0.8092174530029297,2.0,2.0,2.0,0.6796875,32.0,0.04977942978899361,0.025544360280036926,0.42674311995506287,24997.5,32.0,1.0,200050.0,99990.0,0.4998250437390652,128.0,1.0,1.5015253158161377e-08,29.911922931671143,60.32766771316528,1604.0,0.0,81.16885781288147
1605,1605.0,8.0,16.0,26.65229320526123,128.0,1.0,253095.0,795481.0,0.7586297988891602,2.0,2.0,2.0,0.546875,32.0,0.05471040591798205,0.024149904027581215,0.5043877959251404,31627.75,32.0,1.0,253095.0,126511.0,0.49985578537703235,128.0,1.0,1.4796344016594131e-08,29.911922931671143,75.00446605682373,1605.0,0.0,101.72269773483276
1606,1606.0,8.0,16.0,38.118839740753174,128.0,1.0,388782.0,659794.0,0.6292285919189453,2.0,2.0,2.0,0.3671875,32.0,0.04642902177822595,0.028698205947875977,0.39623120427131653,48589.75,32.0,1.0,388782.0,194359.0,0.49991769166267985,128.0,1.0,1.4579018398581667e-08,29.911922931671143,94.89765858650208,1606.0,0.0,133.10511136054993
1607,1607.0,8.0,16.0,27.66508722305298,128.0,1.0,254820.0,793756.0,0.7569847106933594,2.0,2.0,2.0,0.2578125,32.0,0.06614388179521893,0.03545093163847923,0.4284454584121704,31845.25,32.0,1.0,254820.0,127381.0,0.4998861941762813,128.0,1.0,1.4363277013393682e-08,29.911922931671143,75.82556366920471,1607.0,0.0,103.5594573020935
1608,1608.0,8.0,16.0,19.588187217712402,128.0,1.0,192079.0,856497.0,0.8168191909790039,2.0,2.0,2.0,0.65625,32.0,0.05618417521119729,0.0274068471044302,0.47749823331832886,24002.0,32.0,1.0,192079.0,96008.0,0.4998360049771188,128.0,1.0,1.4149120565129568e-08,29.911922931671143,53.35937762260437,1608.0,0.0,72.99975442886353
1609,1609.0,8.0,16.0,19.961503744125366,128.0,1.0,218757.0,829819.0,0.791377067565918,2.0,2.0,2.0,0.5234375,32.0,0.05572876222805735,0.030395252630114555,0.46538910269737244,27336.5,32.0,1.0,218757.0,109346.0,0.49985143332556214,128.0,1.0,1.3936549752715855e-08,29.911922931671143,66.98691916465759,1609.0,0.0,87.00446105003357
1610,1610.0,8.0,16.0,33.03283643722534,128.0,1.0,246352.0,802224.0,0.7650604248046875,2.0,2.0,2.0,0.484375,32.0,0.04786837693602746,0.023690583184361458,0.40860220789909363,30785.25,32.0,1.0,246352.0,123141.0,0.49985792686887054,128.0,1.0,1.3725565269904427e-08,29.911922931671143,76.85056376457214,1610.0,0.0,109.94129514694214
1611,1611.0,8.0,16.0,21.710259437561035,128.0,1.0,209758.0,838818.0,0.7999591827392578,2.0,2.0,2.0,0.3671875,32.0,0.06952652314495941,0.03809129446744919,0.4535917341709137,26212.75,32.0,1.0,209758.0,104851.0,0.4998665128386045,128.0,1.0,1.3516167805269818e-08,29.911922931671143,61.37912321090698,1611.0,0.0,83.14493203163147
1612,1612.0,8.0,16.0,31.991349697113037,128.0,1.0,244922.0,803654.0,0.7664241790771484,2.0,2.0,2.0,0.484375,32.0,0.056017660749996756,0.03253871202468872,0.4411017596721649,30607.0,32.0,1.0,244922.0,122428.0,0.4998652632266599,128.0,1.0,1.3308358042207146e-08,29.911922931671143,68.61601376533508,1612.0,0.0,100.66686797142029
1613,1613.0,8.0,16.0,25.34169030189514,128.0,1.0,285768.0,762808.0,0.7274703979492188,2.0,2.0,2.0,0.2734375,32.0,0.05931546171636275,0.032474059611558914,0.3904489576816559,35712.0,32.0,1.0,285768.0,142848.0,0.4998740236835475,128.0,1.0,1.3102136658929953e-08,29.911922931671143,75.84524536132812,1613.0,0.0,101.26077008247375
1614,1614.0,8.0,16.0,27.83557653427124,128.0,1.0,250044.0,798532.0,0.7615394592285156,2.0,2.0,2.0,0.3828125,32.0,0.054766388749369954,0.029678063467144966,0.5455440282821655,31248.0,32.0,1.0,250044.0,124992.0,0.49988002111628355,128.0,1.0,1.28975043284677e-08,29.911922931671143,71.97689962387085,1614.0,0.0,99.87242603302002
1615,1615.0,8.0,16.0,25.983752012252808,128.0,1.0,233511.0,815065.0,0.7773065567016602,2.0,2.0,2.0,0.46875,32.0,0.0462990735300741,0.023719245567917824,0.4271451234817505,29180.5,32.0,1.0,233511.0,116722.0,0.4998565378076408,128.0,1.0,1.2694461718664006e-08,29.911922931671143,77.45005655288696,1615.0,0.0,103.48920369148254
1616,1616.0,8.0,16.0,33.1968412399292,128.0,1.0,309126.0,739450.0,0.7051944732666016,2.0,2.0,2.0,0.4765625,32.0,0.05114886132604226,0.029712999239563942,0.35868018865585327,38633.0,32.0,1.0,309126.0,154532.0,0.4998997172673926,128.0,1.0,1.2493009492174022e-08,29.911922931671143,84.82617425918579,1616.0,0.0,118.09420609474182
1617,1617.0,8.0,16.0,24.944040060043335,128.0,1.0,256834.0,791742.0,0.7550640106201172,2.0,2.0,2.0,0.46875,32.0,0.05423454790226019,0.02937803603708744,0.35063281655311584,32096.75,32.0,1.0,256834.0,128387.0,0.49988319303519,128.0,1.0,1.229314830646272e-08,29.911922931671143,75.83213782310486,1617.0,0.0,100.84797048568726
1618,1618.0,8.0,16.0,32.40298318862915,128.0,1.0,239712.0,808864.0,0.771392822265625,2.0,2.0,2.0,0.453125,32.0,0.05506757794245023,0.0281943678855896,0.43294718861579895,29956.0,32.0,1.0,239712.0,119824.0,0.499866506474436,128.0,1.0,1.2094878813802334e-08,29.911922931671143,72.65561628341675,1618.0,0.0,105.11872363090515
1619,1619.0,8.0,16.0,25.458341598510742,128.0,1.0,228799.0,819777.0,0.7818002700805664,2.0,2.0,2.0,0.3203125,32.0,0.06475027137695492,0.03571315482258797,0.522287130355835,28592.5,32.0,1.0,228799.0,114370.0,0.49987106587004315,128.0,1.0,1.1898201661270368e-08,29.911922931671143,63.46047067642212,1619.0,0.0,88.97603178024292
1620,1620.0,8.0,16.0,16.16782546043396,128.0,1.0,178329.0,870247.0,0.8299322128295898,2.0,2.0,2.0,0.375,32.0,0.0601999775590971,0.032986950129270554,0.499451220035553,22283.25,32.0,1.0,178329.0,89133.0,0.4998233601937991,128.0,1.0,1.170311749074776e-08,29.911922931671143,55.9826238155365,1620.0,0.0,72.19847106933594
1621,1621.0,8.0,16.0,28.486674308776855,128.0,1.0,244134.0,804442.0,0.7671756744384766,2.0,2.0,2.0,0.5,32.0,0.04901276450473726,0.029139254242181778,0.3690694272518158,30507.75,32.0,1.0,244134.0,122031.0,0.4998525399985254,128.0,1.0,1.1509626938916272e-08,29.911922931671143,70.79425358772278,1621.0,0.0,99.3393201828003
1622,1622.0,8.0,16.0,24.127461910247803,128.0,1.0,232249.0,816327.0,0.7785100936889648,2.0,2.0,2.0,0.5703125,32.0,0.05728461153278023,0.02799609676003456,0.6894994974136353,29022.5,32.0,1.0,232249.0,116090.0,0.4998514525358559,128.0,1.0,1.1317730637256939e-08,29.911922931671143,71.64376997947693,1622.0,0.0,95.83737802505493
1623,1623.0,8.0,16.0,22.587646007537842,128.0,1.0,185404.0,863172.0,0.8231849670410156,2.0,2.0,2.0,0.328125,32.0,0.05676903994450956,0.027063101530075073,0.6355458498001099,23167.75,32.0,1.0,185404.0,92671.0,0.49983279756639554,128.0,1.0,1.1127429212047512e-08,29.911922931671143,65.96555876731873,1623.0,0.0,88.60021090507507
1624,1624.0,8.0,16.0,25.8232364654541,128.0,1.0,255212.0,793364.0,0.7566108703613281,2.0,2.0,2.0,0.328125,32.0,0.061109650581868374,0.03099742718040943,0.46525779366493225,31893.5,32.0,1.0,255212.0,127574.0,0.49987461404636147,128.0,1.0,1.0938723284360796e-08,29.911922931671143,72.60216426849365,1624.0,0.0,98.4932906627655
1625,1625.0,8.0,16.0,35.70368194580078,128.0,1.0,298232.0,750344.0,0.7155838012695312,2.0,2.0,2.0,0.3046875,32.0,0.0774950117693017,0.03726108372211456,0.5178581476211548,37272.0,32.0,1.0,298232.0,149088.0,0.4999061133614099,128.0,1.0,1.0751613470062537e-08,29.911922931671143,89.77751612663269,1625.0,0.0,125.54913282394409
1626,1626.0,8.0,16.0,32.40219044685364,128.0,1.0,218787.0,829789.0,0.7913484573364258,2.0,2.0,2.0,0.578125,32.0,0.04766852285238738,0.02310035191476345,0.426604300737381,27341.5,32.0,1.0,218787.0,109366.0,0.4998743069743632,128.0,1.0,1.0566100379809261e-08,29.911922931671143,77.23183417320251,1626.0,0.0,109.68985199928284
1627,1627.0,8.0,16.0,23.260413646697998,128.0,1.0,233995.0,814581.0,0.7768449783325195,2.0,2.0,2.0,0.2890625,32.0,0.06679372121904484,0.03805571049451828,0.48276692628860474,29242.0,32.0,1.0,233995.0,116968.0,0.49987392893010535,128.0,1.0,1.0382184619046496e-08,29.911922931671143,66.41249895095825,1627.0,0.0,89.73512053489685
1628,1628.0,8.0,16.0,28.11479616165161,128.0,1.0,238584.0,809992.0,0.7724685668945312,2.0,2.0,2.0,0.578125,32.0,0.05115113493455927,0.0286156814545393,0.4345535635948181,29813.25,32.0,1.0,238584.0,119253.0,0.49983653555980284,128.0,1.0,1.0199866788006494e-08,29.911922931671143,77.53816223144531,1628.0,0.0,105.7114245891571
1629,1629.0,8.0,16.0,19.157209396362305,128.0,1.0,178400.0,870176.0,0.829864501953125,2.0,2.0,2.0,0.7265625,32.0,0.07005987628531439,0.03752576932311058,0.5196616053581238,22292.0,32.0,1.0,178400.0,89168.0,0.4998206278026906,128.0,1.0,1.0019147481706625e-08,29.911922931671143,50.74422550201416,1629.0,0.0,69.95062041282654
1630,1630.0,8.0,16.0,16.345224142074585,128.0,1.0,173583.0,874993.0,0.8344583511352539,2.0,2.0,2.0,0.4609375,32.0,0.09786639757426313,0.04005981236696243,0.7086124420166016,21689.75,32.0,1.0,173583.0,86759.0,0.49981276968366717,128.0,1.0,9.840027289947206e-09,29.911922931671143,51.9449622631073,1630.0,0.0,68.34179043769836
1631,1631.0,8.0,16.0,33.20777463912964,128.0,1.0,235807.0,812769.0,0.7751169204711914,2.0,2.0,2.0,0.609375,32.0,0.05472657199864864,0.028616664931178093,0.4590882360935211,29468.25,32.0,1.0,235807.0,117873.0,0.4998706569355447,128.0,1.0,9.662506797309678e-09,29.911922931671143,71.76100015640259,1631.0,0.0,105.02810192108154
1632,1632.0,8.0,16.0,26.7900333404541,128.0,1.0,301375.0,747201.0,0.7125864028930664,2.0,2.0,2.0,0.453125,32.0,0.04361304339036231,0.023555321618914604,0.404846727848053,37664.5,32.0,1.0,301375.0,150658.0,0.49990211530485273,128.0,1.0,9.48658658315471e-09,29.911922931671143,80.23610091209412,1632.0,0.0,107.10001611709595
1633,1633.0,8.0,16.0,29.288328647613525,128.0,1.0,237405.0,811171.0,0.7735929489135742,2.0,2.0,2.0,0.6015625,32.0,0.06000158736137132,0.02902226150035858,0.41845300793647766,29668.25,32.0,1.0,237405.0,118673.0,0.49987573976959204,128.0,1.0,9.31226722162004e-09,29.911922931671143,69.71592783927917,1633.0,0.0,99.06440711021423
1634,1634.0,8.0,16.0,34.33016085624695,128.0,1.0,377140.0,671436.0,0.6403312683105469,2.0,2.0,2.0,0.3203125,32.0,0.045142051754698806,0.02625686675310135,0.3038521111011505,47133.25,32.0,1.0,377140.0,188533.0,0.4999018931961606,128.0,1.0,9.139549281619085e-09,29.911922931671143,97.44543981552124,1634.0,0.0,131.86814761161804
1635,1635.0,8.0,16.0,27.76579236984253,128.0,1.0,280837.0,767739.0,0.732172966003418,2.0,2.0,2.0,0.359375,32.0,0.05598533387346427,0.030324144288897514,0.4318429231643677,35096.0,32.0,1.0,280837.0,140384.0,0.49987715293924945,128.0,1.0,8.968433326838775e-09,29.911922931671143,71.64437484741211,1635.0,0.0,99.47602820396423
1636,1636.0,8.0,16.0,32.22139048576355,128.0,1.0,289257.0,759319.0,0.7241430282592773,2.0,2.0,2.0,0.375,32.0,0.051435299770586786,0.030811069533228874,0.34051963686943054,36148.0,32.0,1.0,289257.0,144592.0,0.499873814635428,128.0,1.0,8.7989199157375e-09,29.911922931671143,87.93599486351013,1636.0,0.0,120.22535514831543
1637,1637.0,8.0,16.0,21.10049867630005,128.0,1.0,204335.0,844241.0,0.8051309585571289,2.0,2.0,2.0,0.5390625,32.0,0.05804275541994541,0.029248567298054695,0.5415395498275757,25533.5,32.0,1.0,204335.0,102134.0,0.4998360535395307,128.0,1.0,8.631009601543838e-09,29.911922931671143,60.82755637168884,1637.0,0.0,81.9866292476654
1638,1638.0,8.0,16.0,33.5073356628418,128.0,1.0,279333.0,769243.0,0.733607292175293,2.0,2.0,2.0,0.5390625,32.0,0.04123328292875089,0.023902736604213715,0.29768630862236023,34907.75,32.0,1.0,279333.0,139631.0,0.49987291154285385,128.0,1.0,8.46470293225432e-09,29.911922931671143,80.54967784881592,1638.0,0.0,114.13113307952881
1639,1639.0,8.0,16.0,34.725768089294434,128.0,1.0,266164.0,782412.0,0.7461662292480469,2.0,2.0,2.0,0.375,32.0,0.07410176407566804,0.04000771418213844,2.1394362449645996,33262.5,32.0,1.0,266164.0,133050.0,0.49987977337280776,128.0,1.0,8.300000450631894e-09,29.911922931671143,87.27849817276001,1639.0,0.0,122.06852412223816
1640,1640.0,8.0,16.0,34.96132802963257,128.0,1.0,281818.0,766758.0,0.7312374114990234,2.0,2.0,2.0,0.5234375,32.0,0.05247384576074469,0.029342563822865486,0.3645953834056854,35219.0,32.0,1.0,281818.0,140876.0,0.49988290315026007,128.0,1.0,8.136902694203918e-09,29.911922931671143,87.38677048683167,1640.0,0.0,122.4177131652832
1641,1641.0,8.0,16.0,24.09114718437195,128.0,1.0,312267.0,736309.0,0.7021989822387695,2.0,2.0,2.0,0.25,32.0,0.05125704480373038,0.03110153041779995,0.33852463960647583,39024.5,32.0,1.0,312267.0,156098.0,0.49988631523664045,128.0,1.0,7.97541019526049e-09,29.911922931671143,78.35282611846924,1641.0,0.0,102.52254748344421
1642,1642.0,8.0,16.0,31.11236548423767,128.0,1.0,238706.0,809870.0,0.7723522186279297,2.0,2.0,2.0,0.3828125,32.0,0.057695687096438734,0.03377485275268555,0.39251673221588135,29830.25,32.0,1.0,238706.0,119321.0,0.49986594388075706,128.0,1.0,7.81552348085296e-09,29.911922931671143,78.03332495689392,1642.0,0.0,109.20997643470764
1643,1643.0,8.0,16.0,17.886473417282104,128.0,1.0,210392.0,838184.0,0.7993545532226562,2.0,2.0,2.0,0.65625,32.0,0.042870031033834716,0.023062458261847496,0.39618757367134094,26291.25,32.0,1.0,210392.0,105165.0,0.4998526559945245,128.0,1.0,7.657243072791697e-09,29.911922931671143,62.643287658691406,1643.0,0.0,80.5852472782135
1644,1644.0,8.0,16.0,26.059195518493652,128.0,1.0,222654.0,825922.0,0.7876605987548828,2.0,2.0,2.0,0.4453125,32.0,0.06753087877320889,0.03505178540945053,0.4696674942970276,27824.25,32.0,1.0,222654.0,111297.0,0.49986526179632973,128.0,1.0,7.500569487645047e-09,29.911922931671143,64.44722056388855,1644.0,0.0,90.5648558139801
1645,1645.0,8.0,16.0,15.537964105606079,128.0,1.0,206899.0,841677.0,0.8026857376098633,2.0,2.0,2.0,0.4140625,32.0,0.058694084705278274,0.030528604984283447,0.46095749735832214,25854.5,32.0,1.0,206899.0,103418.0,0.4998477518016037,128.0,1.0,7.345503236736939e-09,29.911922931671143,59.104262351989746,1645.0,0.0,74.6983802318573
1646,1646.0,8.0,16.0,20.271558046340942,128.0,1.0,278062.0,770514.0,0.7348194122314453,2.0,2.0,2.0,0.453125,32.0,0.058041568740370024,0.03105960227549076,0.34786030650138855,34749.5,32.0,1.0,278062.0,138998.0,0.4998813214319109,128.0,1.0,7.1920448261457715e-09,29.911922931671143,67.64410710334778,1646.0,0.0,87.9852066040039
1647,1647.0,8.0,16.0,28.82495427131653,128.0,1.0,214192.0,834384.0,0.7957305908203125,2.0,2.0,2.0,0.671875,32.0,0.04883730289751844,0.028028568252921104,0.3825322985649109,26764.75,32.0,1.0,214192.0,107059.0,0.49982725778740567,128.0,1.0,7.040194756702478e-09,29.911922931671143,66.65839004516602,1647.0,0.0,95.54252600669861
1648,1648.0,8.0,16.0,31.738675117492676,128.0,1.0,234297.0,814279.0,0.7765569686889648,2.0,2.0,2.0,0.5,32.0,0.0527176957308578,0.03269878774881363,0.8591946959495544,29279.5,32.0,1.0,234297.0,117118.0,0.49986982334387553,128.0,1.0,6.889953523988967e-09,29.911922931671143,81.77108669281006,1648.0,0.0,113.5735456943512
1649,1649.0,8.0,16.0,36.650761127471924,128.0,1.0,372859.0,675717.0,0.644413948059082,2.0,2.0,2.0,0.21875,32.0,0.04988568856639459,0.03168915957212448,0.31220299005508423,46600.5,32.0,1.0,372859.0,186402.0,0.4999262455780872,128.0,1.0,6.741321618336626e-09,29.911922931671143,94.81463408470154,1649.0,0.0,131.54839372634888
1650,1650.0,8.0,16.0,37.308621644973755,128.0,1.0,308762.0,739814.0,0.7055416107177734,2.0,2.0,2.0,0.4609375,32.0,0.04663125206692102,0.02359742671251297,0.4867514371871948,38587.0,32.0,1.0,308762.0,154348.0,0.4998931215628866,128.0,1.0,6.594299524824376e-09,29.911922931671143,97.43371939659119,1650.0,0.0,445.6080083847046
1651,1651.0,8.0,16.0,29.63451647758484,128.0,1.0,272662.0,775914.0,0.7399692535400391,2.0,2.0,2.0,0.4140625,32.0,0.0449926376295319,0.024931414052844048,0.42573925852775574,34075.0,32.0,1.0,272662.0,136300.0,0.49988630612259866,128.0,1.0,6.4488877232774515e-09,29.911922931671143,76.91319179534912,1651.0,0.0,106.61635947227478
1652,1652.0,8.0,16.0,35.22963356971741,128.0,1.0,321931.0,726645.0,0.6929826736450195,2.0,2.0,2.0,0.3984375,32.0,0.041040499778799734,0.024464460089802742,0.28594154119491577,40233.5,32.0,1.0,321931.0,160934.0,0.4999021529458176,128.0,1.0,6.3050866882656816e-09,29.911922931671143,90.21581435203552,1652.0,0.0,125.52537631988525
1653,1653.0,8.0,16.0,26.987515211105347,128.0,1.0,253605.0,794971.0,0.758143424987793,2.0,2.0,2.0,0.359375,32.0,0.05243616577471024,0.02528432197868824,0.41869279742240906,31692.5,32.0,1.0,253605.0,126770.0,0.4998718479525246,128.0,1.0,6.1628968891019315e-09,29.911922931671143,71.5856945514679,1653.0,0.0,98.63419008255005
1654,1654.0,8.0,16.0,26.511297941207886,128.0,1.0,257896.0,790680.0,0.7540512084960938,2.0,2.0,2.0,0.46875,32.0,0.06622218241988129,0.037052564322948456,0.41912898421287537,32229.5,32.0,1.0,257896.0,128918.0,0.4998836740391476,128.0,1.0,6.022318789840664e-09,29.911922931671143,73.71220922470093,1654.0,0.0,100.29184651374817
1655,1655.0,8.0,16.0,16.781437158584595,128.0,1.0,183992.0,864584.0,0.8245315551757812,2.0,2.0,2.0,0.59375,32.0,0.05501462619533446,0.028916964307427406,0.45954275131225586,22992.25,32.0,1.0,183992.0,91969.0,0.4998532544893256,128.0,1.0,5.883352849276269e-09,29.911922931671143,55.23271584510803,1655.0,0.0,72.06765246391296
1656,1656.0,8.0,16.0,15.820502519607544,128.0,1.0,155565.0,893011.0,0.8516416549682617,2.0,2.0,2.0,0.703125,32.0,0.05807779252314877,0.02607419714331627,0.5454720854759216,19437.75,32.0,1.0,155565.0,77751.0,0.49979751229389646,128.0,1.0,5.745999520941735e-09,29.911922931671143,56.216922760009766,1656.0,0.0,72.09538674354553
1657,1657.0,8.0,16.0,35.85368633270264,128.0,1.0,353008.0,695568.0,0.6633453369140625,2.0,2.0,2.0,0.3828125,32.0,0.03976213055273262,0.02834150940179825,0.2881617844104767,44117.0,32.0,1.0,353008.0,176468.0,0.49989801930834427,128.0,1.0,5.61025925310693e-09,29.911922931671143,97.72535848617554,1657.0,0.0,133.67667531967163
1658,1658.0,8.0,16.0,31.07433795928955,128.0,1.0,204982.0,843594.0,0.8045139312744141,2.0,2.0,2.0,0.578125,32.0,0.04976165948976362,0.028332432731986046,0.40148648619651794,25614.5,32.0,1.0,204982.0,102458.0,0.49983901025455896,128.0,1.0,5.47613248877754e-09,29.911922931671143,66.21981501579285,1658.0,0.0,97.35599756240845
1659,1659.0,8.0,16.0,21.250442504882812,128.0,1.0,230685.0,817891.0,0.7800016403198242,2.0,2.0,2.0,0.34375,32.0,0.07630627119014141,0.04062053561210632,0.5881372690200806,28826.75,32.0,1.0,230685.0,115307.0,0.49984611049699806,128.0,1.0,5.343619665693133e-09,29.911922931671143,64.88995790481567,1659.0,0.0,86.20120334625244
1660,1660.0,8.0,16.0,29.215543508529663,128.0,1.0,225043.0,823533.0,0.7853822708129883,2.0,2.0,2.0,0.6875,32.0,0.04553537535941389,0.023124955594539642,0.3908851146697998,28122.25,32.0,1.0,225043.0,112489.0,0.4998555831552192,128.0,1.0,5.212721216326099e-09,29.911922931671143,69.32430672645569,1660.0,0.0,98.60209536552429
1661,1661.0,8.0,16.0,28.063005924224854,128.0,1.0,287739.0,760837.0,0.725590705871582,2.0,2.0,2.0,0.1484375,32.0,0.07025378674089655,0.03786362707614899,0.40420353412628174,35959.5,32.0,1.0,287739.0,143838.0,0.4998905257889963,128.0,1.0,5.0834375678801e-09,29.911922931671143,72.98467087745667,1661.0,0.0,101.11960458755493
1662,1662.0,8.0,16.0,30.360271215438843,128.0,1.0,259296.0,789280.0,0.752716064453125,2.0,2.0,2.0,0.4453125,32.0,0.04627756848409955,0.02438632771372795,0.3618435561656952,32404.25,32.0,1.0,259296.0,129617.0,0.4998804455140072,128.0,1.0,4.955769142288791e-09,29.911922931671143,88.51705503463745,1662.0,0.0,118.940589427948
1663,1663.0,8.0,16.0,24.07564949989319,128.0,1.0,207046.0,841530.0,0.8025455474853516,2.0,2.0,2.0,0.609375,32.0,0.055254709789234586,0.026564737781882286,0.5235632061958313,25871.5,32.0,1.0,207046.0,103486.0,0.4998212957507027,128.0,1.0,4.829716356214042e-09,29.911922931671143,68.54666924476624,1663.0,0.0,92.6810097694397
1664,1664.0,8.0,16.0,36.5880663394928,128.0,1.0,350577.0,697999.0,0.6656637191772461,2.0,2.0,2.0,0.328125,32.0,0.0493586965782111,0.029119592159986496,0.3091883957386017,43814.75,32.0,1.0,350577.0,175259.0,0.49991585300804103,128.0,1.0,4.705279621045221e-09,29.911922931671143,104.69752216339111,1664.0,0.0,141.3671271800995
1665,1665.0,8.0,16.0,32.65915012359619,128.0,1.0,254646.0,793930.0,0.7571506500244141,2.0,2.0,2.0,0.453125,32.0,0.05022581756388306,0.030676601454615593,0.3604218065738678,31822.5,32.0,1.0,254646.0,127290.0,0.49987040833156615,128.0,1.0,4.58245934289736e-09,29.911922931671143,92.57926988601685,1665.0,0.0,125.30242109298706
1666,1666.0,8.0,16.0,28.337783336639404,128.0,1.0,243565.0,805011.0,0.7677183151245117,2.0,2.0,2.0,0.4921875,32.0,0.05490535024478202,0.030423322692513466,0.39566564559936523,30436.0,32.0,1.0,243565.0,121744.0,0.49984193131197013,128.0,1.0,4.461255922609985e-09,29.911922931671143,81.44984078407288,1666.0,0.0,109.84575462341309
1667,1667.0,8.0,16.0,31.256873846054077,128.0,1.0,267269.0,781307.0,0.745112419128418,2.0,2.0,2.0,0.4609375,32.0,0.04850733761843297,0.027657607570290565,0.3911413848400116,33400.75,32.0,1.0,267269.0,133603.0,0.4998821412135339,128.0,1.0,4.341669755745736e-09,29.911922931671143,80.5929307937622,1667.0,0.0,111.9101026058197
1668,1668.0,8.0,16.0,30.502344369888306,128.0,1.0,206371.0,842205.0,0.8031892776489258,2.0,2.0,2.0,0.609375,32.0,0.05064258737128348,0.025104599073529243,0.4541805386543274,25789.5,32.0,1.0,206371.0,103158.0,0.4998667448430254,128.0,1.0,4.2237012325892495e-09,29.911922931671143,67.18549585342407,1668.0,0.0,97.74379777908325
1669,1669.0,8.0,16.0,24.737115621566772,128.0,1.0,258972.0,789604.0,0.7530250549316406,2.0,2.0,2.0,0.625,32.0,0.04386567050696518,0.027772467583417892,0.3613934814929962,32364.5,32.0,1.0,258972.0,129458.0,0.4998918802032652,128.0,1.0,4.10735073814572e-09,29.911922931671143,72.72134780883789,1669.0,0.0,97.52686595916748
1670,1670.0,8.0,16.0,23.293498277664185,128.0,1.0,217683.0,830893.0,0.7924013137817383,2.0,2.0,2.0,0.375,32.0,0.06359641964273824,0.03218938782811165,0.4672210216522217,27203.0,32.0,1.0,217683.0,108812.0,0.4998644818382694,128.0,1.0,3.992618652139734e-09,29.911922931671143,66.60952091217041,1670.0,0.0,89.95763969421387
1671,1671.0,8.0,16.0,19.5158908367157,128.0,1.0,186998.0,861578.0,0.8216648101806641,2.0,2.0,2.0,0.703125,32.0,0.05840022104548943,0.025851693004369736,0.6960449814796448,23368.75,32.0,1.0,186998.0,93475.0,0.49987165638135167,128.0,1.0,3.879505349013989e-09,29.911922931671143,60.0098192691803,1671.0,0.0,79.57712578773499
1672,1672.0,8.0,16.0,30.255982160568237,128.0,1.0,272759.0,775817.0,0.7398767471313477,2.0,2.0,2.0,0.4375,32.0,0.054226234981732346,0.03289293497800827,0.39346542954444885,34086.5,32.0,1.0,272759.0,136346.0,0.4998771809546156,128.0,1.0,3.7680111979280785e-09,29.911922931671143,81.2432062625885,1672.0,0.0,111.56842374801636
1673,1673.0,8.0,16.0,20.194251537322998,128.0,1.0,227544.0,821032.0,0.7829971313476562,2.0,2.0,2.0,0.3828125,32.0,0.0582294932743094,0.026764115318655968,0.4577123522758484,28435.25,32.0,1.0,227544.0,113741.0,0.4998637626129452,128.0,1.0,3.658136562757208e-09,29.911922931671143,72.81869792938232,1673.0,0.0,93.07248592376709
1674,1674.0,8.0,16.0,25.571686267852783,128.0,1.0,269058.0,779518.0,0.7434062957763672,2.0,2.0,2.0,0.4375,32.0,0.05484796573914569,0.03294823691248894,0.48465481400489807,33623.5,32.0,1.0,269058.0,134494.0,0.4998699165235748,128.0,1.0,3.5498818020912035e-09,29.911922931671143,78.5963225364685,1674.0,0.0,104.23484110832214
1675,1675.0,8.0,16.0,25.36065983772278,128.0,1.0,252060.0,796516.0,0.7596168518066406,2.0,2.0,2.0,0.453125,32.0,0.05442313553014767,0.02866990678012371,0.3966832160949707,31499.25,32.0,1.0,252060.0,125997.0,0.4998690787907641,128.0,1.0,3.443247269233174e-09,29.911922931671143,70.3833167552948,1675.0,0.0,95.8095235824585
1676,1676.0,8.0,16.0,30.90976905822754,128.0,1.0,228245.0,820331.0,0.7823286056518555,2.0,2.0,2.0,0.5078125,32.0,0.05824663448681203,0.0310104601085186,0.4183948040008545,28523.25,32.0,1.0,228245.0,114093.0,0.49987075291901245,128.0,1.0,3.3382333121984575e-09,29.911922931671143,67.6447434425354,1676.0,0.0,98.6139862537384
1677,1677.0,8.0,16.0,24.876092433929443,128.0,1.0,228778.0,819798.0,0.7818202972412109,2.0,2.0,2.0,0.3828125,32.0,0.06119271978690121,0.03123250976204872,0.5535281300544739,28588.5,32.0,1.0,228778.0,114354.0,0.49984701326176467,128.0,1.0,3.2348402737133463e-09,29.911922931671143,68.62732434272766,1677.0,0.0,93.5766909122467
1678,1678.0,8.0,16.0,34.47793006896973,128.0,1.0,291565.0,757011.0,0.7219419479370117,2.0,2.0,2.0,0.25,32.0,0.05036858142489379,0.02747522108256817,0.34801357984542847,36437.5,32.0,1.0,291565.0,145750.0,0.49988853257421156,128.0,1.0,3.1330684912141414e-09,29.911922931671143,85.60841298103333,1678.0,0.0,120.15962600708008
1679,1679.0,8.0,16.0,31.76347041130066,128.0,1.0,322496.0,726080.0,0.69244384765625,2.0,2.0,2.0,0.40625,32.0,0.057872658904599236,0.03030124120414257,0.3879159986972809,40303.75,32.0,1.0,322496.0,161215.0,0.4998976731494344,128.0,1.0,3.032918296845932e-09,29.911922931671143,92.09543013572693,1679.0,0.0,123.93433737754822
1680,1680.0,8.0,16.0,20.777281999588013,128.0,1.0,189429.0,859147.0,0.8193464279174805,2.0,2.0,2.0,0.578125,32.0,0.05184259590497426,0.025605183094739914,0.5901021957397461,23671.25,32.0,1.0,189429.0,94685.0,0.4998442688289544,128.0,1.0,2.934390017461541e-09,29.911922931671143,59.26959800720215,1680.0,0.0,80.09841847419739
1681,1681.0,8.0,16.0,33.09531879425049,128.0,1.0,246599.0,801977.0,0.7648248672485352,2.0,2.0,2.0,0.5625,32.0,0.06023998919271067,0.030337929725646973,0.46745574474334717,30815.5,32.0,1.0,246599.0,123262.0,0.49984793125681776,128.0,1.0,2.8374839746204693e-09,29.911922931671143,72.32258462905884,1681.0,0.0,105.48117327690125
1682,1682.0,8.0,16.0,26.17829155921936,128.0,1.0,264647.0,783929.0,0.7476129531860352,2.0,2.0,2.0,0.515625,32.0,0.05103560862567471,0.02806442603468895,0.4463971257209778,33072.25,32.0,1.0,264647.0,132289.0,0.49986963766829023,128.0,1.0,2.7422004845878977e-09,29.911922931671143,77.59457683563232,1682.0,0.0,103.83541798591614
1683,1683.0,8.0,16.0,33.11028075218201,128.0,1.0,315868.0,732708.0,0.6987648010253906,2.0,2.0,2.0,0.3515625,32.0,0.05074783666160824,0.0319349579513073,0.39825621247291565,39475.0,32.0,1.0,315868.0,157900.0,0.49989236009978855,128.0,1.0,2.6485398583335204e-09,29.911922931671143,89.21717095375061,1683.0,0.0,122.4014585018158
1684,1684.0,8.0,16.0,25.95253562927246,128.0,1.0,250028.0,798548.0,0.7615547180175781,2.0,2.0,2.0,0.53125,32.0,0.04956897307345864,0.031237952411174774,0.3738599419593811,31244.75,32.0,1.0,250028.0,124979.0,0.49986001567824406,128.0,1.0,2.556502401530658e-09,29.911922931671143,79.4726288318634,1684.0,0.0,105.4866828918457
1685,1685.0,8.0,16.0,34.156970739364624,128.0,1.0,307090.0,741486.0,0.7071361541748047,2.0,2.0,2.0,0.171875,32.0,0.05958465618087864,0.03437603637576103,0.39542675018310547,38378.25,32.0,1.0,307090.0,153513.0,0.49989579602071055,128.0,1.0,2.4660884145552008e-09,29.911922931671143,87.81675982475281,1685.0,0.0,122.04757404327393
1686,1686.0,8.0,16.0,30.63138198852539,128.0,1.0,305571.0,743005.0,0.7085847854614258,2.0,2.0,2.0,0.3828125,32.0,0.03942515998968394,0.02351772040128708,0.2891438603401184,38187.5,32.0,1.0,305571.0,152750.0,0.4998838240539842,128.0,1.0,2.377298192484667e-09,29.911922931671143,78.37250089645386,1686.0,0.0,109.0708556175232
1687,1687.0,8.0,16.0,29.229868412017822,128.0,1.0,231504.0,817072.0,0.7792205810546875,2.0,2.0,2.0,0.59375,32.0,0.06126046761211596,0.03447810932993889,0.5102880597114563,28929.75,32.0,1.0,231504.0,115719.0,0.49985745386688785,128.0,1.0,2.2901320250971466e-09,29.911922931671143,82.97069764137268,1687.0,0.0,112.26222777366638
1688,1688.0,8.0,16.0,33.26886343955994,128.0,1.0,295502.0,753074.0,0.7181873321533203,2.0,2.0,2.0,0.203125,32.0,0.06741032130547733,0.042865511029958725,0.40130123496055603,36929.25,32.0,1.0,295502.0,147717.0,0.49988494155707913,128.0,1.0,2.204590196870526e-09,29.911922931671143,92.27570343017578,1688.0,0.0,125.61738967895508
1689,1689.0,8.0,16.0,17.59317445755005,128.0,1.0,174762.0,873814.0,0.8333339691162109,2.0,2.0,2.0,0.578125,32.0,0.07812123829258555,0.03594452515244484,0.6966381072998047,21836.5,32.0,1.0,174762.0,87346.0,0.4997997276295762,128.0,1.0,2.12067298698132e-09,29.911922931671143,58.333507776260376,1689.0,0.0,75.98336935043335
1690,1690.0,8.0,16.0,16.918074369430542,128.0,1.0,217814.0,830762.0,0.7922763824462891,2.0,2.0,2.0,0.5546875,32.0,0.05745183199733051,0.03153759986162186,0.5094559788703918,27218.75,32.0,1.0,217814.0,108875.0,0.4998530856602422,128.0,1.0,2.038380669303952e-09,29.911922931671143,63.32374334335327,1690.0,0.0,80.29651927947998
1691,1691.0,8.0,16.0,22.994381189346313,128.0,1.0,206748.0,841828.0,0.8028297424316406,2.0,2.0,2.0,0.5625,32.0,0.04545509694073292,0.022269420325756073,0.5676814317703247,25834.5,32.0,1.0,206748.0,103338.0,0.4998258749782344,128.0,1.0,1.95771351240992e-09,29.911922931671143,64.45729064941406,1691.0,0.0,87.50639390945435
1692,1692.0,8.0,16.0,24.585179567337036,128.0,1.0,265599.0,782977.0,0.7467050552368164,2.0,2.0,2.0,0.25,32.0,0.06651056591670751,0.03824017941951752,0.36824941635131836,33192.0,32.0,1.0,265599.0,132768.0,0.49988140015587407,128.0,1.0,1.878671779566576e-09,29.911922931671143,67.86645102500916,1692.0,0.0,92.5187578201294
1693,1693.0,8.0,16.0,35.078707218170166,128.0,1.0,319606.0,728970.0,0.6951999664306641,2.0,2.0,2.0,0.46875,32.0,0.04711499797073169,0.0278201662003994,0.3750804364681244,39943.25,32.0,1.0,319606.0,159773.0,0.4999061344280145,128.0,1.0,1.8012557287367391e-09,29.911922931671143,91.94744992256165,1693.0,0.0,127.10189771652222
1694,1694.0,8.0,16.0,20.866933822631836,128.0,1.0,251915.0,796661.0,0.7597551345825195,2.0,2.0,2.0,0.140625,32.0,0.07627242483924075,0.04431815817952156,0.4179820120334625,31481.75,32.0,1.0,251915.0,125927.0,0.4998789274159935,128.0,1.0,1.7254656125774703e-09,29.911922931671143,66.35727047920227,1694.0,0.0,87.28626275062561
1695,1695.0,8.0,16.0,26.05921196937561,128.0,1.0,210052.0,838524.0,0.7996788024902344,2.0,2.0,2.0,0.3984375,32.0,0.054964689392586794,0.029372315853834152,0.49264705181121826,26248.25,32.0,1.0,210052.0,104993.0,0.49984289604478893,128.0,1.0,1.6513016784392985e-09,29.911922931671143,66.64369511604309,1695.0,0.0,92.7797646522522
1696,1696.0,8.0,16.0,23.143786430358887,128.0,1.0,265633.0,782943.0,0.7466726303100586,2.0,2.0,2.0,0.390625,32.0,0.055075051779710636,0.029805898666381836,0.3646991550922394,33196.0,32.0,1.0,265633.0,132784.0,0.4998776507436952,128.0,1.0,1.5787641683657204e-09,29.911922931671143,68.73272275924683,1696.0,0.0,91.94031715393066
1697,1697.0,8.0,16.0,25.173708200454712,128.0,1.0,216589.0,831987.0,0.7934446334838867,2.0,2.0,2.0,0.5078125,32.0,0.05331131773930197,0.03158598765730858,0.41526639461517334,27065.5,32.0,1.0,216589.0,108262.0,0.4998499462114881,128.0,1.0,1.5078533190920895e-09,29.911922931671143,66.92682576179504,1697.0,0.0,92.1588442325592
1698,1698.0,8.0,16.0,33.10037565231323,128.0,1.0,289981.0,758595.0,0.7234525680541992,2.0,2.0,2.0,0.46875,32.0,0.05673338881319111,0.03483133763074875,0.47461870312690735,36240.5,32.0,1.0,289981.0,144962.0,0.4999017176987458,128.0,1.0,1.438569362044839e-09,29.911922931671143,82.29060387611389,1698.0,0.0,115.46210670471191
1699,1699.0,8.0,16.0,21.82483410835266,128.0,1.0,226824.0,821752.0,0.7836837768554688,2.0,2.0,2.0,0.328125,32.0,0.07756721282594843,0.04006636142730713,0.5469160079956055,28344.75,32.0,1.0,226824.0,113379.0,0.49985451274997356,128.0,1.0,1.370912523341039e-09,29.911922931671143,67.72205185890198,1699.0,0.0,89.60719728469849
1700,1700.0,8.0,16.0,22.54351305961609,128.0,1.0,224895.0,823681.0,0.7855234146118164,2.0,2.0,2.0,0.4296875,32.0,0.07059141083351768,0.03681807219982147,0.46214231848716736,28104.75,32.0,1.0,224895.0,112419.0,0.4998732741946242,128.0,1.0,1.3048830237872842e-09,29.911922931671143,62.242318868637085,1700.0,0.0,395.17565417289734
1701,1701.0,8.0,16.0,34.31842923164368,128.0,1.0,317220.0,731356.0,0.6974754333496094,2.0,2.0,2.0,0.3984375,32.0,0.05538641061318569,0.030386479571461678,0.4058729112148285,39645.0,32.0,1.0,317220.0,158580.0,0.49990542840930585,128.0,1.0,1.2404810788792518e-09,29.911922931671143,91.67227745056152,1701.0,0.0,126.07378220558167
1702,1702.0,8.0,16.0,33.11058187484741,128.0,1.0,288456.0,760120.0,0.7249069213867188,2.0,2.0,2.0,0.3984375,32.0,0.04224336826574209,0.0227726511657238,0.4294264018535614,36049.5,32.0,1.0,288456.0,144198.0,0.49989599800316165,128.0,1.0,1.1777068988007566e-09,29.911922931671143,79.27768063545227,1702.0,0.0,112.45707535743713
1703,1703.0,8.0,16.0,25.155400037765503,128.0,1.0,237385.0,811191.0,0.7736120223999023,2.0,2.0,2.0,0.5,32.0,0.05024214943719215,0.026860222220420837,0.40647658705711365,29664.25,32.0,1.0,237385.0,118657.0,0.49985045390399563,128.0,1.0,1.116560688423418e-09,29.911922931671143,75.99738788604736,1703.0,0.0,101.21265363693237
1704,1704.0,8.0,16.0,29.09791588783264,128.0,1.0,277996.0,770580.0,0.7348823547363281,2.0,2.0,2.0,0.3828125,32.0,0.051043157080396105,0.028660407289862633,0.4479021728038788,34742.75,32.0,1.0,277996.0,138971.0,0.49990287630037844,128.0,1.0,1.0570426473055505e-09,29.911922931671143,82.54937410354614,1704.0,0.0,111.71466708183289
1705,1705.0,8.0,16.0,22.93771266937256,128.0,1.0,226229.0,822347.0,0.7842512130737305,2.0,2.0,2.0,0.34375,32.0,0.07433623837632457,0.039540715515613556,0.58702152967453,28270.75,32.0,1.0,226229.0,113083.0,0.49986076055678097,128.0,1.0,9.991529696917745e-10,29.911922931671143,69.17875528335571,1705.0,0.0,92.17737936973572
1706,1706.0,8.0,16.0,34.395761013031006,128.0,1.0,257391.0,791185.0,0.7545328140258789,2.0,2.0,2.0,0.3515625,32.0,0.05455428681594281,0.03012218326330185,0.4326288402080536,32165.5,32.0,1.0,257391.0,128662.0,0.49986984781907684,128.0,1.0,9.42891844512461e-10,29.911922931671143,80.1081657409668,1706.0,0.0,114.5727322101593
1707,1707.0,8.0,16.0,35.08741760253906,128.0,1.0,307781.0,740795.0,0.706477165222168,2.0,2.0,2.0,0.4296875,32.0,0.06418634254378691,0.035091593861579895,0.45080313086509705,38465.5,32.0,1.0,307781.0,153862.0,0.4999074016914624,128.0,1.0,8.882594553829004e-10,29.911922931671143,83.4406054019928,1707.0,0.0,118.60601615905762
1708,1708.0,8.0,16.0,22.75412917137146,128.0,1.0,251193.0,797383.0,0.7604436874389648,2.0,2.0,2.0,0.421875,32.0,0.05285538814357272,0.028766842558979988,0.46500834822654724,31391.25,32.0,1.0,251193.0,125565.0,0.4998745984163571,128.0,1.0,8.352559806027448e-10,29.911922931671143,73.46077489852905,1708.0,0.0,96.2757294178009
1709,1709.0,8.0,16.0,25.831391096115112,128.0,1.0,244288.0,804288.0,0.76702880859375,2.0,2.0,2.0,0.4453125,32.0,0.0558880156128177,0.029747894033789635,0.38744789361953735,30527.5,32.0,1.0,244288.0,122110.0,0.49986082001571913,128.0,1.0,7.83881593155622e-10,29.911922931671143,70.39368844032288,1709.0,0.0,96.29112911224365
1710,1710.0,8.0,16.0,23.357842445373535,128.0,1.0,220015.0,828561.0,0.7901773452758789,2.0,2.0,2.0,0.53125,32.0,0.058421613044746704,0.03429291397333145,0.4272116422653198,27494.5,32.0,1.0,220015.0,109978.0,0.49986591823284776,128.0,1.0,7.341364607083012e-10,29.911922931671143,72.148517370224,1710.0,0.0,95.562264919281
1711,1711.0,8.0,16.0,21.388223886489868,128.0,1.0,178850.0,869726.0,0.8294353485107422,2.0,2.0,2.0,0.5625,32.0,0.06185077077616278,0.03115195967257023,0.5436744689941406,22347.75,32.0,1.0,178850.0,89391.0,0.49980989656136426,128.0,1.0,6.860207456103606e-10,29.911922931671143,57.458192110061646,1711.0,0.0,78.89708638191223
1712,1712.0,8.0,16.0,34.239290952682495,128.0,1.0,293404.0,755172.0,0.7201881408691406,2.0,2.0,2.0,0.4453125,32.0,0.05172502903216689,0.028042219579219818,0.33508121967315674,36667.5,32.0,1.0,293404.0,146670.0,0.499890935365571,128.0,1.0,6.395346048935213e-10,29.911922931671143,78.08873391151428,1712.0,0.0,112.40897989273071
1713,1713.0,8.0,16.0,27.856385231018066,128.0,1.0,323466.0,725110.0,0.6915187835693359,2.0,2.0,2.0,0.296875,32.0,0.05267064554908163,0.032054346054792404,0.33861589431762695,40426.5,32.0,1.0,323466.0,161706.0,0.49991652909424794,128.0,1.0,5.946781902711473e-10,29.911922931671143,83.09122800827026,1713.0,0.0,111.02694916725159
1714,1714.0,8.0,16.0,38.566648960113525,128.0,1.0,349787.0,698789.0,0.666417121887207,2.0,2.0,2.0,0.3515625,32.0,0.06426809737418293,0.03906052187085152,0.783001720905304,43715.25,32.0,1.0,349787.0,174861.0,0.49990708631252734,128.0,1.0,5.514516481378573e-10,29.911922931671143,96.70656132698059,1714.0,0.0,135.35234880447388
1715,1715.0,8.0,16.0,19.660553693771362,128.0,1.0,205370.0,843206.0,0.8041439056396484,2.0,2.0,2.0,0.4921875,32.0,0.06067350840660763,0.028901193290948868,0.500645101070404,25663.25,32.0,1.0,205370.0,102653.0,0.49984418366850075,128.0,1.0,5.098551195689138e-10,29.911922931671143,58.57657265663147,1715.0,0.0,78.29000067710876
1716,1716.0,8.0,16.0,34.0612518787384,128.0,1.0,262192.0,786384.0,0.7499542236328125,2.0,2.0,2.0,0.390625,32.0,0.06704646714019588,0.03730933368206024,0.48906004428863525,32765.5,32.0,1.0,262192.0,131062.0,0.49987032403734666,128.0,1.0,4.698887403199459e-10,29.911922931671143,81.60830879211426,1716.0,0.0,115.73226857185364
1717,1717.0,8.0,16.0,31.072645664215088,128.0,1.0,251357.0,797219.0,0.7602872848510742,2.0,2.0,2.0,0.328125,32.0,0.0659612549019865,0.034362610429525375,0.4667350649833679,31412.25,32.0,1.0,251357.0,125649.0,0.4998826370461137,128.0,1.0,4.315526408261716e-10,29.911922931671143,91.03831219673157,1717.0,0.0,122.1758143901825
1718,1718.0,8.0,16.0,38.100523233413696,128.0,1.0,330004.0,718572.0,0.6852836608886719,2.0,2.0,2.0,0.4453125,32.0,0.05424235190114086,0.030097123235464096,0.3675934076309204,41244.0,32.0,1.0,330004.0,164976.0,0.49992121307620513,128.0,1.0,3.948469462023429e-10,29.911922931671143,97.34054517745972,1718.0,0.0,135.52023315429688
1719,1719.0,8.0,16.0,35.71426343917847,128.0,1.0,308071.0,740505.0,0.7062005996704102,2.0,2.0,2.0,0.234375,32.0,0.05362238409433045,0.028804196044802666,0.37789252400398254,38503.0,32.0,1.0,308071.0,154012.0,0.49992371888298476,128.0,1.0,3.5977177624219035e-10,29.911922931671143,86.73274946212769,1719.0,0.0,122.52288055419922
1720,1720.0,8.0,16.0,25.627490520477295,128.0,1.0,269930.0,778646.0,0.7425746917724609,2.0,2.0,2.0,0.4453125,32.0,0.04700515862690228,0.023619243875145912,0.3547985255718231,33733.25,32.0,1.0,269930.0,134933.0,0.4998814507464898,128.0,1.0,3.263272454179233e-10,29.911922931671143,72.28953766822815,1720.0,0.0,97.97955250740051
1721,1721.0,8.0,16.0,27.115100860595703,128.0,1.0,267499.0,781077.0,0.7448930740356445,2.0,2.0,2.0,0.6171875,32.0,0.06483038562227954,0.03724093735218048,0.44910892844200134,33430.0,32.0,1.0,267499.0,133720.0,0.4998897192139036,128.0,1.0,2.9451346288000834e-10,29.911922931671143,78.99987769126892,1721.0,0.0,106.17936301231384
1722,1722.0,8.0,16.0,20.251631259918213,128.0,1.0,200678.0,847898.0,0.8086185455322266,2.0,2.0,2.0,0.390625,32.0,0.05724873921459426,0.02918756753206253,0.41484686732292175,25076.25,32.0,1.0,200678.0,100305.0,0.49983057435294354,128.0,1.0,2.643305324567802e-10,29.911922931671143,60.56020474433899,1722.0,0.0,80.86509776115417
1723,1723.0,8.0,16.0,24.733062744140625,128.0,1.0,250677.0,797899.0,0.7609357833862305,2.0,2.0,2.0,0.1953125,32.0,0.06167911574266262,0.03344125673174858,0.3719686269760132,31325.75,32.0,1.0,250677.0,125303.0,0.4998583834974888,128.0,1.0,2.357785526539979e-10,29.911922931671143,68.55986142158508,1723.0,0.0,93.35726881027222
1724,1724.0,8.0,16.0,21.900352954864502,128.0,1.0,213653.0,834923.0,0.7962446212768555,2.0,2.0,2.0,0.6953125,32.0,0.03980628290876139,0.02118629403412342,0.413544625043869,26698.25,32.0,1.0,213653.0,106793.0,0.4998432036994566,128.0,1.0,2.0885761665473401e-10,29.911922931671143,64.69188499450684,1724.0,0.0,86.64673519134521
1725,1725.0,8.0,16.0,34.05450367927551,128.0,1.0,315621.0,732955.0,0.699000358581543,2.0,2.0,2.0,0.3828125,32.0,0.04379800414347148,0.02589968591928482,0.31802311539649963,39444.5,32.0,1.0,315621.0,157778.0,0.49989702839798367,128.0,1.0,1.835678123188189e-10,29.911922931671143,90.87162756919861,1725.0,0.0,125.00014281272888
1726,1726.0,8.0,16.0,32.401983976364136,128.0,1.0,247621.0,800955.0,0.763850212097168,2.0,2.0,2.0,0.3984375,32.0,0.05829127999142606,0.030660860240459442,0.44505515694618225,30946.25,32.0,1.0,247621.0,123785.0,0.49989702004272657,128.0,1.0,1.599092221827303e-10,29.911922931671143,71.00933623313904,1726.0,0.0,103.47133421897888
1727,1727.0,8.0,16.0,35.35037660598755,128.0,1.0,292896.0,755680.0,0.720672607421875,2.0,2.0,2.0,0.3984375,32.0,0.054641341795149595,0.03523321449756622,0.42334893345832825,36602.5,32.0,1.0,292896.0,146410.0,0.4998702611165738,128.0,1.0,1.3788192345925985e-10,29.911922931671143,88.55587768554688,1727.0,0.0,123.97567892074585
1728,1728.0,8.0,16.0,23.187049627304077,128.0,1.0,268527.0,780049.0,0.7439126968383789,2.0,2.0,2.0,0.3515625,32.0,0.05096755687944292,0.026754001155495644,0.3600429892539978,33557.0,32.0,1.0,268527.0,134228.0,0.49986779727923075,128.0,1.0,1.1748598803734688e-10,29.911922931671143,78.91102433204651,1728.0,0.0,102.15992307662964
1729,1729.0,8.0,16.0,22.66807508468628,128.0,1.0,271604.0,776972.0,0.7409782409667969,2.0,2.0,2.0,0.3046875,32.0,0.07306483131471701,0.0413844995200634,0.48932182788848877,33942.25,32.0,1.0,271604.0,135769.0,0.49987849958027125,128.0,1.0,9.872148248168954e-11,29.911922931671143,72.05483388900757,1729.0,0.0,94.78711652755737
1730,1730.0,8.0,16.0,23.14515972137451,128.0,1.0,202721.0,845855.0,0.8066701889038086,2.0,2.0,2.0,0.421875,32.0,0.07493997094199631,0.036181364208459854,0.5544102191925049,25332.5,32.0,1.0,202721.0,101330.0,0.4998495469142319,128.0,1.0,8.158846803257846e-11,29.911922931671143,62.79397130012512,1730.0,0.0,85.99354147911072
1731,1731.0,8.0,16.0,24.207216024398804,128.0,1.0,277929.0,770647.0,0.7349462509155273,2.0,2.0,2.0,0.5546875,32.0,0.04034178522605505,0.023641344159841537,0.3374318480491638,34732.5,32.0,1.0,277929.0,138930.0,0.4998758675776907,128.0,1.0,6.608700060584116e-11,29.911922931671143,75.36181879043579,1731.0,0.0,99.63229966163635
1732,1732.0,8.0,16.0,23.170422077178955,128.0,1.0,260817.0,787759.0,0.7512655258178711,2.0,2.0,2.0,0.4921875,32.0,0.05990848353517444,0.03250851109623909,0.4468017518520355,32594.25,32.0,1.0,260817.0,130377.0,0.4998792256639713,128.0,1.0,5.221713079245349e-11,29.911922931671143,71.03151035308838,1732.0,0.0,94.27015233039856
1733,1733.0,8.0,16.0,28.633294820785522,128.0,1.0,262177.0,786399.0,0.7499685287475586,2.0,2.0,2.0,0.4453125,32.0,0.0463373712014507,0.02408256195485592,0.5859206318855286,32765.0,32.0,1.0,262177.0,131060.0,0.4998912948122833,128.0,1.0,3.9978903858428614e-11,29.911922931671143,77.18560481071472,1733.0,0.0,105.88100409507751
1734,1734.0,8.0,16.0,30.500447988510132,128.0,1.0,275852.0,772724.0,0.7369270324707031,2.0,2.0,2.0,0.59375,32.0,0.05195857902708011,0.029352568089962006,0.42050987482070923,34474.25,32.0,1.0,275852.0,137897.0,0.49989487116279746,128.0,1.0,2.937235974487251e-11,29.911922931671143,83.11947846412659,1734.0,0.0,113.68306970596313
1735,1735.0,8.0,16.0,28.823095083236694,128.0,1.0,242016.0,806560.0,0.769195556640625,2.0,2.0,2.0,0.40625,32.0,0.050677061676399536,0.03122061677277088,0.45558276772499084,30244.25,32.0,1.0,242016.0,120977.0,0.4998719092952532,128.0,1.0,2.0397533067484373e-11,29.911922931671143,69.35116291046143,1735.0,0.0,98.23581790924072
1736,1736.0,8.0,16.0,29.41121745109558,128.0,1.0,245507.0,803069.0,0.7658662796020508,2.0,2.0,2.0,0.5390625,32.0,0.05219896220214362,0.025375083088874817,0.5757800340652466,30679.75,32.0,1.0,245507.0,122719.0,0.49985947447526957,128.0,1.0,1.3054453116834174e-11,29.911922931671143,71.82791924476624,1736.0,0.0,101.29734349250793
1737,1737.0,8.0,16.0,34.50042676925659,128.0,1.0,289053.0,759523.0,0.7243375778198242,2.0,2.0,2.0,0.3125,32.0,0.0534200595010864,0.03289981931447983,0.3529638648033142,36123.25,32.0,1.0,289053.0,144493.0,0.49988410429921154,128.0,1.0,7.343143857974077e-12,29.911922931671143,85.42744851112366,1737.0,0.0,119.99857783317566
1738,1738.0,8.0,16.0,35.48160457611084,128.0,1.0,329912.0,718664.0,0.6853713989257812,2.0,2.0,2.0,0.1171875,32.0,0.05221958218023049,0.03586695343255997,0.4089250862598419,41231.75,32.0,1.0,329912.0,164927.0,0.49991209777152695,128.0,1.0,3.2636239304384415e-12,29.911922931671143,87.78580379486084,1738.0,0.0,123.34411835670471
1739,1739.0,8.0,16.0,35.11399459838867,128.0,1.0,291014.0,757562.0,0.7224674224853516,2.0,2.0,2.0,0.3515625,32.0,0.060268877652575464,0.03263073414564133,0.3961813151836395,36368.0,32.0,1.0,291014.0,145472.0,0.4998797308720543,128.0,1.0,8.159066482993359e-13,29.911922931671143,92.14973878860474,1739.0,0.0,441.74920296669006
