global_step,step,rollout/prompts,rollout/samples_per_prompt,timing/generate_s,rollout/generated_sequences,opd/tool_mask/has_agent_mask,opd/tool_mask/llm_tokens,opd/tool_mask/tool_tokens,opd/tool_mask/tool_ratio,opd/num_turns/min,opd/num_turns/max,opd/num_turns/mean,opd/accuracy,opd/batch_size,opd/loss,opd/entropy,opd/grad_norm,opd/num_tokens,opd/valid_rows,tip/enabled,tip/global_response_tokens,tip/global_selected_tokens,tip/selected_fraction,tip/global_rollouts,tip/global_normalization,opt/teacher_cache_cuda,opt/resident_teacher,opt/teacher_cache_gib,opd/lr,perf/max_memory_allocated_gb,perf/update_peak_reserved_gib,timing/train_s,training/global_step,training/epoch,timing/step_s,1,65,10,32,12,24,18,17,22,15,11,27,9,28,8,31,6
1,1.0,8.0,16.0,52.68755650520325,128.0,1.0,222195.0,826381.0,0.7880983352661133,2.0,2.0,2.0,0.4375,16.0,0.0728090545882263,0.024000046774744987,1.2313232421875,13883.375,16.0,1.0,222195.0,111067.0,0.49986273318481517,128.0,1.0,1.0,1.0,7.8602273762226105,1e-06,37.79720973968506,30.024658203125,45.82995653152466,1.0,0.0,98.58703756332397,,,,,,,,,,,,,,,,,
2,2.0,8.0,16.0,30.956961631774902,128.0,1.0,242633.0,805943.0,0.7686071395874023,2.0,2.0,2.0,0.453125,16.0,0.06595416477146744,0.02375066466629505,1.1069172620773315,15161.0,16.0,1.0,242633.0,121288.0,0.49988253864890597,128.0,1.0,1.0,1.0,8.583228915929794,9.999991840933517e-07,35.9011173248291,32.426025390625,43.30139756202698,2.0,0.0,74.32073259353638,,,,,,,,,,,,,,,,,
3,3.0,8.0,16.0,25.73754596710205,128.0,1.0,273412.0,775164.0,0.7392539978027344,2.0,2.0,2.0,0.328125,16.0,0.06988250308047,0.02771010436117649,1.0204404592514038,17084.25,16.0,1.0,273412.0,136674.0,0.4998829605138033,128.0,1.0,1.0,1.0,9.672047019004822,9.999967363760695e-07,34.838990688323975,33.972900390625,41.96817111968994,3.0,0.0,67.78363418579102,,,,,,,,,,,,,,,,,
4,4.0,8.0,16.0,40.176920890808105,128.0,1.0,334550.0,714026.0,0.6809482574462891,2.0,2.0,2.0,0.2265625,16.0,0.05802291976060315,0.025744756683707237,0.8887648582458496,20905.5,16.0,1.0,334550.0,167244.0,0.49990733821551336,128.0,1.0,1.0,1.0,11.834825575351715,9.99992656856142e-07,45.418848514556885,37.626220703125,50.039360761642456,4.0,0.0,90.3381757736206,,,,,,,,,,,,,,,,,
5,5.0,8.0,16.0,26.158313751220703,128.0,1.0,167319.0,881257.0,0.8404321670532227,2.0,2.0,2.0,0.5234375,16.0,0.08039380433509408,0.030190197750926018,1.1348001956939697,10453.25,16.0,1.0,167319.0,83626.0,0.4997997836468064,128.0,1.0,1.0,1.0,5.918969303369522,9.999869455468831e-07,36.08921241760254,28.76416015625,40.443105697631836,5.0,0.0,66.6524305343628,,,,,,,,,,,,,,,,,
6,6.0,8.0,16.0,23.33876323699951,128.0,1.0,239572.0,809004.0,0.7715263366699219,2.0,2.0,2.0,0.5390625,16.0,0.055670015115150864,0.02648930251598358,0.6341067552566528,14969.625,16.0,1.0,239572.0,119757.0,0.4998789507955855,128.0,1.0,1.0,1.0,8.474944949150085,9.999796024669325e-07,35.577672481536865,31.923095703125,42.98110485076904,6.0,0.0,66.38449239730835,,,,,,,,,,,,,,,,,
7,7.0,8.0,16.0,29.244514226913452,128.0,1.0,280926.0,767650.0,0.7320880889892578,2.0,2.0,2.0,0.3203125,16.0,0.06544123673068258,0.03147232532501221,0.7120166420936584,17554.0,16.0,1.0,280926.0,140432.0,0.4998896506553327,128.0,1.0,1.0,1.0,9.937857449054718,9.99970627640255e-07,42.63111209869385,34.3427734375,42.77314472198486,7.0,0.0,72.08850598335266,,,,,,,,,,,,,,,,,
8,8.0,8.0,16.0,20.082923650741577,128.0,1.0,166171.0,882405.0,0.841526985168457,2.0,2.0,2.0,0.65625,16.0,0.0835421427745988,0.029321249574422836,0.9920215606689453,10381.5,16.0,1.0,166171.0,83052.0,0.49979840044291723,128.0,1.0,1.0,1.0,5.878358393907547,9.999600210961415e-07,34.314948081970215,28.05126953125,37.91940426826477,8.0,0.0,58.05673432350159,,,,,,,,,,,,,,,,,
9,9.0,8.0,16.0,37.09863328933716,128.0,1.0,227619.0,820957.0,0.7829256057739258,2.0,2.0,2.0,0.4453125,16.0,0.07628351903456258,0.030025657266378403,1.0457440614700317,14221.625,16.0,1.0,227619.0,113773.0,0.4998396443179172,128.0,1.0,1.0,1.0,8.05210331082344,9.999477828692075e-07,43.287455558776855,31.7861328125,42.419837474823,9.0,0.0,79.57818722724915,,,,,,,,,,,,,,,,,
10,10.0,8.0,16.0,33.044050455093384,128.0,1.0,215083.0,833493.0,0.7948808670043945,2.0,2.0,2.0,0.46875,16.0,0.06175086317819954,0.02225145697593689,0.9814643263816833,13439.0,16.0,1.0,215083.0,107512.0,0.49986284364640626,128.0,1.0,1.0,1.0,7.60863783955574,9.999339129993942e-07,36.43072748184204,31.03955078125,40.50536489486694,10.0,0.0,73.60501670837402,,,,,,,,,,,,,,,,,
11,11.0,8.0,16.0,31.993159770965576,128.0,1.0,235229.0,813347.0,0.7756681442260742,2.0,2.0,2.0,0.453125,16.0,0.08560034236414284,0.038231879472732544,0.9979005455970764,14697.875,16.0,1.0,235229.0,117583.0,0.49986608793983733,128.0,1.0,1.0,1.0,8.32130977511406,9.999184115319675e-07,39.580705642700195,32.318359375,42.43254470825195,11.0,0.0,74.49055171012878,,,,,,,,,,,,,,,,,
12,12.0,8.0,16.0,25.217800617218018,128.0,1.0,207814.0,840762.0,0.8018131256103516,2.0,2.0,2.0,0.59375,16.0,0.07063814232269192,0.029929693788290024,0.9550141096115112,12984.0,16.0,1.0,207814.0,103872.0,0.4998315801630304,128.0,1.0,1.0,1.0,7.351494371891022,9.999012785175182e-07,34.18231391906738,30.470703125,42.04570913314819,12.0,0.0,67.32072401046753,,,,,,,,,,,,,,,,,
13,13.0,8.0,16.0,26.2725031375885,128.0,1.0,240735.0,807841.0,0.7704172134399414,2.0,2.0,2.0,0.3671875,16.0,0.09165836792549956,0.03854982927441597,1.3789790868759155,15042.125,16.0,1.0,240735.0,120337.0,0.4998733046711114,128.0,1.0,1.0,1.0,8.516086488962173,9.998825140119627e-07,39.60174751281738,31.559326171875,42.765753984451294,13.0,0.0,69.10144567489624,,,,,,,,,,,,,,,,,
14,14.0,8.0,16.0,22.9444842338562,128.0,1.0,216041.0,832535.0,0.7939672470092773,2.0,2.0,2.0,0.640625,16.0,0.0680984746498045,0.029130294919013977,0.8697579503059387,13499.125,16.0,1.0,216041.0,107993.0,0.4998727093468369,128.0,1.0,1.0,1.0,7.6425274312496185,9.998621180765408e-07,32.01611089706421,30.947021484375,40.315229654312134,14.0,0.0,63.317429304122925,,,,,,,,,,,,,,,,,
15,15.0,8.0,16.0,40.74719548225403,128.0,1.0,320545.0,728031.0,0.6943044662475586,2.0,2.0,2.0,0.3828125,16.0,0.05375363582308055,0.0259651280939579,0.682857871055603,20030.375,16.0,1.0,320545.0,160243.0,0.49990796923988834,128.0,1.0,1.0,1.0,11.339393705129623,9.998400907778173e-07,51.60141849517822,36.1591796875,48.86505103111267,15.0,0.0,89.69668579101562,,,,,,,,,,,,,,,,,
16,16.0,8.0,16.0,41.54967665672302,128.0,1.0,298592.0,749984.0,0.715240478515625,2.0,2.0,2.0,0.515625,16.0,0.05551876676073746,0.027470212429761887,0.6641458868980408,18658.25,16.0,1.0,298592.0,149266.0,0.49989952845354196,128.0,1.0,1.0,1.0,10.562798500061035,9.998164321876812e-07,51.69233179092407,36.748046875,49.37755632400513,16.0,0.0,90.99910974502563,,,,,,,,,,,,,,,,,
17,17.0,8.0,16.0,30.780216693878174,128.0,1.0,280393.0,768183.0,0.7325963973999023,2.0,2.0,2.0,0.1875,16.0,0.07829636414335642,0.03193579614162445,0.7712320685386658,17520.375,16.0,1.0,280393.0,140163.0,0.49988052483478546,128.0,1.0,1.0,1.0,9.919002383947372,9.99791142383345e-07,36.77761220932007,34.6806640625,44.03961801528931,17.0,0.0,74.88993787765503,,,,,,,,,,,,,,,,,
18,18.0,8.0,16.0,31.325883150100708,128.0,1.0,304948.0,743628.0,0.7091789245605469,2.0,2.0,2.0,0.359375,16.0,0.062216703092428785,0.03194199129939079,0.6327247023582458,19054.875,16.0,1.0,304948.0,152439.0,0.49988522633367,128.0,1.0,1.0,1.0,10.787644267082214,9.99764221447346e-07,38.65844202041626,36.10546875,46.253124475479126,18.0,0.0,77.65333557128906,,,,,,,,,,,,,,,,,
19,19.0,8.0,16.0,31.553502798080444,128.0,1.0,257023.0,791553.0,0.7548837661743164,2.0,2.0,2.0,0.453125,16.0,0.0663063549693312,0.03373939171433449,0.6660212874412537,16059.75,16.0,1.0,257023.0,128478.0,0.4998696614699852,128.0,1.0,1.0,1.0,9.09228029847145,9.997356694675432e-07,41.397090911865234,33.053466796875,46.85066294670105,19.0,0.0,78.46973609924316,,,,,,,,,,,,,,,,,
20,20.0,8.0,16.0,17.539382696151733,128.0,1.0,196575.0,852001.0,0.8125314712524414,2.0,2.0,2.0,0.4375,16.0,0.07927556151282321,0.03255728259682655,0.7625309228897095,12282.375,16.0,1.0,196575.0,98259.0,0.4998550171690195,128.0,1.0,1.0,1.0,6.953910738229752,9.9970548653712e-07,31.485721111297607,29.755126953125,40.836238861083984,20.0,0.0,58.43067288398743,,,,,,,,,,,,,,,,,
21,21.0,8.0,16.0,30.70419979095459,128.0,1.0,252725.0,795851.0,0.7589826583862305,2.0,2.0,2.0,0.7578125,16.0,0.06513321035846746,0.03058553859591484,0.685789942741394,15791.75,16.0,1.0,252725.0,126334.0,0.4998872292017015,128.0,1.0,1.0,1.0,8.940237015485764,9.99673672754582e-07,43.73583459854126,32.963134765625,44.25019907951355,21.0,0.0,75.0197594165802,,,,,,,,,,,,,,,,,
22,22.0,8.0,16.0,32.99432945251465,128.0,1.0,286406.0,762170.0,0.7268619537353516,2.0,2.0,2.0,0.359375,16.0,0.07067964893037902,0.032244883477687836,0.6403417587280273,17896.25,16.0,1.0,286406.0,143170.0,0.49988477895016165,128.0,1.0,1.0,1.0,10.131714403629303,9.996402282237577e-07,40.71405029296875,35.072509765625,47.34408092498779,22.0,0.0,80.41909408569336,,,,,,,,,,,,,,,,,
23,23.0,8.0,16.0,33.72070789337158,128.0,1.0,245349.0,803227.0,0.766016960144043,2.0,2.0,2.0,0.421875,16.0,0.08779778615063354,0.041166629642248154,0.7575845122337341,15330.625,16.0,1.0,245349.0,122645.0,0.4998797631129534,128.0,1.0,1.0,1.0,8.679308384656906,9.996051530537977e-07,33.91101932525635,32.7294921875,42.09132242202759,23.0,0.0,75.87975454330444,,,,,,,,,,,,,,,,,
24,24.0,8.0,16.0,31.376957416534424,128.0,1.0,216235.0,832341.0,0.7937822341918945,2.0,2.0,2.0,0.359375,16.0,0.06815786998497973,0.030012616887688637,0.6227412819862366,13510.25,16.0,1.0,216235.0,108082.0,0.49983582676255,128.0,1.0,1.0,1.0,7.649390250444412,9.995684473591739e-07,40.927879333496094,31.14892578125,40.48510217666626,24.0,0.0,71.91880559921265,,,,,,,,,,,,,,,,,
25,25.0,8.0,16.0,24.43586564064026,128.0,1.0,255985.0,792591.0,0.7558736801147461,2.0,2.0,2.0,0.4921875,16.0,0.07741665541881743,0.03456410765647888,0.6795209646224976,15995.5,16.0,1.0,255985.0,127964.0,0.49988866535148546,128.0,1.0,1.0,1.0,9.055560678243637,9.9953011125968e-07,37.31049060821533,33.26416015625,43.83565616607666,25.0,0.0,68.33761501312256,,,,,,,,,,,,,,,,,
26,26.0,8.0,16.0,24.580095291137695,128.0,1.0,216309.0,832267.0,0.7937116622924805,2.0,2.0,2.0,0.515625,16.0,0.07681125089012106,0.0337376669049263,0.689098060131073,13515.0,16.0,1.0,216309.0,108120.0,0.49984050594288726,128.0,1.0,1.0,1.0,7.652008026838303,9.99490144880431e-07,36.88711977005005,30.83203125,41.25857424736023,26.0,0.0,65.89976835250854,,,,,,,,,,,,,,,,,
27,27.0,8.0,16.0,26.23038673400879,128.0,1.0,204189.0,844387.0,0.8052701950073242,2.0,2.0,2.0,0.5859375,16.0,0.06475354816837485,0.027499539777636528,0.8655925989151001,12757.625,16.0,1.0,204189.0,102061.0,0.49983593631390527,128.0,1.0,1.0,1.0,7.223258703947067,9.994485483518622e-07,33.75332593917847,30.197509765625,39.42984223365784,27.0,0.0,65.71469187736511,,,,,,,,,,,,,,,,,
28,28.0,8.0,16.0,38.12831115722656,128.0,1.0,279059.0,769517.0,0.7338685989379883,2.0,2.0,2.0,0.4453125,16.0,0.06625227293390591,0.03161372244358063,0.5039269924163818,17437.625,16.0,1.0,279059.0,139501.0,0.49989787105952505,128.0,1.0,1.0,1.0,9.871811658143997,9.994053218097288e-07,42.05993986129761,34.030517578125,43.850537061691284,28.0,0.0,82.04989385604858,,,,,,,,,,,,,,,,,
29,29.0,8.0,16.0,28.90677809715271,128.0,1.0,174963.0,873613.0,0.8331422805786133,2.0,2.0,2.0,0.578125,16.0,0.07345113970648323,0.03206785395741463,0.7373186945915222,10930.875,16.0,1.0,174963.0,87447.0,0.49980281545240995,128.0,1.0,1.0,1.0,6.189378529787064,9.993604653951065e-07,30.544841766357422,29.46484375,40.3128502368927,29.0,0.0,69.26350402832031,,,,,,,,,,,,,,,,,
30,30.0,8.0,16.0,40.06330156326294,128.0,1.0,279131.0,769445.0,0.733799934387207,2.0,2.0,2.0,0.3359375,16.0,0.05590674085517997,0.026452170684933662,0.5394089818000793,17441.5,16.0,1.0,279131.0,139532.0,0.4998799846666977,128.0,1.0,1.0,1.0,9.87435868382454,9.993139792543897e-07,48.56083011627197,34.04248046875,45.605103969573975,30.0,0.0,85.74001836776733,,,,,,,,,,,,,,,,,
31,31.0,8.0,16.0,33.47680902481079,128.0,1.0,279598.0,768978.0,0.7333545684814453,2.0,2.0,2.0,0.4765625,16.0,0.052299769311374096,0.025766683742403984,0.4375329911708832,17470.625,16.0,1.0,279598.0,139765.0,0.49987839684117913,128.0,1.0,1.0,1.0,9.890878975391388,9.992658635392917e-07,41.84057283401489,33.644287109375,45.656700134277344,31.0,0.0,79.2031762599945,,,,,,,,,,,,,,,,,
32,32.0,8.0,16.0,22.99767565727234,128.0,1.0,223995.0,824581.0,0.786381721496582,2.0,2.0,2.0,0.390625,16.0,0.08011348504939234,0.0322289913892746,0.6997324228286743,13995.5,16.0,1.0,223995.0,111964.0,0.49985044309024756,128.0,1.0,1.0,1.0,7.92390301823616,9.992161184068445e-07,32.61496829986572,31.4716796875,39.93180871009827,32.0,0.0,62.99290204048157,,,,,,,,,,,,,,,,,
33,33.0,8.0,16.0,18.805530309677124,128.0,1.0,172032.0,876544.0,0.8359375,2.0,2.0,2.0,0.375,16.0,0.0849977597007542,0.03627604991197586,0.7435864210128784,10747.875,16.0,1.0,172032.0,85983.0,0.4998081752232143,128.0,1.0,1.0,1.0,6.085693359375,9.991647440193972e-07,29.24057388305664,28.554443359375,36.26946759223938,33.0,0.0,55.12614393234253,,,,,,,,,,,,,,,,,
34,34.0,8.0,16.0,30.04247546195984,128.0,1.0,284607.0,763969.0,0.7285776138305664,2.0,2.0,2.0,0.4765625,16.0,0.07106554075883104,0.032342735677957535,1.8380292654037476,17784.375,16.0,1.0,284607.0,142275.0,0.49989986191485103,128.0,1.0,1.0,1.0,10.068074136972427,9.99111740544617e-07,40.245930671691895,35.024658203125,45.66896295547485,34.0,0.0,75.78381609916687,,,,,,,,,,,,,,,,,
35,35.0,8.0,16.0,23.457069873809814,128.0,1.0,229552.0,819024.0,0.7810821533203125,2.0,2.0,2.0,0.2578125,16.0,0.06578023886908123,0.03527388721704483,0.5487037301063538,14343.125,16.0,1.0,229552.0,114745.0,0.49986495434585626,128.0,1.0,1.0,1.0,8.120483875274658,9.990571081554874e-07,35.92176294326782,31.46728515625,40.860924243927,35.0,0.0,64.3834137916565,,,,,,,,,,,,,,,,,
36,36.0,8.0,16.0,40.099727630615234,128.0,1.0,214239.0,834337.0,0.7956857681274414,2.0,2.0,2.0,0.3828125,16.0,0.08175773587507817,0.036323558539152145,0.729097843170166,13386.25,16.0,1.0,214239.0,107090.0,0.4998623033154561,128.0,1.0,1.0,1.0,7.57878103852272,9.990008470303082e-07,42.25318431854248,31.657470703125,43.1867995262146,36.0,0.0,83.34738993644714,,,,,,,,,,,,,,,,,
37,37.0,8.0,16.0,24.856805086135864,128.0,1.0,187857.0,860719.0,0.8208456039428711,2.0,2.0,2.0,0.4921875,16.0,0.061159182178687065,0.02660028263926506,0.7102164626121521,11736.875,16.0,1.0,187857.0,93895.0,0.4998216728681923,128.0,1.0,1.0,1.0,6.645508378744125,9.989429573526943e-07,40.13311576843262,29.61279296875,42.14616847038269,37.0,0.0,67.06346726417542,,,,,,,,,,,,,,,,,
38,38.0,8.0,16.0,34.53011155128479,128.0,1.0,254951.0,793625.0,0.7568597793579102,2.0,2.0,2.0,0.4765625,16.0,0.05479532259674585,0.026931652799248695,0.5626561045646667,15929.875,16.0,1.0,254951.0,127439.0,0.49985683523500596,128.0,1.0,1.0,1.0,9.01898255944252,9.988834393115767e-07,40.96070861816406,33.99365234375,45.19215631484985,38.0,0.0,79.78863668441772,,,,,,,,,,,,,,,,,
39,39.0,8.0,16.0,40.96476602554321,128.0,1.0,359949.0,688627.0,0.6567258834838867,2.0,2.0,2.0,0.296875,16.0,0.05894067763688896,0.03335684537887573,0.4419150650501251,22493.125,16.0,1.0,359949.0,179945.0,0.49991804394511447,128.0,1.0,1.0,1.0,12.733324259519577,9.988222931011992e-07,45.06717491149902,38.835205078125,52.36222791671753,39.0,0.0,93.41825270652771,,,,,,,,,,,,,,,,,
40,40.0,8.0,16.0,39.557414054870605,128.0,1.0,232938.0,815638.0,0.7778530120849609,2.0,2.0,2.0,0.46875,16.0,0.06834034155807113,0.03157113492488861,0.5291003584861755,14555.125,16.0,1.0,232938.0,116441.0,0.49987979634065716,128.0,1.0,1.0,1.0,8.24026483297348,9.987595189211206e-07,39.40290880203247,32.38720703125,41.65038990974426,40.0,0.0,81.26856207847595,,,,,,,,,,,,,,,,,
41,41.0,8.0,16.0,24.563398122787476,128.0,1.0,197589.0,850987.0,0.8115644454956055,2.0,2.0,2.0,0.609375,16.0,0.07954732101232863,0.03365832567214966,0.8058610558509827,12345.875,16.0,1.0,197589.0,98767.0,0.4998608222117628,128.0,1.0,1.0,1.0,6.989781349897385,9.986951169762126e-07,35.664222240448,29.806884765625,41.25522065162659,41.0,0.0,65.8740119934082,,,,,,,,,,,,,,,,,
42,42.0,8.0,16.0,27.315993785858154,128.0,1.0,273255.0,775321.0,0.7394037246704102,2.0,2.0,2.0,0.6171875,16.0,0.06985505179314393,0.030634228140115738,0.6530352234840393,17074.875,16.0,1.0,273255.0,136599.0,0.4998957018169841,128.0,1.0,1.0,1.0,9.666493088006973,9.98629087476659e-07,38.75621461868286,34.1728515625,44.09248185157776,42.0,0.0,71.47821640968323,,,,,,,,,,,,,,,,,
43,43.0,8.0,16.0,20.439136028289795,128.0,1.0,184434.0,864142.0,0.8241100311279297,2.0,2.0,2.0,0.6015625,16.0,0.08455294689847541,0.03287861868739128,0.8704544305801392,11523.5,16.0,1.0,184434.0,92188.0,0.499842762180509,128.0,1.0,1.0,1.0,6.524418532848358,9.98561430637955e-07,33.568408489227295,29.404296875,38.331563234329224,43.0,0.0,58.82485628128052,,,,,,,,,,,,,,,,,
44,44.0,8.0,16.0,20.705153942108154,128.0,1.0,168301.0,880275.0,0.8394956588745117,2.0,2.0,2.0,0.7265625,16.0,0.051495018555278785,0.021132145076990128,0.5827869772911072,10514.5,16.0,1.0,168301.0,84116.0,0.49979501013065875,128.0,1.0,1.0,1.0,5.953707903623581,9.98492146680908e-07,30.770382404327393,28.353271484375,37.24213409423828,44.0,0.0,57.9941771030426,,,,,,,,,,,,,,,,,
45,45.0,8.0,16.0,25.562803983688354,128.0,1.0,268530.0,780046.0,0.7439098358154297,2.0,2.0,2.0,0.4296875,16.0,0.05293828007216489,0.023905808106064796,0.457669198513031,16779.5,16.0,1.0,268530.0,134236.0,0.4998920046177336,128.0,1.0,1.0,1.0,9.499344527721405,9.984212358316342e-07,35.50020217895508,33.30029296875,41.835408210754395,45.0,0.0,67.47004008293152,,,,,,,,,,,,,,,,,
46,46.0,8.0,16.0,23.82918357849121,128.0,1.0,193413.0,855163.0,0.815546989440918,2.0,2.0,2.0,0.546875,16.0,0.06882937298527952,0.03123406320810318,0.7600391507148743,12084.75,16.0,1.0,193413.0,96678.0,0.4998526469265251,128.0,1.0,1.0,1.0,6.842053860425949,9.983486983215607e-07,37.5684552192688,29.511474609375,38.79146480560303,46.0,0.0,62.67301678657532,,,,,,,,,,,,,,,,,
47,47.0,8.0,16.0,39.313321113586426,128.0,1.0,282931.0,765645.0,0.7301759719848633,2.0,2.0,2.0,0.40625,16.0,0.05751721008652808,0.029420463368296623,0.4587527811527252,17679.375,16.0,1.0,282931.0,141435.0,0.49989219986498473,128.0,1.0,1.0,1.0,10.008785039186478,9.982745343874227e-07,47.52120018005371,34.069091796875,43.66022229194641,47.0,0.0,83.06032609939575,,,,,,,,,,,,,,,,,
48,48.0,8.0,16.0,29.241772890090942,128.0,1.0,249892.0,798684.0,0.7616844177246094,2.0,2.0,2.0,0.6640625,16.0,0.06054606341636872,0.027275176718831062,0.47553643584251404,15615.125,16.0,1.0,249892.0,124921.0,0.49989995678132954,128.0,1.0,1.0,1.0,8.840018630027771,9.98198744271263e-07,37.25658559799194,32.895263671875,41.71340751647949,48.0,0.0,71.021977186203,,,,,,,,,,,,,,,,,
49,49.0,8.0,16.0,22.488470315933228,128.0,1.0,194224.0,854352.0,0.8147735595703125,2.0,2.0,2.0,0.4609375,16.0,0.06368227377636752,0.02607533521950245,0.7644097208976746,12135.125,16.0,1.0,194224.0,97081.0,0.49984039047697504,128.0,1.0,1.0,1.0,6.870743274688721,9.981213282204334e-07,37.28551387786865,29.48486328125,39.69093441963196,49.0,0.0,62.232502937316895,,,,,,,,,,,,,,,,,
50,50.0,8.0,16.0,41.078125953674316,128.0,1.0,304957.0,743619.0,0.7091703414916992,2.0,2.0,2.0,0.296875,16.0,0.06914982756243554,0.03748156502842903,0.4706214964389801,19055.625,16.0,1.0,304957.0,152445.0,0.4998901484471581,128.0,1.0,1.0,1.0,10.787962645292282,9.9804228648759e-07,45.538673400878906,35.577880859375,43.74714684486389,50.0,0.0,307.57429456710815,4.0,42.0,,,,,,,,,,,,,,,
51,51.0,8.0,16.0,41.516029834747314,128.0,1.0,264360.0,784216.0,0.7478866577148438,2.0,2.0,2.0,0.34375,16.0,0.06191855766160439,0.027015727013349533,0.5499956607818604,16518.375,16.0,1.0,264360.0,132147.0,0.49987517022242395,128.0,1.0,1.0,1.0,9.351829290390015,9.97961619330696e-07,48.53191089630127,33.83203125,45.86445069313049,51.0,0.0,87.45122766494751,,,,,,,,,,,,,,,,,
52,52.0,8.0,16.0,41.11510610580444,128.0,1.0,261307.0,787269.0,0.750798225402832,2.0,2.0,2.0,0.46875,16.0,0.059456033047173666,0.03279170021414757,0.40295735001564026,16328.0,16.0,1.0,261307.0,130624.0,0.4998871059711374,128.0,1.0,1.0,1.0,9.2438283264637,9.978793270130188e-07,48.56655168533325,33.098388671875,44.113683223724365,52.0,0.0,85.29965424537659,,,,,,,,,,,,,,,,,
53,53.0,8.0,16.0,17.231250047683716,128.0,1.0,220404.0,828172.0,0.7898063659667969,2.0,2.0,2.0,0.5390625,16.0,0.06902761362521849,0.029488814994692802,0.6809585094451904,13770.875,16.0,1.0,220404.0,110167.0,0.49984120070416144,128.0,1.0,1.0,1.0,7.796870112419128,9.977954098031293e-07,29.92795991897583,30.807861328125,40.15931177139282,53.0,0.0,57.45251274108887,,,,,,,,,,,,,,,,,
54,54.0,8.0,16.0,30.99309468269348,128.0,1.0,316019.0,732557.0,0.6986207962036133,2.0,2.0,2.0,0.5078125,16.0,0.047644797266941194,0.02211073972284794,0.5135235786437988,19747.25,16.0,1.0,316019.0,157978.0,0.49990032244896665,128.0,1.0,1.0,1.0,11.17928484082222,9.977098679749028e-07,43.70016813278198,35.462890625,48.359349966049194,54.0,0.0,79.42968678474426,,,,,,,,,,,,,,,,,
55,55.0,8.0,16.0,37.36828279495239,128.0,1.0,336633.0,711943.0,0.6789617538452148,2.0,2.0,2.0,0.1171875,16.0,0.07175873040700838,0.03353535756468773,0.5923877358436584,21035.875,16.0,1.0,336633.0,168287.0,0.4999123674743712,128.0,1.0,1.0,1.0,11.908512443304062,9.976227018075153e-07,44.85026168823242,37.6220703125,48.30508255958557,55.0,0.0,85.75678753852844,,,,,,,,,,,,,,,,,
56,56.0,8.0,16.0,27.23743748664856,128.0,1.0,302727.0,745849.0,0.7112970352172852,2.0,2.0,2.0,0.2421875,16.0,0.05981105584974444,0.028970787301659584,0.4084295332431793,18916.75,16.0,1.0,302727.0,151334.0,0.499902552464762,128.0,1.0,1.0,1.0,10.709075599908829,9.975339115854447e-07,41.19175481796265,34.70166015625,45.77579140663147,56.0,0.0,73.09060645103455,,,,,,,,,,,,,,,,,
57,57.0,8.0,16.0,40.73614692687988,128.0,1.0,262111.0,786465.0,0.7500314712524414,2.0,2.0,2.0,0.328125,16.0,0.06981079305811616,0.03267563879489899,0.648341178894043,16378.125,16.0,1.0,262111.0,131025.0,0.49988363708505174,128.0,1.0,1.0,1.0,9.272270113229752,9.974434975984693e-07,42.992534160614014,33.87109375,45.27431654930115,57.0,0.0,86.0753562450409,,,,,,,,,,,,,,,,,
58,58.0,8.0,16.0,17.429909229278564,128.0,1.0,234411.0,814165.0,0.7764482498168945,2.0,2.0,2.0,0.4921875,16.0,0.05740162571744384,0.024021556600928307,0.5668584108352661,14646.625,16.0,1.0,234411.0,117173.0,0.4998613546292623,128.0,1.0,1.0,1.0,8.292372733354568,9.973514601416663e-07,29.545485973358154,31.583984375,40.38836193084717,58.0,0.0,57.87806701660156,,,,,,,,,,,,,,,,,
59,59.0,8.0,16.0,32.51090741157532,128.0,1.0,268361.0,780215.0,0.7440710067749023,2.0,2.0,2.0,0.171875,16.0,0.06177124989462711,0.028708405792713165,0.48615914583206177,16768.625,16.0,1.0,268361.0,134149.0,0.499882620798104,128.0,1.0,1.0,1.0,9.493366092443466,9.97257799515412e-07,38.547974586486816,34.0498046875,43.633899450302124,59.0,0.0,76.2133686542511,,,,,,,,,,,,,,,,,
60,60.0,8.0,16.0,25.510518550872803,128.0,1.0,172636.0,875940.0,0.8353614807128906,2.0,2.0,2.0,0.5390625,16.0,0.06337586864397321,0.024897364899516106,0.6057838201522827,10785.625,16.0,1.0,172636.0,86285.0,0.4998088463588128,128.0,1.0,1.0,1.0,6.107060074806213,9.971625160253796e-07,36.21836185455322,28.872314453125,40.060669898986816,60.0,0.0,65.62568163871765,,,,,,,,,,,,,,,,,
61,61.0,8.0,16.0,40.170074701309204,128.0,1.0,276984.0,771592.0,0.7358474731445312,2.0,2.0,2.0,0.390625,16.0,0.0636902464159553,0.02991936169564724,0.5067135691642761,17307.5,16.0,1.0,276984.0,138460.0,0.499884469861075,128.0,1.0,1.0,1.0,9.798407793045044,9.970656099825383e-07,45.7213020324707,34.26953125,46.99121022224426,61.0,0.0,87.23528027534485,,,,,,,,,,,,,,,,,
62,62.0,8.0,16.0,36.55631160736084,128.0,1.0,289038.0,759538.0,0.7243518829345703,2.0,2.0,2.0,0.4375,16.0,0.05005470653037058,0.021375665441155434,0.6820045709609985,18060.625,16.0,1.0,289038.0,144485.0,0.4998823684083062,128.0,1.0,1.0,1.0,10.224822342395782,9.96967081703154e-07,39.79101085662842,34.750244140625,45.54380416870117,62.0,0.0,82.16746425628662,,,,,,,,,,,,,,,,,
63,63.0,8.0,16.0,22.61784029006958,128.0,1.0,205250.0,843326.0,0.8042583465576172,2.0,2.0,2.0,0.671875,16.0,0.06723379572649964,0.030743226408958435,0.5854938626289368,12824.5,16.0,1.0,205250.0,102596.0,0.4998587088915956,128.0,1.0,1.0,1.0,7.2607919573783875,9.96866931508786e-07,35.37684965133667,30.145751953125,40.14903712272644,63.0,0.0,62.820409059524536,,,,,,,,,,,,,,,,,
64,64.0,8.0,16.0,37.02248215675354,128.0,1.0,270573.0,778003.0,0.7419614791870117,2.0,2.0,2.0,0.4375,16.0,0.05398640261450293,0.02593163400888443,0.46318790316581726,16906.125,16.0,1.0,270573.0,135249.0,0.4998614052399907,128.0,1.0,1.0,1.0,9.571616381406784,9.967651597262866e-07,43.49674606323242,33.77880859375,46.56852889060974,64.0,0.0,83.66559028625488,,,,,,,,,,,,,,,,,
65,65.0,8.0,16.0,33.06790471076965,128.0,1.0,295421.0,753155.0,0.7182645797729492,2.0,2.0,2.0,0.6015625,16.0,0.05349557966771748,0.02531147375702858,0.4993325471878052,18459.625,16.0,1.0,295421.0,147677.0,0.4998866025096388,128.0,1.0,1.0,1.0,10.450623244047165,9.966617666878015e-07,42.71357440948486,35.365478515625,45.66430711746216,65.0,0.0,78.87510132789612,,,,,,,,,,,,,,,,,
66,66.0,8.0,16.0,41.29181408882141,128.0,1.0,316468.0,732108.0,0.6981925964355469,2.0,2.0,2.0,0.4453125,16.0,0.0654221866099815,0.03354329988360405,0.49366316199302673,19774.875,16.0,1.0,316468.0,158199.0,0.4998894042999608,128.0,1.0,1.0,1.0,11.195168375968933,9.965567527307668e-07,46.74909067153931,36.342041015625,50.38042378425598,66.0,0.0,91.75775384902954,,,,,,,,,,,,,,,,,
67,67.0,8.0,16.0,40.101648569107056,128.0,1.0,266812.0,781764.0,0.7455482482910156,2.0,2.0,2.0,0.53125,16.0,0.056002518661854135,0.028688037768006325,0.4362691640853882,16672.0,16.0,1.0,266812.0,133376.0,0.4998875612791029,128.0,1.0,1.0,1.0,9.43856966495514,9.964501181979088e-07,48.360212326049805,33.72705078125,47.790406465530396,67.0,0.0,87.96064114570618,,,,,,,,,,,,,,,,,
68,68.0,8.0,16.0,20.90227699279785,128.0,1.0,186691.0,861885.0,0.8219575881958008,2.0,2.0,2.0,0.546875,16.0,0.07796437048833513,0.029997389763593674,0.6897108554840088,11664.125,16.0,1.0,186691.0,93313.0,0.4998259155502943,128.0,1.0,1.0,1.0,6.604260712862015,9.963418634372427e-07,34.645774364471436,29.31298828125,42.00358557701111,68.0,0.0,62.95742750167847,,,,,,,,,,,,,,,,,
69,69.0,8.0,16.0,32.912662982940674,128.0,1.0,184442.0,864134.0,0.8241024017333984,2.0,2.0,2.0,0.5625,16.0,0.07618209438727644,0.032399121671915054,0.6815654635429382,11524.0,16.0,1.0,184442.0,92192.0,0.499842769000553,128.0,1.0,1.0,1.0,6.524701535701752,9.962319888020719e-07,38.99238920211792,29.7158203125,40.86447525024414,69.0,0.0,73.83370900154114,,,,,,,,,,,,,,,,,
70,70.0,8.0,16.0,37.98032522201538,128.0,1.0,236488.0,812088.0,0.7744674682617188,2.0,2.0,2.0,0.5078125,16.0,0.0670222031943703,0.032995060086250305,0.6799669861793518,14775.875,16.0,1.0,236488.0,118207.0,0.49984354385846214,128.0,1.0,1.0,1.0,8.36584734916687,9.96120494650986e-07,44.94867181777954,31.97705078125,44.5495023727417,70.0,0.0,82.59418487548828,,,,,,,,,,,,,,,,,
71,71.0,8.0,16.0,21.41593289375305,128.0,1.0,234446.0,814130.0,0.7764148712158203,2.0,2.0,2.0,0.453125,16.0,0.06878371285786043,0.031199859455227852,0.521126925945282,14648.125,16.0,1.0,234446.0,117185.0,0.4998379157673835,128.0,1.0,1.0,1.0,8.293610870838165,9.960073813478602e-07,32.98589324951172,31.78173828125,41.14866352081299,71.0,0.0,62.62823820114136,,,,,,,,,,,,,,,,,
72,72.0,8.0,16.0,25.6377534866333,128.0,1.0,240971.0,807605.0,0.7701921463012695,2.0,2.0,2.0,0.40625,16.0,0.058032811366945485,0.02675721049308777,0.5035258531570435,15056.75,16.0,1.0,240971.0,120454.0,0.49986927887588134,128.0,1.0,1.0,1.0,8.524435073137283,9.958926492618543e-07,36.88069438934326,32.230712890625,42.7417209148407,72.0,0.0,68.44171500205994,,,,,,,,,,,,,,,,,
73,73.0,8.0,16.0,36.37926745414734,128.0,1.0,266816.0,781760.0,0.74554443359375,2.0,2.0,2.0,0.2265625,16.0,0.06853089828111128,0.03152574598789215,0.54415363073349,16671.375,16.0,1.0,266816.0,133371.0,0.49986132765651237,128.0,1.0,1.0,1.0,9.438711166381836,9.957762987674108e-07,44.862486839294434,32.67724609375,44.286221504211426,73.0,0.0,80.73574733734131,,,,,,,,,,,,,,,,,
74,74.0,8.0,16.0,36.259249210357666,128.0,1.0,325488.0,723088.0,0.6895904541015625,2.0,2.0,2.0,0.3828125,16.0,0.06660614628538805,0.03509148582816124,0.5308551788330078,20339.375,16.0,1.0,325488.0,162715.0,0.49991090301332153,128.0,1.0,1.0,1.0,11.514254093170166,9.956583302442543e-07,42.38827705383301,36.7080078125,49.353893518447876,74.0,0.0,85.71401500701904,,,,,,,,,,,,,,,,,
75,75.0,8.0,16.0,21.369865894317627,128.0,1.0,216198.0,832378.0,0.7938175201416016,2.0,2.0,2.0,0.3359375,16.0,0.0718300054105587,0.033732883632183075,0.6393927931785583,13509.0,16.0,1.0,216198.0,108072.0,0.4998751144783948,128.0,1.0,1.0,1.0,7.648081362247467,9.9553874407739e-07,35.272332191467285,30.607666015625,41.45721697807312,75.0,0.0,62.885175704956055,,,,,,,,,,,,,,,,,
76,76.0,8.0,16.0,17.37884259223938,128.0,1.0,180150.0,868426.0,0.8281955718994141,2.0,2.0,2.0,0.5234375,16.0,0.0669451408531709,0.028922051191329956,0.6293290853500366,11255.625,16.0,1.0,180150.0,90045.0,0.49983347210657786,128.0,1.0,1.0,1.0,6.37287050485611,9.954175406571027e-07,31.58385419845581,28.52001953125,39.1170871257782,76.0,0.0,56.54656624794006,,,,,,,,,,,,,,,,,
77,77.0,8.0,16.0,29.30043911933899,128.0,1.0,235165.0,813411.0,0.7757291793823242,2.0,2.0,2.0,0.4765625,16.0,0.05328339459592976,0.0240799430757761,0.5251567363739014,14693.875,16.0,1.0,235165.0,117551.0,0.4998660514957583,128.0,1.0,1.0,1.0,8.319045752286911,9.952947203789548e-07,33.55837440490723,32.255126953125,42.931981325149536,77.0,0.0,72.29385089874268,,,,,,,,,,,,,,,,,
78,78.0,8.0,16.0,24.894343614578247,128.0,1.0,209001.0,839575.0,0.8006811141967773,2.0,2.0,2.0,0.4140625,16.0,0.07398502977689954,0.032988183200359344,0.5860568881034851,13058.5,16.0,1.0,209001.0,104468.0,0.49984449835168254,128.0,1.0,1.0,1.0,7.39348492026329,9.951702836437858e-07,38.2895131111145,30.380615234375,41.400312662124634,78.0,0.0,66.3531186580658,,,,,,,,,,,,,,,,,
79,79.0,8.0,16.0,33.152427434921265,128.0,1.0,304527.0,744049.0,0.7095804214477539,2.0,2.0,2.0,0.21875,16.0,0.07109223090440014,0.040396176278591156,0.547570526599884,19029.625,16.0,1.0,304527.0,152237.0,0.4999129798014626,128.0,1.0,1.0,1.0,10.772751241922379,9.950442308577112e-07,41.57356023788452,35.629638671875,47.30456018447876,79.0,0.0,80.53893113136292,,,,,,,,,,,,,,,,,
80,80.0,8.0,16.0,20.96913719177246,128.0,1.0,223711.0,824865.0,0.7866525650024414,2.0,2.0,2.0,0.59375,16.0,0.06642268785421909,0.028590140864253044,0.4710802733898163,13977.875,16.0,1.0,223711.0,111823.0,0.4998547232813764,128.0,1.0,1.0,1.0,7.913856416940689,9.9491656243212e-07,33.9237585067749,30.822509765625,38.98924422264099,80.0,0.0,60.01685929298401,,,,,,,,,,,,,,,,,
81,81.0,8.0,16.0,32.1702926158905,128.0,1.0,294121.0,754455.0,0.7195043563842773,2.0,2.0,2.0,0.3984375,16.0,0.05850531456538356,0.03451163321733475,0.423054575920105,18378.625,16.0,1.0,294121.0,147029.0,0.49989290122092606,128.0,1.0,1.0,1.0,10.404635280370712,9.947872787836738e-07,40.556328773498535,35.07958984375,46.90150737762451,81.0,0.0,79.16680026054382,,,,,,,,,,,,,,,,,
82,82.0,8.0,16.0,38.44519257545471,128.0,1.0,371662.0,676914.0,0.6455554962158203,2.0,2.0,2.0,0.3828125,16.0,0.05873619455024778,0.0296335406601429,0.44697049260139465,23225.5,16.0,1.0,371662.0,185804.0,0.4999273533479344,128.0,1.0,1.0,1.0,13.147675812244415,9.94656380334307e-07,44.26048803329468,38.944580078125,48.67093896865845,82.0,0.0,87.1988878250122,,,,,,,,,,,,,,,,,
83,83.0,8.0,16.0,41.17377948760986,128.0,1.0,252805.0,795771.0,0.758906364440918,2.0,2.0,2.0,0.546875,16.0,0.06849485318008369,0.029786618426442146,0.573747456073761,15796.625,16.0,1.0,252805.0,126373.0,0.4998833092699907,128.0,1.0,1.0,1.0,8.943067044019699,9.945238675112223e-07,40.620007038116455,33.109619140625,42.20371747016907,83.0,0.0,83.4478907585144,,,,,,,,,,,,,,,,,
84,84.0,8.0,16.0,27.068684101104736,128.0,1.0,285114.0,763462.0,0.7280941009521484,2.0,2.0,2.0,0.4453125,16.0,0.06900330637756369,0.0356440432369709,0.45810073614120483,17816.5,16.0,1.0,285114.0,142532.0,0.4999123157754442,128.0,1.0,1.0,1.0,10.086009442806244,9.943897407468931e-07,37.35811996459961,34.85302734375,42.49062776565552,84.0,0.0,69.6337206363678,,,,,,,,,,,,,,,,,
85,85.0,8.0,16.0,24.09884810447693,128.0,1.0,202180.0,846396.0,0.8071861267089844,2.0,2.0,2.0,0.484375,16.0,0.07574466059536225,0.036447737365961075,0.689128577709198,12632.5,16.0,1.0,202180.0,101060.0,0.4998516173706598,128.0,1.0,1.0,1.0,7.152189612388611,9.942540004790583e-07,33.35320425033569,30.428955078125,41.10613822937012,85.0,0.0,65.26505756378174,,,,,,,,,,,,,,,,,
86,86.0,8.0,16.0,23.376692533493042,128.0,1.0,222118.0,826458.0,0.7881717681884766,2.0,2.0,2.0,0.2421875,16.0,0.0715587312694735,0.03311176970601082,0.6303744316101074,13878.625,16.0,1.0,222118.0,111029.0,0.49986493665529136,128.0,1.0,1.0,1.0,7.8575034737586975,9.941166471507237e-07,31.920045852661133,31.55419921875,42.16751027107239,86.0,0.0,65.6033205986023,,,,,,,,,,,,,,,,,
87,87.0,8.0,16.0,23.123857021331787,128.0,1.0,226787.0,821789.0,0.7837190628051758,2.0,2.0,2.0,0.4921875,16.0,0.05204669250308566,0.023587370291352272,0.406288743019104,14169.875,16.0,1.0,226787.0,113359.0,0.49984787487818966,128.0,1.0,1.0,1.0,8.02267101407051,9.939776812101592e-07,35.651031494140625,30.997314453125,41.94007444381714,87.0,0.0,65.12273859977722,,,,,,,,,,,,,,,,,
88,88.0,8.0,16.0,36.36248469352722,128.0,1.0,291073.0,757503.0,0.7224111557006836,2.0,2.0,2.0,0.3515625,16.0,0.074356701647253,0.035750970244407654,0.5204435586929321,18188.125,16.0,1.0,291073.0,145505.0,0.499891779725361,128.0,1.0,1.0,1.0,10.296811193227768,9.938371031108981e-07,46.70330619812012,34.9306640625,47.48447012901306,88.0,0.0,83.92044401168823,,,,,,,,,,,,,,,,,
89,89.0,8.0,16.0,21.298771858215332,128.0,1.0,246738.0,801838.0,0.7646923065185547,2.0,2.0,2.0,0.28125,16.0,0.06934762479867791,0.03375649452209473,0.5155447721481323,15417.25,16.0,1.0,246738.0,123338.0,0.4998743606578638,128.0,1.0,1.0,1.0,8.728444755077362,9.936949133117344e-07,35.513582706451416,32.275634765625,41.78138589859009,89.0,0.0,63.14509630203247,,,,,,,,,,,,,,,,,
90,90.0,8.0,16.0,34.590031147003174,128.0,1.0,243602.0,804974.0,0.7676830291748047,2.0,2.0,2.0,0.5390625,16.0,0.07115272408926407,0.03639547526836395,0.5638361573219299,15221.125,16.0,1.0,243602.0,121769.0,0.4998686381885206,128.0,1.0,1.0,1.0,8.617507636547089,9.935511122767227e-07,41.78241539001465,32.303955078125,42.74673795700073,90.0,0.0,77.40352749824524,,,,,,,,,,,,,,,,,
91,91.0,8.0,16.0,24.510310888290405,128.0,1.0,204649.0,843927.0,0.8048315048217773,2.0,2.0,2.0,0.421875,16.0,0.06420101724714486,0.028677068650722504,0.5668428540229797,12786.75,16.0,1.0,204649.0,102294.0,0.4998509643340549,128.0,1.0,1.0,1.0,7.239531368017197,9.934057004751758e-07,33.67521905899048,30.382080078125,45.608511209487915,91.0,0.0,70.17526483535767,,,,,,,,,,,,,,,,,
92,92.0,8.0,16.0,29.063963651657104,128.0,1.0,324341.0,724235.0,0.6906843185424805,2.0,2.0,2.0,0.28125,16.0,0.06482158297603147,0.03341293707489967,0.49661362171173096,20267.125,16.0,1.0,324341.0,162137.0,0.4998967136439735,128.0,1.0,1.0,1.0,11.473678559064865,9.932586783816634e-07,38.28265333175659,36.13671875,43.52407765388489,92.0,0.0,72.67264366149902,,,,,,,,,,,,,,,,,
93,93.0,8.0,16.0,41.278337240219116,128.0,1.0,344685.0,703891.0,0.6712827682495117,2.0,2.0,2.0,0.1328125,16.0,0.06237797211363778,0.033469535410404205,0.4674658477306366,21538.625,16.0,1.0,344685.0,172309.0,0.4999028098118572,128.0,1.0,1.0,1.0,12.193354815244675,9.93110046476011e-07,48.0674033164978,37.7685546875,47.578577280044556,93.0,0.0,88.93634009361267,,,,,,,,,,,,,,,,,
94,94.0,8.0,16.0,27.331394910812378,128.0,1.0,258505.0,790071.0,0.7534704208374023,2.0,2.0,2.0,0.3984375,16.0,0.058173189562614365,0.028750600293278694,0.7112166881561279,16152.5,16.0,1.0,258505.0,129220.0,0.4998742770932864,128.0,1.0,1.0,1.0,9.144706577062607,9.929598052432976e-07,36.67008113861084,33.102783203125,42.60122299194336,94.0,0.0,70.0031476020813,,,,,,,,,,,,,,,,,
95,95.0,8.0,16.0,29.63494634628296,128.0,1.0,217975.0,830601.0,0.7921228408813477,2.0,2.0,2.0,0.4921875,16.0,0.08801246244258897,0.040514636784791946,0.7485976219177246,13619.75,16.0,1.0,217975.0,108958.0,0.49986466337882784,128.0,1.0,1.0,1.0,7.71094337105751,9.928079551738541e-07,39.81912040710449,30.822509765625,37.70895433425903,95.0,0.0,67.40818858146667,,,,,,,,,,,,,,,,,
96,96.0,8.0,16.0,19.610795259475708,128.0,1.0,221746.0,826830.0,0.7885265350341797,2.0,2.0,2.0,0.3671875,16.0,0.08959314137090903,0.046468909829854965,0.6145917773246765,13855.0,16.0,1.0,221746.0,110840.0,0.4998511810810567,128.0,1.0,1.0,1.0,7.844343841075897,9.92654496763263e-07,32.55642747879028,30.900634765625,40.92935347557068,96.0,0.0,60.60228943824768,,,,,,,,,,,,,,,,,
97,97.0,8.0,16.0,28.780643701553345,128.0,1.0,226142.0,822434.0,0.7843341827392578,2.0,2.0,2.0,0.3984375,16.0,0.05692902996644956,0.027682393789291382,0.5761333703994751,14130.25,16.0,1.0,226142.0,113042.0,0.4998717619902539,128.0,1.0,1.0,1.0,7.9998539090156555,9.924994305123548e-07,40.83646202087402,31.388427734375,42.7084538936615,97.0,0.0,71.55127739906311,,,,,,,,,,,,,,,,,
98,98.0,8.0,16.0,18.352681636810303,128.0,1.0,166373.0,882203.0,0.841334342956543,2.0,2.0,2.0,0.5546875,16.0,0.06456990054469894,0.029335174709558487,0.7195920348167419,10395.0,16.0,1.0,166373.0,83160.0,0.4998407193474903,128.0,1.0,1.0,1.0,5.885504215955734,9.923427569272083e-07,31.674582481384277,28.397216796875,38.50151014328003,98.0,0.0,56.901899337768555,,,,,,,,,,,,,,,,,
99,99.0,8.0,16.0,33.9337592124939,128.0,1.0,226032.0,822544.0,0.7844390869140625,2.0,2.0,2.0,0.6328125,16.0,0.05068629629082267,0.024627653881907463,0.45761075615882874,14123.0,16.0,1.0,226032.0,112984.0,0.49985842712536277,128.0,1.0,1.0,1.0,7.995962619781494,9.921844765191471e-07,39.09985017776489,32.0263671875,44.85934090614319,99.0,0.0,78.85235404968262,,,,,,,,,,,,,,,,,
100,100.0,8.0,16.0,40.19168305397034,128.0,1.0,175053.0,873523.0,0.8330564498901367,2.0,2.0,2.0,0.7109375,16.0,0.051082511916780475,0.020607156679034233,0.601143479347229,10936.0,16.0,1.0,175053.0,87488.0,0.4997800666083986,128.0,1.0,1.0,1.0,6.192562311887741,9.920245898047395e-07,35.345181465148926,29.94287109375,39.76326823234558,100.0,0.0,307.8605127334595,,,,,,,,,,,,,,,,,
101,101.0,8.0,16.0,36.539599657058716,128.0,1.0,273637.0,774939.0,0.739039421081543,2.0,2.0,2.0,0.359375,16.0,0.061533092522417836,0.03336063772439957,0.5015925168991089,17098.625,16.0,1.0,273637.0,136789.0,0.499892192941744,128.0,1.0,1.0,1.0,9.680006474256516,9.91863097305796e-07,47.640552043914795,33.865966796875,45.886857748031616,101.0,0.0,82.50446271896362,,,,,,,,,,,,,,,,,
102,102.0,8.0,16.0,35.162259578704834,128.0,1.0,299011.0,749565.0,0.7148408889770508,2.0,2.0,2.0,0.3515625,16.0,0.05335912562831427,0.026197554543614388,0.5554194450378418,18684.5,16.0,1.0,299011.0,149476.0,0.4999013414222219,128.0,1.0,1.0,1.0,10.577620774507523,9.91699999549368e-07,44.410099506378174,35.165283203125,46.03460478782654,102.0,0.0,81.26787877082825,,,,,,,,,,,,,,,,,
103,103.0,8.0,16.0,27.071467876434326,128.0,1.0,302101.0,746475.0,0.7118940353393555,2.0,2.0,2.0,0.40625,16.0,0.06489339290448694,0.03450722247362137,0.4940250813961029,18877.625,16.0,1.0,302101.0,151021.0,0.4999023505383961,128.0,1.0,1.0,1.0,10.686930626630783,9.915352970677457e-07,39.683241844177246,34.994873046875,43.99770760536194,103.0,0.0,71.14141178131104,,,,,,,,,,,,,,,,,
104,104.0,8.0,16.0,40.856606245040894,128.0,1.0,162474.0,886102.0,0.8450527191162109,2.0,2.0,2.0,0.53125,16.0,0.07351766062878519,0.033448997884988785,0.6823578476905823,10150.625,16.0,1.0,162474.0,81205.0,0.4998030454103426,128.0,1.0,1.0,1.0,5.7475757002830505,9.91368990398456e-07,38.626933574676514,28.771484375,42.197673082351685,104.0,0.0,83.09869456291199,,,,,,,,,,,,,,,,,
105,105.0,8.0,16.0,14.297396659851074,128.0,1.0,148585.0,899991.0,0.8582983016967773,2.0,2.0,2.0,0.6796875,16.0,0.07170382533297937,0.02495189756155014,0.9548973441123962,9282.375,16.0,1.0,148585.0,74259.0,0.499774539825689,128.0,1.0,1.0,1.0,5.256247371435165,9.912010800842624e-07,30.42985248565674,26.966064453125,35.9535596370697,105.0,0.0,50.292142391204834,,,,,,,,,,,,,,,,,
106,106.0,8.0,16.0,34.103904247283936,128.0,1.0,234066.0,814510.0,0.7767772674560547,2.0,2.0,2.0,0.4609375,16.0,0.04757287597305515,0.021952535957098007,0.46003347635269165,14625.125,16.0,1.0,234066.0,117001.0,0.4998632864234874,128.0,1.0,1.0,1.0,8.280168235301971,9.910315666731613e-07,38.97414684295654,31.74267578125,43.25159573554993,106.0,0.0,77.41201972961426,,,,,,,,,,,,,,,,,
107,107.0,8.0,16.0,36.871288537979126,128.0,1.0,230491.0,818085.0,0.780186653137207,2.0,2.0,2.0,0.5234375,16.0,0.07553845130795725,0.03955722600221634,0.5706166625022888,14401.75,16.0,1.0,230491.0,115214.0,0.4998633352278397,128.0,1.0,1.0,1.0,8.153701335191727,9.90860450718381e-07,44.48331069946289,31.822509765625,41.81534218788147,107.0,0.0,78.7523672580719,,,,,,,,,,,,,,,,,
108,108.0,8.0,16.0,29.817142486572266,128.0,1.0,305094.0,743482.0,0.7090396881103516,2.0,2.0,2.0,0.1640625,16.0,0.06960625985112433,0.0348312184214592,0.501250147819519,19064.75,16.0,1.0,305094.0,152518.0,0.49990494732770885,128.0,1.0,1.0,1.0,10.792809069156647,9.9068773277838e-07,38.24549913406372,35.885986328125,45.434133529663086,108.0,0.0,75.33610916137695,,,,,,,,,,,,,,,,,
109,109.0,8.0,16.0,30.905866622924805,128.0,1.0,263645.0,784931.0,0.7485685348510742,2.0,2.0,2.0,0.5,16.0,0.05389321410638585,0.023248203098773956,0.4745790362358093,16473.5,16.0,1.0,263645.0,131788.0,0.4998691422177549,128.0,1.0,1.0,1.0,9.326535910367966,9.905134134168454e-07,41.00129556655884,33.432373046875,44.917088747024536,109.0,0.0,75.88964414596558,,,,,,,,,,,,,,,,,
110,110.0,8.0,16.0,33.54562163352966,128.0,1.0,177293.0,871283.0,0.8309202194213867,2.0,2.0,2.0,0.6953125,16.0,0.05869489245824504,0.02617350034415722,0.6720330715179443,11076.5,16.0,1.0,177293.0,88612.0,0.4998054068688555,128.0,1.0,1.0,1.0,6.271803110837936,9.903374932026901e-07,31.222151279449463,30.04638671875,41.88573122024536,110.0,0.0,75.47788310050964,,,,,,,,,,,,,,,,,
111,111.0,8.0,16.0,24.606547832489014,128.0,1.0,241109.0,807467.0,0.7700605392456055,2.0,2.0,2.0,0.4921875,16.0,0.06436247265713203,0.02974390797317028,0.5861017107963562,15065.625,16.0,1.0,241109.0,120525.0,0.4998776486983066,128.0,1.0,1.0,1.0,8.529316872358322,9.901599727100526e-07,36.496089458465576,32.286865234375,40.763367652893066,111.0,0.0,65.42961120605469,,,,,,,,,,,,,,,,,
112,112.0,8.0,16.0,35.00508117675781,128.0,1.0,295417.0,753159.0,0.7182683944702148,2.0,2.0,2.0,0.359375,16.0,0.050622367646262365,0.02653905376791954,0.38340550661087036,18459.625,16.0,1.0,295417.0,147677.0,0.4998933710653077,128.0,1.0,1.0,1.0,10.450481742620468,9.899808525182934e-07,45.01103353500366,35.234130859375,51.473835706710815,112.0,0.0,86.55471444129944,,,,,,,,,,,,,,,,,
113,113.0,8.0,16.0,40.40903329849243,128.0,1.0,308577.0,739999.0,0.7057180404663086,2.0,2.0,2.0,0.421875,16.0,0.058981164022013234,0.03138987347483635,0.4060758948326111,19282.0,16.0,1.0,308577.0,154256.0,0.49989467782757624,128.0,1.0,1.0,1.0,10.916021436452866,9.898001332119935e-07,45.67084360122681,35.54150390625,46.72201681137085,113.0,0.0,87.20391726493835,,,,,,,,,,,,,,,,,
114,114.0,8.0,16.0,25.883414268493652,128.0,1.0,251040.0,797536.0,0.760589599609375,2.0,2.0,2.0,0.25,16.0,0.07707679072979531,0.036854926496744156,0.7451274394989014,15685.375,16.0,1.0,251040.0,125483.0,0.4998526131293818,128.0,1.0,1.0,1.0,8.880629539489746,9.896178153809537e-07,37.52013444900513,32.52392578125,42.77207016944885,114.0,0.0,68.71723914146423,,,,,,,,,,,,,,,,,
115,115.0,8.0,16.0,27.535502195358276,128.0,1.0,267296.0,781280.0,0.745086669921875,2.0,2.0,2.0,0.5234375,16.0,0.06636499034149741,0.03309491649270058,0.4911259412765503,16701.875,16.0,1.0,267296.0,133615.0,0.4998765413623848,128.0,1.0,1.0,1.0,9.45569133758545,9.894338996201908e-07,37.65452432632446,33.863525390625,44.434877157211304,115.0,0.0,72.03540110588074,,,,,,,,,,,,,,,,,
116,116.0,8.0,16.0,38.70659327507019,128.0,1.0,231521.0,817055.0,0.7792043685913086,2.0,2.0,2.0,0.4609375,16.0,0.05379742596647619,0.024714719504117966,0.45577678084373474,14466.125,16.0,1.0,231521.0,115729.0,0.4998639432276122,128.0,1.0,1.0,1.0,8.190137952566147,9.892483865299374e-07,39.01091718673706,31.97509765625,40.2105553150177,116.0,0.0,78.98870778083801,,,,,,,,,,,,,,,,,
117,117.0,8.0,16.0,36.80813932418823,128.0,1.0,258379.0,790197.0,0.7535905838012695,2.0,2.0,2.0,0.484375,16.0,0.06498213396170435,0.028662703931331635,0.48376718163490295,16145.0,16.0,1.0,258379.0,129160.0,0.4998858266345175,128.0,1.0,1.0,1.0,9.140249282121658,9.890612767156392e-07,42.97870874404907,33.282958984375,43.95315194129944,117.0,0.0,80.8233392238617,,,,,,,,,,,,,,,,,
118,118.0,8.0,16.0,32.10115575790405,128.0,1.0,262393.0,786183.0,0.7497625350952148,2.0,2.0,2.0,0.28125,16.0,0.056402119297902543,0.027548830956220627,0.39490506052970886,16395.5,16.0,1.0,262393.0,131164.0,0.49987613998849056,128.0,1.0,1.0,1.0,9.282245963811874,9.888725707879524e-07,42.77893686294556,33.11328125,41.989283323287964,118.0,0.0,74.1569287776947,,,,,,,,,,,,,,,,,
119,119.0,8.0,16.0,30.247125387191772,128.0,1.0,288372.0,760204.0,0.7249870300292969,2.0,2.0,2.0,0.421875,16.0,0.064957327345551,0.030667778104543686,0.46026909351348877,18019.25,16.0,1.0,288372.0,144154.0,0.49988903222226844,128.0,1.0,1.0,1.0,10.201262354850769,9.88682269362743e-07,42.6106390953064,34.67041015625,46.01491689682007,119.0,0.0,76.35216522216797,,,,,,,,,,,,,,,,,
120,120.0,8.0,16.0,32.47403144836426,128.0,1.0,249906.0,798670.0,0.7616710662841797,2.0,2.0,2.0,0.1953125,16.0,0.06644164067940038,0.03143102303147316,0.5164386630058289,15615.75,16.0,1.0,249906.0,124926.0,0.49989195937672565,128.0,1.0,1.0,1.0,8.84051388502121,9.884903730610836e-07,40.665475368499756,33.32666015625,48.33048748970032,120.0,0.0,80.88150763511658,,,,,,,,,,,,,,,,,
121,121.0,8.0,16.0,40.388707876205444,128.0,1.0,225080.0,823496.0,0.7853469848632812,2.0,2.0,2.0,0.421875,16.0,0.07075718148494778,0.030893143266439438,0.5680137276649475,14063.625,16.0,1.0,225080.0,112509.0,0.4998622711924649,128.0,1.0,1.0,1.0,7.962285280227661,9.882968825092521e-07,36.390528202056885,32.137939453125,42.61073017120361,121.0,0.0,83.05562114715576,,,,,,,,,,,,,,,,,
122,122.0,8.0,16.0,20.777047157287598,128.0,1.0,194597.0,853979.0,0.814417839050293,2.0,2.0,2.0,0.5703125,16.0,0.057185836466107705,0.024345112964510918,0.54286128282547,12158.125,16.0,1.0,194597.0,97265.0,0.49982784935019553,128.0,1.0,1.0,1.0,6.883938282728195,9.881017983387296e-07,33.51073884963989,29.718505859375,40.52401041984558,122.0,0.0,61.35171127319336,,,,,,,,,,,,,,,,,
123,123.0,8.0,16.0,37.01628804206848,128.0,1.0,303735.0,744841.0,0.7103357315063477,2.0,2.0,2.0,0.4296875,16.0,0.058736368257086724,0.02958943322300911,0.3975791931152344,18980.0,16.0,1.0,303735.0,151840.0,0.49990946054949215,128.0,1.0,1.0,1.0,10.744733959436417,9.879051211861977e-07,45.50804805755615,35.36083984375,46.5765016078949,123.0,0.0,83.6651017665863,,,,,,,,,,,,,,,,,
124,124.0,8.0,16.0,21.930609226226807,128.0,1.0,261762.0,786814.0,0.7503643035888672,2.0,2.0,2.0,0.46875,16.0,0.06944427214292472,0.03353867307305336,0.5514970421791077,16355.375,16.0,1.0,261762.0,130843.0,0.49985482996004005,128.0,1.0,1.0,1.0,9.259924113750458,9.87706851693537e-07,37.21381855010986,33.068603515625,41.79141592979431,124.0,0.0,63.77944254875183,,,,,,,,,,,,,,,,,
125,125.0,8.0,16.0,20.935948133468628,128.0,1.0,163276.0,885300.0,0.8442878723144531,2.0,2.0,2.0,0.4296875,16.0,0.06320470403702534,0.028576908633112907,0.5802007913589478,10200.875,16.0,1.0,163276.0,81607.0,0.49981013743599795,128.0,1.0,1.0,1.0,5.775946736335754,9.87506990507826e-07,29.84073305130005,28.388671875,37.56709098815918,125.0,0.0,58.54862427711487,,,,,,,,,,,,,,,,,
126,126.0,8.0,16.0,30.752150058746338,128.0,1.0,274889.0,773687.0,0.7378454208374023,2.0,2.0,2.0,0.359375,16.0,0.07201812281031246,0.036198943853378296,0.5599547028541565,17176.625,16.0,1.0,274889.0,137413.0,0.49988540829207423,128.0,1.0,1.0,1.0,9.724296420812607,9.87305538281336e-07,41.768088817596436,33.733642578125,44.413002014160156,126.0,0.0,75.23133659362793,,,,,,,,,,,,,,,,,
127,127.0,8.0,16.0,23.987921714782715,128.0,1.0,226941.0,821635.0,0.7835721969604492,2.0,2.0,2.0,0.40625,16.0,0.07649112659197964,0.03735467046499252,0.5368797183036804,14179.875,16.0,1.0,226941.0,113439.0,0.4998611974037305,128.0,1.0,1.0,1.0,8.028118818998337,9.871024956715323e-07,37.07710266113281,31.068603515625,39.97305703163147,127.0,0.0,64.0214638710022,,,,,,,,,,,,,,,,,
128,128.0,8.0,16.0,25.75901484489441,128.0,1.0,237434.0,811142.0,0.7735652923583984,2.0,2.0,2.0,0.53125,16.0,0.046701221435792056,0.021373936906456947,0.5049201846122742,14835.375,16.0,1.0,237434.0,118683.0,0.4998568023113792,128.0,1.0,1.0,1.0,8.399312436580658,9.8689786334107e-07,35.09286165237427,32.045654296875,41.99737906455994,128.0,0.0,67.81771683692932,,,,,,,,,,,,,,,,,
129,129.0,8.0,16.0,30.772416591644287,128.0,1.0,248753.0,799823.0,0.7627706527709961,2.0,2.0,2.0,0.453125,16.0,0.05445016253839871,0.02314111776649952,0.5869314074516296,15542.875,16.0,1.0,248753.0,124343.0,0.49986532825734764,128.0,1.0,1.0,1.0,8.799726098775864,9.86691641957793e-07,40.31374502182007,32.642822265625,44.157716512680054,129.0,0.0,75.00498604774475,,,,,,,,,,,,,,,,,
130,130.0,8.0,16.0,31.487908124923706,128.0,1.0,225044.0,823532.0,0.7853813171386719,2.0,2.0,2.0,0.3359375,16.0,0.06199465635279878,0.029786067083477974,0.5441839694976807,14060.875,16.0,1.0,225044.0,112487.0,0.49984447485824995,128.0,1.0,1.0,1.0,7.96101176738739,9.864838321947301e-07,38.79451847076416,31.429931640625,42.26014161109924,130.0,0.0,73.81516909599304,,,,,,,,,,,,,,,,,
131,131.0,8.0,16.0,22.993195295333862,128.0,1.0,218983.0,829593.0,0.7911615371704102,2.0,2.0,2.0,0.40625,16.0,0.08716239319226325,0.04393827170133591,0.8072749376296997,13682.5,16.0,1.0,218983.0,109460.0,0.49985615321737303,128.0,1.0,1.0,1.0,7.746601730585098,9.862744347300956e-07,34.314178466796875,30.817626953125,38.29325294494629,131.0,0.0,61.34335541725159,,,,,,,,,,,,,,,,,
132,132.0,8.0,16.0,32.985965728759766,128.0,1.0,257767.0,790809.0,0.7541742324829102,2.0,2.0,2.0,0.3828125,16.0,0.06492840499113718,0.03317840024828911,0.5305532813072205,16106.75,16.0,1.0,257767.0,128854.0,0.4998855555598661,128.0,1.0,1.0,1.0,9.118599563837051,9.86063450247284e-07,34.54330587387085,33.327880859375,44.62053203582764,132.0,0.0,77.67267227172852,,,,,,,,,,,,,,,,,
133,133.0,8.0,16.0,18.29754662513733,128.0,1.0,169805.0,878771.0,0.8380613327026367,2.0,2.0,2.0,0.4609375,16.0,0.09345880145308288,0.04344819486141205,0.796051025390625,10608.875,16.0,1.0,169805.0,84871.0,0.49981449309502074,128.0,1.0,1.0,1.0,6.006912440061569,9.858508794348705e-07,32.086256980895996,28.412109375,38.79053974151611,133.0,0.0,57.134994983673096,,,,,,,,,,,,,,,,,
134,134.0,8.0,16.0,26.231457471847534,128.0,1.0,270849.0,777727.0,0.7416982650756836,2.0,2.0,2.0,0.4453125,16.0,0.06151538007941171,0.030766768380999565,0.4628079831600189,16923.625,16.0,1.0,270849.0,135389.0,0.49986893065878035,128.0,1.0,1.0,1.0,9.581379979848862,9.856367229866063e-07,37.69117879867554,33.93212890625,40.871201515197754,134.0,0.0,67.17108678817749,,,,,,,,,,,,,,,,,
135,135.0,8.0,16.0,20.537625551223755,128.0,1.0,185882.0,862694.0,0.8227291107177734,2.0,2.0,2.0,0.515625,16.0,0.06826556824943769,0.027114158496260643,1.7562949657440186,11613.625,16.0,1.0,185882.0,92909.0,0.4998278477743945,128.0,1.0,1.0,1.0,6.5756420493125916,9.854209816014183e-07,33.70884609222412,29.3154296875,39.410852909088135,135.0,0.0,60.01464319229126,,,,,,,,,,,,,,,,,
136,136.0,8.0,16.0,25.493412971496582,128.0,1.0,202230.0,846346.0,0.8071384429931641,2.0,2.0,2.0,0.6640625,16.0,0.06746768415307364,0.032636698335409164,0.5845049023628235,12635.625,16.0,1.0,202230.0,101085.0,0.4998516540572615,128.0,1.0,1.0,1.0,7.153958380222321,9.852036559834058e-07,37.427613735198975,29.8232421875,39.00796365737915,136.0,0.0,64.55496096611023,,,,,,,,,,,,,,,,,
137,137.0,8.0,16.0,29.519017219543457,128.0,1.0,273484.0,775092.0,0.7391853332519531,2.0,2.0,2.0,0.6015625,16.0,0.057251333044177885,0.02773338556289673,0.5151302814483643,17088.875,16.0,1.0,273484.0,136711.0,0.4998866478477717,128.0,1.0,1.0,1.0,9.674594044685364,9.849847468418386e-07,41.36223745346069,33.632080078125,45.63473439216614,137.0,0.0,75.22252035140991,,,,,,,,,,,,,,,,,
138,138.0,8.0,16.0,21.303022384643555,128.0,1.0,215708.0,832868.0,0.7942848205566406,2.0,2.0,2.0,0.4609375,16.0,0.05716045524501183,0.02709205076098442,0.514824628829956,13477.25,16.0,1.0,215708.0,107818.0,0.49983310771969514,128.0,1.0,1.0,1.0,7.630747437477112,9.847642548911543e-07,33.51254320144653,30.934814453125,36.96052265167236,138.0,0.0,58.32535696029663,,,,,,,,,,,,,,,,,
139,139.0,8.0,16.0,33.04639458656311,128.0,1.0,272232.0,776344.0,0.7403793334960938,2.0,2.0,2.0,0.53125,16.0,0.055771254975808406,0.027781469747424126,0.4121992290019989,17010.875,16.0,1.0,272232.0,136087.0,0.49989347321402333,128.0,1.0,1.0,1.0,9.630304098129272,9.845421808509562e-07,42.612003803253174,33.813232421875,37.451616048812866,139.0,0.0,70.57043790817261,,,,,,,,,,,,,,,,,
140,140.0,8.0,16.0,22.72504758834839,128.0,1.0,274750.0,773826.0,0.7379779815673828,2.0,2.0,2.0,0.3828125,16.0,0.05768803426045252,0.028875665739178658,0.3935660719871521,17167.75,16.0,1.0,274750.0,137342.0,0.49987989080982714,128.0,1.0,1.0,1.0,9.719379246234894,9.84318525446011e-07,38.08950614929199,33.272705078125,35.78521943092346,140.0,0.0,58.57796669006348,,,,,,,,,,,,,,,,,
141,141.0,8.0,16.0,32.95473837852478,128.0,1.0,329193.0,719383.0,0.6860570907592773,2.0,2.0,2.0,0.296875,16.0,0.05784090825136132,0.03191535919904709,0.3882862627506256,20570.25,16.0,1.0,329193.0,164562.0,0.4998951982575571,128.0,1.0,1.0,1.0,11.645319789648056,9.840932894062467e-07,45.34424066543579,36.193359375,40.14027523994446,141.0,0.0,73.18166446685791,,,,,,,,,,,,,,,,,
142,142.0,8.0,16.0,26.97950053215027,128.0,1.0,234425.0,814151.0,0.7764348983764648,2.0,2.0,2.0,0.4609375,16.0,0.05884237260688287,0.028117118403315544,0.5249080061912537,14647.375,16.0,1.0,234425.0,117179.0,0.49985709715260745,128.0,1.0,1.0,1.0,8.292867988348007,9.838664734667495e-07,37.31523132324219,31.88525390625,35.98714780807495,142.0,0.0,63.028424978256226,,,,,,,,,,,,,,,,,
143,143.0,8.0,16.0,40.414026975631714,128.0,1.0,252193.0,796383.0,0.7594900131225586,2.0,2.0,2.0,0.546875,16.0,0.036366797537853525,0.01767953671514988,0.4685060977935791,15758.625,16.0,1.0,252193.0,126069.0,0.49989095652932475,128.0,1.0,1.0,1.0,8.921417325735092,9.836380783677616e-07,36.915085315704346,33.3388671875,36.40274906158447,143.0,0.0,76.88113689422607,,,,,,,,,,,,,,,,,
144,144.0,8.0,16.0,21.55174446105957,128.0,1.0,209597.0,838979.0,0.8001127243041992,2.0,2.0,2.0,0.5703125,16.0,0.08712346628639696,0.042620956897735596,0.6903494596481323,13095.875,16.0,1.0,209597.0,104767.0,0.49984971158938346,128.0,1.0,1.0,1.0,7.41456863284111,9.8340810485468e-07,35.15404415130615,30.1796875,34.72274327278137,144.0,0.0,56.33250331878662,,,,,,,,,,,,,,,,,
145,145.0,8.0,16.0,23.258355379104614,128.0,1.0,241434.0,807142.0,0.7697505950927734,2.0,2.0,2.0,0.53125,16.0,0.05807637820092444,0.026436561718583107,0.5369769930839539,15084.875,16.0,1.0,241434.0,120679.0,0.49984260708930806,128.0,1.0,1.0,1.0,8.540813863277435,9.831765536780517e-07,33.44321537017822,32.430908203125,34.73928618431091,145.0,0.0,58.06066274642944,,,,,,,,,,,,,,,,,
146,146.0,8.0,16.0,19.047741889953613,128.0,1.0,204918.0,843658.0,0.8045749664306641,2.0,2.0,2.0,0.4921875,16.0,0.06590312362436007,0.030751759186387062,0.5233717560768127,12802.75,16.0,1.0,204918.0,102422.0,0.4998194399711104,128.0,1.0,1.0,1.0,7.249047338962555,9.829434255935738e-07,31.77491521835327,30.334228515625,33.01720380783081,146.0,0.0,52.12134885787964,,,,,,,,,,,,,,,,,
147,147.0,8.0,16.0,26.679396152496338,128.0,1.0,236119.0,812457.0,0.7748193740844727,2.0,2.0,2.0,0.3828125,16.0,0.07933511227911809,0.03948235511779785,0.5803529024124146,14753.5,16.0,1.0,236119.0,118028.0,0.4998665926926677,128.0,1.0,1.0,1.0,8.352793842554092,9.82708721362089e-07,34.58152103424072,31.979248046875,37.782118797302246,147.0,0.0,64.52887296676636,,,,,,,,,,,,,,,,,
148,148.0,8.0,16.0,39.29221987724304,128.0,1.0,258197.0,790379.0,0.7537641525268555,2.0,2.0,2.0,0.6875,16.0,0.05039841572917444,0.02405305951833725,0.4288594722747803,16133.375,16.0,1.0,258197.0,129067.0,0.4998780001316824,128.0,1.0,1.0,1.0,9.133810967206955,9.824724417495843e-07,49.739919662475586,32.68017578125,39.38036251068115,148.0,0.0,78.73839116096497,,,,,,,,,,,,,,,,,
149,149.0,8.0,16.0,28.392430305480957,128.0,1.0,278189.0,770387.0,0.7346982955932617,2.0,2.0,2.0,0.2734375,16.0,0.07385106847133806,0.03466077148914337,0.5242591500282288,17382.5,16.0,1.0,278189.0,139060.0,0.49987598359388763,128.0,1.0,1.0,1.0,9.841035097837448,9.822345875271883e-07,37.76573896408081,34.0126953125,36.97336196899414,149.0,0.0,65.43658423423767,,,,,,,,,,,,,,,,,
150,150.0,8.0,16.0,22.674847841262817,128.0,1.0,177145.0,871431.0,0.8310613632202148,2.0,2.0,2.0,0.5,16.0,0.07805758012031974,0.03309159725904465,0.6931273937225342,11066.75,16.0,1.0,177145.0,88534.0,0.4997826639193881,128.0,1.0,1.0,1.0,6.266567558050156,9.819951594711682e-07,39.35455322265625,28.708740234375,32.92668437957764,150.0,0.0,283.1475303173065,,,,,,,,,,,,,,,,,
151,151.0,8.0,16.0,25.18156385421753,128.0,1.0,205479.0,843097.0,0.8040399551391602,2.0,2.0,2.0,0.4765625,16.0,0.06418403623716855,0.03047410398721695,0.5846088528633118,12838.75,16.0,1.0,205479.0,102710.0,0.49985643301748595,128.0,1.0,1.0,1.0,7.268892914056778,9.817541583629278e-07,32.07692241668701,30.634521484375,34.58892345428467,151.0,0.0,59.83713126182556,,,,,,,,,,,,,,,,,
152,152.0,8.0,16.0,21.407161235809326,128.0,1.0,176542.0,872034.0,0.8316364288330078,2.0,2.0,2.0,0.3828125,16.0,0.06896775772901509,0.029132558032870293,0.6759133338928223,11030.25,16.0,1.0,176542.0,88242.0,0.49983573313998936,128.0,1.0,1.0,1.0,6.2452362179756165,9.815115849890047e-07,33.75534200668335,29.052490234375,32.597630739212036,152.0,0.0,54.05361771583557,,,,,,,,,,,,,,,,,
153,153.0,8.0,16.0,20.061712980270386,128.0,1.0,197346.0,851230.0,0.8117961883544922,2.0,2.0,2.0,0.1328125,16.0,0.08937285137324587,0.03976282477378845,0.6790374517440796,12330.125,16.0,1.0,197346.0,98641.0,0.49983784824622746,128.0,1.0,1.0,1.0,6.981185138225555,9.81267440141068e-07,32.70238256454468,29.619140625,35.327420473098755,153.0,0.0,55.45062589645386,,,,,,,,,,,,,,,,,
154,154.0,8.0,16.0,21.038941383361816,128.0,1.0,237615.0,810961.0,0.7733926773071289,2.0,2.0,2.0,0.53125,16.0,0.07554754369308431,0.035272806882858276,0.5718976855278015,14847.125,16.0,1.0,237615.0,118777.0,0.4998716411000989,128.0,1.0,1.0,1.0,8.405715376138687,9.81021724615915e-07,31.65723466873169,31.64453125,34.477131605148315,154.0,0.0,55.576167821884155,,,,,,,,,,,,,,,,,
155,155.0,8.0,16.0,37.87471151351929,128.0,1.0,219488.0,829088.0,0.790679931640625,2.0,2.0,2.0,0.5546875,16.0,0.06739866550498758,0.03169379383325577,0.5680732727050781,13713.625,16.0,1.0,219488.0,109709.0,0.4998405379792973,128.0,1.0,1.0,1.0,7.764466285705566,9.807744392154699e-07,49.9586181640625,30.95166015625,37.71808099746704,155.0,0.0,75.65123391151428,,,,,,,,,,,,,,,,,
156,156.0,8.0,16.0,28.52635931968689,128.0,1.0,226414.0,822162.0,0.7840747833251953,2.0,2.0,2.0,0.6015625,16.0,0.0666454688717799,0.03331949934363365,0.6397544145584106,14146.375,16.0,1.0,226414.0,113171.0,0.4998409992314963,128.0,1.0,1.0,1.0,8.009476006031036,9.805255847467792e-07,40.48101282119751,31.802978515625,34.87353873252869,156.0,0.0,63.46014094352722,,,,,,,,,,,,,,,,,
157,157.0,8.0,16.0,24.633821964263916,128.0,1.0,209110.0,839466.0,0.8005771636962891,2.0,2.0,2.0,0.4765625,16.0,0.06563466267806971,0.028619226068258286,0.8324670195579529,13065.875,16.0,1.0,209110.0,104527.0,0.49986609918224856,128.0,1.0,1.0,1.0,7.397340834140778,9.802751620220117e-07,38.32426834106445,30.186767578125,35.4333016872406,157.0,0.0,60.123064279556274,,,,,,,,,,,,,,,,,
158,158.0,8.0,16.0,23.748507022857666,128.0,1.0,290548.0,758028.0,0.7229118347167969,2.0,2.0,2.0,0.3046875,16.0,0.053884806581104595,0.029389940202236176,0.38703474402427673,18155.5,16.0,1.0,290548.0,145244.0,0.49989674683701146,128.0,1.0,1.0,1.0,10.278239130973816,9.80023171858453e-07,37.65759754180908,34.171875,35.269768953323364,158.0,0.0,59.09746503829956,,,,,,,,,,,,,,,,,
159,159.0,8.0,16.0,38.91766023635864,128.0,1.0,229419.0,819157.0,0.7812089920043945,2.0,2.0,2.0,0.5859375,16.0,0.06927705322827812,0.031863365322351456,0.5575560331344604,14334.875,16.0,1.0,229419.0,114679.0,0.49986705547491705,128.0,1.0,1.0,1.0,8.11577895283699,9.797696150785057e-07,40.215980052948,31.76953125,35.80618333816528,159.0,0.0,74.78331923484802,,,,,,,,,,,,,,,,,
160,160.0,8.0,16.0,23.062080144882202,128.0,1.0,237741.0,810835.0,0.7732725143432617,2.0,2.0,2.0,0.4765625,16.0,0.05813059319003829,0.025820307433605194,0.48384594917297363,14855.125,16.0,1.0,237741.0,118841.0,0.4998759153869127,128.0,1.0,1.0,1.0,8.410172671079636,9.795144925096836e-07,34.0172700881958,32.060302734375,34.143083333969116,160.0,0.0,57.266955614089966,,,,,,,,,,,,,,,,,
161,161.0,8.0,16.0,17.457864999771118,128.0,1.0,185314.0,863262.0,0.8232707977294922,2.0,2.0,2.0,0.5625,16.0,0.07534182767689195,0.03194223344326019,0.7761534452438354,11578.25,16.0,1.0,185314.0,92626.0,0.49983271636249826,128.0,1.0,1.0,1.0,6.555548846721649,9.792578049846122e-07,32.35562610626221,28.82470703125,33.00608229637146,161.0,0.0,50.51619863510132,,,,,,,,,,,,,,,,,
162,162.0,8.0,16.0,34.27693271636963,128.0,1.0,310144.0,738432.0,0.7042236328125,2.0,2.0,2.0,0.4453125,16.0,0.05581099979025383,0.02996526099741459,0.4786612391471863,19380.625,16.0,1.0,310144.0,155045.0,0.49991294366487826,128.0,1.0,1.0,1.0,10.971454620361328,9.789995533410233e-07,38.80082941055298,36.194091796875,39.479758501052856,162.0,0.0,73.83448719978333,,,,,,,,,,,,,,,,,
163,163.0,8.0,16.0,25.210981607437134,128.0,1.0,233375.0,815201.0,0.7774362564086914,2.0,2.0,2.0,0.46875,16.0,0.06699509734555173,0.03201720118522644,0.5304948091506958,14582.25,16.0,1.0,233375.0,116658.0,0.49987359400107123,128.0,1.0,1.0,1.0,8.255723863840103,9.787397384217538e-07,37.485816955566406,31.410400390625,33.40814924240112,163.0,0.0,58.680628061294556,,,,,,,,,,,,,,,,,
164,164.0,8.0,16.0,19.06490659713745,128.0,1.0,233370.0,815206.0,0.7774410247802734,2.0,2.0,2.0,0.46875,16.0,0.06600682306954096,0.03013395518064499,0.5894923210144043,14581.875,16.0,1.0,233370.0,116655.0,0.4998714487723358,128.0,1.0,1.0,1.0,8.255546987056732,9.784783610747428e-07,32.68576431274414,31.484375,33.52239370346069,164.0,0.0,52.65260910987854,,,,,,,,,,,,,,,,,
165,165.0,8.0,16.0,31.08311438560486,128.0,1.0,258830.0,789746.0,0.7531604766845703,2.0,2.0,2.0,0.5234375,16.0,0.06627929030441922,0.03565993532538414,0.45085254311561584,16172.875,16.0,1.0,258830.0,129383.0,0.49987636672719543,128.0,1.0,1.0,1.0,9.15620356798172,9.782154221530284e-07,34.80778980255127,33.2685546875,35.79909086227417,165.0,0.0,66.95049214363098,,,,,,,,,,,,,,,,,
166,166.0,8.0,16.0,28.23626184463501,128.0,1.0,216398.0,832178.0,0.7936267852783203,2.0,2.0,2.0,0.7890625,16.0,0.05819827612268018,0.02526724711060524,0.5874943733215332,13521.25,16.0,1.0,216398.0,108170.0,0.4998659876708657,128.0,1.0,1.0,1.0,7.655156433582306,9.77950922514745e-07,35.655956745147705,31.22705078125,35.11291837692261,166.0,0.0,63.409371852874756,,,,,,,,,,,,,,,,,
167,167.0,8.0,16.0,40.248774766922,128.0,1.0,275789.0,772787.0,0.7369871139526367,2.0,2.0,2.0,0.3984375,16.0,0.0691381600534605,0.03748878836631775,0.5038526058197021,17233.125,16.0,1.0,275789.0,137865.0,0.4998930341674251,128.0,1.0,1.0,1.0,9.756134241819382,9.776848630231204e-07,44.55591058731079,34.181884765625,37.16049146652222,167.0,0.0,77.48381638526917,,,,,,,,,,,,,,,,,
168,168.0,8.0,16.0,22.483062028884888,128.0,1.0,216471.0,832105.0,0.7935571670532227,2.0,2.0,2.0,0.296875,16.0,0.07652592646451106,0.034586045891046524,0.5986410975456238,13525.75,16.0,1.0,216471.0,108206.0,0.49986372308530935,128.0,1.0,1.0,1.0,7.657738834619522,9.774172445464737e-07,33.95315885543823,30.8681640625,33.65011382102966,168.0,0.0,56.19597339630127,,,,,,,,,,,,,,,,,
169,169.0,8.0,16.0,28.544951915740967,128.0,1.0,285399.0,763177.0,0.7278223037719727,2.0,2.0,2.0,0.5546875,16.0,0.0636416339851785,0.031901389360427856,0.5144892930984497,17833.125,16.0,1.0,285399.0,142665.0,0.4998791166051738,128.0,1.0,1.0,1.0,10.09609141945839,9.771480679582116e-07,40.145127296447754,34.26708984375,36.58469843864441,169.0,0.0,65.2031557559967,,,,,,,,,,,,,,,,,
170,170.0,8.0,16.0,27.668880939483643,128.0,1.0,262441.0,786135.0,0.7497167587280273,2.0,2.0,2.0,0.4140625,16.0,0.05763475451421187,0.03167886286973953,0.3892928957939148,16398.25,16.0,1.0,262441.0,131186.0,0.49986854188179436,128.0,1.0,1.0,1.0,9.283943980932236,9.768773341368262e-07,41.201725482940674,33.600341796875,36.866901874542236,170.0,0.0,64.60648036003113,,,,,,,,,,,,,,,,,
171,171.0,8.0,16.0,30.782339811325073,128.0,1.0,273971.0,774605.0,0.7387208938598633,2.0,2.0,2.0,0.4296875,16.0,0.06105562875644106,0.0304108839482069,0.4384090006351471,17118.375,16.0,1.0,273971.0,136947.0,0.4998594741779239,128.0,1.0,1.0,1.0,9.691821843385696,9.766050439658912e-07,39.872201919555664,34.20556640625,39.08291292190552,171.0,0.0,69.93474960327148,,,,,,,,,,,,,,,,,
172,172.0,8.0,16.0,39.763747692108154,128.0,1.0,346178.0,702398.0,0.6698589324951172,2.0,2.0,2.0,0.3359375,16.0,0.06075716287739614,0.0309725571423769,0.42592599987983704,21631.75,16.0,1.0,346178.0,173054.0,0.49989889594370523,128.0,1.0,1.0,1.0,12.246170222759247,9.763311983340602e-07,43.423190116882324,37.990234375,38.87279963493347,172.0,0.0,78.72120714187622,,,,,,,,,,,,,,,,,
173,173.0,8.0,16.0,25.573780059814453,128.0,1.0,157921.0,890655.0,0.8493947982788086,2.0,2.0,2.0,0.6015625,16.0,0.07994243533153983,0.029944252222776413,2.7550570964813232,9866.125,16.0,1.0,157921.0,78929.0,0.4998005331779814,128.0,1.0,1.0,1.0,5.586511701345444,9.760557981350632e-07,32.965240478515625,28.523193359375,33.927221059799194,173.0,0.0,59.54820537567139,,,,,,,,,,,,,,,,,
174,174.0,8.0,16.0,39.53449630737305,128.0,1.0,327413.0,721163.0,0.6877546310424805,2.0,2.0,2.0,0.3359375,16.0,0.0603385395482462,0.028141072019934654,0.49996641278266907,20459.25,16.0,1.0,327413.0,163674.0,0.4999007369896736,128.0,1.0,1.0,1.0,11.58235165476799,9.757788442677034e-07,42.19130039215088,37.57568359375,38.29555344581604,174.0,0.0,77.90951418876648,,,,,,,,,,,,,,,,,
175,175.0,8.0,16.0,32.35779118537903,128.0,1.0,268372.0,780204.0,0.7440605163574219,2.0,2.0,2.0,0.4140625,16.0,0.06604380668754746,0.033900920301675797,0.5106651782989502,16769.125,16.0,1.0,268372.0,134153.0,0.4998770363525256,128.0,1.0,1.0,1.0,9.493755221366882,9.75500337635855e-07,39.85815477371216,34.042236328125,36.867002725601196,175.0,0.0,69.3072612285614,,,,,,,,,,,,,,,,,
176,176.0,8.0,16.0,22.739324808120728,128.0,1.0,240124.0,808452.0,0.7709999084472656,2.0,2.0,2.0,0.375,16.0,0.058858288195999316,0.027774741873145103,0.44611257314682007,15004.0,16.0,1.0,240124.0,120032.0,0.4998750645499825,128.0,1.0,1.0,1.0,8.49447214603424,9.752202791484596e-07,31.1998610496521,32.41943359375,34.719043493270874,176.0,0.0,57.51831603050232,,,,,,,,,,,,,,,,,
177,177.0,8.0,16.0,39.09952473640442,128.0,1.0,274504.0,774072.0,0.7382125854492188,2.0,2.0,2.0,0.4140625,16.0,0.05633181501149526,0.027381515130400658,0.4790819585323334,17152.0,16.0,1.0,274504.0,137216.0,0.49986885437006384,128.0,1.0,1.0,1.0,9.710676908493042,9.749386697195235e-07,43.15860843658447,34.70654296875,38.81914019584656,177.0,0.0,77.98879981040955,,,,,,,,,,,,,,,,,
178,178.0,8.0,16.0,39.64397478103638,128.0,1.0,201133.0,847443.0,0.8081846237182617,2.0,2.0,2.0,0.5234375,16.0,0.05746998450334663,0.022530430927872658,0.5985448360443115,12566.5,16.0,1.0,201133.0,100532.0,0.49982847170777545,128.0,1.0,1.0,1.0,7.115151613950729,9.746555102681149e-07,42.182172775268555,29.99658203125,33.7689049243927,178.0,0.0,73.46732711791992,,,,,,,,,,,,,,,,,
179,179.0,8.0,16.0,28.130916595458984,128.0,1.0,204626.0,843950.0,0.8048534393310547,2.0,2.0,2.0,0.4765625,16.0,0.058994990895740736,0.030240681022405624,0.5424957871437073,12785.125,16.0,1.0,204626.0,102281.0,0.49984361713565234,128.0,1.0,1.0,1.0,7.23871773481369,9.7437080171836e-07,35.11642408370972,30.646484375,35.00681471824646,179.0,0.0,63.1902961730957,,,,,,,,,,,,,,,,,
180,180.0,8.0,16.0,31.43678617477417,128.0,1.0,234502.0,814074.0,0.7763614654541016,2.0,2.0,2.0,0.5,16.0,0.0655524934094747,0.03445209935307503,0.495039701461792,14652.375,16.0,1.0,234502.0,117219.0,0.49986354060946175,128.0,1.0,1.0,1.0,8.29559189081192,9.740845449994419e-07,33.64905071258545,32.498291015625,37.23152160644531,180.0,0.0,68.73167896270752,,,,,,,,,,,,,,,,,
181,181.0,8.0,16.0,37.13999676704407,128.0,1.0,261949.0,786627.0,0.7501859664916992,2.0,2.0,2.0,0.3515625,16.0,0.05096726326255362,0.027822548523545265,0.4898694157600403,16367.75,16.0,1.0,261949.0,130942.0,0.499875930047452,128.0,1.0,1.0,1.0,9.266539305448532,9.73796741045595e-07,41.12198257446289,33.30029296875,39.06286263465881,181.0,0.0,76.27144360542297,,,,,,,,,,,,,,,,,
182,182.0,8.0,16.0,26.74510622024536,128.0,1.0,262239.0,786337.0,0.7499094009399414,2.0,2.0,2.0,0.2890625,16.0,0.06344880830458355,0.031338442116975784,0.5452816486358643,16385.75,16.0,1.0,262239.0,131086.0,0.49987225393629475,128.0,1.0,1.0,1.0,9.276798158884048,9.735073907961042e-07,40.183775901794434,33.115234375,36.14240336418152,182.0,0.0,62.95619058609009,,,,,,,,,,,,,,,,,
183,183.0,8.0,16.0,29.439706325531006,128.0,1.0,251292.0,797284.0,0.7603492736816406,2.0,2.0,2.0,0.296875,16.0,0.06097947172075308,0.030180398374795914,0.4575742781162262,15702.0,16.0,1.0,251292.0,125616.0,0.49988061697149133,128.0,1.0,1.0,1.0,8.889544129371643,9.73216495195301e-07,37.85701656341553,33.055908203125,36.37261915206909,183.0,0.0,65.87697434425354,,,,,,,,,,,,,,,,,
184,184.0,8.0,16.0,31.80291748046875,128.0,1.0,283343.0,765233.0,0.7297830581665039,2.0,2.0,2.0,0.359375,16.0,0.06908813191631434,0.03752635046839714,0.5912878513336182,17704.875,16.0,1.0,283343.0,141639.0,0.49988529803100834,128.0,1.0,1.0,1.0,10.023359686136246,9.729240551925595e-07,39.847869873046875,34.99755859375,38.989036321640015,184.0,0.0,70.86704182624817,,,,,,,,,,,,,,,,,
185,185.0,8.0,16.0,38.23027420043945,128.0,1.0,215728.0,832848.0,0.7942657470703125,2.0,2.0,2.0,0.5703125,16.0,0.05584626451760596,0.025507817044854164,0.6407710313796997,13479.25,16.0,1.0,215728.0,107834.0,0.49986093599347325,128.0,1.0,1.0,1.0,7.631454944610596,9.72630071742295e-07,44.09098482131958,30.8046875,36.798603773117065,185.0,0.0,75.08700895309448,,,,,,,,,,,,,,,,,
186,186.0,8.0,16.0,31.706844806671143,128.0,1.0,280282.0,768294.0,0.7327022552490234,2.0,2.0,2.0,0.3671875,16.0,0.06318952602976936,0.03382505103945732,0.4790804386138916,17513.875,16.0,1.0,280282.0,140111.0,0.49989296494245083,128.0,1.0,1.0,1.0,9.915075719356537,9.723345458039593e-07,43.269527435302734,33.719970703125,37.466376066207886,186.0,0.0,69.24492835998535,,,,,,,,,,,,,,,,,
187,187.0,8.0,16.0,37.18460392951965,128.0,1.0,279636.0,768940.0,0.7333183288574219,2.0,2.0,2.0,0.3828125,16.0,0.061538528410049954,0.030638795346021652,0.4173755347728729,17472.75,16.0,1.0,279636.0,139782.0,0.4998712612110029,128.0,1.0,1.0,1.0,9.892223238945007,9.720374783420393e-07,42.557477951049805,34.435546875,37.388508796691895,187.0,0.0,74.64395403862,,,,,,,,,,,,,,,,,
188,188.0,8.0,16.0,25.6623854637146,128.0,1.0,209888.0,838688.0,0.799835205078125,2.0,2.0,2.0,0.5859375,16.0,0.052466141514550424,0.023167261853814125,0.511274516582489,13113.75,16.0,1.0,209888.0,104910.0,0.4998380088428114,128.0,1.0,1.0,1.0,7.424862861633301,9.71738870326052e-07,31.54592752456665,31.427734375,34.60348081588745,188.0,0.0,60.31798720359802,,,,,,,,,,,,,,,,,
189,189.0,8.0,16.0,27.4588303565979,128.0,1.0,255166.0,793410.0,0.7566547393798828,2.0,2.0,2.0,0.375,16.0,0.06420616548377184,0.03197223320603371,0.7781074643135071,15944.125,16.0,1.0,255166.0,127553.0,0.49988242947728145,128.0,1.0,1.0,1.0,9.026588261127472,9.71438722730542e-07,40.72485065460205,33.048828125,38.434715032577515,189.0,0.0,65.95839953422546,,,,,,,,,,,,,,,,,
190,190.0,8.0,16.0,40.22837996482849,128.0,1.0,220499.0,828077.0,0.7897157669067383,2.0,2.0,2.0,0.5234375,16.0,0.0723525526477027,0.030816931277513504,0.5571771264076233,13776.875,16.0,1.0,220499.0,110215.0,0.4998435367053819,128.0,1.0,1.0,1.0,7.800230771303177,9.711370365350798e-07,37.16896390914917,31.5380859375,36.369608640670776,190.0,0.0,76.6550145149231,,,,,,,,,,,,,,,,,
191,191.0,8.0,16.0,42.14124774932861,128.0,1.0,350053.0,698523.0,0.666163444519043,2.0,2.0,2.0,0.40625,16.0,0.04860240655581508,0.02637227065861225,0.48302409052848816,21874.0,16.0,1.0,350053.0,174992.0,0.4999014434956992,128.0,1.0,1.0,1.0,12.38324972987175,9.708338127242559e-07,49.80772352218628,37.66357421875,42.69818139076233,191.0,0.0,84.91967821121216,,,,,,,,,,,,,,,,,
192,192.0,8.0,16.0,25.41850447654724,128.0,1.0,282276.0,766300.0,0.7308006286621094,2.0,2.0,2.0,0.390625,16.0,0.05235019046272036,0.02647598460316658,0.43165460228919983,17638.25,16.0,1.0,282276.0,141106.0,0.4998866357749153,128.0,1.0,1.0,1.0,9.98561418056488,9.705290522876797e-07,38.21976947784424,34.123046875,37.2031831741333,192.0,0.0,62.690120458602905,,,,,,,,,,,,,,,,,
193,193.0,8.0,16.0,15.904890775680542,128.0,1.0,185032.0,863544.0,0.8235397338867188,2.0,2.0,2.0,0.4296875,16.0,0.06599607257523002,0.029395809397101402,0.5960096716880798,11560.625,16.0,1.0,185032.0,92485.0,0.4998324614120801,128.0,1.0,1.0,1.0,6.545572996139526,9.70222756219976e-07,31.437308311462402,29.2353515625,33.42536115646362,193.0,0.0,49.37987494468689,,,,,,,,,,,,,,,,,
194,194.0,8.0,16.0,31.597705125808716,128.0,1.0,202055.0,846521.0,0.8073053359985352,2.0,2.0,2.0,0.4765625,16.0,0.06882100376450717,0.03382487967610359,0.5714386701583862,12624.0,16.0,1.0,202055.0,100992.0,0.49982430526341837,128.0,1.0,1.0,1.0,7.1477676928043365,9.699149255207798e-07,41.50223684310913,30.27978515625,35.388330698013306,194.0,0.0,67.0428421497345,,,,,,,,,,,,,,,,,
195,195.0,8.0,16.0,34.19326663017273,128.0,1.0,276385.0,772191.0,0.7364187240600586,2.0,2.0,2.0,0.5,16.0,0.06193669342705838,0.03167333826422691,0.4626232385635376,17270.25,16.0,1.0,276385.0,138162.0,0.4998896466884961,128.0,1.0,1.0,1.0,9.777217954397202,9.696055611947364e-07,45.86519384384155,33.8671875,37.15691137313843,195.0,0.0,71.43692564964294,,,,,,,,,,,,,,,,,
196,196.0,8.0,16.0,26.463048458099365,128.0,1.0,215112.0,833464.0,0.7948532104492188,2.0,2.0,2.0,0.453125,16.0,0.06103191613597335,0.031232399865984917,0.547225296497345,13440.0,16.0,1.0,215112.0,107520.0,0.49983264531964744,128.0,1.0,1.0,1.0,7.609663724899292,9.69294664251495e-07,34.32206439971924,31.0927734375,34.66855764389038,196.0,0.0,61.18965220451355,,,,,,,,,,,,,,,,,
197,197.0,8.0,16.0,26.766412019729614,128.0,1.0,229981.0,818595.0,0.7806730270385742,2.0,2.0,2.0,0.4609375,16.0,0.0478946989791639,0.025385595858097076,0.41266897320747375,14369.875,16.0,1.0,229981.0,114959.0,0.49986303216352657,128.0,1.0,1.0,1.0,8.135659903287888,9.689822357057074e-07,36.532517433166504,31.88134765625,35.52730131149292,197.0,0.0,62.35170388221741,,,,,,,,,,,,,,,,,
198,198.0,8.0,16.0,19.238439083099365,128.0,1.0,240710.0,807866.0,0.7704410552978516,2.0,2.0,2.0,0.578125,16.0,0.06485438797045125,0.026930417865514755,0.5550362467765808,15040.25,16.0,1.0,240710.0,120322.0,0.4998629055710191,128.0,1.0,1.0,1.0,8.515202105045319,9.686682765770235e-07,34.95577001571655,31.727783203125,35.30477285385132,198.0,0.0,54.61142945289612,,,,,,,,,,,,,,,,,
199,199.0,8.0,16.0,40.16943025588989,128.0,1.0,274917.0,773659.0,0.737818717956543,2.0,2.0,2.0,0.375,16.0,0.0639535351653836,0.03285105526447296,0.4466014504432678,17178.125,16.0,1.0,274917.0,137425.0,0.4998781450401394,128.0,1.0,1.0,1.0,9.725286930799484,9.683527878900888e-07,39.67998123168945,34.518310546875,35.839751958847046,199.0,0.0,76.07621932029724,,,,,,,,,,,,,,,,,
200,200.0,8.0,16.0,35.52643156051636,128.0,1.0,342538.0,706038.0,0.6733303070068359,2.0,2.0,2.0,0.3203125,16.0,0.05222620605950816,0.02942243218421936,0.34134331345558167,21404.625,16.0,1.0,342538.0,171237.0,0.49990657970794483,128.0,1.0,1.0,1.0,12.11740392446518,9.680357706745404e-07,41.48057985305786,37.71728515625,38.44072365760803,200.0,0.0,292.75366592407227,,,,,,,,,,,,,,,,,
201,201.0,8.0,16.0,28.723347187042236,128.0,1.0,275748.0,772828.0,0.7370262145996094,2.0,2.0,2.0,0.390625,16.0,0.05796495054420244,0.029695013538002968,0.48572054505348206,17230.625,16.0,1.0,275748.0,137845.0,0.49989483151283054,128.0,1.0,1.0,1.0,9.75468385219574,9.677172259650043e-07,38.34182167053223,34.203369140625,37.78684186935425,201.0,0.0,66.5839409828186,,,,,,,,,,,,,,,,,
202,202.0,8.0,16.0,37.65277409553528,128.0,1.0,257022.0,791554.0,0.7548847198486328,2.0,2.0,2.0,0.5546875,16.0,0.04983022322206155,0.02838800475001335,0.4848102927207947,16060.125,16.0,1.0,257022.0,128481.0,0.4998832784742162,128.0,1.0,1.0,1.0,9.092244923114777,9.673971548010912e-07,42.90630483627319,33.642333984375,37.81947994232178,202.0,0.0,75.55079579353333,,,,,,,,,,,,,,,,,
203,203.0,8.0,16.0,32.253626108169556,128.0,1.0,259043.0,789533.0,0.7529573440551758,2.0,2.0,2.0,0.4296875,16.0,0.0633331827760545,0.031617410480976105,0.5161267518997192,16186.625,16.0,1.0,259043.0,129493.0,0.4998899796558873,128.0,1.0,1.0,1.0,9.163738518953323,9.670755582273943e-07,40.86905860900879,32.948486328125,36.81374263763428,203.0,0.0,69.13705372810364,,,,,,,,,,,,,,,,,
204,204.0,8.0,16.0,25.03677749633789,128.0,1.0,259645.0,788931.0,0.7523832321166992,2.0,2.0,2.0,0.3671875,16.0,0.0626758788395089,0.030675414949655533,0.453334778547287,16223.75,16.0,1.0,259645.0,129790.0,0.49987482909357006,128.0,1.0,1.0,1.0,9.185034483671188,9.667524372934846e-07,37.46461725234985,33.02880859375,34.17009162902832,204.0,0.0,59.274139642715454,,,,,,,,,,,,,,,,,
205,205.0,8.0,16.0,24.890273332595825,128.0,1.0,235112.0,813464.0,0.7757797241210938,2.0,2.0,2.0,0.515625,16.0,0.0548371367939873,0.027551230043172836,0.5242174863815308,14690.875,16.0,1.0,235112.0,117527.0,0.4998766545306067,128.0,1.0,1.0,1.0,8.317170858383179,9.66427793053908e-07,41.207796573638916,31.485595703125,36.124661684036255,205.0,0.0,61.07707929611206,,,,,,,,,,,,,,,,,
206,206.0,8.0,16.0,24.5884370803833,128.0,1.0,224094.0,824482.0,0.7862873077392578,2.0,2.0,2.0,0.3515625,16.0,0.07897132750301793,0.03944375738501549,0.5287114977836609,14001.75,16.0,1.0,224094.0,112014.0,0.49985274036788135,128.0,1.0,1.0,1.0,7.9274051785469055,9.66101626568182e-07,38.914355754852295,30.678466796875,34.66885566711426,206.0,0.0,59.317702293395996,,,,,,,,,,,,,,,,,
207,207.0,8.0,16.0,26.078861951828003,128.0,1.0,261069.0,787507.0,0.7510251998901367,2.0,2.0,2.0,0.3203125,16.0,0.0622250664343422,0.03332072123885155,0.5151152014732361,16312.125,16.0,1.0,261069.0,130497.0,0.49985635981292303,128.0,1.0,1.0,1.0,9.235408991575241,9.657739389007925e-07,40.93729591369629,32.77099609375,35.18616056442261,207.0,0.0,61.335031509399414,,,,,,,,,,,,,,,,,
208,208.0,8.0,16.0,15.446701049804688,128.0,1.0,197458.0,851118.0,0.8116893768310547,2.0,2.0,2.0,0.4765625,16.0,0.07021592340567688,0.032638780772686005,0.5929037928581238,12337.0,16.0,1.0,197458.0,98696.0,0.4998328758520799,128.0,1.0,1.0,1.0,6.985147178173065,9.654447311211895e-07,29.4142804145813,29.504638671875,33.533971071243286,208.0,0.0,49.035531520843506,,,,,,,,,,,,,,,,,
209,209.0,8.0,16.0,39.317774057388306,128.0,1.0,300431.0,748145.0,0.7134866714477539,2.0,2.0,2.0,0.296875,16.0,0.05726958510906404,0.034183792769908905,0.3711961805820465,18773.0,16.0,1.0,300431.0,150184.0,0.49989515063358975,128.0,1.0,1.0,1.0,10.627853780984879,9.651140043037844e-07,41.05042362213135,36.227294921875,37.93395519256592,209.0,0.0,77.33248496055603,,,,,,,,,,,,,,,,,
210,210.0,8.0,16.0,32.50605082511902,128.0,1.0,233812.0,814764.0,0.7770195007324219,2.0,2.0,2.0,0.59375,16.0,0.05540959789961971,0.028626738116145134,0.4967908561229706,14608.625,16.0,1.0,233812.0,116869.0,0.4998417532034284,128.0,1.0,1.0,1.0,8.271182894706726,9.647817595279458e-07,43.17726230621338,31.7841796875,37.126492738723755,210.0,0.0,69.6960768699646,,,,,,,,,,,,,,,,,
211,211.0,8.0,16.0,33.19931197166443,128.0,1.0,248048.0,800528.0,0.7634429931640625,2.0,2.0,2.0,0.390625,16.0,0.07008138449238442,0.03680741414427757,0.47552454471588135,15498.375,16.0,1.0,248048.0,123987.0,0.4998508353221957,128.0,1.0,1.0,1.0,8.774786472320557,9.644479978779968e-07,43.19165515899658,32.885009765625,35.96856069564819,211.0,0.0,69.24079608917236,,,,,,,,,,,,,,,,,
212,212.0,8.0,16.0,38.11438345909119,128.0,1.0,273294.0,775282.0,0.7393665313720703,2.0,2.0,2.0,0.296875,16.0,0.06466733561259161,0.03292221948504448,0.558609664440155,17076.875,16.0,1.0,273294.0,136615.0,0.4998829099797288,128.0,1.0,1.0,1.0,9.667872726917267,9.641127204432108e-07,44.918912410736084,34.696533203125,39.09329032897949,212.0,0.0,77.27526426315308,,,,,,,,,,,,,,,,,
213,213.0,8.0,16.0,32.813380002975464,128.0,1.0,253602.0,794974.0,0.7581462860107422,2.0,2.0,2.0,0.4921875,16.0,0.06798101017638963,0.03398463502526283,0.4884842038154602,15845.75,16.0,1.0,253602.0,126766.0,0.4998619884701225,128.0,1.0,1.0,1.0,8.971261203289032,9.637759283178082e-07,44.80941581726074,32.408447265625,37.13286304473877,213.0,0.0,70.02017712593079,,,,,,,,,,,,,,,,,
214,214.0,8.0,16.0,24.554735898971558,128.0,1.0,239258.0,809318.0,0.7718257904052734,2.0,2.0,2.0,0.640625,16.0,0.059047439081701354,0.029736680909991264,0.9330711364746094,14949.875,16.0,1.0,239258.0,119599.0,0.49987461234316094,128.0,1.0,1.0,1.0,8.463837087154388,9.634376226009524e-07,32.45065689086914,32.077392578125,35.11577033996582,214.0,0.0,59.73237752914429,,,,,,,,,,,,,,,,,
215,215.0,8.0,16.0,39.75055503845215,128.0,1.0,312794.0,735782.0,0.7016963958740234,2.0,2.0,2.0,0.3046875,16.0,0.0563254640738582,0.03045322187244892,0.4081401228904724,19546.375,16.0,1.0,312794.0,156371.0,0.4999168782009885,128.0,1.0,1.0,1.0,11.065199315547943,9.63097804396747e-07,44.40391492843628,36.7744140625,39.42710733413696,215.0,0.0,79.24517011642456,,,,,,,,,,,,,,,,,
216,216.0,8.0,16.0,27.587976932525635,128.0,1.0,211828.0,836748.0,0.7979850769042969,2.0,2.0,2.0,0.484375,16.0,0.053103247644250735,0.024873489513993263,0.43715131282806396,13235.125,16.0,1.0,211828.0,105881.0,0.4998442132296014,128.0,1.0,1.0,1.0,7.493491053581238,9.627564748142322e-07,40.75637197494507,30.864013671875,35.2429575920105,216.0,0.0,62.9024875164032,,,,,,,,,,,,,,,,,
217,217.0,8.0,16.0,28.354257106781006,128.0,1.0,267318.0,781258.0,0.7450656890869141,2.0,2.0,2.0,0.3515625,16.0,0.05905595238353376,0.027034159749746323,0.5649450421333313,16703.625,16.0,1.0,267318.0,133629.0,0.4998877741117321,128.0,1.0,1.0,1.0,9.456469595432281,9.6241363496738e-07,38.45924425125122,33.241455078125,36.98349857330322,217.0,0.0,65.4185209274292,,,,,,,,,,,,,,,,,
218,218.0,8.0,16.0,24.426020860671997,128.0,1.0,264857.0,783719.0,0.7474126815795898,2.0,2.0,2.0,0.4609375,16.0,0.059918814250889435,0.02850857749581337,0.44181856513023376,16549.125,16.0,1.0,264857.0,132393.0,0.49986596540774836,128.0,1.0,1.0,1.0,9.36941084265709,9.620692859750916e-07,37.55121374130249,33.41552734375,35.04744243621826,218.0,0.0,59.54216265678406,,,,,,,,,,,,,,,,,
219,219.0,8.0,16.0,34.08315062522888,128.0,1.0,270867.0,777709.0,0.7416810989379883,2.0,2.0,2.0,0.34375,16.0,0.057001995731565155,0.03134327754378319,0.4630822241306305,16925.25,16.0,1.0,270867.0,135402.0,0.49988370676383614,128.0,1.0,1.0,1.0,9.582016736268997,9.617234289611934e-07,40.74567747116089,34.061767578125,38.43757772445679,219.0,0.0,72.59217309951782,,,,,,,,,,,,,,,,,
220,220.0,8.0,16.0,25.056498527526855,128.0,1.0,200058.0,848518.0,0.8092098236083984,2.0,2.0,2.0,0.4375,16.0,0.07341959392331708,0.035169631242752075,0.7113086581230164,12499.25,16.0,1.0,200058.0,99994.0,0.49982505073528677,128.0,1.0,1.0,1.0,7.0771231055259705,9.613760650544338e-07,39.51760530471802,29.525146484375,33.019333600997925,220.0,0.0,58.13057851791382,,,,,,,,,,,,,,,,,
221,221.0,8.0,16.0,40.57746505737305,128.0,1.0,311661.0,736915.0,0.7027769088745117,2.0,2.0,2.0,0.203125,16.0,0.08284056587962664,0.03806084021925926,0.5566838979721069,19474.875,16.0,1.0,311661.0,155799.0,0.4998989286436224,128.0,1.0,1.0,1.0,11.025119036436081,9.610271953884788e-07,48.284749031066895,35.947265625,38.718257665634155,221.0,0.0,79.37436175346375,,,,,,,,,,,,,,,,,
222,222.0,8.0,16.0,31.484267711639404,128.0,1.0,189448.0,859128.0,0.8193283081054688,2.0,2.0,2.0,0.703125,16.0,0.057537201044941116,0.028098100796341896,0.5276626944541931,11836.0,16.0,1.0,189448.0,94688.0,0.49980997424095264,128.0,1.0,1.0,1.0,6.7017905712127686,9.606768211019087e-07,38.79775524139404,29.4794921875,33.96816682815552,222.0,0.0,65.50844764709473,,,,,,,,,,,,,,,,,
223,223.0,8.0,16.0,30.727383375167847,128.0,1.0,273723.0,774853.0,0.738957405090332,2.0,2.0,2.0,0.515625,16.0,0.06533216826929725,0.033980775624513626,0.47689288854599,17103.75,16.0,1.0,273723.0,136830.0,0.4998849201565086,128.0,1.0,1.0,1.0,9.683048754930496,9.603249433382144e-07,41.21456050872803,33.9541015625,36.94500470161438,223.0,0.0,67.74327349662781,,,,,,,,,,,,,,,,,
224,224.0,8.0,16.0,27.165316820144653,128.0,1.0,194663.0,853913.0,0.8143548965454102,2.0,2.0,2.0,0.546875,16.0,0.06654266744976586,0.033229611814022064,1.6761245727539062,12161.375,16.0,1.0,194663.0,97291.0,0.4997919481360094,128.0,1.0,1.0,1.0,6.886273056268692,9.599715632457935e-07,39.00254964828491,29.84130859375,34.51938557624817,224.0,0.0,61.73956084251404,,,,,,,,,,,,,,,,,
225,225.0,8.0,16.0,20.371205806732178,128.0,1.0,185967.0,862609.0,0.8226480484008789,2.0,2.0,2.0,0.5078125,16.0,0.05105239477491129,0.024136511608958244,0.4576866924762726,11619.625,16.0,1.0,185967.0,92957.0,0.4998575015997462,128.0,1.0,1.0,1.0,6.578648954629898,9.596166819779465e-07,30.902499675750732,29.1279296875,32.68358254432678,225.0,0.0,53.10950779914856,,,,,,,,,,,,,,,,,
226,226.0,8.0,16.0,29.83047080039978,128.0,1.0,259215.0,789361.0,0.7527933120727539,2.0,2.0,2.0,0.3828125,16.0,0.061508857688421084,0.028694020584225655,0.47749805450439453,16196.75,16.0,1.0,259215.0,129574.0,0.49987076365179484,128.0,1.0,1.0,1.0,9.169823080301285,9.592603006928734e-07,39.7004451751709,33.290771484375,35.94089913368225,226.0,0.0,65.83661818504333,,,,,,,,,,,,,,,,,
227,227.0,8.0,16.0,33.65899872779846,128.0,1.0,232865.0,815711.0,0.7779226303100586,2.0,2.0,2.0,0.53125,16.0,0.06516638838657245,0.033255547285079956,0.8323729038238525,14550.0,16.0,1.0,232865.0,116400.0,0.49986043415712966,128.0,1.0,1.0,1.0,8.237682431936264,9.5890242055367e-07,42.30221223831177,31.5517578125,35.80133247375488,227.0,0.0,69.5230941772461,,,,,,,,,,,,,,,,,
228,228.0,8.0,16.0,19.455744743347168,128.0,1.0,193938.0,854638.0,0.8150463104248047,2.0,2.0,2.0,0.359375,16.0,0.07962158654045721,0.039415087550878525,0.6532243490219116,12117.375,16.0,1.0,193938.0,96939.0,0.4998453113881756,128.0,1.0,1.0,1.0,6.860625922679901,9.58543042728323e-07,30.978393077850342,29.70166015625,32.86082315444946,228.0,0.0,52.37607169151306,,,,,,,,,,,,,,,,,
229,229.0,8.0,16.0,40.87473487854004,128.0,1.0,254358.0,794218.0,0.7574253082275391,2.0,2.0,2.0,0.4296875,16.0,0.06705093155939067,0.029436899349093437,0.6345630288124084,15894.0,16.0,1.0,254358.0,127152.0,0.49989385039983014,128.0,1.0,1.0,1.0,8.998004972934723,9.581821683897077e-07,45.743552684783936,32.969970703125,36.41206121444702,229.0,0.0,77.35087633132935,,,,,,,,,,,,,,,,,
230,230.0,8.0,16.0,27.197914361953735,128.0,1.0,279959.0,768617.0,0.7330102920532227,2.0,2.0,2.0,0.3828125,16.0,0.05811751210620749,0.03270972892642021,0.45412367582321167,17493.25,16.0,1.0,279959.0,139946.0,0.4998803396211588,128.0,1.0,1.0,1.0,9.903649479150772,9.57819798715583e-07,39.53412580490112,34.261474609375,35.93378162384033,230.0,0.0,63.20229482650757,,,,,,,,,,,,,,,,,
231,231.0,8.0,16.0,29.050010204315186,128.0,1.0,280753.0,767823.0,0.7322530746459961,2.0,2.0,2.0,0.453125,16.0,0.05828072696527444,0.0294636357575655,0.46318894624710083,17543.625,16.0,1.0,280753.0,140349.0,0.4999020491321553,128.0,1.0,1.0,1.0,9.931737512350082,9.574559348885881e-07,43.565293312072754,34.123046875,40.41920447349548,231.0,0.0,69.53951835632324,,,,,,,,,,,,,,,,,
232,232.0,8.0,16.0,26.456252098083496,128.0,1.0,216510.0,832066.0,0.7935199737548828,2.0,2.0,2.0,0.5,16.0,0.06555582251315904,0.030675668269395828,1.5644304752349854,13528.25,16.0,1.0,216510.0,108226.0,0.499866056995058,128.0,1.0,1.0,1.0,7.659118473529816,9.570905780962393e-07,35.16895341873169,30.61474609375,35.176626443862915,232.0,0.0,61.68831491470337,,,,,,,,,,,,,,,,,
233,233.0,8.0,16.0,29.532038688659668,128.0,1.0,232234.0,816342.0,0.7785243988037109,2.0,2.0,2.0,0.421875,16.0,0.08211230335643666,0.043158434331417084,0.565734326839447,14511.0,16.0,1.0,232234.0,116088.0,0.4998751259505499,128.0,1.0,1.0,1.0,8.215360581874847,9.567237295309241e-07,38.454737186431885,31.64990234375,35.392261028289795,233.0,0.0,64.98396420478821,,,,,,,,,,,,,,,,,
234,234.0,8.0,16.0,35.86511492729187,128.0,1.0,290890.0,757686.0,0.7225856781005859,2.0,2.0,2.0,0.3671875,16.0,0.06700123545217203,0.03479863703250885,0.42406460642814636,18176.5,16.0,1.0,290890.0,145412.0,0.4998865550551755,128.0,1.0,1.0,1.0,10.29033750295639,9.563553903898992e-07,45.02403545379639,34.694091796875,38.06559419631958,234.0,0.0,73.99944615364075,,,,,,,,,,,,,,,,,
235,235.0,8.0,16.0,26.619709730148315,128.0,1.0,290659.0,757917.0,0.7228059768676758,2.0,2.0,2.0,0.4453125,16.0,0.05644157822904366,0.028723739087581635,0.3837273120880127,18162.125,16.0,1.0,290659.0,145297.0,0.4998881851241489,128.0,1.0,1.0,1.0,10.282165795564651,9.559855618752864e-07,41.76110219955444,35.126220703125,37.67631244659424,235.0,0.0,64.36732482910156,,,,,,,,,,,,,,,,,
236,236.0,8.0,16.0,17.985973834991455,128.0,1.0,169947.0,878629.0,0.837925910949707,2.0,2.0,2.0,0.625,16.0,0.06271203295945743,0.025661151856184006,0.7695367336273193,10617.375,16.0,1.0,169947.0,84939.0,0.4997969955339017,128.0,1.0,1.0,1.0,6.011935740709305,9.556142451940679e-07,30.86823844909668,28.28271484375,32.84868383407593,236.0,0.0,50.8819100856781,,,,,,,,,,,,,,,,,
237,237.0,8.0,16.0,23.82546901702881,128.0,1.0,213008.0,835568.0,0.7968597412109375,2.0,2.0,2.0,0.375,16.0,0.06530864847501075,0.027391532436013222,0.6176033020019531,13309.25,16.0,1.0,213008.0,106474.0,0.49985916021933446,128.0,1.0,1.0,1.0,7.535233974456787,9.552414415580823e-07,33.60973787307739,30.719970703125,34.08090329170227,237.0,0.0,57.960052728652954,,,,,,,,,,,,,,,,,
238,238.0,8.0,16.0,27.688358783721924,128.0,1.0,232915.0,815661.0,0.7778749465942383,2.0,2.0,2.0,0.421875,16.0,0.0558651300811892,0.026994885876774788,0.49421414732933044,14553.75,16.0,1.0,232915.0,116430.0,0.4998819311766095,128.0,1.0,1.0,1.0,8.239451199769974,9.548671521840217e-07,40.56070041656494,32.140380859375,36.02123427391052,238.0,0.0,63.76629304885864,,,,,,,,,,,,,,,,,
239,239.0,8.0,16.0,20.03432559967041,128.0,1.0,213053.0,835523.0,0.7968168258666992,2.0,2.0,2.0,0.40625,16.0,0.06105824269986098,0.021755976602435112,0.49593308568000793,13311.875,16.0,1.0,213053.0,106495.0,0.49985214946515655,128.0,1.0,1.0,1.0,7.536825865507126,9.544913782934268e-07,33.95960235595703,30.514404296875,34.28538918495178,239.0,0.0,54.374650716781616,,,,,,,,,,,,,,,,,
240,240.0,8.0,16.0,34.741522789001465,128.0,1.0,286181.0,762395.0,0.727076530456543,2.0,2.0,2.0,0.4140625,16.0,0.0582305679512231,0.030387865379452705,0.4320339262485504,17882.25,16.0,1.0,286181.0,143058.0,0.4998864355075983,128.0,1.0,1.0,1.0,10.12375494837761,9.541141211126833e-07,44.04564428329468,34.2060546875,38.268606424331665,240.0,0.0,73.07832360267639,,,,,,,,,,,,,,,,,
241,241.0,8.0,16.0,29.264601230621338,128.0,1.0,322253.0,726323.0,0.6926755905151367,2.0,2.0,2.0,0.5625,16.0,0.06317496652274639,0.03440340235829353,0.4984748661518097,20136.0,16.0,1.0,322253.0,161088.0,0.4998805286529528,128.0,1.0,1.0,1.0,11.399814814329147,9.537353818730178e-07,38.3597469329834,36.75048828125,37.74334645271301,241.0,0.0,67.09964060783386,,,,,,,,,,,,,,,,,
242,242.0,8.0,16.0,33.609070777893066,128.0,1.0,276367.0,772209.0,0.7364358901977539,2.0,2.0,2.0,0.453125,16.0,0.04797777746904561,0.025671014562249184,0.43806400895118713,17268.5,16.0,1.0,276367.0,138148.0,0.4998715476160323,128.0,1.0,1.0,1.0,9.776581197977066,9.533551618104938e-07,37.859534740448,34.316162109375,37.69413685798645,242.0,0.0,71.38444685935974,,,,,,,,,,,,,,,,,
243,243.0,8.0,16.0,31.08142399787903,128.0,1.0,219981.0,828595.0,0.7902097702026367,2.0,2.0,2.0,0.4609375,16.0,0.06691014700679966,0.027792084962129593,0.5886678695678711,13744.5,16.0,1.0,219981.0,109956.0,0.49984316827362363,128.0,1.0,1.0,1.0,7.781906336545944,9.529734621660073e-07,37.718135356903076,31.259521484375,35.50752258300781,243.0,0.0,66.6464946269989,,,,,,,,,,,,,,,,,
244,244.0,8.0,16.0,40.2027485370636,128.0,1.0,261143.0,787433.0,0.7509546279907227,2.0,2.0,2.0,0.3359375,16.0,0.07126481784545445,0.038327157497406006,0.5213625431060791,16317.25,16.0,1.0,261143.0,130538.0,0.4998717177944651,128.0,1.0,1.0,1.0,9.238026767969131,9.525902841852838e-07,49.859107971191406,33.11474609375,39.412376165390015,244.0,0.0,79.68317651748657,,,,,,,,,,,,,,,,,
245,245.0,8.0,16.0,31.816092491149902,128.0,1.0,251981.0,796595.0,0.7596921920776367,2.0,2.0,2.0,0.3828125,16.0,0.054858162232732245,0.022715432569384575,0.388047456741333,15744.5,16.0,1.0,251981.0,125956.0,0.4998630849151325,128.0,1.0,1.0,1.0,8.913917750120163,9.522056291188729e-07,41.769132137298584,32.431396484375,36.74439263343811,245.0,0.0,68.62499570846558,,,,,,,,,,,,,,,,,
246,246.0,8.0,16.0,39.7253839969635,128.0,1.0,337030.0,711546.0,0.6785831451416016,2.0,2.0,2.0,0.5078125,16.0,0.04512629603860464,0.023832082748413086,0.3697393834590912,21060.375,16.0,1.0,337030.0,168483.0,0.49990505296264426,128.0,1.0,1.0,1.0,11.922556459903717,9.518194982221452e-07,51.42267608642578,37.298583984375,40.65886116027832,246.0,0.0,80.46014881134033,,,,,,,,,,,,,,,,,
247,247.0,8.0,16.0,40.63657522201538,128.0,1.0,304635.0,743941.0,0.709477424621582,2.0,2.0,2.0,0.3828125,16.0,0.05404591518489204,0.02756684273481369,0.560053288936615,19035.875,16.0,1.0,304635.0,152287.0,0.49989988018448306,128.0,1.0,1.0,1.0,10.776571780443192,9.514318927552878e-07,46.51447916030884,35.966796875,39.77478814125061,247.0,0.0,80.495920419693,,,,,,,,,,,,,,,,,
248,248.0,8.0,16.0,36.191333532333374,128.0,1.0,241584.0,806992.0,0.7696075439453125,2.0,2.0,2.0,0.4375,16.0,0.07303799866293184,0.03563736751675606,0.4577256441116333,15094.75,16.0,1.0,241584.0,120758.0,0.49985926220279486,128.0,1.0,1.0,1.0,8.546120166778564,9.510428139833002e-07,43.18209791183472,32.74072265625,36.78755044937134,248.0,0.0,73.03967785835266,,,,,,,,,,,,,,,,,
249,249.0,8.0,16.0,39.84984827041626,128.0,1.0,280407.0,768169.0,0.7325830459594727,2.0,2.0,2.0,0.59375,16.0,0.048619636415589376,0.02788221649825573,0.3688550889492035,17521.75,16.0,1.0,280407.0,140174.0,0.49989479577899265,128.0,1.0,1.0,1.0,9.919497638940811,9.506522631759902e-07,45.761146068573,34.174560546875,39.202664375305176,249.0,0.0,79.12273025512695,,,,,,,,,,,,,,,,,
250,250.0,8.0,16.0,25.30777645111084,128.0,1.0,231134.0,817442.0,0.7795734405517578,2.0,2.0,2.0,0.4453125,16.0,0.0668698711562806,0.03364413231611252,0.5370004773139954,14442.25,16.0,1.0,231134.0,115538.0,0.4998745316569609,128.0,1.0,1.0,1.0,8.176447689533234,9.502602416079695e-07,36.6562385559082,31.278564453125,34.3735134601593,250.0,0.0,276.6433358192444,,,,,,,,,,,,,,,,,
251,251.0,8.0,16.0,34.343567848205566,128.0,1.0,312704.0,735872.0,0.7017822265625,2.0,2.0,2.0,0.4609375,16.0,0.05929686188835132,0.031897976994514465,0.40024951100349426,19539.75,16.0,1.0,312704.0,156318.0,0.4998912709783054,128.0,1.0,1.0,1.0,11.062015533447266,9.498667505586506e-07,40.490450859069824,36.57421875,37.90782403945923,251.0,0.0,72.32599067687988,,,,,,,,,,,,,,,,,
252,252.0,8.0,16.0,25.52216076850891,128.0,1.0,222885.0,825691.0,0.787440299987793,2.0,2.0,2.0,0.3984375,16.0,0.06498662344458345,0.03422725573182106,0.546145498752594,13926.5,16.0,1.0,222885.0,111412.0,0.4998631581308747,128.0,1.0,1.0,1.0,7.884636372327805,9.494717913122411e-07,36.85036039352417,31.1689453125,34.79053568840027,252.0,0.0,60.37152028083801,,,,,,,,,,,,,,,,,
253,253.0,8.0,16.0,34.59190511703491,128.0,1.0,366003.0,682573.0,0.6509523391723633,2.0,2.0,2.0,0.265625,16.0,0.0707337692172017,0.03703228384256363,0.49289190769195557,22871.625,16.0,1.0,366003.0,182973.0,0.499922131785805,128.0,1.0,1.0,1.0,12.94748666882515,9.490753651577406e-07,41.44061803817749,38.0810546875,39.751062870025635,253.0,0.0,74.42959523200989,,,,,,,,,,,,,,,,,
254,254.0,8.0,16.0,21.399393796920776,128.0,1.0,273788.0,774788.0,0.7388954162597656,2.0,2.0,2.0,0.3671875,16.0,0.05455252667788627,0.028601516038179398,0.3961397111415863,17107.625,16.0,1.0,273788.0,136861.0,0.49987946878606804,128.0,1.0,1.0,1.0,9.685348153114319,9.48677473388936e-07,35.882169246673584,33.944580078125,40.41117453575134,254.0,0.0,61.8795006275177,,,,,,,,,,,,,,,,,
255,255.0,8.0,16.0,38.12358379364014,128.0,1.0,322456.0,726120.0,0.6924819946289062,2.0,2.0,2.0,0.5546875,16.0,0.049698887631193574,0.027101952582597733,0.35727250576019287,20149.375,16.0,1.0,322456.0,161195.0,0.4998976604560002,128.0,1.0,1.0,1.0,11.406996011734009,9.482781173043974e-07,45.56146049499512,37.01611328125,40.7420928478241,255.0,0.0,78.94075965881348,,,,,,,,,,,,,,,,,
256,256.0,8.0,16.0,30.909579038619995,128.0,1.0,312283.0,736293.0,0.702183723449707,2.0,2.0,2.0,0.4296875,16.0,0.05355601862907596,0.026848161593079567,0.36337605118751526,19513.5,16.0,1.0,312283.0,156108.0,0.49989272550859315,128.0,1.0,1.0,1.0,11.04712250828743,9.478772982074739e-07,42.078436851501465,35.947265625,39.38692283630371,256.0,0.0,70.36986136436462,,,,,,,,,,,,,,,,,
257,257.0,8.0,16.0,25.488786935806274,128.0,1.0,198501.0,850075.0,0.810694694519043,2.0,2.0,2.0,0.4296875,16.0,0.0642467257991256,0.029386227950453758,0.5977391004562378,12402.375,16.0,1.0,198501.0,99219.0,0.49984131062312026,128.0,1.0,1.0,1.0,7.02204367518425,9.474750174062896e-07,39.28175640106201,29.737548828125,34.97273826599121,257.0,0.0,60.51529812812805,,,,,,,,,,,,,,,,,
258,258.0,8.0,16.0,32.831560134887695,128.0,1.0,261493.0,787083.0,0.7506208419799805,2.0,2.0,2.0,0.3125,16.0,0.0784629883877656,0.0420009009540081,0.5128702521324158,16339.5,16.0,1.0,261493.0,130716.0,0.499883362078526,128.0,1.0,1.0,1.0,9.2504081428051,9.470712762137386e-07,38.6778769493103,33.278564453125,37.04353880882263,258.0,0.0,69.94367575645447,,,,,,,,,,,,,,,,,
259,259.0,8.0,16.0,40.44249987602234,128.0,1.0,250213.0,798363.0,0.761378288269043,2.0,2.0,2.0,0.3203125,16.0,0.06865012193444536,0.03458031266927719,0.4862198829650879,15634.375,16.0,1.0,250213.0,125075.0,0.49987410726061393,128.0,1.0,1.0,1.0,8.851374119520187,9.466660759474815e-07,42.452495098114014,32.535888671875,35.256998777389526,259.0,0.0,75.76137518882751,,,,,,,,,,,,,,,,,
260,260.0,8.0,16.0,41.10050559043884,128.0,1.0,364055.0,684521.0,0.6528100967407227,2.0,2.0,2.0,0.265625,16.0,0.059567894931669294,0.03356863558292389,0.6121498942375183,22749.75,16.0,1.0,364055.0,181998.0,0.4999189682877587,128.0,1.0,1.0,1.0,12.878575474023819,9.462594179299405e-07,54.53737688064575,39.3798828125,43.132184743881226,260.0,0.0,84.33408713340759,,,,,,,,,,,,,,,,,
261,261.0,8.0,16.0,40.07071137428284,128.0,1.0,210662.0,837914.0,0.7990970611572266,2.0,2.0,2.0,0.546875,16.0,0.05687072775645029,0.028126493096351624,0.4846614897251129,13162.375,16.0,1.0,210662.0,105299.0,0.49984809790090284,128.0,1.0,1.0,1.0,7.452243387699127,9.458513034882957e-07,44.03008413314819,30.521240234375,35.707093477249146,261.0,0.0,75.83396553993225,,,,,,,,,,,,,,,,,
262,262.0,8.0,16.0,32.465518951416016,128.0,1.0,284003.0,764573.0,0.7291536331176758,2.0,2.0,2.0,0.3671875,16.0,0.06472637865420239,0.0334482416510582,0.44233646988868713,17746.0,16.0,1.0,284003.0,141968.0,0.4998820434995405,128.0,1.0,1.0,1.0,10.046707421541214,9.454417339544803e-07,39.31800651550293,34.470458984375,37.39311504364014,262.0,0.0,69.93490362167358,,,,,,,,,,,,,,,,,
263,263.0,8.0,16.0,22.49984383583069,128.0,1.0,221966.0,826610.0,0.7883167266845703,2.0,2.0,2.0,0.34375,16.0,0.07835792104109612,0.04273638874292374,0.5666962265968323,13868.875,16.0,1.0,221966.0,110951.0,0.4998558337763441,128.0,1.0,1.0,1.0,7.85212641954422,9.450307106651762e-07,34.12506628036499,31.1982421875,33.81585359573364,263.0,0.0,56.372870206832886,,,,,,,,,,,,,,,,,
264,264.0,8.0,16.0,28.20244073867798,128.0,1.0,196700.0,851876.0,0.8124122619628906,2.0,2.0,2.0,0.2109375,16.0,0.07523812567163257,0.035674843937158585,0.6879967451095581,12289.25,16.0,1.0,196700.0,98314.0,0.49981698017285203,128.0,1.0,1.0,1.0,6.958332657814026,9.446182349618099e-07,36.93234825134277,29.93798828125,33.796032428741455,264.0,0.0,62.04849648475647,,,,,,,,,,,,,,,,,
265,265.0,8.0,16.0,24.680201768875122,128.0,1.0,251339.0,797237.0,0.7603044509887695,2.0,2.0,2.0,0.2578125,16.0,0.0557187812884506,0.029232624918222427,0.4771393835544586,15704.875,16.0,1.0,251339.0,125639.0,0.4998786499508632,128.0,1.0,1.0,1.0,8.89120677113533,9.442043081905482e-07,34.97306203842163,32.69775390625,34.67225456237793,265.0,0.0,59.412787199020386,,,,,,,,,,,,,,,,,
266,266.0,8.0,16.0,26.008078813552856,128.0,1.0,244780.0,803796.0,0.7665596008300781,2.0,2.0,2.0,0.546875,16.0,0.0490739799272494,0.023926183581352234,0.4338218569755554,15294.75,16.0,1.0,244780.0,122358.0,0.49986927036522594,128.0,1.0,1.0,1.0,8.65917980670929,9.437889317022934e-07,34.04587364196777,32.6142578125,35.250630140304565,266.0,0.0,61.31721067428589,,,,,,,,,,,,,,,,,
267,267.0,8.0,16.0,29.44465184211731,128.0,1.0,236304.0,812272.0,0.7746429443359375,2.0,2.0,2.0,0.296875,16.0,0.06900088640327348,0.030088873580098152,0.5633208155632019,14764.5,16.0,1.0,236304.0,118116.0,0.49984765386959173,128.0,1.0,1.0,1.0,8.359338283538818,9.433721068526792e-07,39.23814344406128,31.713623046875,35.41848134994507,267.0,0.0,64.92170929908752,,,,,,,,,,,,,,,,,
268,268.0,8.0,16.0,24.895284175872803,128.0,1.0,254504.0,794072.0,0.7572860717773438,2.0,2.0,2.0,0.4140625,16.0,0.07307409101328786,0.03423593193292618,0.72658771276474,15902.5,16.0,1.0,254504.0,127220.0,0.4998742652374815,128.0,1.0,1.0,1.0,9.003169775009155,9.429538350020665e-07,35.84661817550659,32.846923828125,35.261512994766235,268.0,0.0,60.22144937515259,,,,,,,,,,,,,,,,,
269,269.0,8.0,16.0,39.41843509674072,128.0,1.0,252384.0,796192.0,0.759307861328125,2.0,2.0,2.0,0.3203125,16.0,0.06342665173663031,0.030414676293730736,0.7825950384140015,15770.375,16.0,1.0,252384.0,126163.0,0.49988509572714596,128.0,1.0,1.0,1.0,8.928174018859863,9.425341175155381e-07,48.95507574081421,32.7978515625,36.69256091117859,269.0,0.0,76.18355393409729,,,,,,,,,,,,,,,,,
270,270.0,8.0,16.0,19.645644426345825,128.0,1.0,228968.0,819608.0,0.7816390991210938,2.0,2.0,2.0,0.390625,16.0,0.06620629020729542,0.0316576324403286,0.5764766931533813,14306.375,16.0,1.0,228968.0,114451.0,0.4998558750567765,128.0,1.0,1.0,1.0,8.099824666976929,9.421129557628955e-07,33.86108732223511,31.454833984375,34.011821031570435,270.0,0.0,53.71797156333923,,,,,,,,,,,,,,,,,
271,271.0,8.0,16.0,31.94148588180542,128.0,1.0,218605.0,829971.0,0.7915220260620117,2.0,2.0,2.0,0.359375,16.0,0.05707015692763242,0.028689170256257057,0.49732518196105957,13658.125,16.0,1.0,218605.0,109265.0,0.4998284577205462,128.0,1.0,1.0,1.0,7.733229845762253,9.416903511186533e-07,39.65013074874878,31.00732421875,34.71644139289856,271.0,0.0,66.71458029747009,,,,,,,,,,,,,,,,,
272,272.0,8.0,16.0,40.83794856071472,128.0,1.0,334902.0,713674.0,0.6806125640869141,2.0,2.0,2.0,0.4375,16.0,0.06540195014926843,0.03570407256484032,0.48571065068244934,20927.125,16.0,1.0,334902.0,167417.0,0.49989847776364427,128.0,1.0,1.0,1.0,11.847277700901031,9.412663049620351e-07,44.21572542190552,38.098388671875,43.370850563049316,272.0,0.0,84.28948903083801,,,,,,,,,,,,,,,,,
273,273.0,8.0,16.0,24.86772871017456,128.0,1.0,292515.0,756061.0,0.7210359573364258,2.0,2.0,2.0,0.7578125,16.0,0.04362603333796883,0.022938864305615425,0.3280348777770996,18277.75,16.0,1.0,292515.0,146222.0,0.49987863870228877,128.0,1.0,1.0,1.0,10.347822457551956,9.408408186769693e-07,34.952396869659424,34.491943359375,35.82672071456909,273.0,0.0,60.76398992538452,,,,,,,,,,,,,,,,,
274,274.0,8.0,16.0,33.613672971725464,128.0,1.0,248936.0,799640.0,0.7625961303710938,2.0,2.0,2.0,0.2734375,16.0,0.06489661081480771,0.03074311465024948,0.4718720018863678,15554.625,16.0,1.0,248936.0,124437.0,0.49987547000032134,128.0,1.0,1.0,1.0,8.806199789047241,9.404138936520842e-07,37.56086206436157,33.11279296875,35.9245343208313,274.0,0.0,69.60710787773132,,,,,,,,,,,,,,,,,
275,275.0,8.0,16.0,23.45543146133423,128.0,1.0,194425.0,854151.0,0.8145818710327148,2.0,2.0,2.0,0.640625,16.0,0.051066438400169674,0.025539295747876167,0.5111581683158875,12147.75,16.0,1.0,194425.0,97182.0,0.49984312716985985,128.0,1.0,1.0,1.0,6.877853721380234,9.399855312807039e-07,37.728572845458984,29.53564453125,34.53574323654175,275.0,0.0,58.04485034942627,,,,,,,,,,,,,,,,,
276,276.0,8.0,16.0,39.35870885848999,128.0,1.0,254869.0,793707.0,0.7569379806518555,2.0,2.0,2.0,0.6171875,16.0,0.06129420683436235,0.02853388339281082,0.5695574879646301,15924.75,16.0,1.0,254869.0,127398.0,0.4998567891740463,128.0,1.0,1.0,1.0,9.016081780195236,9.395557329608431e-07,46.65802621841431,32.959716796875,37.22671055793762,276.0,0.0,76.65014481544495,,,,,,,,,,,,,,,,,
277,277.0,8.0,16.0,23.20322895050049,128.0,1.0,240129.0,808447.0,0.7709951400756836,2.0,2.0,2.0,0.453125,16.0,0.06524026451617948,0.031972672790288925,0.5286197662353516,15003.75,16.0,1.0,240129.0,120030.0,0.49985632722411705,128.0,1.0,1.0,1.0,8.494649022817612,9.391245000952029e-07,34.517337799072266,32.24072265625,34.1436722278595,277.0,0.0,57.406134843826294,,,,,,,,,,,,,,,,,
278,278.0,8.0,16.0,34.452762603759766,128.0,1.0,280986.0,767590.0,0.7320308685302734,2.0,2.0,2.0,0.3671875,16.0,0.061258192033213615,0.030143409967422485,0.46407848596572876,17557.75,16.0,1.0,280986.0,140462.0,0.49988967421864433,128.0,1.0,1.0,1.0,9.93997997045517,9.386918340911663e-07,41.102012157440186,34.8896484375,38.6289176940918,278.0,0.0,73.16534543037415,,,,,,,,,,,,,,,,,
279,279.0,8.0,16.0,41.02140259742737,128.0,1.0,322660.0,725916.0,0.6922874450683594,2.0,2.0,2.0,0.3984375,16.0,0.057515424621190206,0.03148416057229042,0.3531453311443329,20162.0,16.0,1.0,322660.0,161296.0,0.49989462592202316,128.0,1.0,1.0,1.0,11.414212584495544,9.382577363607938e-07,50.15333366394043,36.142333984375,39.797919511795044,279.0,0.0,80.89852905273438,,,,,,,,,,,,,,,,,
280,280.0,8.0,16.0,19.780857801437378,128.0,1.0,192042.0,856534.0,0.8168544769287109,2.0,2.0,2.0,0.5703125,16.0,0.05944650190380903,0.0313509926199913,0.5323450565338135,11999.0,16.0,1.0,192042.0,95992.0,0.49984899136647193,128.0,1.0,1.0,1.0,6.793554246425629,9.378222083208183e-07,30.750529766082764,29.90478515625,32.89479732513428,280.0,0.0,52.72745442390442,,,,,,,,,,,,,,,,,
281,281.0,8.0,16.0,30.53734803199768,128.0,1.0,331183.0,717393.0,0.6841592788696289,2.0,2.0,2.0,0.265625,16.0,0.06382379670331301,0.03416464477777481,0.38287779688835144,20695.0,16.0,1.0,331183.0,165560.0,0.49990488642231035,128.0,1.0,1.0,1.0,11.715716749429703,9.373852513926406e-07,44.19666528701782,37.050537109375,40.74500274658203,281.0,0.0,71.36113953590393,,,,,,,,,,,,,,,,,
282,282.0,8.0,16.0,38.344783306121826,128.0,1.0,265788.0,782788.0,0.7465248107910156,2.0,2.0,2.0,0.5078125,16.0,0.06910225488242683,0.03667844459414482,0.45238909125328064,16606.875,16.0,1.0,265788.0,132855.0,0.49985326651316087,128.0,1.0,1.0,1.0,9.402345299720764,9.369468670023247e-07,46.89696741104126,33.092529296875,37.31551694869995,282.0,0.0,75.72612953186035,,,,,,,,,,,,,,,,,
283,283.0,8.0,16.0,39.3745059967041,128.0,1.0,245186.0,803390.0,0.7661724090576172,2.0,2.0,2.0,0.46875,16.0,0.05606372836380167,0.02647765912115574,0.7885500192642212,15319.625,16.0,1.0,245186.0,122557.0,0.4998531726933838,128.0,1.0,1.0,1.0,8.673542201519012,9.36507056580594e-07,38.319077491760254,33.473876953125,36.208680391311646,283.0,0.0,75.65480875968933,,,,,,,,,,,,,,,,,
284,284.0,8.0,16.0,40.27515244483948,128.0,1.0,251975.0,796601.0,0.7596979141235352,2.0,2.0,2.0,0.4140625,16.0,0.057215919843365666,0.023362040519714355,0.5014073848724365,15745.25,16.0,1.0,251975.0,125962.0,0.4998987994840758,128.0,1.0,1.0,1.0,8.913705497980118,9.360658215628254e-07,48.42904996871948,33.4052734375,39.38642978668213,284.0,0.0,79.7288544178009,,,,,,,,,,,,,,,,,
285,285.0,8.0,16.0,25.96071219444275,128.0,1.0,194083.0,854493.0,0.8149080276489258,2.0,2.0,2.0,0.5625,16.0,0.05658551556119538,0.028369350358843803,0.5563809275627136,12125.75,16.0,1.0,194083.0,97006.0,0.49981708856520146,128.0,1.0,1.0,1.0,6.865755349397659,9.356231633890449e-07,35.01938438415527,29.808837890625,34.17643618583679,285.0,0.0,60.18741154670715,,,,,,,,,,,,,,,,,
286,286.0,8.0,16.0,34.45498538017273,128.0,1.0,260609.0,787967.0,0.7514638900756836,2.0,2.0,2.0,0.3984375,16.0,0.07036413947620042,0.038868244737386703,0.6272265315055847,16284.5,16.0,1.0,260609.0,130276.0,0.4998906407683541,128.0,1.0,1.0,1.0,9.219136327505112,9.351790835039239e-07,41.511606216430664,32.74365234375,37.43302917480469,286.0,0.0,71.9532687664032,,,,,,,,,,,,,,,,,
287,287.0,8.0,16.0,29.477667093276978,128.0,1.0,322872.0,725704.0,0.6920852661132812,2.0,2.0,2.0,0.1953125,16.0,0.052146373371000615,0.029004881158471107,0.44077619910240173,20175.375,16.0,1.0,322872.0,161403.0,0.499897792313982,128.0,1.0,1.0,1.0,11.421712160110474,9.347335833567731e-07,42.406715393066406,36.283935546875,38.01020693778992,287.0,0.0,67.57144474983215,,,,,,,,,,,,,,,,,
288,288.0,8.0,16.0,39.39469528198242,128.0,1.0,268101.0,780475.0,0.744318962097168,2.0,2.0,2.0,0.4765625,16.0,0.06628940072015804,0.035112619400024414,0.6192604899406433,16752.0,16.0,1.0,268101.0,134016.0,0.49987131715286404,128.0,1.0,1.0,1.0,9.484168499708176,9.342866644015386e-07,46.17561149597168,33.788818359375,37.62904167175293,288.0,0.0,77.0907232761383,,,,,,,,,,,,,,,,,
289,289.0,8.0,16.0,26.63702082633972,128.0,1.0,244471.0,804105.0,0.7668542861938477,2.0,2.0,2.0,0.578125,16.0,0.05955522987762531,0.029372135177254677,0.603352963924408,15274.625,16.0,1.0,244471.0,122197.0,0.4998425171083687,128.0,1.0,1.0,1.0,8.648248821496964,9.338383280967971e-07,38.98901891708374,32.34521484375,36.49833559989929,289.0,0.0,63.198254346847534,,,,,,,,,,,,,,,,,
290,290.0,8.0,16.0,34.88564109802246,128.0,1.0,244966.0,803610.0,0.7663822174072266,2.0,2.0,2.0,0.296875,16.0,0.06671841662136124,0.03530354052782059,0.5940921902656555,15307.25,16.0,1.0,244966.0,122458.0,0.4998979450209417,128.0,1.0,1.0,1.0,8.66575962305069,9.333885759057508e-07,44.52164649963379,32.503662109375,36.128387212753296,290.0,0.0,71.07525420188904,,,,,,,,,,,,,,,,,
291,291.0,8.0,16.0,16.30816960334778,128.0,1.0,180541.0,868035.0,0.8278226852416992,2.0,2.0,2.0,0.5703125,16.0,0.0792684325200938,0.034655239433050156,0.6244596838951111,11279.25,16.0,1.0,180541.0,90234.0,0.4997978298558222,128.0,1.0,1.0,1.0,6.38670226931572,9.32937409296223e-07,31.819580078125,28.74951171875,32.70327138900757,291.0,0.0,49.06420564651489,,,,,,,,,,,,,,,,,
292,292.0,8.0,16.0,28.759392499923706,128.0,1.0,288453.0,760123.0,0.724909782409668,2.0,2.0,2.0,0.4140625,16.0,0.06294982815754534,0.02936497889459133,0.49638304114341736,18024.0,16.0,1.0,288453.0,144192.0,0.4998803964597352,128.0,1.0,1.0,1.0,10.204127758741379,9.32484829740653e-07,39.351253509521484,34.491455078125,37.628350257873535,292.0,0.0,66.46546578407288,,,,,,,,,,,,,,,,,
293,293.0,8.0,16.0,35.88139843940735,128.0,1.0,273306.0,775270.0,0.7393550872802734,2.0,2.0,2.0,0.421875,16.0,0.07573643447708162,0.03594832867383957,0.5009309649467468,17077.75,16.0,1.0,273306.0,136622.0,0.499886574023256,128.0,1.0,1.0,1.0,9.668297231197357,9.320308387160915e-07,41.808714866638184,33.591064453125,37.010640144348145,293.0,0.0,72.96138453483582,,,,,,,,,,,,,,,,,
294,294.0,8.0,16.0,36.76175594329834,128.0,1.0,305364.0,743212.0,0.7087821960449219,2.0,2.0,2.0,0.5546875,16.0,0.04594656125434024,0.023673437535762787,0.5075942277908325,19081.5,16.0,1.0,305364.0,152652.0,0.49990175659213265,128.0,1.0,1.0,1.0,10.80236041545868,9.315754377041955e-07,45.60935020446777,36.126953125,38.41582465171814,294.0,0.0,75.26613759994507,,,,,,,,,,,,,,,,,
295,295.0,8.0,16.0,33.31360173225403,128.0,1.0,302835.0,745741.0,0.7111940383911133,2.0,2.0,2.0,0.375,16.0,0.05422094374238964,0.03110506758093834,0.4014112651348114,18923.625,16.0,1.0,302835.0,151389.0,0.4999058893456833,128.0,1.0,1.0,1.0,10.712896138429642,9.311186281912242e-07,44.23412084579468,35.351318359375,38.95141673088074,295.0,0.0,72.34543657302856,,,,,,,,,,,,,,,,,
296,296.0,8.0,16.0,30.163397312164307,128.0,1.0,282400.0,766176.0,0.730682373046875,2.0,2.0,2.0,0.4921875,16.0,0.05309736973653312,0.02758686989545822,0.3984100818634033,17646.5,16.0,1.0,282400.0,141172.0,0.4999008498583569,128.0,1.0,1.0,1.0,9.99000072479248,9.30660411668033e-07,38.61007308959961,34.39208984375,36.66444110870361,296.0,0.0,66.90256333351135,,,,,,,,,,,,,,,,,
297,297.0,8.0,16.0,22.00909185409546,128.0,1.0,257264.0,791312.0,0.7546539306640625,2.0,2.0,2.0,0.390625,16.0,0.05474054364779841,0.028337731957435608,0.4927304685115814,16075.25,16.0,1.0,257264.0,128602.0,0.49988338827041484,128.0,1.0,1.0,1.0,9.100805759429932,9.302007896300697e-07,35.16824293136597,32.706787109375,35.06114387512207,297.0,0.0,57.154664516448975,,,,,,,,,,,,,,,,,
298,298.0,8.0,16.0,24.305904865264893,128.0,1.0,182677.0,865899.0,0.8257856369018555,2.0,2.0,2.0,0.375,16.0,0.0684740659854948,0.031472526490688324,0.6218387484550476,11414.25,16.0,1.0,182677.0,91314.0,0.4998658834992911,128.0,1.0,1.0,1.0,6.462264031171799,9.297397635773687e-07,31.80707597732544,29.806640625,36.69387149810791,298.0,0.0,61.057186126708984,,,,,,,,,,,,,,,,,
299,299.0,8.0,16.0,28.399039268493652,128.0,1.0,282823.0,765753.0,0.7302789688110352,2.0,2.0,2.0,0.578125,16.0,0.04635388818836929,0.026678835973143578,0.43088218569755554,17672.5,16.0,1.0,282823.0,141380.0,0.49988862291963526,128.0,1.0,1.0,1.0,10.004964500665665,9.292773350145474e-07,39.272915840148926,34.692138671875,37.29903531074524,299.0,0.0,65.77544498443604,,,,,,,,,,,,,,,,,
300,300.0,8.0,16.0,39.40134143829346,128.0,1.0,334523.0,714053.0,0.680974006652832,2.0,2.0,2.0,0.2890625,16.0,0.05306191031225172,0.03341842070221901,0.35264718532562256,20903.375,16.0,1.0,334523.0,167227.0,0.49989686807783024,128.0,1.0,1.0,1.0,11.833870440721512,9.288135054507995e-07,50.84459686279297,36.82373046875,42.768341064453125,300.0,0.0,306.08909487724304,,,,,,,,,,,,,,,,,
301,301.0,8.0,16.0,25.057063102722168,128.0,1.0,183494.0,865082.0,0.8250064849853516,2.0,2.0,2.0,0.578125,16.0,0.07039282141238852,0.03338028863072395,0.5712097883224487,11464.75,16.0,1.0,183494.0,91718.0,0.49984195668523224,128.0,1.0,1.0,1.0,6.4911656975746155,9.283482763998915e-07,31.367076873779297,29.576904296875,34.619890451431274,301.0,0.0,59.729795932769775,,,,,,,,,,,,,,,,,
302,302.0,8.0,16.0,32.403910398483276,128.0,1.0,250325.0,798251.0,0.7612714767456055,2.0,2.0,2.0,0.4375,16.0,0.06778233732073949,0.03405270352959633,0.4861975610256195,15640.875,16.0,1.0,250325.0,125127.0,0.4998581843603316,128.0,1.0,1.0,1.0,8.855336159467697,9.278816493801578e-07,40.77768087387085,32.75830078125,36.04142451286316,302.0,0.0,68.5093822479248,,,,,,,,,,,,,,,,,
303,303.0,8.0,16.0,40.48233771324158,128.0,1.0,297737.0,750839.0,0.7160558700561523,2.0,2.0,2.0,0.453125,16.0,0.064223689728429,0.032160233706235886,0.4454551339149475,18604.25,16.0,1.0,297737.0,148834.0,0.49988412592321413,128.0,1.0,1.0,1.0,10.532552570104599,9.274136259144941e-07,45.747437477111816,35.151611328125,39.666940212249756,303.0,0.0,80.22370672225952,,,,,,,,,,,,,,,,,
304,304.0,8.0,16.0,39.4281210899353,128.0,1.0,340299.0,708277.0,0.6754655838012695,2.0,2.0,2.0,0.2890625,16.0,0.057788932726938774,0.03174740448594093,0.41241079568862915,21264.25,16.0,1.0,340299.0,170114.0,0.4998956799755509,128.0,1.0,1.0,1.0,12.038198500871658,9.269442075303548e-07,42.3307523727417,37.609375,40.117151737213135,304.0,0.0,79.634202003479,,,,,,,,,,,,,,,,,
305,305.0,8.0,16.0,28.308732271194458,128.0,1.0,279017.0,769559.0,0.7339086532592773,2.0,2.0,2.0,0.421875,16.0,0.05039923372764896,0.025464627891778946,0.43278127908706665,17434.625,16.0,1.0,279017.0,139477.0,0.4998871036531824,128.0,1.0,1.0,1.0,9.870325893163681,9.264733957597457e-07,40.778281688690186,34.34033203125,36.90518522262573,305.0,0.0,65.28789234161377,,,,,,,,,,,,,,,,,
306,306.0,8.0,16.0,39.9113245010376,128.0,1.0,305025.0,743551.0,0.7091054916381836,2.0,2.0,2.0,0.3828125,16.0,0.05257380638114721,0.0294315367937088,0.4583176076412201,19060.0,16.0,1.0,305025.0,152480.0,0.4998934513564462,128.0,1.0,1.0,1.0,10.790368169546127,9.26001192139221e-07,49.572611808776855,35.79638671875,41.473089933395386,306.0,0.0,81.4616219997406,,,,,,,,,,,,,,,,,
307,307.0,8.0,16.0,25.59361481666565,128.0,1.0,235088.0,813488.0,0.7758026123046875,2.0,2.0,2.0,0.3671875,16.0,0.06488050312745007,0.03533932566642761,0.5546149611473083,14689.375,16.0,1.0,235088.0,117515.0,0.499876641938338,128.0,1.0,1.0,1.0,8.316321849822998,9.255275982098769e-07,38.43284749984741,31.322509765625,34.98046350479126,307.0,0.0,60.63986349105835,,,,,,,,,,,,,,,,,
308,308.0,8.0,16.0,39.20899796485901,128.0,1.0,237773.0,810803.0,0.7732419967651367,2.0,2.0,2.0,0.3671875,16.0,0.0681163669707282,0.03760142624378204,0.5863903760910034,14856.625,16.0,1.0,237773.0,118853.0,0.4998591093185517,128.0,1.0,1.0,1.0,8.41130468249321,9.250526155173472e-07,42.11648082733154,32.48046875,36.17164325714111,308.0,0.0,75.45537114143372,,,,,,,,,,,,,,,,,
309,309.0,8.0,16.0,23.127314567565918,128.0,1.0,186842.0,861734.0,0.8218135833740234,2.0,2.0,2.0,0.7734375,16.0,0.05784177295771286,0.026301957666873932,0.4729934334754944,11674.0,16.0,1.0,186842.0,93392.0,0.49984478864495135,128.0,1.0,1.0,1.0,6.609602391719818,9.245762456117978e-07,30.67623472213745,29.596435546875,33.720558166503906,309.0,0.0,56.90212321281433,,,,,,,,,,,,,,,,,
310,310.0,8.0,16.0,40.54729747772217,128.0,1.0,316904.0,731672.0,0.6977767944335938,2.0,2.0,2.0,0.390625,16.0,0.05441963522817632,0.029519014060497284,0.5182065367698669,19802.375,16.0,1.0,316904.0,158419.0,0.49989586751823895,128.0,1.0,1.0,1.0,11.210592031478882,9.240984900479224e-07,44.09967803955078,36.3837890625,38.03444957733154,310.0,0.0,78.66545820236206,,,,,,,,,,,,,,,,,
311,311.0,8.0,16.0,29.488314628601074,128.0,1.0,208903.0,839673.0,0.8007745742797852,2.0,2.0,2.0,0.546875,16.0,0.05993512231308285,0.027721058577299118,0.6331380605697632,13052.625,16.0,1.0,208903.0,104421.0,0.49985399922452045,128.0,1.0,1.0,1.0,7.390018135309219,9.236193503849368e-07,39.5478892326355,30.287841796875,33.29348134994507,311.0,0.0,62.842937707901,,,,,,,,,,,,,,,,,
312,312.0,8.0,16.0,33.43619179725647,128.0,1.0,266368.0,782208.0,0.7459716796875,2.0,2.0,2.0,0.4375,16.0,0.06723283418818296,0.034899063408374786,0.5111395120620728,16643.75,16.0,1.0,266368.0,133150.0,0.4998723570398847,128.0,1.0,1.0,1.0,9.422863006591797,9.231388281865738e-07,45.94819688796997,33.592529296875,40.6972770690918,312.0,0.0,74.22082042694092,,,,,,,,,,,,,,,,,
313,313.0,8.0,16.0,40.11506366729736,128.0,1.0,216372.0,832204.0,0.7936515808105469,2.0,2.0,2.0,0.5625,16.0,0.05485402057410553,0.026452746242284775,0.47864264249801636,13518.875,16.0,1.0,216372.0,108151.0,0.49983824154696543,128.0,1.0,1.0,1.0,7.654236674308777,9.226569250210783e-07,40.69369649887085,31.570556640625,36.182332038879395,313.0,0.0,76.3573670387268,,,,,,,,,,,,,,,,,
314,314.0,8.0,16.0,39.532246112823486,128.0,1.0,217660.0,830916.0,0.7924232482910156,2.0,2.0,2.0,0.375,16.0,0.061380168107271336,0.029682205989956856,0.5697060823440552,13599.625,16.0,1.0,217660.0,108797.0,0.49984838739318205,128.0,1.0,1.0,1.0,7.699800133705139,9.221736424612027e-07,44.10191297531128,31.3837890625,35.460673332214355,314.0,0.0,75.06162858009338,,,,,,,,,,,,,,,,,
315,315.0,8.0,16.0,24.21834421157837,128.0,1.0,216728.0,831848.0,0.7933120727539062,2.0,2.0,2.0,0.5078125,16.0,0.05936575480686758,0.025840258225798607,0.5417931079864502,13541.5,16.0,1.0,216728.0,108332.0,0.4998523494887601,128.0,1.0,1.0,1.0,7.66683030128479,9.216889820842004e-07,35.05649423599243,31.029541015625,35.415274143218994,315.0,0.0,59.69139575958252,,,,,,,,,,,,,,,,,
316,316.0,8.0,16.0,20.172420263290405,128.0,1.0,235240.0,813336.0,0.7756576538085938,2.0,2.0,2.0,0.3671875,16.0,0.06142561967157633,0.03025776706635952,0.526364266872406,14698.75,16.0,1.0,235240.0,117590.0,0.4998724706682537,128.0,1.0,1.0,1.0,8.321698904037476,9.212029454718223e-07,35.33108329772949,31.916015625,35.040297985076904,316.0,0.0,55.284873485565186,,,,,,,,,,,,,,,,,
317,317.0,8.0,16.0,36.75879120826721,128.0,1.0,269432.0,779144.0,0.7430496215820312,2.0,2.0,2.0,0.328125,16.0,0.05652286543042427,0.031541939824819565,0.5090444087982178,16836.0,16.0,1.0,269432.0,134688.0,0.49989607767451527,128.0,1.0,1.0,1.0,9.531253099441528,9.207155342103101e-07,41.6510272026062,34.0009765625,36.9242730140686,317.0,0.0,73.75986886024475,,,,,,,,,,,,,,,,,
318,318.0,8.0,16.0,38.006208658218384,128.0,1.0,318713.0,729863.0,0.6960515975952148,2.0,2.0,2.0,0.3828125,16.0,0.060871147962739215,0.033999327570199966,0.4585806429386139,19915.625,16.0,1.0,318713.0,159325.0,0.4999011649979762,128.0,1.0,1.0,1.0,11.2745860517025,9.202267498903923e-07,45.36220073699951,36.526123046875,39.12821865081787,318.0,0.0,77.2332615852356,,,,,,,,,,,,,,,,,
319,319.0,8.0,16.0,22.644164323806763,128.0,1.0,198102.0,850474.0,0.8110752105712891,2.0,2.0,2.0,0.609375,16.0,0.0676701472770684,0.030960502102971077,0.5070406198501587,12378.0,16.0,1.0,198102.0,99024.0,0.4998637065754005,128.0,1.0,1.0,1.0,7.007928907871246,9.197365941072783e-07,35.16990280151367,30.260498046875,34.927734375,319.0,0.0,57.63887333869934,,,,,,,,,,,,,,,,,
320,320.0,8.0,16.0,40.81848692893982,128.0,1.0,282214.0,766362.0,0.7308597564697266,2.0,2.0,2.0,0.484375,16.0,0.06099146676235087,0.031451817601919174,0.5346461534500122,17634.625,16.0,1.0,282214.0,141077.0,0.49989369769040515,128.0,1.0,1.0,1.0,9.98342090845108,9.192450684606535e-07,47.101317405700684,34.1494140625,37.507452726364136,320.0,0.0,78.41654825210571,,,,,,,,,,,,,,,,,
321,321.0,8.0,16.0,39.56278443336487,128.0,1.0,268448.0,780128.0,0.743988037109375,2.0,2.0,2.0,0.390625,16.0,0.057256264994987184,0.029749473556876183,0.5032442212104797,16774.5,16.0,1.0,268448.0,134196.0,0.49989569674573847,128.0,1.0,1.0,1.0,9.496443748474121,9.187521745546744e-07,43.68176794052124,33.55419921875,38.08480405807495,321.0,0.0,77.71568465232849,,,,,,,,,,,,,,,,,
322,322.0,8.0,16.0,28.459667921066284,128.0,1.0,217800.0,830776.0,0.7922897338867188,2.0,2.0,2.0,0.4375,16.0,0.06396386108585815,0.027984734624624252,0.6191371083259583,13608.25,16.0,1.0,217800.0,108866.0,0.4998438934802571,128.0,1.0,1.0,1.0,7.704752683639526,9.182579139979622e-07,38.80821514129639,30.708984375,33.51635384559631,322.0,0.0,62.034042835235596,,,,,,,,,,,,,,,,,
323,323.0,8.0,16.0,39.51494860649109,128.0,1.0,315413.0,733163.0,0.6991987228393555,2.0,2.0,2.0,0.4375,16.0,0.0546548126006885,0.02929735742509365,0.45219627022743225,19709.25,16.0,1.0,315413.0,157674.0,0.4998969604930678,128.0,1.0,1.0,1.0,11.157847374677658,9.177622884035992e-07,43.61038637161255,36.406005859375,38.86004853248596,323.0,0.0,78.45579195022583,,,,,,,,,,,,,,,,,
324,324.0,8.0,16.0,31.95016121864319,128.0,1.0,196540.0,852036.0,0.8125648498535156,2.0,2.0,2.0,0.671875,16.0,0.07317364819596864,0.03241954371333122,0.6315990090370178,12279.0,16.0,1.0,196540.0,98232.0,0.499806655133815,128.0,1.0,1.0,1.0,6.952672600746155,9.172652993891221e-07,33.892948150634766,30.223876953125,33.113839864730835,324.0,0.0,65.11567735671997,,,,,,,,,,,,,,,,,
325,325.0,8.0,16.0,18.09573197364807,128.0,1.0,191186.0,857390.0,0.8176708221435547,2.0,2.0,2.0,0.4375,16.0,0.0785430545701048,0.03560639172792435,0.558632493019104,11945.125,16.0,1.0,191186.0,95561.0,0.4998326237276788,128.0,1.0,1.0,1.0,6.763272941112518,9.167669485765173e-07,30.046600341796875,29.826171875,32.14324927330017,325.0,0.0,50.29263091087341,,,,,,,,,,,,,,,,,
326,326.0,8.0,16.0,26.80554461479187,128.0,1.0,245472.0,803104.0,0.765899658203125,2.0,2.0,2.0,0.296875,16.0,0.07088506743444255,0.03854294866323471,0.7501433491706848,15337.625,16.0,1.0,245472.0,122701.0,0.49985741754660407,128.0,1.0,1.0,1.0,8.683659553527832,9.162672375922161e-07,39.71392345428467,32.189208984375,35.630157470703125,326.0,0.0,62.496185064315796,,,,,,,,,,,,,,,,,
327,327.0,8.0,16.0,15.894415616989136,128.0,1.0,130541.0,918035.0,0.8755064010620117,2.0,2.0,2.0,0.6171875,16.0,0.06641221376358147,0.02336709573864937,0.6639741659164429,8154.25,16.0,1.0,130541.0,65234.0,0.49972039435886045,128.0,1.0,1.0,1.0,4.617934435606003,9.157661680670883e-07,28.560177326202393,26.544677734375,31.718347787857056,327.0,0.0,47.65022921562195,,,,,,,,,,,,,,,,,
328,328.0,8.0,16.0,36.13245964050293,128.0,1.0,348754.0,699822.0,0.6674022674560547,2.0,2.0,2.0,0.3984375,16.0,0.04426571571658711,0.023861870169639587,0.46910008788108826,21792.75,16.0,1.0,348754.0,174342.0,0.4998996427281121,128.0,1.0,1.0,1.0,12.337297141551971,9.152637416364379e-07,44.55985498428345,38.053466796875,39.84435510635376,328.0,0.0,76.06299257278442,,,,,,,,,,,,,,,,,
329,329.0,8.0,16.0,39.531373500823975,128.0,1.0,382329.0,666247.0,0.6353826522827148,2.0,2.0,2.0,0.40625,16.0,0.04567766056417595,0.022083453834056854,0.4512489140033722,23890.75,16.0,1.0,382329.0,191126.0,0.4998993013870253,128.0,1.0,1.0,1.0,13.525024741888046,9.14759959939997e-07,53.41102695465088,39.21337890625,43.94328427314758,329.0,0.0,83.5626106262207,,,,,,,,,,,,,,,,,
330,330.0,8.0,16.0,39.84154534339905,128.0,1.0,318406.0,730170.0,0.6963443756103516,2.0,2.0,2.0,0.3125,16.0,0.0603279675361672,0.03244515880942345,0.3964298367500305,19896.375,16.0,1.0,318406.0,159171.0,0.4998994993812931,128.0,1.0,1.0,1.0,11.263725817203522,9.14254824621921e-07,52.837623596191406,36.2685546875,41.41100454330444,330.0,0.0,81.33337926864624,,,,,,,,,,,,,,,,,
331,331.0,8.0,16.0,16.412840366363525,128.0,1.0,244540.0,804036.0,0.7667884826660156,2.0,2.0,2.0,0.625,16.0,0.0497084788248121,0.02157003805041313,0.5216760635375977,15279.875,16.0,1.0,244540.0,122239.0,0.4998732313731905,128.0,1.0,1.0,1.0,8.650689721107483,9.13748337330783e-07,31.07824182510376,31.79931640625,33.4278838634491,331.0,0.0,49.90379023551941,,,,,,,,,,,,,,,,,
332,332.0,8.0,16.0,38.022759199142456,128.0,1.0,266818.0,781758.0,0.7455425262451172,2.0,2.0,2.0,0.4453125,16.0,0.0575492955570169,0.02970743551850319,0.4122657775878906,16671.5,16.0,1.0,266818.0,133372.0,0.49986132869596506,128.0,1.0,1.0,1.0,9.438781917095184,9.132404997195684e-07,46.4432806968689,33.962158203125,38.93638634681702,332.0,0.0,77.04081583023071,,,,,,,,,,,,,,,,,
333,333.0,8.0,16.0,25.44468641281128,128.0,1.0,248866.0,799710.0,0.7626628875732422,2.0,2.0,2.0,0.359375,16.0,0.0599534626263628,0.030551621690392494,0.4259677827358246,15550.0,16.0,1.0,248866.0,124400.0,0.4998673985196853,128.0,1.0,1.0,1.0,8.803723514080048,9.127313134456696e-07,34.68120765686035,33.112548828125,35.513307094573975,333.0,0.0,61.02169585227966,,,,,,,,,,,,,,,,,
334,334.0,8.0,16.0,35.41731834411621,128.0,1.0,266636.0,781940.0,0.7457160949707031,2.0,2.0,2.0,0.4453125,16.0,0.05624218359451788,0.030187180265784264,0.4195215702056885,16661.125,16.0,1.0,266636.0,133289.0,0.4998912374923116,128.0,1.0,1.0,1.0,9.432343602180481,9.122207801708801e-07,44.733004570007324,33.34375,36.57100772857666,334.0,0.0,72.05628490447998,,,,,,,,,,,,,,,,,
335,335.0,8.0,16.0,25.381442546844482,128.0,1.0,215546.0,833030.0,0.7944393157958984,2.0,2.0,2.0,0.375,16.0,0.06235083569413809,0.03155221417546272,0.5853009223937988,13467.5,16.0,1.0,215546.0,107740.0,0.49984690042960667,128.0,1.0,1.0,1.0,7.625016629695892,9.117089015613903e-07,34.168057441711426,31.0009765625,34.33757472038269,335.0,0.0,59.77934551239014,,,,,,,,,,,,,,,,,
336,336.0,8.0,16.0,40.074384927749634,128.0,1.0,243028.0,805548.0,0.7682304382324219,2.0,2.0,2.0,0.53125,16.0,0.050771339728192866,0.0254529919475317,0.4463321268558502,15185.5,16.0,1.0,243028.0,121484.0,0.49987655743371134,128.0,1.0,1.0,1.0,8.597202181816101,9.111956792877807e-07,42.01158428192139,32.6171875,37.347105741500854,336.0,0.0,77.48326134681702,,,,,,,,,,,,,,,,,
337,337.0,8.0,16.0,28.641761302947998,128.0,1.0,249185.0,799391.0,0.7623586654663086,2.0,2.0,2.0,0.390625,16.0,0.05759419597089927,0.030550552532076836,0.5007895231246948,15569.75,16.0,1.0,249185.0,124558.0,0.49986154864859444,128.0,1.0,1.0,1.0,8.815008252859116,9.106811150250171e-07,38.934528827667236,32.917236328125,36.34797191619873,337.0,0.0,65.05555653572083,,,,,,,,,,,,,,,,,
338,338.0,8.0,16.0,39.678199768066406,128.0,1.0,231846.0,816730.0,0.7788944244384766,2.0,2.0,2.0,0.421875,16.0,0.05758718511222924,0.027793725952506065,0.6216434240341187,14486.25,16.0,1.0,231846.0,115890.0,0.49985766413912686,128.0,1.0,1.0,1.0,8.20163494348526,9.101652104524451e-07,46.53822374343872,31.464111328125,36.749783754348755,338.0,0.0,76.48914527893066,,,,,,,,,,,,,,,,,
339,339.0,8.0,16.0,39.53227257728577,128.0,1.0,251376.0,797200.0,0.7602691650390625,2.0,2.0,2.0,0.5078125,16.0,0.056293197485164065,0.03011837974190712,0.49096256494522095,15706.875,16.0,1.0,251376.0,125655.0,0.49986872255107884,128.0,1.0,1.0,1.0,8.892515659332275,9.096479672537847e-07,47.37315607070923,32.4599609375,37.21424746513367,339.0,0.0,76.83426427841187,,,,,,,,,,,,,,,,,
340,340.0,8.0,16.0,35.52164554595947,128.0,1.0,256580.0,791996.0,0.7553062438964844,2.0,2.0,2.0,0.421875,16.0,0.06643024899971745,0.03468084707856178,0.5064247846603394,16032.625,16.0,1.0,256580.0,128261.0,0.4998869748226674,128.0,1.0,1.0,1.0,9.076609015464783,9.091293871171244e-07,38.470022201538086,33.881591796875,37.3115119934082,340.0,0.0,72.89882493019104,,,,,,,,,,,,,,,,,
341,341.0,8.0,16.0,22.165871381759644,128.0,1.0,221242.0,827334.0,0.7890071868896484,2.0,2.0,2.0,0.578125,16.0,0.07346906546047725,0.03292097523808479,0.6703659296035767,13823.25,16.0,1.0,221242.0,110586.0,0.4998418021894577,128.0,1.0,1.0,1.0,7.826514661312103,9.086094717349163e-07,32.132901668548584,31.44970703125,33.89039444923401,341.0,0.0,56.11878037452698,,,,,,,,,,,,,,,,,
342,342.0,8.0,16.0,40.36626410484314,128.0,1.0,259448.0,789128.0,0.7525711059570312,2.0,2.0,2.0,0.390625,16.0,0.06843287081510943,0.033448390662670135,0.5471912026405334,16211.75,16.0,1.0,259448.0,129694.0,0.4998843698930036,128.0,1.0,1.0,1.0,9.178065538406372,9.0808822280397e-07,44.81713819503784,32.878662109375,36.87912726402283,342.0,0.0,77.31136345863342,,,,,,,,,,,,,,,,,
343,343.0,8.0,16.0,40.503695249557495,128.0,1.0,312194.0,736382.0,0.7022686004638672,2.0,2.0,2.0,0.3984375,16.0,0.061090660786463184,0.03112495318055153,0.38011276721954346,19508.375,16.0,1.0,312194.0,156067.0,0.4999039059046618,128.0,1.0,1.0,1.0,11.043974101543427,9.075656420254474e-07,47.888383865356445,35.470703125,38.641788959503174,343.0,0.0,79.22603178024292,,,,,,,,,,,,,,,,,
344,344.0,8.0,16.0,34.10735583305359,128.0,1.0,321955.0,726621.0,0.6929597854614258,2.0,2.0,2.0,0.296875,16.0,0.07079226374436365,0.03892803564667702,0.4267968535423279,20118.75,16.0,1.0,321955.0,160950.0,0.4999145843363203,128.0,1.0,1.0,1.0,11.389272958040237,9.070417311048568e-07,40.41369676589966,36.61328125,38.30555510520935,344.0,0.0,72.49697184562683,,,,,,,,,,,,,,,,,
345,345.0,8.0,16.0,32.70030188560486,128.0,1.0,288215.0,760361.0,0.7251367568969727,2.0,2.0,2.0,0.203125,16.0,0.05253978131874751,0.029246710240840912,0.4563111364841461,18009.5,16.0,1.0,288215.0,144076.0,0.49989070659056606,128.0,1.0,1.0,1.0,10.19570842385292,9.065164917520482e-07,41.10135078430176,34.6650390625,37.1882164478302,345.0,0.0,69.97663259506226,,,,,,,,,,,,,,,,,
346,346.0,8.0,16.0,39.51924705505371,128.0,1.0,228353.0,820223.0,0.7822256088256836,2.0,2.0,2.0,0.59375,16.0,0.045009282309106995,0.020139988511800766,0.55556720495224,14267.5,16.0,1.0,228353.0,114140.0,0.49984015975266366,128.0,1.0,1.0,1.0,8.0780688226223,9.059899256812063e-07,49.435460567474365,31.447265625,38.882901430130005,346.0,0.0,78.46178245544434,,,,,,,,,,,,,,,,,
347,347.0,8.0,16.0,26.992844343185425,128.0,1.0,260946.0,787630.0,0.7511425018310547,2.0,2.0,2.0,0.453125,16.0,0.06352310601409955,0.03171113133430481,0.49358707666397095,16305.0,16.0,1.0,260946.0,130440.0,0.4998735370536433,128.0,1.0,1.0,1.0,9.231057822704315,9.054620346108466e-07,36.01771116256714,33.072265625,35.71265697479248,347.0,0.0,62.77418565750122,,,,,,,,,,,,,,,,,
348,348.0,8.0,16.0,40.50712847709656,128.0,1.0,254510.0,794066.0,0.7572803497314453,2.0,2.0,2.0,0.515625,16.0,0.051445386012222066,0.025864649564027786,0.4585822820663452,15902.375,16.0,1.0,254510.0,127219.0,0.4998585517268477,128.0,1.0,1.0,1.0,9.0033820271492,9.04932820263808e-07,48.614333629608154,32.559814453125,37.35237097740173,348.0,0.0,77.92665147781372,,,,,,,,,,,,,,,,,
349,349.0,8.0,16.0,37.17929220199585,128.0,1.0,163458.0,885118.0,0.8441143035888672,2.0,2.0,2.0,0.4609375,16.0,0.05878223134207025,0.023135490715503693,0.6221853494644165,10212.5,16.0,1.0,163458.0,81700.0,0.49982258439476807,128.0,1.0,1.0,1.0,5.782385051250458,9.044022843672487e-07,38.763166427612305,28.6611328125,34.48121666908264,349.0,0.0,71.71665000915527,,,,,,,,,,,,,,,,,
350,350.0,8.0,16.0,35.149738788604736,128.0,1.0,328768.0,719808.0,0.68646240234375,2.0,2.0,2.0,0.2421875,16.0,0.06253014164262488,0.03576487675309181,1.003602147102356,20543.75,16.0,1.0,328768.0,164350.0,0.4998965836091104,128.0,1.0,1.0,1.0,11.630285263061523,9.038704286526399e-07,39.819825172424316,36.77734375,37.50473475456238,350.0,0.0,295.25629925727844,,,,,,,,,,,,,,,,,
351,351.0,8.0,16.0,32.295233488082886,128.0,1.0,277756.0,770820.0,0.7351112365722656,2.0,2.0,2.0,0.359375,16.0,0.04898200932227574,0.028608696535229683,0.4100511074066162,17355.75,16.0,1.0,277756.0,138846.0,0.49988479096761185,128.0,1.0,1.0,1.0,9.825717568397522,9.033372548557597e-07,42.71364068984985,33.940673828125,37.46243762969971,351.0,0.0,69.82745671272278,,,,,,,,,,,,,,,,,
352,352.0,8.0,16.0,40.407060861587524,128.0,1.0,223546.0,825030.0,0.7868099212646484,2.0,2.0,2.0,0.546875,16.0,0.05529720904143966,0.028366312384605408,0.449709415435791,13967.375,16.0,1.0,223546.0,111739.0,0.4998479060238161,128.0,1.0,1.0,1.0,7.908019483089447,9.028027647166887e-07,43.658875465393066,31.747314453125,38.33943796157837,352.0,0.0,78.8049488067627,,,,,,,,,,,,,,,,,
353,353.0,8.0,16.0,25.56914496421814,128.0,1.0,231539.0,817037.0,0.7791872024536133,2.0,2.0,2.0,0.4296875,16.0,0.06511214112182949,0.03301369026303291,0.4722720682621002,14468.125,16.0,1.0,231539.0,115745.0,0.49989418629259,128.0,1.0,1.0,1.0,8.190774708986282,9.022669599798028e-07,33.815640926361084,32.0771484375,34.37870121002197,353.0,0.0,60.009685754776,,,,,,,,,,,,,,,,,
354,354.0,8.0,16.0,15.203870058059692,128.0,1.0,221843.0,826733.0,0.7884340286254883,2.0,2.0,2.0,0.375,16.0,0.055001900554086415,0.027788393199443817,0.44836968183517456,13861.375,16.0,1.0,221843.0,110891.0,0.49986251538250026,128.0,1.0,1.0,1.0,7.847775250673294,9.017298423937688e-07,30.318196296691895,30.78125,33.90721607208252,354.0,0.0,49.16625356674194,,,,,,,,,,,,,,,,,
355,355.0,8.0,16.0,30.770781755447388,128.0,1.0,261260.0,787316.0,0.7508430480957031,2.0,2.0,2.0,0.484375,16.0,0.07183983814825197,0.033893194049596786,0.723240315914154,16325.375,16.0,1.0,261260.0,130603.0,0.4998966546735053,128.0,1.0,1.0,1.0,9.242165684700012,9.011914137115379e-07,38.117084980010986,33.735107421875,36.94014573097229,355.0,0.0,67.77860283851624,,,,,,,,,,,,,,,,,
356,356.0,8.0,16.0,28.359839916229248,128.0,1.0,206614.0,841962.0,0.8029575347900391,2.0,2.0,2.0,0.390625,16.0,0.06500327808582933,0.03013092651963234,1.1275278329849243,12909.625,16.0,1.0,206614.0,103277.0,0.49985480170753194,128.0,1.0,1.0,1.0,7.3090439438819885,9.006516756903401e-07,39.6119966506958,30.41650390625,35.57831645011902,356.0,0.0,63.991737604141235,,,,,,,,,,,,,,,,,
357,357.0,8.0,16.0,24.448616981506348,128.0,1.0,235815.0,812761.0,0.7751092910766602,2.0,2.0,2.0,0.390625,16.0,0.07617386330546376,0.036285463720560074,0.6863868236541748,14734.25,16.0,1.0,235815.0,117874.0,0.49985793948646184,128.0,1.0,1.0,1.0,8.342039734125137,9.001106300916789e-07,31.44896411895752,32.52880859375,34.59968686103821,357.0,0.0,59.11166763305664,,,,,,,,,,,,,,,,,
358,358.0,8.0,16.0,29.452415943145752,128.0,1.0,286881.0,761695.0,0.7264089584350586,2.0,2.0,2.0,0.46875,16.0,0.06366024461861464,0.03221194073557854,0.4649987518787384,17925.5,16.0,1.0,286881.0,143404.0,0.4998727695455607,128.0,1.0,1.0,1.0,10.148517698049545,8.99568278681325e-07,40.293330669403076,34.89208984375,37.307480573654175,358.0,0.0,66.83875346183777,,,,,,,,,,,,,,,,,
359,359.0,8.0,16.0,22.87215566635132,128.0,1.0,216134.0,832442.0,0.7938785552978516,2.0,2.0,2.0,0.4375,16.0,0.06265172210047046,0.030830251052975655,0.4916851818561554,13504.375,16.0,1.0,216134.0,108035.0,0.4998519437015925,128.0,1.0,1.0,1.0,7.645817339420319,8.990246232293111e-07,34.47810125350952,30.866455078125,34.04583740234375,359.0,0.0,56.97344374656677,,,,,,,,,,,,,,,,,
360,360.0,8.0,16.0,32.522778272628784,128.0,1.0,284400.0,764176.0,0.7287750244140625,2.0,2.0,2.0,0.3671875,16.0,0.0470657752657438,0.02433658018708229,0.38594478368759155,17771.75,16.0,1.0,284400.0,142174.0,0.4999085794655415,128.0,1.0,1.0,1.0,10.06075143814087,8.984796655099255e-07,42.9529767036438,34.68212890625,37.85688352584839,360.0,0.0,70.45788335800171,,,,,,,,,,,,,,,,,
361,361.0,8.0,16.0,39.57262301445007,128.0,1.0,316856.0,731720.0,0.6978225708007812,2.0,2.0,2.0,0.3125,16.0,0.0453143868472769,0.022533420473337173,0.4183724820613861,19799.375,16.0,1.0,316856.0,158395.0,0.4998958517433787,128.0,1.0,1.0,1.0,11.20889401435852,8.979334073017066e-07,49.60975217819214,36.205078125,42.03320097923279,361.0,0.0,81.67901706695557,,,,,,,,,,,,,,,,,
362,362.0,8.0,16.0,21.731287240982056,128.0,1.0,242002.0,806574.0,0.7692089080810547,2.0,2.0,2.0,0.2578125,16.0,0.06426258128012749,0.033196426928043365,0.48264431953430176,15120.625,16.0,1.0,242002.0,120965.0,0.49985124089883554,128.0,1.0,1.0,1.0,8.560907065868378,8.973858503874372e-07,32.061949729919434,32.159912109375,34.34375715255737,362.0,0.0,56.135955572128296,,,,,,,,,,,,,,,,,
363,363.0,8.0,16.0,39.6759934425354,128.0,1.0,284527.0,764049.0,0.7286539077758789,2.0,2.0,2.0,0.3671875,16.0,0.060642387142371544,0.032874833792448044,0.4925362765789032,17778.5,16.0,1.0,284527.0,142228.0,0.49987523152460045,128.0,1.0,1.0,1.0,10.065244108438492,8.968369965541388e-07,42.26139259338379,35.587646484375,39.243016481399536,363.0,0.0,78.99489498138428,,,,,,,,,,,,,,,,,
364,364.0,8.0,16.0,16.732840538024902,128.0,1.0,159766.0,888810.0,0.8476352691650391,2.0,2.0,2.0,0.5625,16.0,0.07096783433420177,0.028283344581723213,0.6089058518409729,9981.625,16.0,1.0,159766.0,79853.0,0.49981222537961767,128.0,1.0,1.0,1.0,5.651779234409332,8.962868475930652e-07,29.97275400161743,27.71435546875,32.63321495056152,364.0,0.0,49.41399264335632,,,,,,,,,,,,,,,,,
365,365.0,8.0,16.0,33.957364320755005,128.0,1.0,275946.0,772630.0,0.7368373870849609,2.0,2.0,2.0,0.4296875,16.0,0.06274011082323717,0.036657094955444336,0.4832894206047058,17242.25,16.0,1.0,275946.0,137938.0,0.49987316358997774,128.0,1.0,1.0,1.0,9.76168817281723,8.957354052996973e-07,39.63072061538696,34.751220703125,37.572932958602905,365.0,0.0,71.59868741035461,,,,,,,,,,,,,,,,,
366,366.0,8.0,16.0,26.25173592567444,128.0,1.0,240183.0,808393.0,0.7709436416625977,2.0,2.0,2.0,0.640625,16.0,0.05498541151234773,0.02972944639623165,0.41856488585472107,15007.25,16.0,1.0,240183.0,120058.0,0.49986052301786554,128.0,1.0,1.0,1.0,8.496559292078018,8.951826714737367e-07,36.563220500946045,32.60888671875,35.99090266227722,366.0,0.0,62.30490279197693,,,,,,,,,,,,,,,,,
367,367.0,8.0,16.0,18.335177183151245,128.0,1.0,196444.0,852132.0,0.8126564025878906,2.0,2.0,2.0,0.390625,16.0,0.060371277350147995,0.031426217406988144,0.5178720951080322,12274.375,16.0,1.0,196444.0,98195.0,0.49986255625012727,128.0,1.0,1.0,1.0,6.949276566505432,8.946286479191003e-07,32.290905475616455,29.843505859375,33.169711112976074,367.0,0.0,51.56087684631348,,,,,,,,,,,,,,,,,
368,368.0,8.0,16.0,39.84339904785156,128.0,1.0,347241.0,701335.0,0.6688451766967773,2.0,2.0,2.0,0.421875,16.0,0.05433412798048163,0.030164726078510284,0.4131869375705719,21698.25,16.0,1.0,347241.0,173586.0,0.4999006453730982,128.0,1.0,1.0,1.0,12.283774226903915,8.940733364439142e-07,52.41375494003296,37.487548828125,41.499725580215454,368.0,0.0,81.42892956733704,,,,,,,,,,,,,,,,,
369,369.0,8.0,16.0,31.827343225479126,128.0,1.0,233096.0,815480.0,0.7777023315429688,2.0,2.0,2.0,0.46875,16.0,0.0543850521272288,0.02655334770679474,0.6380728483200073,14564.125,16.0,1.0,233096.0,116513.0,0.49984984727322646,128.0,1.0,1.0,1.0,8.245854139328003,8.935167388605074e-07,39.93909549713135,31.742919921875,34.89060616493225,369.0,0.0,66.78349328041077,,,,,,,,,,,,,,,,,
370,370.0,8.0,16.0,23.125261068344116,128.0,1.0,267050.0,781526.0,0.7453212738037109,2.0,2.0,2.0,0.3984375,16.0,0.05444519098374211,0.02977633848786354,0.6406100392341614,16687.0,16.0,1.0,267050.0,133496.0,0.4998914061037259,128.0,1.0,1.0,1.0,9.446988999843597,8.929588569854067e-07,38.002564907073975,33.505615234375,36.42252564430237,370.0,0.0,59.61260652542114,,,,,,,,,,,,,,,,,
371,371.0,8.0,16.0,16.373451709747314,128.0,1.0,168335.0,880241.0,0.8394632339477539,2.0,2.0,2.0,0.578125,16.0,0.05766763760489667,0.029814766719937325,0.6549447774887085,10516.5,16.0,1.0,168335.0,84132.0,0.499789110998901,128.0,1.0,1.0,1.0,5.9549106657505035,8.923996926393305e-07,30.4901442527771,28.009033203125,31.662235736846924,371.0,0.0,48.082756757736206,,,,,,,,,,,,,,,,,
372,372.0,8.0,16.0,25.590407133102417,128.0,1.0,249557.0,799019.0,0.7620038986206055,2.0,2.0,2.0,0.3828125,16.0,0.06360437684749594,0.033275119960308075,0.45272743701934814,15593.125,16.0,1.0,249557.0,124745.0,0.4998657621304952,128.0,1.0,1.0,1.0,8.828167885541916,8.918392476471821e-07,36.84012794494629,32.418701171875,35.89933228492737,372.0,0.0,61.552358627319336,,,,,,,,,,,,,,,,,
373,373.0,8.0,16.0,22.07878303527832,128.0,1.0,219404.0,829172.0,0.7907600402832031,2.0,2.0,2.0,0.4609375,16.0,0.06196418010269736,0.02415456622838974,0.5070381164550781,13708.75,16.0,1.0,219404.0,109670.0,0.49985415033454267,128.0,1.0,1.0,1.0,7.761494755744934,8.912775238380448e-07,33.22221517562866,30.4853515625,33.31355404853821,373.0,0.0,55.44650936126709,,,,,,,,,,,,,,,,,
374,374.0,8.0,16.0,29.140384197235107,128.0,1.0,204945.0,843631.0,0.8045492172241211,2.0,2.0,2.0,0.5625,16.0,0.05571763222727498,0.026519207283854485,0.548893392086029,12805.375,16.0,1.0,204945.0,102443.0,0.4998560589426431,128.0,1.0,1.0,1.0,7.250002473592758,8.907145230451754e-07,37.80115222930908,31.203125,35.55686807632446,374.0,0.0,64.74966025352478,,,,,,,,,,,,,,,,,
375,375.0,8.0,16.0,39.37182903289795,128.0,1.0,258427.0,790149.0,0.753544807434082,2.0,2.0,2.0,0.21875,16.0,0.06252367673929046,0.03303094953298569,0.4756290316581726,16147.875,16.0,1.0,258427.0,129183.0,0.4998819782762637,128.0,1.0,1.0,1.0,9.14194729924202,8.90150247105998e-07,41.01045846939087,33.67578125,37.19216251373291,375.0,0.0,76.62954878807068,,,,,,,,,,,,,,,,,
376,376.0,8.0,16.0,18.735254049301147,128.0,1.0,167168.0,881408.0,0.840576171875,2.0,2.0,2.0,0.5859375,16.0,0.05812184740606983,0.02830052375793457,0.5172898173332214,10443.75,16.0,1.0,167168.0,83550.0,0.49979661179173046,128.0,1.0,1.0,1.0,5.913627624511719,8.895846978620991e-07,30.86513900756836,28.265380859375,33.13216972351074,376.0,0.0,51.91840958595276,,,,,,,,,,,,,,,,,
377,377.0,8.0,16.0,27.582091569900513,128.0,1.0,215464.0,833112.0,0.7945175170898438,2.0,2.0,2.0,0.453125,16.0,0.07060758470204012,0.03404226154088974,0.5090780258178711,13463.125,16.0,1.0,215464.0,107705.0,0.4998746890431812,128.0,1.0,1.0,1.0,7.622115850448608,8.890178771592197e-07,36.95577001571655,30.920166015625,34.282405614852905,377.0,0.0,61.93216395378113,,,,,,,,,,,,,,,,,
378,378.0,8.0,16.0,41.19983887672424,128.0,1.0,235296.0,813280.0,0.775604248046875,2.0,2.0,2.0,0.4375,16.0,0.07308500078061052,0.03829602524638176,0.671687662601471,14702.25,16.0,1.0,235296.0,117618.0,0.49987250101999187,128.0,1.0,1.0,1.0,8.32367992401123,8.884497868472513e-07,46.525290966033936,31.859619140625,36.76706147193909,378.0,0.0,78.02726650238037,,,,,,,,,,,,,,,,,
379,379.0,8.0,16.0,24.970958471298218,128.0,1.0,176055.0,872521.0,0.8321008682250977,2.0,2.0,2.0,0.5,16.0,0.0791349754103984,0.03622114285826683,0.5760778188705444,10999.5,16.0,1.0,176055.0,87996.0,0.49982107864019765,128.0,1.0,1.0,1.0,6.228008419275284,8.878804287802283e-07,34.193273067474365,28.618408203125,34.19697403907776,379.0,0.0,59.219223737716675,,,,,,,,,,,,,,,,,
380,380.0,8.0,16.0,32.03015661239624,128.0,1.0,261907.0,786669.0,0.7502260208129883,2.0,2.0,2.0,0.3828125,16.0,0.04821518981296018,0.02719959057867527,0.4797794818878174,16364.625,16.0,1.0,261907.0,130917.0,0.4998606375545518,128.0,1.0,1.0,1.0,9.265053540468216,8.873098048163229e-07,42.41782283782959,33.099853515625,37.386677503585815,380.0,0.0,69.48856043815613,,,,,,,,,,,,,,,,,
381,381.0,8.0,16.0,40.32781434059143,128.0,1.0,327780.0,720796.0,0.6874046325683594,2.0,2.0,2.0,0.140625,16.0,0.05360073118169565,0.030141638591885567,0.3628173768520355,20483.0,16.0,1.0,327780.0,163864.0,0.49992067850387456,128.0,1.0,1.0,1.0,11.59533441066742,8.867379168178387e-07,45.25056457519531,37.0966796875,39.07854771614075,381.0,0.0,79.49100017547607,,,,,,,,,,,,,,,,,
382,382.0,8.0,16.0,20.997151851654053,128.0,1.0,194232.0,854344.0,0.8147659301757812,2.0,2.0,2.0,0.703125,16.0,0.04616814034906761,0.02048911713063717,0.57036292552948,12135.75,16.0,1.0,194232.0,97086.0,0.49984554553317684,128.0,1.0,1.0,1.0,6.871026277542114,8.861647666512046e-07,29.541693210601807,29.781982421875,33.62596678733826,382.0,0.0,54.67791223526001,,,,,,,,,,,,,,,,,
383,383.0,8.0,16.0,29.49197220802307,128.0,1.0,223734.0,824842.0,0.7866306304931641,2.0,2.0,2.0,0.5234375,16.0,0.05353148755427738,0.02647419087588787,0.39446160197257996,13978.875,16.0,1.0,223734.0,111831.0,0.4998390946391697,128.0,1.0,1.0,1.0,7.914670050144196,8.855903561869687e-07,42.43337297439575,31.530517578125,36.43137717247009,383.0,0.0,65.98336625099182,,,,,,,,,,,,,,,,,
384,384.0,8.0,16.0,24.2443425655365,128.0,1.0,167437.0,881139.0,0.8403196334838867,2.0,2.0,2.0,0.6796875,16.0,0.06303867926197382,0.026691295206546783,0.6698796153068542,10461.0,16.0,1.0,167437.0,83688.0,0.4998178419345784,128.0,1.0,1.0,1.0,5.923143595457077,8.850146872997921e-07,32.38026762008667,28.4052734375,33.12954521179199,384.0,0.0,57.4208300113678,,,,,,,,,,,,,,,,,
385,385.0,8.0,16.0,40.9382221698761,128.0,1.0,304990.0,743586.0,0.7091388702392578,2.0,2.0,2.0,0.53125,16.0,0.05471343534607931,0.025396110489964485,0.499440461397171,19058.125,16.0,1.0,304990.0,152465.0,0.499901636119217,128.0,1.0,1.0,1.0,10.78913003206253,8.844377618684433e-07,48.22268581390381,36.0,39.47198438644409,385.0,0.0,80.48375988006592,,,,,,,,,,,,,,,,,
386,386.0,8.0,16.0,24.086381673812866,128.0,1.0,226632.0,821944.0,0.7838668823242188,2.0,2.0,2.0,0.6328125,16.0,0.050568453561622574,0.02719878777861595,0.41214901208877563,14160.875,16.0,1.0,226632.0,113287.0,0.49987203925306223,128.0,1.0,1.0,1.0,8.01718783378601,8.838595817757914e-07,37.13840103149414,31.37353515625,34.92534303665161,386.0,0.0,59.06785869598389,,,,,,,,,,,,,,,,,
387,387.0,8.0,16.0,18.56412696838379,128.0,1.0,222699.0,825877.0,0.7876176834106445,2.0,2.0,2.0,0.6015625,16.0,0.06508245560691607,0.03122495301067829,0.46169552206993103,13914.5,16.0,1.0,222699.0,111316.0,0.49984957274168273,128.0,1.0,1.0,1.0,7.878056555986404,8.832801489088003e-07,32.797303676605225,31.28173828125,34.699366092681885,387.0,0.0,53.31858015060425,,,,,,,,,,,,,,,,,
388,388.0,8.0,16.0,30.78235912322998,128.0,1.0,215602.0,832974.0,0.7943859100341797,2.0,2.0,2.0,0.421875,16.0,0.057966054084887614,0.030177827924489975,0.48809438943862915,13470.75,16.0,1.0,215602.0,107766.0,0.4998376638435636,128.0,1.0,1.0,1.0,7.626997649669647,8.826994651585226e-07,33.578640937805176,30.645751953125,33.223939180374146,388.0,0.0,64.06143450737,,,,,,,,,,,,,,,,,
389,389.0,8.0,16.0,28.84285044670105,128.0,1.0,230243.0,818333.0,0.7804231643676758,2.0,2.0,2.0,0.4140625,16.0,0.07593059167890603,0.03935820981860161,0.5400122404098511,14386.25,16.0,1.0,230243.0,115090.0,0.49986318802308866,128.0,1.0,1.0,1.0,8.144928246736526,8.821175324200931e-07,38.9435658454895,31.689453125,34.95479416847229,389.0,0.0,63.85575604438782,,,,,,,,,,,,,,,,,
390,390.0,8.0,16.0,24.83839726448059,128.0,1.0,214664.0,833912.0,0.7952804565429688,2.0,2.0,2.0,0.4921875,16.0,0.061316714615032214,0.031069807708263397,0.5051810145378113,13412.0,16.0,1.0,214664.0,107296.0,0.4998322960533671,128.0,1.0,1.0,1.0,7.593815565109253,8.815343525927232e-07,35.54389572143555,30.555908203125,33.84029245376587,390.0,0.0,58.735074281692505,,,,,,,,,,,,,,,,,
391,391.0,8.0,16.0,28.55338740348816,128.0,1.0,248170.0,800406.0,0.7633266448974609,2.0,2.0,2.0,0.3359375,16.0,0.05668982957478114,0.03139786422252655,0.46585389971733093,15506.875,16.0,1.0,248170.0,124055.0,0.49987911512269817,128.0,1.0,1.0,1.0,8.779102265834808,8.809499275796938e-07,41.30981111526489,32.9560546875,35.386598348617554,391.0,0.0,64.00265574455261,,,,,,,,,,,,,,,,,
392,392.0,8.0,16.0,33.83664655685425,128.0,1.0,229476.0,819100.0,0.7811546325683594,2.0,2.0,2.0,0.453125,16.0,0.06578619066242009,0.032258834689855576,0.5305816531181335,14337.75,16.0,1.0,229476.0,114702.0,0.49984312084923915,128.0,1.0,1.0,1.0,8.11779534816742,8.803642592883502e-07,40.536720275878906,31.690673828125,35.7410786151886,392.0,0.0,69.63660287857056,,,,,,,,,,,,,,,,,
393,393.0,8.0,16.0,23.121817350387573,128.0,1.0,262854.0,785722.0,0.7493228912353516,2.0,2.0,2.0,0.5859375,16.0,0.06291166190950488,0.031833209097385406,0.5700085163116455,16424.75,16.0,1.0,262854.0,131398.0,0.4998896725939114,128.0,1.0,1.0,1.0,9.298554003238678,8.797773496300946e-07,34.852877616882324,33.71240234375,34.92008399963379,393.0,0.0,58.10602879524231,,,,,,,,,,,,,,,,,
394,394.0,8.0,16.0,20.866488695144653,128.0,1.0,239690.0,808886.0,0.7714138031005859,2.0,2.0,2.0,0.359375,16.0,0.06206094917554963,0.030556200072169304,0.5416286587715149,14977.0,16.0,1.0,239690.0,119816.0,0.49987901038841837,128.0,1.0,1.0,1.0,8.47911924123764,8.791892005203813e-07,33.849449634552,32.0771484375,34.243481397628784,394.0,0.0,55.1745171546936,,,,,,,,,,,,,,,,,
395,395.0,8.0,16.0,39.634355306625366,128.0,1.0,286382.0,762194.0,0.7268848419189453,2.0,2.0,2.0,0.421875,16.0,0.060347925411791424,0.03364400938153267,0.5028337836265564,17894.5,16.0,1.0,286382.0,143156.0,0.4998777856150177,128.0,1.0,1.0,1.0,10.130865395069122,8.785998138787095e-07,49.06859636306763,34.569580078125,38.26099920272827,395.0,0.0,77.96467661857605,,,,,,,,,,,,,,,,,
396,396.0,8.0,16.0,40.21890664100647,128.0,1.0,309937.0,738639.0,0.7044210433959961,2.0,2.0,2.0,0.2890625,16.0,0.04756260898433777,0.020967615768313408,0.449955552816391,19367.75,16.0,1.0,309937.0,154942.0,0.4999144987529724,128.0,1.0,1.0,1.0,10.96413192152977,8.780091916286167e-07,51.410391330718994,34.86279296875,39.987759828567505,396.0,0.0,80.27745532989502,,,,,,,,,,,,,,,,,
397,397.0,8.0,16.0,38.81202435493469,128.0,1.0,255671.0,792905.0,0.7561731338500977,2.0,2.0,2.0,0.65625,16.0,0.0547877142668836,0.024406831711530685,0.3964412808418274,15976.25,16.0,1.0,255671.0,127810.0,0.49990026244665997,128.0,1.0,1.0,1.0,9.04445281624794,8.774173356976738e-07,47.15392732620239,33.136962890625,36.563801288604736,397.0,0.0,75.43729567527771,,,,,,,,,,,,,,,,,
398,398.0,8.0,16.0,32.17569160461426,128.0,1.0,258652.0,789924.0,0.7533302307128906,2.0,2.0,2.0,0.4921875,16.0,0.060003191463122295,0.03162891045212746,0.43839311599731445,16161.875,16.0,1.0,258652.0,129295.0,0.49988014784343443,128.0,1.0,1.0,1.0,9.149906754493713,8.768242480174772e-07,34.18777513504028,34.125244140625,40.00079822540283,398.0,0.0,72.24424076080322,,,,,,,,,,,,,,,,,
399,399.0,8.0,16.0,28.809739112854004,128.0,1.0,252939.0,795637.0,0.7587785720825195,2.0,2.0,2.0,0.53125,16.0,0.05468125350702857,0.025505531579256058,0.4848173260688782,15804.5,16.0,1.0,252939.0,126436.0,0.4998675569999091,128.0,1.0,1.0,1.0,8.947807341814041,8.762299305236438e-07,42.70054054260254,33.031982421875,35.79589581489563,399.0,0.0,64.67858386039734,,,,,,,,,,,,,,,,,
400,400.0,8.0,16.0,30.052443504333496,128.0,1.0,237397.0,811179.0,0.7736005783081055,2.0,2.0,2.0,0.46875,16.0,0.07233257040487036,0.0367291197180748,0.5413674116134644,14833.5,16.0,1.0,237397.0,118668.0,0.49987152322902145,128.0,1.0,1.0,1.0,8.398003548383713,8.75634385155804e-07,35.95488739013672,32.516357421875,35.23652791976929,400.0,0.0,283.9766330718994,,,,,,,,,,,,,,,,,
401,401.0,8.0,16.0,31.134833574295044,128.0,1.0,261414.0,787162.0,0.7506961822509766,2.0,2.0,2.0,0.34375,16.0,0.06367513189663843,0.031861890107393265,0.5405014157295227,16334.625,16.0,1.0,261414.0,130677.0,0.49988523950515273,128.0,1.0,1.0,1.0,9.247613489627838,8.750376138575954e-07,40.84967660903931,33.797607421875,36.36508131027222,401.0,0.0,67.56724953651428,,,,,,,,,,,,,,,,,
402,402.0,8.0,16.0,39.98502326011658,128.0,1.0,307172.0,741404.0,0.7070579528808594,2.0,2.0,2.0,0.421875,16.0,0.04809176147776981,0.027266234159469604,0.4005424678325653,19194.25,16.0,1.0,307172.0,153554.0,0.49989582383811026,128.0,1.0,1.0,1.0,10.866319060325623,8.744396185766569e-07,50.4212908744812,35.725341796875,39.42812728881836,402.0,0.0,79.489013671875,,,,,,,,,,,,,,,,,
403,403.0,8.0,16.0,29.36633610725403,128.0,1.0,200339.0,848237.0,0.8089418411254883,2.0,2.0,2.0,0.6171875,16.0,0.04815008331008335,0.024991720914840698,0.48458346724510193,12517.875,16.0,1.0,200339.0,100143.0,0.49986772420746833,128.0,1.0,1.0,1.0,7.087063580751419,8.738404012646215e-07,37.14115619659424,30.238037109375,35.120929479599,403.0,0.0,64.54226756095886,,,,,,,,,,,,,,,,,
404,404.0,8.0,16.0,39.749080181121826,128.0,1.0,355044.0,693532.0,0.6614036560058594,2.0,2.0,2.0,0.1796875,16.0,0.05797019030653661,0.02900151163339615,0.42385104298591614,22186.25,16.0,1.0,355044.0,177490.0,0.4999098703259314,128.0,1.0,1.0,1.0,12.559808135032654,8.73239963877111e-07,48.22012424468994,38.25146484375,41.0917432308197,404.0,0.0,80.92614269256592,,,,,,,,,,,,,,,,,
405,405.0,8.0,16.0,28.626005172729492,128.0,1.0,307336.0,741240.0,0.7069015502929688,2.0,2.0,2.0,0.5,16.0,0.05271050481876139,0.027162078768014908,0.42923781275749207,19204.75,16.0,1.0,307336.0,153638.0,0.49990238696410444,128.0,1.0,1.0,1.0,10.87212061882019,8.726383083737286e-07,38.51257038116455,35.697998046875,36.70628094673157,405.0,0.0,65.40987253189087,,,,,,,,,,,,,,,,,
406,406.0,8.0,16.0,40.27633595466614,128.0,1.0,293668.0,754908.0,0.7199363708496094,2.0,2.0,2.0,0.515625,16.0,0.033217432822494106,0.016579683870077133,0.300833523273468,18350.125,16.0,1.0,293668.0,146801.0,0.49988762820600136,128.0,1.0,1.0,1.0,10.388610243797302,8.720354367180533e-07,45.02811908721924,35.51513671875,38.0844624042511,406.0,0.0,78.43644070625305,,,,,,,,,,,,,,,,,
407,407.0,8.0,16.0,21.96338677406311,128.0,1.0,256746.0,791830.0,0.7551479339599609,2.0,2.0,2.0,0.484375,16.0,0.059054228091580445,0.03216804936528206,0.4568486511707306,16042.75,16.0,1.0,256746.0,128342.0,0.4998792580994446,128.0,1.0,1.0,1.0,9.082481324672699,8.714313508776332e-07,34.35959005355835,32.734130859375,35.44577193260193,407.0,0.0,57.47739315032959,,,,,,,,,,,,,,,,,
408,408.0,8.0,16.0,28.494048833847046,128.0,1.0,265567.0,783009.0,0.7467355728149414,2.0,2.0,2.0,0.4609375,16.0,0.05859399181102569,0.028966868296265602,0.46798813343048096,16594.0,16.0,1.0,265567.0,132752.0,0.4998813858649606,128.0,1.0,1.0,1.0,9.394527345895767,8.708260528239788e-07,41.44081783294678,33.3779296875,38.004884481430054,408.0,0.0,66.57872009277344,,,,,,,,,,,,,,,,,
409,409.0,8.0,16.0,40.39784789085388,128.0,1.0,315152.0,733424.0,0.6994476318359375,2.0,2.0,2.0,0.34375,16.0,0.0567823734953563,0.03410859778523445,0.38238853216171265,19692.875,16.0,1.0,315152.0,157543.0,0.4998952886226329,128.0,1.0,1.0,1.0,11.148614406585693,8.702195445325568e-07,51.564698219299316,36.45751953125,41.603341579437256,409.0,0.0,82.07645797729492,,,,,,,,,,,,,,,,,
410,410.0,8.0,16.0,39.930020809173584,128.0,1.0,245228.0,803348.0,0.7661323547363281,2.0,2.0,2.0,0.53125,16.0,0.060354022951359186,0.033435165882110596,0.48145923018455505,15322.75,16.0,1.0,245228.0,122582.0,0.49986950919144635,128.0,1.0,1.0,1.0,8.675027966499329,8.69611827982784e-07,46.13199853897095,33.14404296875,39.183218002319336,410.0,0.0,79.17446660995483,,,,,,,,,,,,,,,,,
411,411.0,8.0,16.0,29.215105533599854,128.0,1.0,224937.0,823639.0,0.7854833602905273,2.0,2.0,2.0,0.578125,16.0,0.06186817287388236,0.031104985624551773,0.5309655070304871,14055.0,16.0,1.0,224937.0,112440.0,0.49987329785673323,128.0,1.0,1.0,1.0,7.957226604223251,8.690029051580203e-07,36.15764570236206,31.720947265625,35.58985710144043,411.0,0.0,64.87484002113342,,,,,,,,,,,,,,,,,
412,412.0,8.0,16.0,30.52498722076416,128.0,1.0,291052.0,757524.0,0.7224311828613281,2.0,2.0,2.0,0.4296875,16.0,0.05266411152394662,0.02574126049876213,0.44615766406059265,18187.125,16.0,1.0,291052.0,145497.0,0.49990036144743893,128.0,1.0,1.0,1.0,10.29606831073761,8.683927780455622e-07,44.876819133758545,35.240966796875,40.04883170127869,412.0,0.0,70.64274382591248,,,,,,,,,,,,,,,,,
413,413.0,8.0,16.0,27.38475489616394,128.0,1.0,241476.0,807100.0,0.7697105407714844,2.0,2.0,2.0,0.6796875,16.0,0.06257881826252987,0.025955598801374435,0.4785788953304291,15088.5,16.0,1.0,241476.0,120708.0,0.4998757640510858,128.0,1.0,1.0,1.0,8.542299628257751,8.677814486366369e-07,37.954272747039795,32.156005859375,36.150063037872314,413.0,0.0,63.593409061431885,,,,,,,,,,,,,,,,,
414,414.0,8.0,16.0,33.05532360076904,128.0,1.0,223958.0,824618.0,0.7864170074462891,2.0,2.0,2.0,0.5625,16.0,0.060126322755737316,0.028324579820036888,0.5172960758209229,13993.375,16.0,1.0,223958.0,111947.0,0.4998571160664053,128.0,1.0,1.0,1.0,7.922594130039215,8.671689189263953e-07,41.79963731765747,31.417724609375,36.77475023269653,414.0,0.0,69.88682246208191,,,,,,,,,,,,,,,,,
415,415.0,8.0,16.0,25.004003524780273,128.0,1.0,238853.0,809723.0,0.772212028503418,2.0,2.0,2.0,0.53125,16.0,0.05236600441708323,0.026808273047208786,0.44062530994415283,14923.875,16.0,1.0,238853.0,119391.0,0.4998513730202258,128.0,1.0,1.0,1.0,8.44951006770134,8.665551909139057e-07,36.93695068359375,32.032958984375,35.356746196746826,415.0,0.0,60.420594215393066,,,,,,,,,,,,,,,,,
416,416.0,8.0,16.0,26.394036054611206,128.0,1.0,274398.0,774178.0,0.7383136749267578,2.0,2.0,2.0,0.25,16.0,0.07402616378612607,0.0388408787548542,0.515029788017273,17145.625,16.0,1.0,274398.0,137165.0,0.49987609239134395,128.0,1.0,1.0,1.0,9.706927120685577,8.659402666021472e-07,38.04093837738037,33.952392578125,35.55105948448181,416.0,0.0,62.018805265426636,,,,,,,,,,,,,,,,,
417,417.0,8.0,16.0,39.40275764465332,128.0,1.0,293650.0,754926.0,0.7199535369873047,2.0,2.0,2.0,0.4375,16.0,0.05692953299907901,0.029573099687695503,0.3695720136165619,18349.0,16.0,1.0,293650.0,146792.0,0.49988762131789544,128.0,1.0,1.0,1.0,10.387973487377167,8.653241479980032e-07,40.860453605651855,35.385986328125,37.071434020996094,417.0,0.0,76.5476930141449,,,,,,,,,,,,,,,,,
418,418.0,8.0,16.0,36.04918646812439,128.0,1.0,266312.0,782264.0,0.7460250854492188,2.0,2.0,2.0,0.296875,16.0,0.05832202495680212,0.028471553698182106,0.4774588942527771,16641.375,16.0,1.0,266312.0,133131.0,0.4999061251464448,128.0,1.0,1.0,1.0,9.420881986618042,8.647068371122543e-07,42.828365325927734,33.17578125,36.308314085006714,418.0,0.0,72.42418909072876,,,,,,,,,,,,,,,,,
419,419.0,8.0,16.0,21.472766160964966,128.0,1.0,209879.0,838697.0,0.7998437881469727,2.0,2.0,2.0,0.6015625,16.0,0.060353707412379706,0.03049885295331478,0.4509572982788086,13114.125,16.0,1.0,209879.0,104913.0,0.49987373677214014,128.0,1.0,1.0,1.0,7.424544483423233,8.640883359595732e-07,35.34323596954346,30.289306640625,34.18395209312439,419.0,0.0,55.71571493148804,,,,,,,,,,,,,,,,,
420,420.0,8.0,16.0,26.704326629638672,128.0,1.0,247018.0,801558.0,0.7644252777099609,2.0,2.0,2.0,0.65625,16.0,0.05184529131971938,0.02514849416911602,0.4687429666519165,15434.375,16.0,1.0,247018.0,123475.0,0.49986235820871355,128.0,1.0,1.0,1.0,8.738349854946136,8.634686465585166e-07,38.186458587646484,32.520751953125,35.50463676452637,420.0,0.0,62.27362632751465,,,,,,,,,,,,,,,,,
421,421.0,8.0,16.0,17.648377418518066,128.0,1.0,175895.0,872681.0,0.8322534561157227,2.0,2.0,2.0,0.5078125,16.0,0.04983698202214736,0.022165562957525253,0.5071110129356384,10989.125,16.0,1.0,175895.0,87913.0,0.49980386025754003,128.0,1.0,1.0,1.0,6.222348362207413,8.628477709315193e-07,29.2219557762146,28.578369140625,32.344669580459595,421.0,0.0,50.044334411621094,,,,,,,,,,,,,,,,,
422,422.0,8.0,16.0,28.077471017837524,128.0,1.0,242539.0,806037.0,0.7686967849731445,2.0,2.0,2.0,0.4375,16.0,0.07207031578211048,0.031599484384059906,0.5963061451911926,15154.75,16.0,1.0,242539.0,121238.0,0.4998701239800609,128.0,1.0,1.0,1.0,8.57990363240242,8.622257111048874e-07,35.91558647155762,32.328857421875,34.68733501434326,422.0,0.0,62.83171367645264,,,,,,,,,,,,,,,,,
423,423.0,8.0,16.0,25.76925539970398,128.0,1.0,283519.0,765057.0,0.7296152114868164,2.0,2.0,2.0,0.265625,16.0,0.05701957664380729,0.029109369963407516,0.5130150318145752,17715.875,16.0,1.0,283519.0,141727.0,0.4998853692345134,128.0,1.0,1.0,1.0,10.029585748910904,8.61602469108792e-07,38.27833318710327,34.1064453125,36.608149766922,423.0,0.0,62.44719934463501,,,,,,,,,,,,,,,,,
424,424.0,8.0,16.0,38.3941445350647,128.0,1.0,308100.0,740476.0,0.7061729431152344,2.0,2.0,2.0,0.3046875,16.0,0.05545365516396678,0.03149429336190224,0.414064884185791,19252.875,16.0,1.0,308100.0,154023.0,0.49991236611489775,128.0,1.0,1.0,1.0,10.899147391319275,8.609780469772621e-07,44.720298290252686,36.010498046875,39.546454429626465,424.0,0.0,78.02160406112671,,,,,,,,,,,,,,,,,
425,425.0,8.0,16.0,40.301937103271484,128.0,1.0,200410.0,848166.0,0.8088741302490234,2.0,2.0,2.0,0.390625,16.0,0.0716085625063032,0.0340375155210495,0.6822634339332581,12521.75,16.0,1.0,200410.0,100174.0,0.4998453170999451,128.0,1.0,1.0,1.0,7.089575231075287,8.603524467481786e-07,40.96325731277466,30.59375,34.65094017982483,425.0,0.0,75.00961899757385,,,,,,,,,,,,,,,,,
426,426.0,8.0,16.0,39.70306444168091,128.0,1.0,267704.0,780872.0,0.7446975708007812,2.0,2.0,2.0,0.3828125,16.0,0.06901806980941783,0.03532617166638374,0.47781985998153687,16727.0,16.0,1.0,267704.0,133816.0,0.4998655231150823,128.0,1.0,1.0,1.0,9.47012448310852,8.59725670463267e-07,47.13079357147217,34.037353515625,38.3827269077301,426.0,0.0,78.15554070472717,,,,,,,,,,,,,,,,,
427,427.0,8.0,16.0,26.41553544998169,128.0,1.0,299431.0,749145.0,0.7144403457641602,2.0,2.0,2.0,0.1796875,16.0,0.06552057581091097,0.03422829881310463,0.4290733337402344,18710.25,16.0,1.0,299431.0,149682.0,0.49988812113642206,128.0,1.0,1.0,1.0,10.592478424310684,8.590977201680911e-07,40.52706527709961,35.1982421875,37.87409567832947,427.0,0.0,64.36603689193726,,,,,,,,,,,,,,,,,
428,428.0,8.0,16.0,39.53924250602722,128.0,1.0,243877.0,804699.0,0.767420768737793,2.0,2.0,2.0,0.328125,16.0,0.06831697749276441,0.03410792350769043,0.5615619421005249,15238.0,16.0,1.0,243877.0,121904.0,0.49985853524522605,128.0,1.0,1.0,1.0,8.627235859632492,8.584685979120458e-07,49.68234920501709,32.580078125,36.940908670425415,428.0,0.0,76.54632115364075,,,,,,,,,,,,,,,,,
429,429.0,8.0,16.0,40.232444763183594,128.0,1.0,260198.0,788378.0,0.7518558502197266,2.0,2.0,2.0,0.3046875,16.0,0.07462961862283157,0.04096049815416336,0.4700884222984314,16258.875,16.0,1.0,260198.0,130071.0,0.4998923896417344,128.0,1.0,1.0,1.0,9.204597055912018,8.578383057483517e-07,42.52433204650879,33.522216796875,36.11471676826477,429.0,0.0,76.41547727584839,,,,,,,,,,,,,,,,,
430,430.0,8.0,16.0,21.1308753490448,128.0,1.0,321973.0,726603.0,0.6929426193237305,2.0,2.0,2.0,0.1484375,16.0,0.0658589358364205,0.03450414165854454,0.43360862135887146,20119.5,16.0,1.0,321973.0,160956.0,0.49990527156003767,128.0,1.0,1.0,1.0,11.389909714460373,8.572068457340469e-07,35.08562469482422,35.976318359375,37.23062300682068,430.0,0.0,58.44325661659241,,,,,,,,,,,,,,,,,
431,431.0,8.0,16.0,36.8621826171875,128.0,1.0,291467.0,757109.0,0.7220354080200195,2.0,2.0,2.0,0.46875,16.0,0.06860171197800419,0.034544236958026886,0.6386969685554504,18212.875,16.0,1.0,291467.0,145703.0,0.4998953569357766,128.0,1.0,1.0,1.0,10.3107490837574,8.565742199299809e-07,44.39287185668945,35.697998046875,39.265225887298584,431.0,0.0,76.19799566268921,,,,,,,,,,,,,,,,,
432,432.0,8.0,16.0,33.12114119529724,128.0,1.0,275918.0,772658.0,0.7368640899658203,2.0,2.0,2.0,0.4609375,16.0,0.05140252665531872,0.028890592977404594,0.37174856662750244,17241.0,16.0,1.0,275918.0,137928.0,0.49988764777941275,128.0,1.0,1.0,1.0,9.760697662830353,8.559404304008083e-07,42.06953573226929,33.815185546875,38.797632694244385,432.0,0.0,71.99123549461365,,,,,,,,,,,,,,,,,
433,433.0,8.0,16.0,40.753437757492065,128.0,1.0,307011.0,741565.0,0.7072114944458008,2.0,2.0,2.0,0.5625,16.0,0.05422782811297231,0.03035270795226097,0.4653950035572052,19184.375,16.0,1.0,307011.0,153475.0,0.49990065502539,128.0,1.0,1.0,1.0,10.860623627901077,8.553054792149816e-07,45.14240789413452,35.968505859375,40.65477895736694,433.0,0.0,81.48594641685486,,,,,,,,,,,,,,,,,
434,434.0,8.0,16.0,27.91874647140503,128.0,1.0,184177.0,864399.0,0.8243551254272461,2.0,2.0,2.0,0.59375,16.0,0.07205385152076718,0.0344708114862442,0.6781858801841736,11506.875,16.0,1.0,184177.0,92055.0,0.4998181097531179,128.0,1.0,1.0,1.0,6.51532706618309,8.546693684447439e-07,36.17803144454956,29.613037109375,34.73421311378479,434.0,0.0,62.71487283706665,,,,,,,,,,,,,,,,,
435,435.0,8.0,16.0,16.38035488128662,128.0,1.0,165995.0,882581.0,0.8416948318481445,2.0,2.0,2.0,0.5234375,16.0,0.07191154127678433,0.030919590964913368,0.6775091290473938,10371.125,16.0,1.0,165995.0,82969.0,0.4998283080815687,128.0,1.0,1.0,1.0,5.872132331132889,8.540321001661237e-07,29.460756301879883,28.488037109375,32.368627309799194,435.0,0.0,48.7980694770813,,,,,,,,,,,,,,,,,
436,436.0,8.0,16.0,27.070438146591187,128.0,1.0,299587.0,748989.0,0.7142915725708008,2.0,2.0,2.0,0.234375,16.0,0.05881999169954429,0.02941800467669964,0.4482614994049072,18720.0,16.0,1.0,299587.0,149760.0,0.4998881793936319,128.0,1.0,1.0,1.0,10.597996979951859,8.533936764589266e-07,38.60950469970703,35.25341796875,36.74114155769348,436.0,0.0,63.88636088371277,,,,,,,,,,,,,,,,,
437,437.0,8.0,16.0,40.4461944103241,128.0,1.0,233472.0,815104.0,0.77734375,2.0,2.0,2.0,0.3828125,16.0,0.06498531461124961,0.034069668501615524,0.4593927264213562,14588.125,16.0,1.0,233472.0,116705.0,0.49986722176535087,128.0,1.0,1.0,1.0,8.2591552734375,8.527540994067291e-07,41.694108963012695,32.010498046875,36.54241228103638,437.0,0.0,77.05049157142639,,,,,,,,,,,,,,,,,
438,438.0,8.0,16.0,30.25959038734436,128.0,1.0,323784.0,724792.0,0.6912155151367188,2.0,2.0,2.0,0.1328125,16.0,0.0578226989136366,0.03033045306801796,0.4023773968219757,20231.75,16.0,1.0,323784.0,161854.0,0.4998826378079213,128.0,1.0,1.0,1.0,11.453974485397339,8.521133710968717e-07,40.710655212402344,36.219970703125,37.954761028289795,438.0,0.0,68.29319548606873,,,,,,,,,,,,,,,,,
439,439.0,8.0,16.0,22.931107997894287,128.0,1.0,177790.0,870786.0,0.8304462432861328,2.0,2.0,2.0,0.71875,16.0,0.062370474679992544,0.0248494204133749,0.7010571360588074,11108.25,16.0,1.0,177790.0,88866.0,0.4998368862140728,128.0,1.0,1.0,1.0,6.289384663105011,8.514714936204526e-07,32.6737060546875,28.942626953125,35.50563669204712,439.0,0.0,58.49078607559204,,,,,,,,,,,,,,,,,
440,440.0,8.0,16.0,24.485614776611328,128.0,1.0,206824.0,841752.0,0.8027572631835938,2.0,2.0,2.0,0.3359375,16.0,0.06278795938875543,0.031083134934306145,0.6143012046813965,12922.75,16.0,1.0,206824.0,103382.0,0.49985494913549683,128.0,1.0,1.0,1.0,7.316472768783569,8.508284690723202e-07,38.57147789001465,29.99169921875,35.036864042282104,440.0,0.0,59.578725814819336,,,,,,,,,,,,,,,,,
441,441.0,8.0,16.0,33.035630226135254,128.0,1.0,248835.0,799741.0,0.7626924514770508,2.0,2.0,2.0,0.5546875,16.0,0.050277279124139145,0.029019851237535477,0.9163388609886169,15548.0,16.0,1.0,248835.0,124384.0,0.499865372636486,128.0,1.0,1.0,1.0,8.802626878023148,8.501842995510665e-07,36.50287866592407,33.021484375,35.720205307006836,441.0,0.0,68.82258152961731,,,,,,,,,,,,,,,,,
442,442.0,8.0,16.0,25.159278392791748,128.0,1.0,242899.0,805677.0,0.7683534622192383,2.0,2.0,2.0,0.3984375,16.0,0.06438538090496475,0.03143041580915451,0.4662761092185974,15177.125,16.0,1.0,242899.0,121417.0,0.4998661995314925,128.0,1.0,1.0,1.0,8.59263876080513,8.495389871590202e-07,38.669283866882324,32.01123046875,35.58034610748291,442.0,0.0,60.80202531814575,,,,,,,,,,,,,,,,,
443,443.0,8.0,16.0,39.55120801925659,128.0,1.0,271366.0,777210.0,0.7412052154541016,2.0,2.0,2.0,0.4609375,16.0,0.041738378826914294,0.02046816237270832,0.3482661545276642,16956.75,16.0,1.0,271366.0,135654.0,0.4998931332591408,128.0,1.0,1.0,1.0,9.59966903924942,8.488925340022401e-07,45.6398024559021,34.55712890625,37.25828504562378,443.0,0.0,76.87298059463501,,,,,,,,,,,,,,,,,
444,444.0,8.0,16.0,20.82705020904541,128.0,1.0,265070.0,783506.0,0.7472095489501953,2.0,2.0,2.0,0.296875,16.0,0.06101137380516931,0.031857918947935104,0.7180758118629456,16563.625,16.0,1.0,265070.0,132509.0,0.49990191270230505,128.0,1.0,1.0,1.0,9.376945793628693,8.482449421905078e-07,35.22831964492798,33.2099609375,36.578652143478394,444.0,0.0,57.473334550857544,,,,,,,,,,,,,,,,,
445,445.0,8.0,16.0,30.81653881072998,128.0,1.0,236829.0,811747.0,0.7741422653198242,2.0,2.0,2.0,0.359375,16.0,0.06287378163903327,0.031705766916275024,0.6010521054267883,14797.625,16.0,1.0,236829.0,118381.0,0.4998585477285299,128.0,1.0,1.0,1.0,8.37791034579277,8.475962138373212e-07,40.48801326751709,31.888671875,36.186439037323,445.0,0.0,67.06509184837341,,,,,,,,,,,,,,,,,
446,446.0,8.0,16.0,31.987983226776123,128.0,1.0,292213.0,756363.0,0.7213239669799805,2.0,2.0,2.0,0.5390625,16.0,0.05458287434660341,0.02893049642443657,0.40427491068840027,18259.625,16.0,1.0,292213.0,146077.0,0.4998990462436647,128.0,1.0,1.0,1.0,10.33713909983635,8.469463510598873e-07,41.6379337310791,34.84765625,38.151185512542725,446.0,0.0,70.21313261985779,,,,,,,,,,,,,,,,,
447,447.0,8.0,16.0,16.551129579544067,128.0,1.0,197318.0,851258.0,0.8118228912353516,2.0,2.0,2.0,0.546875,16.0,0.06617851233867456,0.02906675823032856,0.6281212568283081,12328.625,16.0,1.0,197318.0,98629.0,0.49984796115914415,128.0,1.0,1.0,1.0,6.980194628238678,8.462953559791157e-07,33.972933769226074,29.66259765625,34.0840117931366,447.0,0.0,50.68594408035278,,,,,,,,,,,,,,,,,
448,448.0,8.0,16.0,20.607070207595825,128.0,1.0,164403.0,884173.0,0.8432130813598633,2.0,2.0,2.0,0.6953125,16.0,0.052946453631940664,0.02215445600450039,1.3283964395523071,10271.25,16.0,1.0,164403.0,82170.0,0.49980839765697704,128.0,1.0,1.0,1.0,5.815814763307571,8.456432307196111e-07,31.357012271881104,28.063232421875,32.63900923728943,448.0,0.0,53.29023289680481,,,,,,,,,,,,,,,,,
449,449.0,8.0,16.0,18.32817578315735,128.0,1.0,199301.0,849275.0,0.809931755065918,2.0,2.0,2.0,0.703125,16.0,0.05010880508319499,0.025882020592689514,0.4455740451812744,12452.5,16.0,1.0,199301.0,99620.0,0.4998469651431754,128.0,1.0,1.0,1.0,7.050343960523605,8.449899774096672e-07,32.920488357543945,29.760009765625,37.035582542419434,449.0,0.0,55.41748380661011,,,,,,,,,,,,,,,,,
450,450.0,8.0,16.0,21.36466073989868,128.0,1.0,252162.0,796414.0,0.7595195770263672,2.0,2.0,2.0,0.5234375,16.0,0.06896194087935414,0.03240262717008591,0.5084989666938782,15755.625,16.0,1.0,252162.0,126045.0,0.4998572346348776,128.0,1.0,1.0,1.0,8.920320689678192,8.443355981812583e-07,35.557252407073975,32.736572265625,39.50905966758728,450.0,0.0,281.6281464099884,,,,,,,,,,,,,,,,,
451,451.0,8.0,16.0,40.01003980636597,128.0,1.0,276048.0,772528.0,0.7367401123046875,2.0,2.0,2.0,0.4453125,16.0,0.04264718979995391,0.022393764927983284,0.6736848950386047,17249.25,16.0,1.0,276048.0,137994.0,0.49989132324813074,128.0,1.0,1.0,1.0,9.765296459197998,8.436800951700344e-07,38.365224838256836,35.546630859375,46.114299297332764,451.0,0.0,86.19412016868591,,,,,,,,,,,,,,,,,
452,452.0,8.0,16.0,38.481284379959106,128.0,1.0,207482.0,841094.0,0.8021297454833984,2.0,2.0,2.0,0.671875,16.0,0.05098776120288852,0.021106593310832977,0.5279636979103088,12963.625,16.0,1.0,207482.0,103709.0,0.4998457697535208,128.0,1.0,1.0,1.0,7.339749753475189,8.430234705153123e-07,36.645063400268555,30.64111328125,39.29633927345276,452.0,0.0,77.83039879798889,,,,,,,,,,,,,,,,,
453,453.0,8.0,16.0,41.14298462867737,128.0,1.0,353952.0,694624.0,0.662445068359375,2.0,2.0,2.0,0.4140625,16.0,0.048232909611387084,0.02867908589541912,0.35091426968574524,22117.875,16.0,1.0,353952.0,176943.0,0.49990676701925685,128.0,1.0,1.0,1.0,12.521178245544434,8.423657263600696e-07,50.413297176361084,37.7001953125,50.59629940986633,453.0,0.0,91.82152390480042,,,,,,,,,,,,,,,,,
454,454.0,8.0,16.0,32.68560552597046,128.0,1.0,198676.0,849900.0,0.8105278015136719,2.0,2.0,2.0,0.59375,16.0,0.06390182131194798,0.03575638681650162,0.5900020003318787,12413.5,16.0,1.0,198676.0,99308.0,0.4998490003825324,128.0,1.0,1.0,1.0,7.028234362602234,8.417068648509379e-07,37.610575675964355,30.570556640625,42.44296145439148,454.0,0.0,75.17709398269653,,,,,,,,,,,,,,,,,
455,455.0,8.0,16.0,31.9670569896698,128.0,1.0,283064.0,765512.0,0.7300491333007812,2.0,2.0,2.0,0.390625,16.0,0.0515653390047231,0.03100704587996006,0.3884276747703552,17687.875,16.0,1.0,283064.0,141503.0,0.49989754967074584,128.0,1.0,1.0,1.0,10.013489961624146,8.410468881381947e-07,39.986613750457764,34.709228515625,44.308758020401,455.0,0.0,76.34721899032593,,,,,,,,,,,,,,,,,
456,456.0,8.0,16.0,29.5640709400177,128.0,1.0,220115.0,828461.0,0.7900819778442383,2.0,2.0,2.0,0.3984375,16.0,0.06612526686894428,0.029543131589889526,0.4919658303260803,13753.375,16.0,1.0,220115.0,110027.0,0.49986143606751016,128.0,1.0,1.0,1.0,7.786646634340286,8.403857983757581e-07,38.83611249923706,30.904541015625,41.56078267097473,456.0,0.0,71.18377423286438,,,,,,,,,,,,,,,,,
457,457.0,8.0,16.0,26.161749839782715,128.0,1.0,225856.0,822720.0,0.78460693359375,2.0,2.0,2.0,0.6015625,16.0,0.05298083548796766,0.026984451338648796,0.41881099343299866,14111.875,16.0,1.0,225856.0,112895.0,0.4998538892037404,128.0,1.0,1.0,1.0,7.989736557006836,8.397235977211779e-07,32.43004894256592,31.332275390625,39.258774280548096,457.0,0.0,65.47446537017822,,,,,,,,,,,,,,,,,
458,458.0,8.0,16.0,34.62196326255798,128.0,1.0,268152.0,780424.0,0.7442703247070312,2.0,2.0,2.0,0.484375,16.0,0.055242518989560424,0.030887499451637268,0.4002285897731781,16755.5,16.0,1.0,268152.0,134044.0,0.4998806646976342,128.0,1.0,1.0,1.0,9.48597264289856,8.390602883356296e-07,46.31856298446655,33.59765625,44.3246533870697,458.0,0.0,79.0163996219635,,,,,,,,,,,,,,,,,
459,459.0,8.0,16.0,16.394489765167236,128.0,1.0,159864.0,888712.0,0.8475418090820312,2.0,2.0,2.0,0.5546875,16.0,0.06811799802457626,0.03151066601276398,0.7819376587867737,9987.125,16.0,1.0,159864.0,79897.0,0.49978106390431865,128.0,1.0,1.0,1.0,5.655246019363403,8.383958723839078e-07,29.27933931350708,27.946533203125,39.40283679962158,459.0,0.0,55.840938329696655,,,,,,,,,,,,,,,,,
460,460.0,8.0,16.0,24.213245391845703,128.0,1.0,298481.0,750095.0,0.7153463363647461,2.0,2.0,2.0,0.28125,16.0,0.056687158965910214,0.032070938497781754,0.40062686800956726,18651.125,16.0,1.0,298481.0,149209.0,0.4998944656443794,128.0,1.0,1.0,1.0,10.5588718354702,8.377303520344176e-07,37.03021764755249,35.099609375,42.54809594154358,460.0,0.0,66.83812761306763,,,,,,,,,,,,,,,,,
461,461.0,8.0,16.0,40.68566584587097,128.0,1.0,221970.0,826606.0,0.7883129119873047,2.0,2.0,2.0,0.7421875,16.0,0.045505170812809345,0.02084159106016159,0.40974006056785583,13868.75,16.0,1.0,221970.0,110950.0,0.49984232103437404,128.0,1.0,1.0,1.0,7.852267920970917,8.370637294591694e-07,40.27414655685425,31.488525390625,43.166438579559326,461.0,0.0,83.90504217147827,,,,,,,,,,,,,,,,,
462,462.0,8.0,16.0,42.507136821746826,128.0,1.0,287758.0,760818.0,0.7255725860595703,2.0,2.0,2.0,0.2890625,16.0,0.07490191614889312,0.03974982351064682,0.48560985922813416,17980.75,16.0,1.0,287758.0,143846.0,0.49988532030386645,128.0,1.0,1.0,1.0,10.179541885852814,8.3639600683377e-07,53.51843309402466,34.7138671875,50.83742356300354,462.0,0.0,93.42098832130432,,,,,,,,,,,,,,,,,
463,463.0,8.0,16.0,35.302157163619995,128.0,1.0,250508.0,798068.0,0.7610969543457031,2.0,2.0,2.0,0.3125,16.0,0.0692354629341166,0.03632489591836929,0.5654969215393066,15652.625,16.0,1.0,250508.0,125221.0,0.4998682676800741,128.0,1.0,1.0,1.0,8.861809849739075,8.357271863374169e-07,38.69739484786987,33.144775390625,43.76749634742737,463.0,0.0,79.13636779785156,,,,,,,,,,,,,,,,,
464,464.0,8.0,16.0,39.91338348388672,128.0,1.0,355745.0,692831.0,0.6607351303100586,2.0,2.0,2.0,0.1015625,16.0,0.06620591245906686,0.03836464136838913,0.48816317319869995,22230.25,16.0,1.0,355745.0,177842.0,0.49991426443098286,128.0,1.0,1.0,1.0,12.584606260061264,8.350572701528901e-07,52.185383319854736,38.1396484375,52.35798478126526,464.0,0.0,92.36186480522156,,,,,,,,,,,,,,,,,
465,465.0,8.0,16.0,39.835442781448364,128.0,1.0,231703.0,816873.0,0.7790307998657227,2.0,2.0,2.0,0.6015625,16.0,0.059117788565378276,0.031109586358070374,0.47311028838157654,14477.875,16.0,1.0,231703.0,115823.0,0.4998769977082731,128.0,1.0,1.0,1.0,8.19657626748085,8.343862604665466e-07,50.48929452896118,31.874755859375,44.53784704208374,465.0,0.0,84.43470525741577,,,,,,,,,,,,,,,,,
466,466.0,8.0,16.0,24.519280433654785,128.0,1.0,242761.0,805815.0,0.7684850692749023,2.0,2.0,2.0,0.4765625,16.0,0.0544846722313053,0.027699947357177734,0.42985105514526367,15168.625,16.0,1.0,242761.0,121349.0,0.49987024274904124,128.0,1.0,1.0,1.0,8.587756961584091,8.337141594683108e-07,32.72862148284912,32.456298828125,42.88790202140808,466.0,0.0,67.48454236984253,,,,,,,,,,,,,,,,,
467,467.0,8.0,16.0,20.588677406311035,128.0,1.0,187116.0,861460.0,0.8215522766113281,2.0,2.0,2.0,0.78125,16.0,0.04889344694802378,0.022198515012860298,0.5020166635513306,11690.625,16.0,1.0,187116.0,93525.0,0.4998236388122876,128.0,1.0,1.0,1.0,6.619295239448547,8.330409693516695e-07,29.278098583221436,29.5791015625,37.74181270599365,467.0,0.0,58.408363819122314,,,,,,,,,,,,,,,,,
468,468.0,8.0,16.0,41.494539737701416,128.0,1.0,277403.0,771173.0,0.735447883605957,2.0,2.0,2.0,0.3671875,16.0,0.06243210878413842,0.03159918263554573,0.4466463029384613,17333.375,16.0,1.0,277403.0,138667.0,0.49987563220296827,128.0,1.0,1.0,1.0,9.813230067491531,8.323666923136641e-07,49.91537523269653,33.888427734375,48.59675979614258,468.0,0.0,90.16583943367004,,,,,,,,,,,,,,,,,
469,469.0,8.0,16.0,33.410335302352905,128.0,1.0,227587.0,820989.0,0.7829561233520508,2.0,2.0,2.0,0.546875,16.0,0.05473883355588362,0.02732076309621334,0.4361407458782196,14220.375,16.0,1.0,227587.0,113763.0,0.49986598531550575,128.0,1.0,1.0,1.0,8.050971299409866,8.316913305548829e-07,43.17965745925903,31.611572265625,43.38928580284119,469.0,0.0,76.85999536514282,,,,,,,,,,,,,,,,,
470,470.0,8.0,16.0,36.76814126968384,128.0,1.0,262150.0,786426.0,0.7499942779541016,2.0,2.0,2.0,0.4765625,16.0,0.04987111803453682,0.02459762990474701,0.4203626215457916,16380.5,16.0,1.0,262150.0,131044.0,0.4998817470913599,128.0,1.0,1.0,1.0,9.273649752140045,8.310148862794546e-07,39.530117988586426,33.64697265625,45.24117088317871,470.0,0.0,82.09583282470703,,,,,,,,,,,,,,,,,
471,471.0,8.0,16.0,41.0039267539978,128.0,1.0,289652.0,758924.0,0.7237663269042969,2.0,2.0,2.0,0.3828125,16.0,0.0438113558166367,0.023686252534389496,0.31307315826416016,18099.25,16.0,1.0,289652.0,144794.0,0.49988952259953323,128.0,1.0,1.0,1.0,10.246542811393738,8.303373616950406e-07,51.47484064102173,35.07470703125,50.21672320365906,471.0,0.0,91.29360485076904,,,,,,,,,,,,,,,,,
472,472.0,8.0,16.0,39.79564094543457,128.0,1.0,336324.0,712252.0,0.6792564392089844,2.0,2.0,2.0,0.5,16.0,0.05676438632258012,0.0347079373896122,0.4260566532611847,21016.125,16.0,1.0,336324.0,168129.0,0.4999018803296821,128.0,1.0,1.0,1.0,11.897581458091736,8.296587590128283e-07,45.744346618652344,37.418701171875,50.608797788619995,472.0,0.0,90.4884181022644,,,,,,,,,,,,,,,,,
473,473.0,8.0,16.0,24.3066987991333,128.0,1.0,264208.0,784368.0,0.7480316162109375,2.0,2.0,2.0,0.5078125,16.0,0.060419511227514974,0.031104672700166702,0.45635873079299927,16509.25,16.0,1.0,264208.0,132074.0,0.4998864530975595,128.0,1.0,1.0,1.0,9.346452236175537,8.289790804475235e-07,36.64054298400879,33.405517578125,42.04185461997986,473.0,0.0,66.41761136054993,,,,,,,,,,,,,,,,,
474,474.0,8.0,16.0,21.399994373321533,128.0,1.0,222443.0,826133.0,0.7878618240356445,2.0,2.0,2.0,0.4140625,16.0,0.06099505941163381,0.0257028229534626,0.4970203638076782,13898.875,16.0,1.0,222443.0,111191.0,0.4998628862225379,128.0,1.0,1.0,1.0,7.869000464677811,8.282983282173429e-07,35.45334815979004,31.17626953125,40.3400776386261,474.0,0.0,61.79695200920105,,,,,,,,,,,,,,,,,
475,475.0,8.0,16.0,40.497554540634155,128.0,1.0,275277.0,773299.0,0.7374753952026367,2.0,2.0,2.0,0.4453125,16.0,0.05753105479488279,0.028834493830800056,0.5355515480041504,17200.5,16.0,1.0,275277.0,137604.0,0.4998746716943297,128.0,1.0,1.0,1.0,9.738022059202194,8.276165045440077e-07,45.91891384124756,34.391357421875,46.20949411392212,475.0,0.0,86.78072118759155,,,,,,,,,,,,,,,,,
476,476.0,8.0,16.0,20.84537410736084,128.0,1.0,233109.0,815467.0,0.7776899337768555,2.0,2.0,2.0,0.4375,16.0,0.06375521825011472,0.032858945429325104,0.550031304359436,14565.25,16.0,1.0,233109.0,116522.0,0.49986058024357705,128.0,1.0,1.0,1.0,8.246314018964767,8.269336116527362e-07,34.42475414276123,31.62744140625,41.725900173187256,476.0,0.0,62.63304591178894,,,,,,,,,,,,,,,,,
477,477.0,8.0,16.0,22.462560176849365,128.0,1.0,156450.0,892126.0,0.8507976531982422,2.0,2.0,2.0,0.7109375,16.0,0.060403263745068735,0.023551302030682564,0.6049888730049133,9774.125,16.0,1.0,156450.0,78193.0,0.4997954618088846,128.0,1.0,1.0,1.0,5.534474551677704,8.262496517722354e-07,34.21639394760132,27.456787109375,41.77393126487732,477.0,0.0,64.283846616745,,,,,,,,,,,,,,,,,
478,478.0,8.0,16.0,21.150900840759277,128.0,1.0,212216.0,836360.0,0.7976150512695312,2.0,2.0,2.0,0.34375,16.0,0.05829454916549638,0.031134096905589104,0.5031274557113647,13259.75,16.0,1.0,212216.0,106078.0,0.49985863459871077,128.0,1.0,1.0,1.0,7.507216691970825,8.255646271346949e-07,33.03866672515869,30.260009765625,39.243046283721924,478.0,0.0,60.45086646080017,,,,,,,,,,,,,,,,,
479,479.0,8.0,16.0,40.02269124984741,128.0,1.0,265216.0,783360.0,0.7470703125,2.0,2.0,2.0,0.5546875,16.0,0.0535585039962303,0.02975434623658657,0.37740862369537354,16571.875,16.0,1.0,265216.0,132575.0,0.4998755731177606,128.0,1.0,1.0,1.0,9.382110595703125,8.248785399757796e-07,43.365150928497314,33.920166015625,43.25041890144348,479.0,0.0,83.34222030639648,,,,,,,,,,,,,,,,,
480,480.0,8.0,16.0,28.892465591430664,128.0,1.0,296435.0,752141.0,0.7172975540161133,2.0,2.0,2.0,0.390625,16.0,0.0515246510546879,0.027392107993364334,0.39338812232017517,18523.5,16.0,1.0,296435.0,148188.0,0.4999004840858873,128.0,1.0,1.0,1.0,10.486493855714798,8.241913925346216e-07,42.07632303237915,34.31103515625,42.144047498703,480.0,0.0,71.10785555839539,,,,,,,,,,,,,,,,,
481,481.0,8.0,16.0,26.866106033325195,128.0,1.0,280419.0,768157.0,0.7325716018676758,2.0,2.0,2.0,0.3828125,16.0,0.0614279476606504,0.03457215428352356,0.49083730578422546,17521.375,16.0,1.0,280419.0,140171.0,0.4998627054514851,128.0,1.0,1.0,1.0,9.919922143220901,8.235031870538135e-07,37.847681522369385,34.53076171875,44.76265287399292,481.0,0.0,71.69727540016174,,,,,,,,,,,,,,,,,
482,482.0,8.0,16.0,32.853217363357544,128.0,1.0,280283.0,768293.0,0.732701301574707,2.0,2.0,2.0,0.4140625,16.0,0.05356182433782692,0.030062681064009666,0.4182220697402954,17513.625,16.0,1.0,280283.0,140109.0,0.4998840457680273,128.0,1.0,1.0,1.0,9.915111094713211,8.228139257794012e-07,44.78077840805054,34.50390625,45.90382671356201,482.0,0.0,78.84112071990967,,,,,,,,,,,,,,,,,
483,483.0,8.0,16.0,31.13395881652832,128.0,1.0,288368.0,760208.0,0.7249908447265625,2.0,2.0,2.0,0.2421875,16.0,0.05798237745942206,0.030830126255750656,0.5071492195129395,18019.5,16.0,1.0,288368.0,144156.0,0.49990290184763914,128.0,1.0,1.0,1.0,10.201120853424072,8.22123610960876e-07,43.36928081512451,34.322998046875,45.66794300079346,483.0,0.0,76.88130688667297,,,,,,,,,,,,,,,,,
484,484.0,8.0,16.0,34.321547985076904,128.0,1.0,258204.0,790372.0,0.7537574768066406,2.0,2.0,2.0,0.2265625,16.0,0.06579233915621711,0.02985542081296444,0.6810437440872192,16133.875,16.0,1.0,258204.0,129071.0,0.49987993989248813,128.0,1.0,1.0,1.0,9.134058594703674,8.214322448511678e-07,37.533530712127686,33.818115234375,42.5866961479187,484.0,0.0,76.9714503288269,,,,,,,,,,,,,,,,,
485,485.0,8.0,16.0,25.918415307998657,128.0,1.0,202123.0,846453.0,0.8072404861450195,2.0,2.0,2.0,0.625,16.0,0.0665381499736495,0.030242042616009712,0.6543300747871399,12628.5,16.0,1.0,202123.0,101028.0,0.4998342593371363,128.0,1.0,1.0,1.0,7.150173217058182,8.207398297066374e-07,36.6201753616333,29.916259765625,40.13988733291626,485.0,0.0,66.11283922195435,,,,,,,,,,,,,,,,,
486,486.0,8.0,16.0,36.77176761627197,128.0,1.0,226564.0,822012.0,0.7839317321777344,2.0,2.0,2.0,0.453125,16.0,0.06069681106120134,0.02898908406496048,0.5869981646537781,14156.125,16.0,1.0,226564.0,113249.0,0.4998543457919175,128.0,1.0,1.0,1.0,8.014782309532166,8.200463677870693e-07,48.09708118438721,30.946533203125,42.238144874572754,486.0,0.0,79.07330870628357,,,,,,,,,,,,,,,,,
487,487.0,8.0,16.0,32.71514654159546,128.0,1.0,260213.0,788363.0,0.7518415451049805,2.0,2.0,2.0,0.5,16.0,0.06687047028773369,0.030546829104423523,0.5069272518157959,16258.875,16.0,1.0,260213.0,130071.0,0.49986357330340914,128.0,1.0,1.0,1.0,9.20512768626213,8.193518613556641e-07,42.45059585571289,32.828857421875,43.00235867500305,487.0,0.0,75.78773951530457,,,,,,,,,,,,,,,,,
488,488.0,8.0,16.0,40.0501184463501,128.0,1.0,300257.0,748319.0,0.7136526107788086,2.0,2.0,2.0,0.359375,16.0,0.0644807389972697,0.03608216717839241,0.45125406980514526,18761.75,16.0,1.0,300257.0,150094.0,0.49988509843234297,128.0,1.0,1.0,1.0,10.621698468923569,8.186563126790316e-07,46.993125438690186,35.475830078125,46.83555459976196,488.0,0.0,86.9631974697113,,,,,,,,,,,,,,,,,
489,489.0,8.0,16.0,33.284343957901,128.0,1.0,225357.0,823219.0,0.7850828170776367,2.0,2.0,2.0,0.625,16.0,0.06463994749901611,0.03674227371811867,0.6187751293182373,14081.125,16.0,1.0,225357.0,112649.0,0.4998690965889677,128.0,1.0,1.0,1.0,7.972084254026413,8.179597240271829e-07,36.969558238983154,31.8388671875,41.5869665145874,489.0,0.0,74.93382716178894,,,,,,,,,,,,,,,,,
490,490.0,8.0,16.0,40.17741346359253,128.0,1.0,267606.0,780970.0,0.7447910308837891,2.0,2.0,2.0,0.3515625,16.0,0.06524089018862728,0.03176249563694,0.5274134278297424,16721.625,16.0,1.0,267606.0,133773.0,0.4998878948902491,128.0,1.0,1.0,1.0,9.46665769815445,8.172620976735234e-07,37.76027154922485,34.174560546875,44.86602187156677,490.0,0.0,85.11298131942749,,,,,,,,,,,,,,,,,
491,491.0,8.0,16.0,34.08520722389221,128.0,1.0,272684.0,775892.0,0.7399482727050781,2.0,2.0,2.0,0.4921875,16.0,0.06100189727676732,0.02720961719751358,0.6590673327445984,17038.75,16.0,1.0,272684.0,136310.0,0.4998826480468234,128.0,1.0,1.0,1.0,9.646293759346008,8.165634358948447e-07,40.713276863098145,33.8779296875,44.454227685928345,491.0,0.0,78.6101598739624,,,,,,,,,,,,,,,,,
492,492.0,8.0,16.0,40.80622720718384,128.0,1.0,272448.0,776128.0,0.74017333984375,2.0,2.0,2.0,0.3984375,16.0,0.06111515970259768,0.031652890145778656,0.5379550457000732,17023.25,16.0,1.0,272448.0,136186.0,0.499860523843082,128.0,1.0,1.0,1.0,9.637945175170898,8.158637409713183e-07,50.17453622817993,33.62744140625,45.5682327747345,492.0,0.0,86.44729447364807,,,,,,,,,,,,,,,,,
493,493.0,8.0,16.0,26.393739461898804,128.0,1.0,288606.0,759970.0,0.7247638702392578,2.0,2.0,2.0,0.2109375,16.0,0.06446122816699293,0.03582455590367317,0.4574667513370514,18034.5,16.0,1.0,288606.0,144276.0,0.49990644685141683,128.0,1.0,1.0,1.0,10.20954018831253,8.15163015186487e-07,33.71112775802612,34.515869140625,47.77180600166321,493.0,0.0,74.23496723175049,,,,,,,,,,,,,,,,,
494,494.0,8.0,16.0,22.216960668563843,128.0,1.0,185761.0,862815.0,0.8228445053100586,2.0,2.0,2.0,0.359375,16.0,0.07553762216864797,0.03389459848403931,0.5984697341918945,11606.5,16.0,1.0,185761.0,92852.0,0.4998465770533104,128.0,1.0,1.0,1.0,6.571361631155014,8.144612608272581e-07,33.610904693603516,29.61328125,39.27601337432861,494.0,0.0,61.55336284637451,,,,,,,,,,,,,,,,,
495,495.0,8.0,16.0,24.995477437973022,128.0,1.0,266071.0,782505.0,0.7462549209594727,2.0,2.0,2.0,0.3671875,16.0,0.05670556976096123,0.027535926550626755,0.4981178939342499,16625.625,16.0,1.0,266071.0,133005.0,0.49988536894287616,128.0,1.0,1.0,1.0,9.412356525659561,8.137584801838957e-07,35.039783000946045,33.72216796875,44.96734023094177,495.0,0.0,70.02959823608398,,,,,,,,,,,,,,,,,
496,496.0,8.0,16.0,40.470550298690796,128.0,1.0,239731.0,808845.0,0.7713747024536133,2.0,2.0,2.0,0.4765625,16.0,0.05208526664615634,0.0223094392567873,0.47124043107032776,14979.125,16.0,1.0,239731.0,119833.0,0.499864431383509,128.0,1.0,1.0,1.0,8.480569630861282,8.130546755500137e-07,43.20917749404907,32.112060546875,41.817360639572144,496.0,0.0,82.36577200889587,,,,,,,,,,,,,,,,,
497,497.0,8.0,16.0,39.75688409805298,128.0,1.0,236917.0,811659.0,0.7740583419799805,2.0,2.0,2.0,0.328125,16.0,0.07661771507052137,0.03840600326657295,0.6012946963310242,14803.625,16.0,1.0,236917.0,118429.0,0.4998754838192278,128.0,1.0,1.0,1.0,8.3810233771801,8.123498492225674e-07,51.15674114227295,31.80224609375,48.813010692596436,497.0,0.0,88.64044713973999,,,,,,,,,,,,,,,,,
498,498.0,8.0,16.0,40.345409870147705,128.0,1.0,246649.0,801927.0,0.7647771835327148,2.0,2.0,2.0,0.5390625,16.0,0.040434369006933035,0.02078913152217865,0.3952827453613281,15412.0,16.0,1.0,246649.0,123296.0,0.49988445118366587,128.0,1.0,1.0,1.0,8.725296348333359,8.116440035018466e-07,46.162785053253174,32.452392578125,44.095545530319214,498.0,0.0,84.5026912689209,,,,,,,,,,,,,,,,,
499,499.0,8.0,16.0,31.82657504081726,128.0,1.0,208467.0,840109.0,0.8011903762817383,2.0,2.0,2.0,0.625,16.0,0.05495960182774876,0.032625190913677216,0.4363040030002594,13025.0,16.0,1.0,208467.0,104200.0,0.499839303103129,128.0,1.0,1.0,1.0,7.374594479799271,8.109371406914684e-07,38.53385591506958,30.734130859375,41.5124409198761,499.0,0.0,73.3956868648529,,,,,,,,,,,,,,,,,
500,500.0,8.0,16.0,39.781187295913696,128.0,1.0,228641.0,819935.0,0.7819509506225586,2.0,2.0,2.0,0.3828125,16.0,0.07527260211058955,0.03785967826843262,1.0327965021133423,14286.625,16.0,1.0,228641.0,114293.0,0.49987972410897435,128.0,1.0,1.0,1.0,8.088256925344467,8.102292630983692e-07,50.640709400177,31.117431640625,44.506980419158936,500.0,0.0,312.84708309173584,,,,,,,,,,,,,,,,,
501,501.0,8.0,16.0,36.70896601676941,128.0,1.0,269875.0,778701.0,0.7426271438598633,2.0,2.0,2.0,0.4375,16.0,0.06934613229725592,0.03660063445568085,0.5754997134208679,16863.125,16.0,1.0,269875.0,134905.0,0.4998795738767948,128.0,1.0,1.0,1.0,9.546924382448196,8.095203730327968e-07,36.89960289001465,34.38671875,44.65449833869934,501.0,0.0,81.43604755401611,,,,,,,,,,,,,,,,,
502,502.0,8.0,16.0,24.683863639831543,128.0,1.0,233556.0,815020.0,0.7772636413574219,2.0,2.0,2.0,0.390625,16.0,0.06413469668058336,0.035498395562171936,0.5431265234947205,14593.625,16.0,1.0,233556.0,116749.0,0.49987583277672165,128.0,1.0,1.0,1.0,8.262126803398132,8.088104728083038e-07,35.6594672203064,32.05322265625,42.79976844787598,502.0,0.0,67.545480966568,,,,,,,,,,,,,,,,,
503,503.0,8.0,16.0,39.70748496055603,128.0,1.0,296440.0,752136.0,0.7172927856445312,2.0,2.0,2.0,0.5,16.0,0.05258504760797251,0.028265533968806267,0.47638803720474243,18523.125,16.0,1.0,296440.0,148185.0,0.4998819322628525,128.0,1.0,1.0,1.0,10.486670732498169,8.080995647417395e-07,39.59709167480469,35.771240234375,46.817505836486816,503.0,0.0,86.61657953262329,,,,,,,,,,,,,,,,,
504,504.0,8.0,16.0,31.346726894378662,128.0,1.0,192946.0,855630.0,0.8159923553466797,2.0,2.0,2.0,0.578125,16.0,0.06708579845573917,0.032109811902046204,0.7424609661102295,12055.625,16.0,1.0,192946.0,96445.0,0.4998548816767386,128.0,1.0,1.0,1.0,6.8255335688591,8.073876511532422e-07,37.83455848693848,29.943359375,39.149442195892334,504.0,0.0,70.54866981506348,,,23.0,3.0,,,,,,,,,,,,,
505,505.0,8.0,16.0,19.174702405929565,128.0,1.0,165083.0,883493.0,0.842564582824707,2.0,2.0,2.0,0.6640625,16.0,0.06696747056620603,0.03661654144525528,0.6047914028167725,10312.75,16.0,1.0,165083.0,82502.0,0.4997607264224663,128.0,1.0,1.0,1.0,5.839870005846024,8.066747343662324e-07,33.287779808044434,28.130126953125,36.84089756011963,505.0,0.0,56.064849615097046,,,,,,,,,,,,,,,,,
506,506.0,8.0,16.0,41.00584673881531,128.0,1.0,254480.0,794096.0,0.7573089599609375,2.0,2.0,2.0,0.546875,16.0,0.04501734631495633,0.0257215965539217,0.40340667963027954,15901.125,16.0,1.0,254480.0,127209.0,0.4998781829613329,128.0,1.0,1.0,1.0,9.002320766448975,8.05960816707404e-07,43.32787084579468,33.333984375,44.34892272949219,506.0,0.0,85.42121696472168,,,,,,,,,,,,,,,,,
507,507.0,8.0,16.0,22.905412673950195,128.0,1.0,212290.0,836286.0,0.7975444793701172,2.0,2.0,2.0,0.5078125,16.0,0.050203384838779674,0.024707356467843056,0.44363048672676086,13264.25,16.0,1.0,212290.0,106114.0,0.4998539733383579,128.0,1.0,1.0,1.0,7.509834468364716,8.052459005067173e-07,34.71679162979126,30.93212890625,41.42137122154236,507.0,0.0,64.38325428962708,,,,,,,,,,,,,,,,,
508,508.0,8.0,16.0,38.06161022186279,128.0,1.0,291492.0,757084.0,0.7220115661621094,2.0,2.0,2.0,0.5546875,16.0,0.062410344065332066,0.03728366270661354,0.43072381615638733,18214.0,16.0,1.0,291492.0,145712.0,0.49988335871996487,128.0,1.0,1.0,1.0,10.311633467674255,8.045299880973927e-07,44.0354585647583,34.60400390625,44.45379304885864,508.0,0.0,82.60321521759033,,,,,,,,,,,,,,,,,
509,509.0,8.0,16.0,40.987053871154785,128.0,1.0,360902.0,687674.0,0.6558170318603516,2.0,2.0,2.0,0.3828125,16.0,0.03526700471843078,0.020013727247714996,0.39533278346061707,22552.625,16.0,1.0,360902.0,180421.0,0.49991687494111975,128.0,1.0,1.0,1.0,12.767036974430084,8.038130818159003e-07,52.35240077972412,38.21923828125,51.27819037437439,509.0,0.0,92.34480714797974,,,,,,,,,,,,,,,,,
510,510.0,8.0,16.0,24.965558528900146,128.0,1.0,240956.0,807620.0,0.7702064514160156,2.0,2.0,2.0,0.3984375,16.0,0.053708718119186746,0.02784697338938713,0.4270412027835846,15055.625,16.0,1.0,240956.0,120445.0,0.49986304553528443,128.0,1.0,1.0,1.0,8.52390444278717,8.030951840019546e-07,36.60908365249634,31.857666015625,39.985443115234375,510.0,0.0,65.01368713378906,,,,,,,,,,,,,,,,,
511,511.0,8.0,16.0,19.32927393913269,128.0,1.0,134591.0,913985.0,0.8716440200805664,2.0,2.0,2.0,0.6796875,16.0,0.07711657989903208,0.030549483373761177,0.9462597370147705,8407.75,16.0,1.0,134591.0,67262.0,0.4997510977702818,128.0,1.0,1.0,1.0,4.76120463013649,8.023762969985064e-07,32.18333196640015,26.68115234375,37.10867428779602,511.0,0.0,56.47905230522156,,,,,,,,,,,,,,,,,
512,512.0,8.0,16.0,31.402853965759277,128.0,1.0,263406.0,785170.0,0.7487964630126953,2.0,2.0,2.0,0.4765625,16.0,0.05131367310023569,0.026348739862442017,0.42987197637557983,16459.0,16.0,1.0,263406.0,131672.0,0.4998823109572295,128.0,1.0,1.0,1.0,9.318081200122833,8.016564231517339e-07,39.23377466201782,33.497802734375,43.66645884513855,512.0,0.0,75.13775682449341,,,,,,,,,,,,,,,,,
513,513.0,8.0,16.0,39.96157503128052,128.0,1.0,241988.0,806588.0,0.7692222595214844,2.0,2.0,2.0,0.3984375,16.0,0.06269605587827591,0.033587608486413956,0.4579066038131714,15120.0,16.0,1.0,241988.0,120960.0,0.49985949716514866,128.0,1.0,1.0,1.0,8.560411810874939,8.009355648110368e-07,35.862056732177734,33.11669921875,41.82684254646301,513.0,0.0,81.8525288105011,,,,,,,,,,,,,,,,,
514,514.0,8.0,16.0,34.97380256652832,128.0,1.0,304414.0,744162.0,0.7096881866455078,2.0,2.0,2.0,0.3125,16.0,0.06119794696885238,0.03144511207938194,0.45492324233055115,19021.875,16.0,1.0,304414.0,152175.0,0.4998948799989488,128.0,1.0,1.0,1.0,10.768753826618195,8.002137243290277e-07,38.047378063201904,35.846923828125,48.00434923171997,514.0,0.0,83.0496883392334,,,,,,,,,,,,,,,,,
515,515.0,8.0,16.0,41.69097447395325,128.0,1.0,284190.0,764386.0,0.7289752960205078,2.0,2.0,2.0,0.484375,16.0,0.054502185660170004,0.029041316360235214,0.4670603275299072,17758.375,16.0,1.0,284190.0,142067.0,0.4999014743657412,128.0,1.0,1.0,1.0,10.053322613239288,7.994909040615239e-07,46.227967739105225,35.04638671875,48.02441740036011,515.0,0.0,89.80143141746521,,,,,,,,,,,,,,,,,
516,516.0,8.0,16.0,30.861805200576782,128.0,1.0,243017.0,805559.0,0.7682409286499023,2.0,2.0,2.0,0.3515625,16.0,0.062146043921344936,0.034763433039188385,0.42883139848709106,15184.25,16.0,1.0,243017.0,121474.0,0.4998580346230922,128.0,1.0,1.0,1.0,8.596813052892685,7.987671063675414e-07,39.774734020233154,32.267578125,43.28094005584717,516.0,0.0,74.21954083442688,,,,,,,,,,,,,,,,,
517,517.0,8.0,16.0,34.70728778839111,128.0,1.0,250164.0,798412.0,0.7614250183105469,2.0,2.0,2.0,0.3984375,16.0,0.06751465830597954,0.03430487588047981,0.5736480355262756,15631.0,16.0,1.0,250164.0,125048.0,0.4998640891575127,128.0,1.0,1.0,1.0,8.849640727043152,7.980423336092853e-07,41.09984731674194,32.9736328125,43.96316385269165,517.0,0.0,78.73706293106079,,,,,,,,,,,,,,,,,
518,518.0,8.0,16.0,23.63779902458191,128.0,1.0,249814.0,798762.0,0.7617588043212891,2.0,2.0,2.0,0.453125,16.0,0.05906152377259164,0.030709408223628998,0.45102015137672424,15609.25,16.0,1.0,249814.0,124874.0,0.49986790171887885,128.0,1.0,1.0,1.0,8.837259352207184,7.973165881521433e-07,38.169392108917236,32.70556640625,42.16812825202942,518.0,0.0,65.87262105941772,,,,,,,,,,,,,,,,,
519,519.0,8.0,16.0,26.4323627948761,128.0,1.0,210828.0,837748.0,0.7989387512207031,2.0,2.0,2.0,0.625,16.0,0.05064152233836722,0.027002466842532158,0.43789783120155334,13173.125,16.0,1.0,210828.0,105385.0,0.49986244711328665,128.0,1.0,1.0,1.0,7.4581156969070435,7.965898723646776e-07,34.83668231964111,30.438720703125,40.30983519554138,519.0,0.0,66.79915690422058,,,,,,,,,,,,,,,,,
520,520.0,8.0,16.0,26.358155965805054,128.0,1.0,174503.0,874073.0,0.8335809707641602,2.0,2.0,2.0,0.7734375,16.0,0.04729929509411424,0.024775777012109756,0.6879874467849731,10902.25,16.0,1.0,174503.0,87218.0,0.4998080262230449,128.0,1.0,1.0,1.0,6.173105865716934,7.958621886186172e-07,35.76075744628906,28.685791015625,38.504077672958374,520.0,0.0,64.91863775253296,,,,,,,,,,,,,,,,,
521,521.0,8.0,16.0,30.16569995880127,128.0,1.0,257125.0,791451.0,0.754786491394043,2.0,2.0,2.0,0.4921875,16.0,0.05242880410572197,0.03041514940559864,0.4825170338153839,16066.125,16.0,1.0,257125.0,128529.0,0.499869713174526,128.0,1.0,1.0,1.0,9.095888584852219,7.9513353928885e-07,39.857789039611816,33.4443359375,43.92628526687622,521.0,0.0,74.17182111740112,,,,,,,,,,,,,,,,,
522,522.0,8.0,16.0,31.0406653881073,128.0,1.0,249841.0,798735.0,0.7617330551147461,2.0,2.0,2.0,0.5390625,16.0,0.06341670494274684,0.03208322077989578,0.5008861422538757,15610.75,16.0,1.0,249841.0,124886.0,0.499861912176144,128.0,1.0,1.0,1.0,8.838214486837387,7.944039267534154e-07,39.37976408004761,32.79052734375,46.327301263809204,522.0,0.0,77.43270993232727,,,,,,,,,,,,,,,,,
523,523.0,8.0,16.0,29.41974925994873,128.0,1.0,328223.0,720353.0,0.6869821548461914,2.0,2.0,2.0,0.2734375,16.0,0.050144429928320244,0.031235631555318832,0.5677624344825745,20510.375,16.0,1.0,328223.0,164083.0,0.49991316879073067,128.0,1.0,1.0,1.0,11.611005693674088,7.936733533934963e-07,37.45448303222656,37.365234375,49.25740885734558,523.0,0.0,78.75434589385986,,,,,,,,,,,,,,,,,
524,524.0,8.0,16.0,22.983855485916138,128.0,1.0,243223.0,805353.0,0.7680444717407227,2.0,2.0,2.0,0.3125,16.0,0.08136985095651507,0.04563993960618973,0.5366328358650208,15197.125,16.0,1.0,243223.0,121577.0,0.4998581548619991,128.0,1.0,1.0,1.0,8.604100376367569,7.929418215934114e-07,33.85725259780884,32.46044921875,40.95781874656677,524.0,0.0,64.00857210159302,,,,,,,,,,,,,,,,,
525,525.0,8.0,16.0,34.5702691078186,128.0,1.0,370177.0,678399.0,0.6469717025756836,2.0,2.0,2.0,0.2734375,16.0,0.04987749643183977,0.02988719567656517,0.33866360783576965,23132.125,16.0,1.0,370177.0,185057.0,0.49991490557219925,128.0,1.0,1.0,1.0,13.095143407583237,7.922093337406073e-07,45.12794494628906,38.71826171875,48.581833600997925,525.0,0.0,83.23984169960022,,,,,,,,,,,,,,,,,
526,526.0,8.0,16.0,35.28585147857666,128.0,1.0,252432.0,796144.0,0.7592620849609375,2.0,2.0,2.0,0.5390625,16.0,0.06423174874090111,0.03419226035475731,0.4339427351951599,15773.25,16.0,1.0,252432.0,126186.0,0.4998811561133295,128.0,1.0,1.0,1.0,8.929872035980225,7.914758922256507e-07,42.4914288520813,33.361083984375,42.41514611244202,526.0,0.0,77.7656672000885,,,,,,,,,,,,,,,,,
527,527.0,8.0,16.0,35.52961730957031,128.0,1.0,298178.0,750398.0,0.7156352996826172,2.0,2.0,2.0,0.5,16.0,0.05955816317815727,0.037014130502939224,0.4192790985107422,18632.25,16.0,1.0,298178.0,149058.0,0.49989603525410997,128.0,1.0,1.0,1.0,10.548153102397919,7.90741499442221e-07,44.73427200317383,35.03173828125,46.971954584121704,527.0,0.0,82.58571600914001,,,,,,,,,,,,,,,,,
528,528.0,8.0,16.0,41.19991493225098,128.0,1.0,238106.0,810470.0,0.7729244232177734,2.0,2.0,2.0,0.515625,16.0,0.056492861684662124,0.027702096849679947,0.6211376786231995,14877.875,16.0,1.0,238106.0,119023.0,0.4998740056949426,128.0,1.0,1.0,1.0,8.423084676265717,7.900061577871019e-07,48.13450574874878,32.65771484375,46.143110513687134,528.0,0.0,87.39646506309509,,,,,,,,,,,,,,,,,
529,529.0,8.0,16.0,40.7799756526947,128.0,1.0,327653.0,720923.0,0.687525749206543,2.0,2.0,2.0,0.2734375,16.0,0.054316027904142125,0.03314381465315819,0.44475698471069336,20474.625,16.0,1.0,327653.0,163797.0,0.49990996572593566,128.0,1.0,1.0,1.0,11.590841740369797,7.892698696601741e-07,43.91635179519653,37.2919921875,55.02959680557251,529.0,0.0,95.89330506324768,,,,,,,,,,,,,,,,,
530,530.0,8.0,16.0,26.373629331588745,128.0,1.0,244944.0,803632.0,0.7664031982421875,2.0,2.0,2.0,0.4765625,16.0,0.04999621878357214,0.023585237562656403,0.5182428956031799,15305.375,16.0,1.0,244944.0,122443.0,0.49988160559148215,128.0,1.0,1.0,1.0,8.664981365203857,7.885326374644071e-07,38.83750057220459,32.223388671875,43.09947657585144,530.0,0.0,69.5377447605133,,,,,,,,,,,,,,,,,
531,531.0,8.0,16.0,36.99459528923035,128.0,1.0,237309.0,811267.0,0.7736845016479492,2.0,2.0,2.0,0.4296875,16.0,0.05567943990862931,0.030595527961850166,0.42349329590797424,14827.625,16.0,1.0,237309.0,118621.0,0.49985883384111013,128.0,1.0,1.0,1.0,8.394890516996384,7.877944636058511e-07,43.94865036010742,33.302490234375,45.33837819099426,531.0,0.0,82.39298367500305,,,,,,,,,,,,,,,,,
532,532.0,8.0,16.0,19.678952932357788,128.0,1.0,173442.0,875134.0,0.8345928192138672,2.0,2.0,2.0,0.5,16.0,0.06622178263992179,0.032412782311439514,0.6228964328765869,10835.875,16.0,1.0,173442.0,86687.0,0.4998039690501724,128.0,1.0,1.0,1.0,6.135572612285614,7.870553504936306e-07,29.812034606933594,28.4931640625,37.69627499580383,532.0,0.0,57.42125463485718,,,,,,,,,,,,,,,,,
533,533.0,8.0,16.0,20.80804967880249,128.0,1.0,230615.0,817961.0,0.7800683975219727,2.0,2.0,2.0,0.421875,16.0,0.07319260125500425,0.03310049697756767,0.595988392829895,14409.25,16.0,1.0,230615.0,115274.0,0.49985473624872623,128.0,1.0,1.0,1.0,8.158087879419327,7.863153005399343e-07,33.3329062461853,31.024169921875,41.35091829299927,533.0,0.0,62.21611404418945,,,,,,,,,,,,,,,,,
534,534.0,8.0,16.0,40.57010626792908,128.0,1.0,231653.0,816923.0,0.779078483581543,2.0,2.0,2.0,0.3984375,16.0,0.0548823600705391,0.024291634559631348,0.4799741804599762,14473.75,16.0,1.0,231653.0,115790.0,0.49984243674806716,128.0,1.0,1.0,1.0,8.19480749964714,7.855743161600092e-07,46.037439823150635,31.39111328125,41.89231467247009,534.0,0.0,82.52394914627075,,,,,,,,,,,,,,,,,
535,535.0,8.0,16.0,31.325793266296387,128.0,1.0,304193.0,744383.0,0.7098989486694336,2.0,2.0,2.0,0.2734375,16.0,0.05052891868496224,0.030592799186706543,0.33134353160858154,19008.0,16.0,1.0,304193.0,152064.0,0.4998931599346468,128.0,1.0,1.0,1.0,10.760935872793198,7.848323997721516e-07,42.620830059051514,35.08740234375,47.05600452423096,535.0,0.0,78.45795798301697,,,,,,,,,,,,,,,,,
536,536.0,8.0,16.0,28.10748553276062,128.0,1.0,229644.0,818932.0,0.7809944152832031,2.0,2.0,2.0,0.59375,16.0,0.05142480334103206,0.026461897417902946,0.3989395499229431,14348.125,16.0,1.0,229644.0,114785.0,0.49983888105066976,128.0,1.0,1.0,1.0,8.123738408088684,7.840895537976995e-07,38.00982189178467,31.818603515625,44.51692843437195,536.0,0.0,72.68438529968262,,,,,,,,,,,,,,,,,
537,537.0,8.0,16.0,40.49650454521179,128.0,1.0,355970.0,692606.0,0.6605205535888672,2.0,2.0,2.0,0.1796875,16.0,0.05204467866594042,0.03016272559762001,0.3204129934310913,22243.5,16.0,1.0,355970.0,177948.0,0.4998960586566284,128.0,1.0,1.0,1.0,12.592565715312958,7.833457806610246e-07,44.27621078491211,38.3662109375,55.462125062942505,537.0,0.0,96.0592827796936,,,,,,,,,,,,,,,,,
538,538.0,8.0,16.0,31.95601177215576,128.0,1.0,257360.0,791216.0,0.7545623779296875,2.0,2.0,2.0,0.4296875,16.0,0.04730786652925792,0.025376923382282257,0.3895988166332245,16081.375,16.0,1.0,257360.0,128651.0,0.49988731737643766,128.0,1.0,1.0,1.0,9.104201793670654,7.82601082789525e-07,39.07418727874756,33.17333984375,41.540146827697754,538.0,0.0,73.56239557266235,,,,,,,,,,,,,,,,,
539,539.0,8.0,16.0,27.13717532157898,128.0,1.0,255840.0,792736.0,0.756011962890625,2.0,2.0,2.0,0.3515625,16.0,0.0644314994924824,0.03071233257651329,0.5455921292304993,15986.125,16.0,1.0,255840.0,127889.0,0.49987883051907445,128.0,1.0,1.0,1.0,9.050431251525879,7.818554626136163e-07,38.44577217102051,32.975341796875,44.36625337600708,539.0,0.0,71.57446050643921,,,,,,,,,,,,,,,,,
540,540.0,8.0,16.0,38.31420278549194,128.0,1.0,235133.0,813443.0,0.7757596969604492,2.0,2.0,2.0,0.578125,16.0,0.060431716872732785,0.03147163987159729,0.5148555040359497,14692.125,16.0,1.0,235133.0,117537.0,0.49987453909064233,128.0,1.0,1.0,1.0,8.317913740873337,7.811089225667242e-07,42.238224029541016,32.41455078125,46.07214307785034,540.0,0.0,84.44947338104248,,,,,,,,,,,,,,,,,
541,541.0,8.0,16.0,26.951732397079468,128.0,1.0,281951.0,766625.0,0.7311105728149414,2.0,2.0,2.0,0.3671875,16.0,0.04799297458093015,0.026237521320581436,0.3734166622161865,17618.125,16.0,1.0,281951.0,140945.0,0.4998918251752964,128.0,1.0,1.0,1.0,9.974117189645767,7.803614650852769e-07,39.71621656417847,33.884033203125,42.994088649749756,541.0,0.0,70.01565170288086,,,,,,,,,,,,,,,,,
542,542.0,8.0,16.0,41.1015899181366,128.0,1.0,302680.0,745896.0,0.7113418579101562,2.0,2.0,2.0,0.4609375,16.0,0.056555550424188576,0.02962561883032322,0.4397827386856079,18914.0,16.0,1.0,302680.0,151312.0,0.4999074930619796,128.0,1.0,1.0,1.0,10.707412958145142,7.796130926086964e-07,42.31475639343262,36.26171875,47.23286008834839,542.0,0.0,88.41376113891602,,,,,,,,,,,,,,,,,
543,543.0,8.0,16.0,38.75038552284241,128.0,1.0,297248.0,751328.0,0.716522216796875,2.0,2.0,2.0,0.3984375,16.0,0.05301153632687902,0.02851511724293232,0.40542903542518616,18574.0,16.0,1.0,297248.0,148592.0,0.4998923457853375,128.0,1.0,1.0,1.0,10.515254020690918,7.788638075793909e-07,41.64482831954956,35.9052734375,46.96048092842102,543.0,0.0,85.8657774925232,,,,,,,,,,,,,,,,,
544,544.0,8.0,16.0,28.58328080177307,128.0,1.0,190856.0,857720.0,0.8179855346679688,2.0,2.0,2.0,0.6953125,16.0,0.045432693907996986,0.02006063237786293,0.5089102387428284,11924.0,16.0,1.0,190856.0,95392.0,0.49981137611602466,128.0,1.0,1.0,1.0,6.751599073410034,7.781136124427475e-07,35.039215087890625,29.310302734375,38.72423839569092,544.0,0.0,67.35658717155457,,,,,,,,,,,,,,,,,
545,545.0,8.0,16.0,38.765602111816406,128.0,1.0,239022.0,809554.0,0.7720508575439453,2.0,2.0,2.0,0.484375,16.0,0.06807922146311067,0.031119264662265778,0.5671355128288269,14934.625,16.0,1.0,239022.0,119477.0,0.49985775367957763,128.0,1.0,1.0,1.0,8.455488502979279,7.773625096471222e-07,41.94280958175659,32.3798828125,48.03025007247925,545.0,0.0,86.85515713691711,,,,,,,,,,,,,,,,,
546,546.0,8.0,16.0,27.02455234527588,128.0,1.0,245953.0,802623.0,0.7654409408569336,2.0,2.0,2.0,0.328125,16.0,0.06346649116831557,0.036096516996622086,0.4838400185108185,15368.625,16.0,1.0,245953.0,122949.0,0.4998881900200445,128.0,1.0,1.0,1.0,8.70067510008812,7.766105016438347e-07,36.244569301605225,32.2939453125,42.36806058883667,546.0,0.0,69.46170282363892,,,,,,,,,,,,,,,,,
547,547.0,8.0,16.0,32.128583669662476,128.0,1.0,289886.0,758690.0,0.7235431671142578,2.0,2.0,2.0,0.1171875,16.0,0.05248922141785911,0.029093489050865173,0.3899250328540802,18114.5,16.0,1.0,289886.0,144916.0,0.4999068599380446,128.0,1.0,1.0,1.0,10.2548206448555,7.758575908871577e-07,40.52177953720093,34.960205078125,45.01352405548096,547.0,0.0,77.21706199645996,,,,,,,,,,,,,,,,,
548,548.0,8.0,16.0,24.149794816970825,128.0,1.0,207446.0,841130.0,0.8021640777587891,2.0,2.0,2.0,0.5703125,16.0,0.06094314670380171,0.029443388804793358,0.5561397671699524,12961.875,16.0,1.0,207446.0,103695.0,0.49986502511496966,128.0,1.0,1.0,1.0,7.338476240634918,7.751037798343114e-07,35.5843243598938,30.09130859375,39.01548147201538,548.0,0.0,63.23595714569092,,,,,,,,,,,,,,,,,
549,549.0,8.0,16.0,41.10575079917908,128.0,1.0,313355.0,735221.0,0.7011613845825195,2.0,2.0,2.0,0.328125,16.0,0.05829616984170205,0.031073862686753273,0.3921864628791809,19580.5,16.0,1.0,313355.0,156644.0,0.49989309249892294,128.0,1.0,1.0,1.0,11.085044890642166,7.743490709454534e-07,39.578128814697266,36.335205078125,44.19467759132385,549.0,0.0,85.37709403038025,,,,,,,,,,,,,,,,,
550,550.0,8.0,16.0,29.341259479522705,128.0,1.0,276090.0,772486.0,0.7367000579833984,2.0,2.0,2.0,0.359375,16.0,0.06319699410691504,0.03512973338365555,0.4526946246623993,17251.5,16.0,1.0,276090.0,138012.0,0.499880473758557,128.0,1.0,1.0,1.0,9.766782224178314,7.735934666836714e-07,38.63002920150757,33.788818359375,42.468080282211304,550.0,0.0,300.95231652259827,,,,,,,,,,,,,,,,,
551,551.0,8.0,16.0,33.145535707473755,128.0,1.0,236785.0,811791.0,0.7741842269897461,2.0,2.0,2.0,0.4609375,16.0,0.05200317828857329,0.02567148767411709,0.5526540279388428,14794.75,16.0,1.0,236785.0,118358.0,0.4998542982030112,128.0,1.0,1.0,1.0,8.376353830099106,7.728369695149759e-07,39.803791999816895,32.20068359375,43.79986381530762,551.0,0.0,77.01337122917175,,,,,,,,,,,,,,,,,
552,552.0,8.0,16.0,40.71821427345276,128.0,1.0,329237.0,719339.0,0.6860151290893555,2.0,2.0,2.0,0.2734375,16.0,0.0585913314323775,0.03005669265985489,0.3837452232837677,20573.25,16.0,1.0,329237.0,164586.0,0.49990128691489716,128.0,1.0,1.0,1.0,11.64687630534172,7.72079581908291e-07,42.68682146072388,37.44384765625,48.64503479003906,552.0,0.0,89.4685926437378,,,,,,,,,,,,,,,,,
553,553.0,8.0,16.0,31.413734912872314,128.0,1.0,269807.0,778769.0,0.7426919937133789,2.0,2.0,2.0,0.2890625,16.0,0.053387602866612455,0.027275551110506058,0.5400943160057068,16858.25,16.0,1.0,269807.0,134866.0,0.49986101176025827,128.0,1.0,1.0,1.0,9.544518858194351,7.713213063354471e-07,45.1673469543457,33.744140625,45.11376762390137,553.0,0.0,76.59933662414551,,,,,,,,,,,,,,,,,
554,554.0,8.0,16.0,24.387982845306396,128.0,1.0,213000.0,835576.0,0.7968673706054688,2.0,2.0,2.0,0.6953125,16.0,0.05413005039241368,0.0286912452429533,0.46367067098617554,13308.375,16.0,1.0,213000.0,106467.0,0.49984507042253523,128.0,1.0,1.0,1.0,7.5349509716033936,7.705621452711726e-07,34.83558893203735,31.08837890625,40.17856955528259,554.0,0.0,64.62397503852844,,,,,,,,,,,,,,,,,
555,555.0,8.0,16.0,29.686225414276123,128.0,1.0,202966.0,845610.0,0.8064365386962891,2.0,2.0,2.0,0.5078125,16.0,0.07117565715029417,0.03541196137666702,0.6043800115585327,12681.875,16.0,1.0,202966.0,101455.0,0.49986204585989774,128.0,1.0,1.0,1.0,7.179994642734528,7.698021011930857e-07,39.62298107147217,30.341064453125,40.029847621917725,555.0,0.0,69.78418016433716,,,,,,,,,,,,,,,,,
556,556.0,8.0,16.0,23.084484100341797,128.0,1.0,211932.0,836644.0,0.7978858947753906,2.0,2.0,2.0,0.46875,16.0,0.05293972628470363,0.028877079486846924,0.4657188057899475,13242.0,16.0,1.0,211932.0,105936.0,0.4998584451616556,128.0,1.0,1.0,1.0,7.497170090675354,7.690411765816864e-07,38.64188003540039,30.205078125,39.5093150138855,556.0,0.0,62.654518365859985,,,,,,,,,,,,,,,,,
557,557.0,8.0,16.0,28.83613109588623,128.0,1.0,216663.0,831913.0,0.7933740615844727,2.0,2.0,2.0,0.421875,16.0,0.06240262895931364,0.029588842764496803,0.5795433521270752,13537.0,16.0,1.0,216663.0,108296.0,0.49983615107332585,128.0,1.0,1.0,1.0,7.664530903100967,7.682793739203484e-07,36.74279975891113,31.064208984375,41.493741512298584,557.0,0.0,70.39209175109863,,,,,,,,,,,,,,,,,
558,558.0,8.0,16.0,30.69940161705017,128.0,1.0,238210.0,810366.0,0.7728252410888672,2.0,2.0,2.0,0.3984375,16.0,0.06517108210054191,0.03332432359457016,0.45333558320999146,14884.25,16.0,1.0,238210.0,119074.0,0.499869862726166,128.0,1.0,1.0,1.0,8.426763713359833,7.675166956953113e-07,45.02591848373413,31.662353515625,45.8914213180542,558.0,0.0,76.65476560592651,,,,,,,,,,,,,,,,,
559,559.0,8.0,16.0,23.269227504730225,128.0,1.0,244117.0,804459.0,0.7671918869018555,2.0,2.0,2.0,0.2421875,16.0,0.06939955168035307,0.034506674855947495,0.43683090806007385,15253.375,16.0,1.0,244117.0,122027.0,0.49987096351339727,128.0,1.0,1.0,1.0,8.635725945234299,7.66753144395672e-07,36.42005109786987,32.171875,41.22272825241089,559.0,0.0,64.56684494018555,,,,,,,,,,,,,,,,,
560,560.0,8.0,16.0,24.730605840682983,128.0,1.0,220974.0,827602.0,0.7892627716064453,2.0,2.0,2.0,0.4453125,16.0,0.040711234527122116,0.020634369924664497,0.42145079374313354,13806.75,16.0,1.0,220974.0,110454.0,0.4998506611637568,128.0,1.0,1.0,1.0,7.817034065723419,7.659887225133768e-07,35.98099136352539,30.921630859375,41.618328332901,560.0,0.0,66.40827059745789,,,,,,,,,,,,,,,,,
561,561.0,8.0,16.0,38.62219715118408,128.0,1.0,248207.0,800369.0,0.7632913589477539,2.0,2.0,2.0,0.2109375,16.0,0.06839495918257044,0.03444516286253929,0.5078513026237488,15508.75,16.0,1.0,248207.0,124070.0,0.49986503200957266,128.0,1.0,1.0,1.0,8.780411154031754,7.652234325432134e-07,45.956114768981934,33.04443359375,44.309916734695435,561.0,0.0,82.99831986427307,,,,,,,,,,,,,,,,,
562,562.0,8.0,16.0,41.075385093688965,128.0,1.0,272828.0,775748.0,0.7398109436035156,2.0,2.0,2.0,0.203125,16.0,0.06508963775055539,0.03185287117958069,0.42434871196746826,17047.625,16.0,1.0,272828.0,136381.0,0.49987904467283417,128.0,1.0,1.0,1.0,9.651387810707092,7.644572769828023e-07,47.100728034973145,34.4228515625,45.109251737594604,562.0,0.0,86.25279116630554,,,,,,,,,,,,,,,,,
563,563.0,8.0,16.0,19.49172568321228,128.0,1.0,204072.0,844504.0,0.8053817749023438,2.0,2.0,2.0,0.4921875,16.0,0.05899883321536675,0.0297849178314209,0.4682580530643463,12750.625,16.0,1.0,204072.0,102005.0,0.49984809282998155,128.0,1.0,1.0,1.0,7.2191197872161865,7.636902583325892e-07,29.691315174102783,29.854736328125,38.95868730545044,563.0,0.0,58.50281238555908,,,,,,,,,,,,,,,,,
564,564.0,8.0,16.0,40.61447525024414,128.0,1.0,249715.0,798861.0,0.7618532180786133,2.0,2.0,2.0,0.3046875,16.0,0.06298084352758612,0.03416120633482933,0.49294513463974,15603.125,16.0,1.0,249715.0,124825.0,0.4998698516308592,128.0,1.0,1.0,1.0,8.833757191896439,7.629223790958368e-07,48.09423494338989,33.05419921875,44.23639678955078,564.0,0.0,84.91759252548218,,,,,,,,,,,,,,,,,
565,565.0,8.0,16.0,40.458582162857056,128.0,1.0,266011.0,782565.0,0.746312141418457,2.0,2.0,2.0,0.2734375,16.0,0.06656695708867415,0.038668517023324966,0.43698814511299133,16621.0,16.0,1.0,266011.0,132968.0,0.4998590283860442,128.0,1.0,1.0,1.0,9.41023400425911,7.621536417786158e-07,45.75141429901123,33.458984375,43.661683559417725,565.0,0.0,84.18929767608643,,,,,,,,,,,,,,,,,
566,566.0,8.0,16.0,40.618969202041626,128.0,1.0,238317.0,810259.0,0.7727231979370117,2.0,2.0,2.0,0.578125,16.0,0.04544776458997694,0.023733781650662422,0.3805551528930664,14891.375,16.0,1.0,238317.0,119131.0,0.4998846074765963,128.0,1.0,1.0,1.0,8.430548876523972,7.613840488897981e-07,45.11634302139282,32.4091796875,49.844600439071655,566.0,0.0,90.525803565979,,,,,,,,,,,,,,,,,
567,567.0,8.0,16.0,26.18475103378296,128.0,1.0,234777.0,813799.0,0.7760992050170898,2.0,2.0,2.0,0.5703125,16.0,0.06384802467235177,0.030235402286052704,0.5283399224281311,14669.875,16.0,1.0,234777.0,117359.0,0.4998743488501855,128.0,1.0,1.0,1.0,8.305320113897324,7.606136029410473e-07,41.06557512283325,31.43212890625,39.68793988227844,567.0,0.0,65.93759298324585,,,,,,,,,,,,,,,,,
568,568.0,8.0,16.0,32.384262800216675,128.0,1.0,324968.0,723608.0,0.6900863647460938,2.0,2.0,2.0,0.4296875,16.0,0.058121735394146896,0.031138557940721512,0.4324439465999603,20306.5,16.0,1.0,324968.0,162452.0,0.49990152876590926,128.0,1.0,1.0,1.0,11.495858907699585,7.598423064468114e-07,43.32621955871582,36.235595703125,45.99574661254883,568.0,0.0,78.46402072906494,,,,,,,,,,,,,,,,,
569,569.0,8.0,16.0,28.054786920547485,128.0,1.0,300394.0,748182.0,0.7135219573974609,2.0,2.0,2.0,0.3984375,16.0,0.04765815798571414,0.02640734799206257,0.37102392315864563,18770.625,16.0,1.0,300394.0,150165.0,0.49989347323848016,128.0,1.0,1.0,1.0,10.626544892787933,7.590701619243143e-07,37.1939902305603,35.077880859375,44.73121523857117,569.0,0.0,72.8626492023468,,,,,,,,,,,,,,,,,
570,570.0,8.0,16.0,20.05907702445984,128.0,1.0,205412.0,843164.0,0.8041038513183594,2.0,2.0,2.0,0.609375,16.0,0.07891379458031582,0.04422720521688461,0.5518405437469482,12834.625,16.0,1.0,205412.0,102677.0,0.4998588203220844,128.0,1.0,1.0,1.0,7.266522765159607,7.58297171893547e-07,33.9204797744751,29.90673828125,41.382991313934326,570.0,0.0,61.500359535217285,,,,,,,,,,,,,,,,,
571,571.0,8.0,16.0,32.20943021774292,128.0,1.0,192377.0,856199.0,0.8165349960327148,2.0,2.0,2.0,0.53125,16.0,0.06654176651918801,0.031948890537023544,0.5189388990402222,12020.125,16.0,1.0,192377.0,96161.0,0.4998570515186327,128.0,1.0,1.0,1.0,6.805404990911484,7.575233388772606e-07,40.0223503112793,29.911376953125,40.73652386665344,571.0,0.0,72.99771785736084,,,,,,,,,,,,,,,,,
572,572.0,8.0,16.0,41.03047275543213,128.0,1.0,252279.0,796297.0,0.7594079971313477,2.0,2.0,2.0,0.4921875,16.0,0.06148289779490148,0.02535875141620636,0.6404027938842773,15764.125,16.0,1.0,252279.0,126113.0,0.49989495756682084,128.0,1.0,1.0,1.0,8.924459606409073,7.567486654009572e-07,53.58419752120972,32.472412109375,46.343995571136475,572.0,0.0,87.43639945983887,,,,,,,,,,,,,,,,,
573,573.0,8.0,16.0,32.447495222091675,128.0,1.0,248325.0,800251.0,0.763178825378418,2.0,2.0,2.0,0.34375,16.0,0.06131067961544604,0.032091062515974045,0.4675508141517639,15516.375,16.0,1.0,248325.0,124131.0,0.49987315010570826,128.0,1.0,1.0,1.0,8.784585446119308,7.559731539928814e-07,37.33753824234009,32.839599609375,42.0999550819397,573.0,0.0,74.61568021774292,,,,,,,,,,,,,,,,,
574,574.0,8.0,16.0,17.54810070991516,128.0,1.0,173830.0,874746.0,0.8342227935791016,2.0,2.0,2.0,0.5625,16.0,0.056966767598135036,0.028978878632187843,0.47704723477363586,10860.25,16.0,1.0,173830.0,86882.0,0.49981015935109013,128.0,1.0,1.0,1.0,6.149298250675201,7.551968071840131e-07,28.66529417037964,28.5859375,37.33549475669861,574.0,0.0,54.93791055679321,,,,,,,,,,,,,,,,,
575,575.0,8.0,16.0,27.479687690734863,128.0,1.0,290413.0,758163.0,0.7230405807495117,2.0,2.0,2.0,0.546875,16.0,0.04874291156526905,0.029843132942914963,0.37141576409339905,18146.625,16.0,1.0,290413.0,145173.0,0.4998846470371505,128.0,1.0,1.0,1.0,10.2734634578228,7.544196275080584e-07,37.850284576416016,35.182861328125,46.48955154418945,575.0,0.0,74.03765559196472,,,,,,,,,,,,,,,,,
576,576.0,8.0,16.0,19.724799156188965,128.0,1.0,229502.0,819074.0,0.7811298370361328,2.0,2.0,2.0,0.5078125,16.0,0.05815794230696928,0.026211442425847054,0.40986156463623047,14340.0,16.0,1.0,229502.0,114720.0,0.49986492492440154,128.0,1.0,1.0,1.0,8.118715107440948,7.536416175014416e-07,34.72761106491089,31.30859375,40.47973442077637,576.0,0.0,60.26557898521423,,,,,,,,,,,,,,,,,
577,577.0,8.0,16.0,40.03718113899231,128.0,1.0,179494.0,869082.0,0.8288211822509766,2.0,2.0,2.0,0.5859375,16.0,0.05350025178587259,0.023517165333032608,0.5243291854858398,11214.25,16.0,1.0,179494.0,89714.0,0.4998161498434488,128.0,1.0,1.0,1.0,6.349664270877838,7.528627797032968e-07,38.429365158081055,29.5087890625,40.35471701622009,577.0,0.0,80.44167518615723,,,,,,,,,,,,,,,,,
578,578.0,8.0,16.0,22.72987461090088,128.0,1.0,155100.0,893476.0,0.8520851135253906,2.0,2.0,2.0,0.5546875,16.0,0.05207265846969104,0.022818470373749733,0.6503375172615051,9689.875,16.0,1.0,155100.0,77519.0,0.4998001289490651,128.0,1.0,1.0,1.0,5.4867178201675415,7.520831166554595e-07,34.372307777404785,27.70703125,38.90083956718445,578.0,0.0,61.67920637130737,,,,,,,,,,,,,,,,,
579,579.0,8.0,16.0,25.059059619903564,128.0,1.0,256843.0,791733.0,0.7550554275512695,2.0,2.0,2.0,0.34375,16.0,0.07501974876211415,0.03644688054919243,0.5116260051727295,16048.125,16.0,1.0,256843.0,128385.0,0.49985788983931817,128.0,1.0,1.0,1.0,9.085912734270096,7.51302630902459e-07,37.51137399673462,33.0,44.40187382698059,579.0,0.0,69.52733874320984,,,,,,,,,,,,,,,,,
580,580.0,8.0,16.0,41.79004120826721,128.0,1.0,359553.0,689023.0,0.6571035385131836,2.0,2.0,2.0,0.515625,16.0,0.03682764450385311,0.019950367510318756,0.30616915225982666,22468.375,16.0,1.0,359553.0,179747.0,0.4999179536813766,128.0,1.0,1.0,1.0,12.719315618276596,7.505213249915095e-07,60.128018379211426,38.394775390625,54.827149868011475,580.0,0.0,96.70119071006775,,,,,,,,,,,,,,,,,
581,581.0,8.0,16.0,28.175469160079956,128.0,1.0,325194.0,723382.0,0.6898708343505859,2.0,2.0,2.0,0.2578125,16.0,0.059329410239230565,0.03535481542348862,0.36204835772514343,20321.25,16.0,1.0,325194.0,162570.0,0.49991697263787155,128.0,1.0,1.0,1.0,11.503853738307953,7.497392014725012e-07,38.71917200088501,36.57861328125,45.73406219482422,581.0,0.0,73.98674964904785,,,,,,,,,,,,,,,,,
582,582.0,8.0,16.0,27.282790899276733,128.0,1.0,282782.0,765794.0,0.7303180694580078,2.0,2.0,2.0,0.3203125,16.0,0.07001759373551507,0.03984382748603821,0.4249715805053711,17670.625,16.0,1.0,282782.0,141365.0,0.4999080563826552,128.0,1.0,1.0,1.0,10.003514111042023,7.48956262897994e-07,35.683687686920166,34.603759765625,46.94647765159607,582.0,0.0,74.29972434043884,,,,,,,,,,,,,,,,,
583,583.0,8.0,16.0,40.298685789108276,128.0,1.0,326741.0,721835.0,0.6883955001831055,2.0,2.0,2.0,0.265625,16.0,0.06477060403343132,0.039902620017528534,0.47010084986686707,20417.25,16.0,1.0,326741.0,163338.0,0.49990053283793584,128.0,1.0,1.0,1.0,11.558579415082932,7.481725118232066e-07,43.18052625656128,36.85302734375,47.86012268066406,583.0,0.0,88.23635673522949,,,,,,,,,,,,,,,,,
584,584.0,8.0,16.0,36.96900677680969,128.0,1.0,260366.0,788210.0,0.7516956329345703,2.0,2.0,2.0,0.3203125,16.0,0.060676437837998844,0.03571657836437225,0.4385012686252594,16268.375,16.0,1.0,260366.0,130147.0,0.4998617330987917,128.0,1.0,1.0,1.0,9.210540115833282,7.473879508060098e-07,45.087504863739014,33.141357421875,44.66341733932495,584.0,0.0,81.6982901096344,,,,,,,,,,,,,,,,,
585,585.0,8.0,16.0,28.891520500183105,128.0,1.0,214166.0,834410.0,0.7957553863525391,2.0,2.0,2.0,0.5,16.0,0.059721626751246655,0.028696510940790176,0.45880603790283203,13381.25,16.0,1.0,214166.0,107050.0,0.49984591391724176,128.0,1.0,1.0,1.0,7.576198637485504,7.466025824069178e-07,37.82078456878662,30.992919921875,41.282033920288086,585.0,0.0,70.22789525985718,,,,,,,,,,,,,,,,,
586,586.0,8.0,16.0,19.615886449813843,128.0,1.0,242122.0,806454.0,0.7690944671630859,2.0,2.0,2.0,0.4453125,16.0,0.061902656273617816,0.03172244876623154,0.4238022267818451,15128.875,16.0,1.0,242122.0,121031.0,0.49987609552209217,128.0,1.0,1.0,1.0,8.565152108669281,7.4581640918908e-07,32.84959363937378,32.06787109375,42.64679503440857,586.0,0.0,62.325156688690186,,,,,,,,,,,,,,,,,
587,587.0,8.0,16.0,37.94933819770813,128.0,1.0,308759.0,739817.0,0.7055444717407227,2.0,2.0,2.0,0.1796875,16.0,0.059691303765817084,0.03660600259900093,0.37883371114730835,19293.875,16.0,1.0,308759.0,154351.0,0.4999076949983644,128.0,1.0,1.0,1.0,10.922459751367569,7.450294337182721e-07,37.536858558654785,36.247314453125,48.61384201049805,587.0,0.0,86.63881349563599,,,,,,,,,,,,,,,,,
588,588.0,8.0,16.0,33.797871351242065,128.0,1.0,294613.0,753963.0,0.7190351486206055,2.0,2.0,2.0,0.25,16.0,0.06171202136055595,0.032166846096515656,0.42070046067237854,18409.25,16.0,1.0,294613.0,147274.0,0.4998896857911905,128.0,1.0,1.0,1.0,10.422039955854416,7.442416585628883e-07,40.415804386138916,35.71484375,42.006108045578,588.0,0.0,75.87412858009338,,,,,12.0,29.0,,,,,,,,,,,
589,589.0,8.0,16.0,40.998046875,128.0,1.0,287023.0,761553.0,0.7262735366821289,2.0,2.0,2.0,0.5390625,16.0,0.04718300459206458,0.024419862776994705,0.4515521228313446,17935.25,16.0,1.0,287023.0,143482.0,0.4998972207802162,128.0,1.0,1.0,1.0,10.15354099869728,7.434530862939322e-07,51.42738628387451,35.11669921875,49.942156076431274,589.0,0.0,91.01081609725952,,,,,,,,,,,,,,,,,
590,590.0,8.0,16.0,41.737013816833496,128.0,1.0,225570.0,823006.0,0.7848796844482422,2.0,2.0,2.0,0.375,16.0,0.05500159989189536,0.029052680358290672,0.5873135328292847,14094.125,16.0,1.0,225570.0,112753.0,0.4998581371636299,128.0,1.0,1.0,1.0,7.979619204998016,7.426637194850096e-07,44.043339252471924,31.826171875,44.25592303276062,590.0,0.0,86.06092262268066,,,,,,,,,,,,,,,,,
591,591.0,8.0,16.0,34.05468773841858,128.0,1.0,376412.0,672164.0,0.6410255432128906,2.0,2.0,2.0,0.28125,16.0,0.05019029527451438,0.03056665137410164,0.2996056079864502,23522.25,16.0,1.0,376412.0,188178.0,0.49992561342358904,128.0,1.0,1.0,1.0,13.315708756446838,7.418735607123189e-07,44.06710910797119,38.66357421875,49.333009481430054,591.0,0.0,83.47015643119812,,,,,,,,,,,,,,,,,
592,592.0,8.0,16.0,39.37617897987366,128.0,1.0,221105.0,827471.0,0.7891378402709961,2.0,2.0,2.0,0.609375,16.0,0.05747067049846748,0.028453931212425232,0.5523112416267395,13814.75,16.0,1.0,221105.0,110518.0,0.49984396553673593,128.0,1.0,1.0,1.0,7.821668237447739,7.41082612554643e-07,40.56089687347412,31.538818359375,42.5369713306427,592.0,0.0,81.97602415084839,,,,,,,,,,,,,,,,,
593,593.0,8.0,16.0,40.34037232398987,128.0,1.0,254154.0,794422.0,0.7576198577880859,2.0,2.0,2.0,0.359375,16.0,0.08058653957679947,0.038857609033584595,0.7087040543556213,15879.75,16.0,1.0,254154.0,127038.0,0.49984654972969145,128.0,1.0,1.0,1.0,8.990788400173187,7.402908775933419e-07,39.74255323410034,33.680908203125,41.32906937599182,593.0,0.0,81.73867797851562,,,,,,,,,,,,,,,,,
594,594.0,8.0,16.0,26.73463773727417,128.0,1.0,243319.0,805257.0,0.7679529190063477,2.0,2.0,2.0,0.34375,16.0,0.05216169481232128,0.026719776913523674,0.5037355422973633,15202.75,16.0,1.0,243319.0,121622.0,0.49984588133273605,128.0,1.0,1.0,1.0,8.607496410608292,7.394983584123425e-07,37.675135135650635,32.990234375,42.740705251693726,594.0,0.0,69.53899073600769,,,,,,,,,,,,,,,,,
595,595.0,8.0,16.0,39.61755013465881,128.0,1.0,309977.0,738599.0,0.7043828964233398,2.0,2.0,2.0,0.28125,16.0,0.05099133747414549,0.030662674456834793,0.361672043800354,19369.75,16.0,1.0,309977.0,154958.0,0.49990160560299635,128.0,1.0,1.0,1.0,10.965546935796738,7.387050575981314e-07,43.675686836242676,36.721435546875,48.45938849449158,595.0,0.0,88.16250228881836,,,,,,,,,,,,,,,,,
596,596.0,8.0,16.0,20.61859917640686,128.0,1.0,187243.0,861333.0,0.8214311599731445,2.0,2.0,2.0,0.5859375,16.0,0.07502426531574116,0.03538108617067337,0.611598014831543,11698.625,16.0,1.0,187243.0,93589.0,0.4998264287583514,128.0,1.0,1.0,1.0,6.62378790974617,7.379109777397466e-07,34.52575922012329,28.814697265625,41.85417628288269,596.0,0.0,62.52354621887207,,,,,,,,,,,,,,,,,
597,597.0,8.0,16.0,39.587292194366455,128.0,1.0,242692.0,805884.0,0.7685508728027344,2.0,2.0,2.0,0.484375,16.0,0.052340394223579056,0.026420464739203453,0.43133610486984253,15164.625,16.0,1.0,242692.0,121317.0,0.49988050698004055,128.0,1.0,1.0,1.0,8.585316061973572,7.371161214287678e-07,41.234137535095215,32.77490234375,44.712048053741455,597.0,0.0,84.36455965042114,,,,,,,,,,,,,,,,,
598,598.0,8.0,16.0,28.94316864013672,128.0,1.0,247566.0,801010.0,0.7639026641845703,2.0,2.0,2.0,0.2890625,16.0,0.07131771165069148,0.03916206583380699,0.5013560056686401,15468.625,16.0,1.0,247566.0,123749.0,0.4998626628858567,128.0,1.0,1.0,1.0,8.757735550403595,7.363204912593094e-07,36.551130294799805,33.486328125,45.829609394073486,598.0,0.0,74.83694076538086,,,,,,,,,,,,,,,,,
599,599.0,8.0,16.0,40.65274000167847,128.0,1.0,333419.0,715157.0,0.6820268630981445,2.0,2.0,2.0,0.0546875,16.0,0.07306184126972311,0.04202992469072342,0.40518447756767273,20835.125,16.0,1.0,333419.0,166681.0,0.49991452196785424,128.0,1.0,1.0,1.0,11.794816046953201,7.355240898280113e-07,50.2316255569458,36.6083984375,48.09748148918152,599.0,0.0,88.83359980583191,,,,,,,,,,,,,,,,,
600,600.0,8.0,16.0,41.01747012138367,128.0,1.0,288700.0,759876.0,0.7246742248535156,2.0,2.0,2.0,0.4765625,16.0,0.045923741836674616,0.023080559447407722,0.4597054719924927,18039.0,16.0,1.0,288700.0,144312.0,0.49986837547627294,128.0,1.0,1.0,1.0,10.212865471839905,7.347269197340302e-07,55.222179889678955,34.845947265625,47.451695680618286,600.0,0.0,317.0326941013336,,,,,,,,,,,,,,,,,
601,601.0,8.0,16.0,39.243913888931274,128.0,1.0,265140.0,783436.0,0.7471427917480469,2.0,2.0,2.0,0.4375,16.0,0.04461952579846881,0.022009681910276413,0.43909457325935364,16567.375,16.0,1.0,265140.0,132539.0,0.49988308063664477,128.0,1.0,1.0,1.0,9.379422068595886,7.339289835790318e-07,44.789767265319824,33.589111328125,44.23303294181824,601.0,0.0,83.54725790023804,,,,,,,,,,,,,,,,,
602,602.0,8.0,16.0,41.7120680809021,128.0,1.0,264539.0,784037.0,0.747715950012207,2.0,2.0,2.0,0.5546875,16.0,0.0667974728066382,0.03596573695540428,0.8996683955192566,16529.875,16.0,1.0,264539.0,132239.0,0.4998847050907428,128.0,1.0,1.0,1.0,9.358161479234695,7.331302839671817e-07,38.22124481201172,34.333251953125,44.75164484977722,602.0,0.0,86.53889608383179,,,,,,,,,,,,,,,,,
603,603.0,8.0,16.0,32.10370206832886,128.0,1.0,225741.0,822835.0,0.7847166061401367,2.0,2.0,2.0,0.328125,16.0,0.05703331795429545,0.027104735374450684,0.4875946640968323,14104.25,16.0,1.0,225741.0,112834.0,0.49983831027593567,128.0,1.0,1.0,1.0,7.985668390989304,7.323308235051371e-07,38.96957540512085,31.43701171875,40.93555474281311,603.0,0.0,73.10192012786865,,,,,,,,,,,,,,,,,
604,604.0,8.0,16.0,26.318790674209595,128.0,1.0,264003.0,784573.0,0.7482271194458008,2.0,2.0,2.0,0.6171875,16.0,0.04539586678294949,0.021497992798686028,0.4513864517211914,16496.375,16.0,1.0,264003.0,131971.0,0.49988447100979916,128.0,1.0,1.0,1.0,9.339200288057327,7.315306048020383e-07,39.932870388031006,34.06298828125,44.27001357078552,604.0,0.0,70.65861773490906,,,,,,,,,,,,,,,,,
605,605.0,8.0,16.0,40.97697567939758,128.0,1.0,321421.0,727155.0,0.6934690475463867,2.0,2.0,2.0,0.2109375,16.0,0.05436245154265036,0.028974086046218872,0.4869855046272278,20084.75,16.0,1.0,321421.0,160678.0,0.4998988865071044,128.0,1.0,1.0,1.0,11.370382517576218,7.307296304695007e-07,49.467928409576416,36.276123046875,47.41453981399536,605.0,0.0,88.46922993659973,,,,,,,,,,,,,,,,,
606,606.0,8.0,16.0,17.652812480926514,128.0,1.0,240255.0,808321.0,0.7708749771118164,2.0,2.0,2.0,0.3671875,16.0,0.050634932302153865,0.023803938180208206,0.3868347406387329,15012.375,16.0,1.0,240255.0,120099.0,0.4998813760379597,128.0,1.0,1.0,1.0,8.49910631775856,7.299279031216052e-07,32.48310327529907,31.383544921875,40.39444589614868,606.0,0.0,58.10555171966553,,,,,,,,,,,,,,,,,
607,607.0,8.0,16.0,40.715948820114136,128.0,1.0,283700.0,764876.0,0.7294425964355469,2.0,2.0,2.0,0.3828125,16.0,0.0504814920401551,0.02638239413499832,0.3522852063179016,17727.25,16.0,1.0,283700.0,141818.0,0.4998872047937963,128.0,1.0,1.0,1.0,10.035988688468933,7.291254253748905e-07,43.78406858444214,34.491943359375,46.09869408607483,607.0,0.0,86.88646268844604,,,,,,,,,,,,,,,,,
608,608.0,8.0,16.0,24.193068504333496,128.0,1.0,180999.0,867577.0,0.8273859024047852,2.0,2.0,2.0,0.53125,16.0,0.059923496081864626,0.02726791985332966,0.7269736528396606,11309.0,16.0,1.0,180999.0,90472.0,0.4998480654589252,128.0,1.0,1.0,1.0,6.402904182672501,7.283221998483444e-07,31.77518653869629,29.1103515625,39.97194838523865,608.0,0.0,64.21831679344177,,,,,,,,,,,,,,,,,
609,609.0,8.0,16.0,26.565302848815918,128.0,1.0,263174.0,785402.0,0.7490177154541016,2.0,2.0,2.0,0.3515625,16.0,0.06661064049266206,0.03435429185628891,0.43738195300102234,16444.25,16.0,1.0,263174.0,131554.0,0.4998746076740104,128.0,1.0,1.0,1.0,9.30987411737442,7.27518229163395e-07,40.8695125579834,33.28564453125,44.98244905471802,609.0,0.0,71.61550569534302,,,,,,,,,,,,,,,,,
610,610.0,8.0,16.0,20.54194712638855,128.0,1.0,163690.0,884886.0,0.8438930511474609,2.0,2.0,2.0,0.625,16.0,0.058533979940656115,0.021170970052480698,0.584985077381134,10226.875,16.0,1.0,163690.0,81815.0,0.4998167267395687,128.0,1.0,1.0,1.0,5.790592133998871,7.267135159439024e-07,33.89941120147705,27.856201171875,41.06923842430115,610.0,0.0,61.65859937667847,,,,,,,,,,,,,,,,,
611,611.0,8.0,16.0,19.333303213119507,128.0,1.0,253700.0,794876.0,0.7580528259277344,2.0,2.0,2.0,0.4140625,16.0,0.055336453518065785,0.029694342985749245,0.4472421407699585,15852.125,16.0,1.0,253700.0,126817.0,0.49986992510839573,128.0,1.0,1.0,1.0,8.974727988243103,7.259080628161503e-07,31.826799869537354,32.727294921875,41.12760615348816,611.0,0.0,60.52864217758179,,,,,,,,,,,,,,,,,
612,612.0,8.0,16.0,31.960397720336914,128.0,1.0,244479.0,804097.0,0.7668466567993164,2.0,2.0,2.0,0.4765625,16.0,0.05228872058001687,0.02889184094965458,0.3838742971420288,15276.125,16.0,1.0,244479.0,122209.0,0.49987524490856067,128.0,1.0,1.0,1.0,8.648531824350357,7.251018724088366e-07,41.04744625091553,33.231689453125,46.67785954475403,612.0,0.0,78.7114245891571,,,,,,,,,,,,,,,,,
613,613.0,8.0,16.0,34.38835072517395,128.0,1.0,286794.0,761782.0,0.7264919281005859,2.0,2.0,2.0,0.5,16.0,0.041367447402709166,0.021300144493579865,0.3942801356315613,17920.375,16.0,1.0,286794.0,143363.0,0.49988144800797785,128.0,1.0,1.0,1.0,10.14544004201889,7.242949473530661e-07,41.78848934173584,34.339599609375,45.30633735656738,613.0,0.0,79.76567840576172,,,,,,,,,,,,,,,,,
614,614.0,8.0,16.0,27.590333461761475,128.0,1.0,230503.0,818073.0,0.7801752090454102,2.0,2.0,2.0,0.5703125,16.0,0.06353433793255218,0.02886868081986904,0.5220876336097717,14402.125,16.0,1.0,230503.0,115217.0,0.49985032732762696,128.0,1.0,1.0,1.0,8.154125839471817,7.234872902823404e-07,37.51235103607178,32.382568359375,43.73567843437195,614.0,0.0,71.39006066322327,,,,,,,,,,,,,,,,,
615,615.0,8.0,16.0,24.846426486968994,128.0,1.0,187878.0,860698.0,0.8208255767822266,2.0,2.0,2.0,0.703125,16.0,0.049450422089928656,0.02402844838798046,0.4690168797969818,11738.625,16.0,1.0,187878.0,93909.0,0.4998403219110274,128.0,1.0,1.0,1.0,6.6462512612342834,7.22678903832551e-07,36.91264343261719,29.637451171875,40.10930418968201,615.0,0.0,65.00871777534485,,,,,,,,,,,,,,,,,
616,616.0,8.0,16.0,21.283097743988037,128.0,1.0,244817.0,803759.0,0.7665243148803711,2.0,2.0,2.0,0.1640625,16.0,0.08398218025525157,0.04532952606678009,0.5745654106140137,15296.25,16.0,1.0,244817.0,122370.0,0.49984273967902554,128.0,1.0,1.0,1.0,8.660488694906235,7.218697906419693e-07,35.32724332809448,32.37744140625,41.0956871509552,616.0,0.0,62.44386291503906,,,,,,,,,,,,,,,,,
617,617.0,8.0,16.0,26.902235746383667,128.0,1.0,324937.0,723639.0,0.6901159286499023,2.0,2.0,2.0,0.3046875,16.0,0.06617685177164394,0.035669926553964615,0.43051227927207947,20305.0,16.0,1.0,324937.0,162440.0,0.4999122906901953,128.0,1.0,1.0,1.0,11.494762271642685,7.210599533512387e-07,37.596779346466064,36.7958984375,47.20998001098633,617.0,0.0,74.1943051815033,,,,,,,,,,,,,,,,,
618,618.0,8.0,16.0,22.62737464904785,128.0,1.0,150962.0,897614.0,0.8560314178466797,2.0,2.0,2.0,0.59375,16.0,0.05644537941732243,0.023692715913057327,0.5504459142684937,9430.875,16.0,1.0,150962.0,75447.0,0.49977477775864126,128.0,1.0,1.0,1.0,5.340334594249725,7.202493946033655e-07,28.094714164733887,27.772705078125,38.699318408966064,618.0,0.0,61.37285256385803,,,,,,,,,,,,,,,,,
619,619.0,8.0,16.0,40.35516977310181,128.0,1.0,256840.0,791736.0,0.7550582885742188,2.0,2.0,2.0,0.515625,16.0,0.05827744024685205,0.03066084533929825,0.39003095030784607,16048.25,16.0,1.0,256840.0,128386.0,0.499867621865753,128.0,1.0,1.0,1.0,9.085806608200073,7.194381170437111e-07,43.854538440704346,33.241943359375,43.705114126205444,619.0,0.0,84.12863850593567,,,,,,,,,,,,,,,,,
620,620.0,8.0,16.0,31.699986696243286,128.0,1.0,298878.0,749698.0,0.7149677276611328,2.0,2.0,2.0,0.234375,16.0,0.050095430121380874,0.02730773389339447,0.3951305150985718,18676.5,16.0,1.0,298878.0,149412.0,0.4999096621363901,128.0,1.0,1.0,1.0,10.572915852069855,7.18626123319982e-07,43.893639087677,34.994384765625,47.25115489959717,620.0,0.0,79.030921459198,,,,,,,,,,,,,,,,,
621,621.0,8.0,16.0,34.40705943107605,128.0,1.0,178290.0,870286.0,0.8299694061279297,2.0,2.0,2.0,0.71875,16.0,0.06607682525826601,0.031170925125479698,0.6883706450462341,11139.875,16.0,1.0,178290.0,89119.0,0.49985417017219136,128.0,1.0,1.0,1.0,6.307072341442108,7.178134160822231e-07,38.99717664718628,28.80517578125,41.45825386047363,621.0,0.0,75.91540551185608,,,,,,,,,,,,,,,,,
622,622.0,8.0,16.0,30.441882848739624,128.0,1.0,283761.0,764815.0,0.7293844223022461,2.0,2.0,2.0,0.3515625,16.0,0.04073394211086752,0.023778561502695084,0.31586113572120667,17730.75,16.0,1.0,283761.0,141846.0,0.4998784188101959,128.0,1.0,1.0,1.0,10.038146585226059,7.169999979828072e-07,40.3558931350708,34.9287109375,42.55639147758484,622.0,0.0,73.06586694717407,,,,,,,,,,,,,,,,,
623,623.0,8.0,16.0,30.82255506515503,128.0,1.0,258698.0,789878.0,0.7532863616943359,2.0,2.0,2.0,0.34375,16.0,0.06886036610757627,0.036935657262802124,0.6066040396690369,16164.375,16.0,1.0,258698.0,129315.0,0.4998685726213577,128.0,1.0,1.0,1.0,9.151534020900726,7.16185871676427e-07,42.73043870925903,32.7822265625,42.13978457450867,623.0,0.0,73.02856159210205,,,,,,,,,,,,,,,,,
624,624.0,8.0,16.0,29.985909938812256,128.0,1.0,219816.0,828760.0,0.7903671264648438,2.0,2.0,2.0,0.5,16.0,0.0786119292502653,0.041463788598775864,0.5118318796157837,13734.125,16.0,1.0,219816.0,109873.0,0.49984077592167997,128.0,1.0,1.0,1.0,7.776069402694702,7.15371039820087e-07,37.37596035003662,31.053466796875,40.74882912635803,624.0,0.0,70.80866265296936,,,,,,,,,,,,,,,,,
625,625.0,8.0,16.0,40.30012798309326,128.0,1.0,229570.0,819006.0,0.7810649871826172,2.0,2.0,2.0,0.65625,16.0,0.055596408380844446,0.032672371715307236,0.46691522002220154,14344.75,16.0,1.0,229570.0,114758.0,0.4998823888138694,128.0,1.0,1.0,1.0,8.121120631694794,7.145555050730939e-07,42.65527009963989,31.83740234375,43.56838583946228,625.0,0.0,83.93133068084717,,,,,,,,,,,,,,,,,
626,626.0,8.0,16.0,30.538203716278076,128.0,1.0,237488.0,811088.0,0.7735137939453125,2.0,2.0,2.0,0.484375,16.0,0.06179769698838915,0.029490171000361443,0.5686984062194824,14838.75,16.0,1.0,237488.0,118710.0,0.49985683487165666,128.0,1.0,1.0,1.0,8.401222705841064,7.137392700970488e-07,40.31092166900635,31.7548828125,40.908955812454224,626.0,0.0,71.50985336303711,,,,,,,,,,,,,,,,,
627,627.0,8.0,16.0,39.0680673122406,128.0,1.0,198843.0,849733.0,0.810368537902832,2.0,2.0,2.0,0.5078125,16.0,0.05290117956905441,0.029677003622055054,0.4249475598335266,12423.625,16.0,1.0,198843.0,99389.0,0.49983655446759506,128.0,1.0,1.0,1.0,7.034142047166824,7.129223375558376e-07,40.910701274871826,29.90673828125,39.49372172355652,627.0,0.0,78.61255502700806,,,,,,,,,,,,,,,,,
628,628.0,8.0,16.0,37.25767397880554,128.0,1.0,270323.0,778253.0,0.7421998977661133,2.0,2.0,2.0,0.375,16.0,0.04937053168885541,0.02779190056025982,0.39017534255981445,16891.625,16.0,1.0,270323.0,135133.0,0.49989457056928194,128.0,1.0,1.0,1.0,9.562772542238235,7.121047101156236e-07,42.93748950958252,33.81982421875,46.489726305007935,628.0,0.0,83.81249475479126,,,,,,,,,,,,,,,,,
629,629.0,8.0,16.0,21.468013286590576,128.0,1.0,235754.0,812822.0,0.7751674652099609,2.0,2.0,2.0,0.5859375,16.0,0.04799731625015393,0.028506390750408173,0.44367414712905884,14730.875,16.0,1.0,235754.0,117847.0,0.49987274871264115,128.0,1.0,1.0,1.0,8.339881837368011,7.112863904448369e-07,35.04563617706299,31.76953125,42.52839779853821,629.0,0.0,64.05713677406311,,,,,,,,,,,,,,,,,
630,630.0,8.0,16.0,24.19003438949585,128.0,1.0,178898.0,869678.0,0.8293895721435547,2.0,2.0,2.0,0.703125,16.0,0.05764320535088558,0.024634452536702156,0.5570510029792786,11176.875,16.0,1.0,178898.0,89415.0,0.4998099475678878,128.0,1.0,1.0,1.0,6.328580558300018,7.104673812141675e-07,33.56076908111572,28.776611328125,39.33224272727966,630.0,0.0,63.574939250946045,,,,,,,,,,,,,,,,,
631,631.0,8.0,16.0,20.804906368255615,128.0,1.0,262591.0,785985.0,0.7495737075805664,2.0,2.0,2.0,0.4375,16.0,0.06189497686002757,0.03393988683819771,0.4256674349308014,16408.125,16.0,1.0,262591.0,131265.0,0.4998838497892159,128.0,1.0,1.0,1.0,9.289250284433365,7.096476850965559e-07,34.696725845336914,33.005126953125,43.89184260368347,631.0,0.0,64.76788640022278,,,,,,,,,,,,,,,,,
632,632.0,8.0,16.0,29.187775373458862,128.0,1.0,208204.0,840372.0,0.8014411926269531,2.0,2.0,2.0,0.46875,16.0,0.05807779166311243,0.029058465734124184,0.45476216077804565,13008.75,16.0,1.0,208204.0,104070.0,0.4998463045858869,128.0,1.0,1.0,1.0,7.3652907609939575,7.088273047671837e-07,34.72127056121826,30.502197265625,40.559144496917725,632.0,0.0,69.80398058891296,,,,,,,,,,,,,,,,,
633,633.0,8.0,16.0,28.239425659179688,128.0,1.0,294972.0,753604.0,0.7186927795410156,2.0,2.0,2.0,0.28125,16.0,0.05648499601671076,0.03241473808884621,0.38869673013687134,18431.875,16.0,1.0,294972.0,147455.0,0.49989490527914515,128.0,1.0,1.0,1.0,10.434739708900452,7.080062429034665e-07,40.928447246551514,34.506103515625,45.731884241104126,633.0,0.0,74.06588459014893,,,,,,,,,,,,,,,,,
634,634.0,8.0,16.0,15.601905345916748,128.0,1.0,167979.0,880597.0,0.8398027420043945,2.0,2.0,2.0,0.484375,16.0,0.0712813882906338,0.030291104689240456,0.6422863602638245,10494.5,16.0,1.0,167979.0,83956.0,0.4998005703093839,128.0,1.0,1.0,1.0,5.94231703877449,7.071845021850434e-07,27.793687343597412,28.3291015625,38.29737854003906,634.0,0.0,53.947566986083984,,,,,,,,,,,,,,,,,
635,635.0,8.0,16.0,41.809187173843384,128.0,1.0,256731.0,791845.0,0.755162239074707,2.0,2.0,2.0,0.234375,16.0,0.06433443282917752,0.02880028448998928,0.5371535420417786,16041.25,16.0,1.0,256731.0,128330.0,0.4998617229707359,128.0,1.0,1.0,1.0,9.081950694322586,7.063620852937693e-07,44.66235685348511,33.22705078125,51.68061375617981,635.0,0.0,93.55650305747986,,,,,,,,,,,,,,,,,
636,636.0,8.0,16.0,40.04461359977722,128.0,1.0,275784.0,772792.0,0.7369918823242188,2.0,2.0,2.0,0.484375,16.0,0.05410098786894123,0.03203180059790611,0.44172021746635437,17232.375,16.0,1.0,275784.0,137859.0,0.4998803411365416,128.0,1.0,1.0,1.0,9.75595736503601,7.055389949137057e-07,48.9245810508728,34.1162109375,47.23918533325195,636.0,0.0,87.35707926750183,,,,,,,,,,,,,,,,,
637,637.0,8.0,16.0,40.64051961898804,128.0,1.0,340241.0,708335.0,0.6755208969116211,2.0,2.0,2.0,0.296875,16.0,0.05138468401316578,0.032681651413440704,0.2830861210823059,21261.375,16.0,1.0,340241.0,170091.0,0.4999132967514203,128.0,1.0,1.0,1.0,12.036146730184555,7.047152337311124e-07,47.11350774765015,37.37060546875,49.58545541763306,637.0,0.0,90.32478666305542,,,,,,,,,,,,,,,,,
638,638.0,8.0,16.0,33.851407051086426,128.0,1.0,226089.0,822487.0,0.7843847274780273,2.0,2.0,2.0,0.546875,16.0,0.04455016901438753,0.02468404732644558,0.35233643651008606,14126.375,16.0,1.0,226089.0,113011.0,0.4998518282623215,128.0,1.0,1.0,1.0,7.997979015111923,7.038908044344381e-07,40.16386604309082,31.434814453125,40.90746760368347,638.0,0.0,74.81793761253357,,,,,,,,,,,,,,,,,
639,639.0,8.0,16.0,31.384392499923706,128.0,1.0,282937.0,765639.0,0.7301702499389648,2.0,2.0,2.0,0.46875,16.0,0.05823933061485539,0.03325212001800537,0.48269930481910706,17679.75,16.0,1.0,282937.0,141438.0,0.4998922021510089,128.0,1.0,1.0,1.0,10.008997291326523,7.030657097143124e-07,41.25971031188965,34.12060546875,43.750908613204956,639.0,0.0,75.22035813331604,,,,,,,,,,,,,,,,,
640,640.0,8.0,16.0,19.39635992050171,128.0,1.0,221346.0,827230.0,0.7889080047607422,2.0,2.0,2.0,0.3984375,16.0,0.056722261952619965,0.026018517091870308,0.6863730549812317,13830.25,16.0,1.0,221346.0,110642.0,0.49985994777407317,128.0,1.0,1.0,1.0,7.8301936984062195,7.022399522635364e-07,29.438595294952393,30.93798828125,39.822997093200684,640.0,0.0,59.28809380531311,,,,,,,,,,,,,,,,,
641,641.0,8.0,16.0,28.84777569770813,128.0,1.0,220572.0,828004.0,0.7896461486816406,2.0,2.0,2.0,0.625,16.0,0.0509507559880203,0.02561931125819683,0.4780038893222809,13781.375,16.0,1.0,220572.0,110251.0,0.4998413216546071,128.0,1.0,1.0,1.0,7.802813172340393,7.014135347770739e-07,39.549251556396484,30.726806640625,41.584118366241455,641.0,0.0,70.49317765235901,,,,,,,,,,,,,,,,,
642,642.0,8.0,16.0,15.008327007293701,128.0,1.0,148509.0,900067.0,0.8583707809448242,2.0,2.0,2.0,0.5546875,16.0,0.0772936511017066,0.03269103541970253,0.8514930009841919,9277.125,16.0,1.0,148509.0,74217.0,0.499747490051108,128.0,1.0,1.0,1.0,5.253558844327927,7.005864599520431e-07,29.815176486968994,26.9599609375,37.59088182449341,642.0,0.0,52.64477014541626,,,,,,,,,,,,,,,,,
643,643.0,8.0,16.0,39.37687301635742,128.0,1.0,262381.0,786195.0,0.7497739791870117,2.0,2.0,2.0,0.4453125,16.0,0.05316279263859964,0.02936623990535736,0.4120001196861267,16395.125,16.0,1.0,262381.0,131161.0,0.4998875680784813,128.0,1.0,1.0,1.0,9.281821459531784,6.997587304877072e-07,41.830225467681885,34.34375,51.76668906211853,643.0,0.0,91.21161150932312,,,,,,,,,,,,,,,,,
644,644.0,8.0,16.0,26.129281759262085,128.0,1.0,251980.0,796596.0,0.7596931457519531,2.0,2.0,2.0,0.28125,16.0,0.05852493732010776,0.03081505559384823,0.48689791560173035,15744.875,16.0,1.0,251980.0,125959.0,0.4998769743630447,128.0,1.0,1.0,1.0,8.913882374763489,6.989303490854664e-07,37.60352325439453,32.663330078125,42.653361797332764,644.0,0.0,68.84979367256165,,,,,,,,,,,,,,,,,
645,645.0,8.0,16.0,40.67094326019287,128.0,1.0,156110.0,892466.0,0.8511219024658203,2.0,2.0,2.0,0.6015625,16.0,0.062388178191909574,0.027600739151239395,0.6128572821617126,9753.125,16.0,1.0,156110.0,78025.0,0.4998078278137211,128.0,1.0,1.0,1.0,5.522446930408478,6.98101318448848e-07,44.86045265197754,28.053466796875,39.67548060417175,645.0,0.0,80.42770266532898,,,,,,,,,,,,,,,,,
646,646.0,8.0,16.0,39.821834087371826,128.0,1.0,202063.0,846513.0,0.8072977066040039,2.0,2.0,2.0,0.53125,16.0,0.07022133183050033,0.0320330448448658,0.7320336699485779,12625.75,16.0,1.0,202063.0,101006.0,0.49987380173510243,128.0,1.0,1.0,1.0,7.14805069565773,6.972716412834987e-07,44.29936361312866,30.416259765625,41.25709843635559,646.0,0.0,81.1368944644928,,,,,,,,,,,,,,,,,
647,647.0,8.0,16.0,36.45891523361206,128.0,1.0,251849.0,796727.0,0.7598180770874023,2.0,2.0,2.0,0.5,16.0,0.05354662942695872,0.028049593791365623,0.3872213661670685,15736.75,16.0,1.0,251849.0,125894.0,0.4998788956874953,128.0,1.0,1.0,1.0,8.90924820303917,6.964413202971747e-07,45.47185134887695,33.060791015625,44.92047071456909,647.0,0.0,81.44663786888123,,,,,,,,,,,,,,,,,
648,648.0,8.0,16.0,30.238330125808716,128.0,1.0,252711.0,795865.0,0.7589960098266602,2.0,2.0,2.0,0.5078125,16.0,0.06391791603722968,0.034370582550764084,0.4565420150756836,15790.25,16.0,1.0,252711.0,126322.0,0.4998674375076669,128.0,1.0,1.0,1.0,8.939741760492325,6.956103581997338e-07,40.820085525512695,32.462890625,43.81888794898987,648.0,0.0,74.12076044082642,,,,,,,,,,,,,,,,,
649,649.0,8.0,16.0,40.62690758705139,128.0,1.0,305503.0,743073.0,0.7086496353149414,2.0,2.0,2.0,0.34375,16.0,0.052203037291911565,0.028511129319667816,0.36500996351242065,19090.625,16.0,1.0,305503.0,152725.0,0.49991325780761564,128.0,1.0,1.0,1.0,10.807277590036392,6.947787577031259e-07,44.91702175140381,36.47509765625,47.9729163646698,649.0,0.0,88.67638540267944,,,,,,,,,,,,,,,,,
650,650.0,8.0,16.0,22.530912160873413,128.0,1.0,232677.0,815899.0,0.778101921081543,2.0,2.0,2.0,0.2421875,16.0,0.059687585068107854,0.033555712550878525,0.45914217829704285,14538.625,16.0,1.0,232677.0,116309.0,0.49987321479991575,128.0,1.0,1.0,1.0,8.231031864881516,6.939465215213847e-07,35.46722888946533,31.788818359375,42.01567053794861,650.0,0.0,294.0691246986389,,,,,,,,,,,,,,,,,
651,651.0,8.0,16.0,25.98585820198059,128.0,1.0,269816.0,778760.0,0.7426834106445312,2.0,2.0,2.0,0.2890625,16.0,0.06852993259934889,0.039765480905771255,0.4752448499202728,16859.0,16.0,1.0,269816.0,134872.0,0.49986657574050464,128.0,1.0,1.0,1.0,9.544837236404419,6.93113652370618e-07,33.944437980651855,34.05517578125,42.14097619056702,651.0,0.0,68.19973182678223,,,,,,,,,,,,,,,,,
652,652.0,8.0,16.0,39.864694356918335,128.0,1.0,327862.0,720714.0,0.6873264312744141,2.0,2.0,2.0,0.40625,16.0,0.052905767414978,0.02939033694565296,0.4600156247615814,20487.375,16.0,1.0,327862.0,163899.0,0.4999023979601174,128.0,1.0,1.0,1.0,11.598235189914703,6.922801529690001e-07,50.27845096588135,37.829345703125,47.567057609558105,652.0,0.0,87.51413941383362,,,,,,,,,,,,,,,,,
653,653.0,8.0,16.0,19.858628273010254,128.0,1.0,209975.0,838601.0,0.7997522354125977,2.0,2.0,2.0,0.59375,16.0,0.04553219320526581,0.024174083024263382,0.4041675925254822,13118.875,16.0,1.0,209975.0,104951.0,0.4998261697821169,128.0,1.0,1.0,1.0,7.427940517663956,6.914460260367615e-07,34.121790409088135,30.446533203125,39.51473617553711,653.0,0.0,59.428325176239014,,,,,,,,,,,,,,,,,
654,654.0,8.0,16.0,41.326876163482666,128.0,1.0,328621.0,719955.0,0.6866025924682617,2.0,2.0,2.0,0.484375,16.0,0.04461246712026985,0.027331452816724777,0.3675272762775421,20535.75,16.0,1.0,328621.0,164286.0,0.4999254460305336,128.0,1.0,1.0,1.0,11.625085085630417,6.906112742961812e-07,42.72607374191284,37.240966796875,48.10820174217224,654.0,0.0,89.52329754829407,,,,,,,,,,,,,,,,,
655,655.0,8.0,16.0,40.03305220603943,128.0,1.0,259714.0,788862.0,0.7523174285888672,2.0,2.0,2.0,0.359375,16.0,0.07257682119176759,0.04018456116318703,0.4382796287536621,16228.125,16.0,1.0,259714.0,129825.0,0.4998767875432206,128.0,1.0,1.0,1.0,9.187475383281708,6.897759004715771e-07,36.320404052734375,34.250244140625,42.4345018863678,655.0,0.0,82.53743600845337,,,,,,,,,,,,,,,,,
656,656.0,8.0,16.0,19.35639452934265,128.0,1.0,231488.0,817088.0,0.77923583984375,2.0,2.0,2.0,0.5078125,16.0,0.05351593794992102,0.025817930698394775,0.4841093420982361,14463.5,16.0,1.0,231488.0,115708.0,0.4998444843793199,128.0,1.0,1.0,1.0,8.188970565795898,6.889399072892973e-07,35.66281747817993,31.171142578125,41.145631074905396,656.0,0.0,60.562591314315796,,,,,,,,,,,,,,,,,
657,657.0,8.0,16.0,39.069103717803955,128.0,1.0,215235.0,833341.0,0.7947359085083008,2.0,2.0,2.0,0.5625,16.0,0.05853531366086023,0.027490312233567238,0.5803900957107544,13448.375,16.0,1.0,215235.0,107587.0,0.49985829442237556,128.0,1.0,1.0,1.0,7.614014893770218,6.881032974777117e-07,44.135419845581055,30.837890625,42.125113010406494,657.0,0.0,81.26079988479614,,,,,,,,,,,,,,,,,
658,658.0,8.0,16.0,23.43783164024353,128.0,1.0,176315.0,872261.0,0.831852912902832,2.0,2.0,2.0,0.46875,16.0,0.07418428814239958,0.035118360072374344,0.79477459192276,11015.625,16.0,1.0,176315.0,88125.0,0.4998156708164365,128.0,1.0,1.0,1.0,6.237206012010574,6.872660737672022e-07,37.13749599456787,28.700439453125,39.37215185165405,658.0,0.0,62.85936951637268,,,,,,,,,,,,,,,,,
659,659.0,8.0,16.0,34.80282688140869,128.0,1.0,275931.0,772645.0,0.736851692199707,2.0,2.0,2.0,0.4609375,16.0,0.055197117322323346,0.030629480257630348,0.5362064242362976,17241.5,16.0,1.0,275931.0,137932.0,0.49987859283661495,128.0,1.0,1.0,1.0,9.761157542467117,6.864282388901543e-07,43.61212110519409,33.96923828125,43.33659839630127,659.0,0.0,78.21230101585388,,,,,,,,,,,,,,,,,
660,660.0,8.0,16.0,36.45614719390869,128.0,1.0,346245.0,702331.0,0.669795036315918,2.0,2.0,2.0,0.28125,16.0,0.048632066331631016,0.029918473213911057,0.32585257291793823,21636.125,16.0,1.0,346245.0,173089.0,0.4999032477003278,128.0,1.0,1.0,1.0,12.248540371656418,6.855897955809483e-07,47.34700155258179,37.794921875,49.00503849983215,660.0,0.0,85.54958581924438,,,,,,,,,,,,,,,,,
661,661.0,8.0,16.0,15.571940183639526,128.0,1.0,169602.0,878974.0,0.8382549285888672,2.0,2.0,2.0,0.3046875,16.0,0.07154267751825628,0.03365056589245796,0.6188708543777466,10595.875,16.0,1.0,169602.0,84767.0,0.499799530665912,128.0,1.0,1.0,1.0,5.999731242656708,6.847507465759497e-07,29.899207592010498,28.31982421875,38.18926930427551,661.0,0.0,53.810075759887695,,,,,,,,,,,,,,,,,
662,662.0,8.0,16.0,26.384247064590454,128.0,1.0,236963.0,811613.0,0.7740144729614258,2.0,2.0,2.0,0.3046875,16.0,0.06959675308902206,0.03614453226327896,0.5495458245277405,14807.0,16.0,1.0,236963.0,118456.0,0.4998923882631466,128.0,1.0,1.0,1.0,8.382650643587112,6.839110946135019e-07,35.09007120132446,32.0400390625,40.48131990432739,662.0,0.0,66.92927646636963,,,,,,,,,,,,,,,,,
663,663.0,8.0,16.0,32.40434002876282,128.0,1.0,298614.0,749962.0,0.7152194976806641,2.0,2.0,2.0,0.421875,16.0,0.05116292005270319,0.027956388890743256,0.38466712832450867,18659.5,16.0,1.0,298614.0,149276.0,0.49989618705084155,128.0,1.0,1.0,1.0,10.563576757907867,6.830708424339145e-07,41.64164209365845,35.33154296875,45.91407561302185,663.0,0.0,78.39907574653625,,,,,,,,,,,,,,,,,
664,664.0,8.0,16.0,41.122424840927124,128.0,1.0,291193.0,757383.0,0.7222967147827148,2.0,2.0,2.0,0.4765625,16.0,0.05721662138698506,0.03195963427424431,0.4596688747406006,18195.25,16.0,1.0,291193.0,145562.0,0.49988152187724294,128.0,1.0,1.0,1.0,10.301056236028671,6.822299927794576e-07,40.39702367782593,35.300048828125,48.75782895088196,664.0,0.0,89.95927691459656,,,,,,,,,,,,,,,,,
665,665.0,8.0,16.0,29.33294916152954,128.0,1.0,302200.0,746376.0,0.7117996215820312,2.0,2.0,2.0,0.390625,16.0,0.043470980003399204,0.021177228540182114,0.4042859673500061,18883.5,16.0,1.0,302200.0,151068.0,0.4998941098610192,128.0,1.0,1.0,1.0,10.690432786941528,6.8138854839435e-07,37.4939489364624,35.463134765625,46.5449001789093,665.0,0.0,75.94940161705017,,,,,,,,,,,,,,,,,
666,666.0,8.0,16.0,39.84044003486633,128.0,1.0,257681.0,790895.0,0.7542562484741211,2.0,2.0,2.0,0.4375,16.0,0.04875374654740223,0.024151986464858055,0.43622642755508423,16101.375,16.0,1.0,257681.0,128811.0,0.4998855173644933,128.0,1.0,1.0,1.0,9.11555728316307,6.805465120247523e-07,38.08286237716675,33.87890625,42.47485303878784,666.0,0.0,82.37853598594666,,,,,,,,,,,,,,,,,
667,667.0,8.0,16.0,41.32138919830322,128.0,1.0,281739.0,766837.0,0.7313127517700195,2.0,2.0,2.0,0.546875,16.0,0.04113533741813267,0.02076876536011696,0.4443686902523041,17605.25,16.0,1.0,281739.0,140842.0,0.4999023919301197,128.0,1.0,1.0,1.0,9.966617614030838,6.797038864187563e-07,47.20048666000366,34.538330078125,47.6108980178833,667.0,0.0,89.00720763206482,,,,,,,,,,,,,,,,,
668,668.0,8.0,16.0,29.68708372116089,128.0,1.0,247857.0,800719.0,0.7636251449584961,2.0,2.0,2.0,0.5390625,16.0,0.046886728014489974,0.02628188394010067,0.38635504245758057,15486.75,16.0,1.0,247857.0,123894.0,0.4998608068361999,128.0,1.0,1.0,1.0,8.768029779195786,6.788606743263779e-07,40.936522006988525,32.819091796875,42.939475774765015,668.0,0.0,72.69153666496277,,,,,,,,,,,,,,,,,
669,669.0,8.0,16.0,29.663793325424194,128.0,1.0,199908.0,848668.0,0.8093528747558594,2.0,2.0,2.0,0.390625,16.0,0.060879021423678195,0.0322345532476902,0.4581623673439026,12490.25,16.0,1.0,199908.0,99922.0,0.4998399263661284,128.0,1.0,1.0,1.0,7.071816802024841,6.780168784995464e-07,36.97574710845947,30.21240234375,40.01011896133423,669.0,0.0,69.72726368904114,,,,,,,,,,,,,,,,,
670,670.0,8.0,16.0,40.82180833816528,128.0,1.0,239607.0,808969.0,0.7714929580688477,2.0,2.0,2.0,0.6015625,16.0,0.05435360839914375,0.024772003293037415,0.604320764541626,14971.25,16.0,1.0,239607.0,119770.0,0.4998601877240648,128.0,1.0,1.0,1.0,8.476183086633682,6.771725016920959e-07,44.88245916366577,32.465576171875,43.942951679229736,670.0,0.0,84.82452702522278,,,,,,,,,,,,,,,,,
671,671.0,8.0,16.0,41.71759653091431,128.0,1.0,282363.0,766213.0,0.730717658996582,2.0,2.0,2.0,0.4765625,16.0,0.05490180042947861,0.03319213166832924,0.39223068952560425,17643.875,16.0,1.0,282363.0,141151.0,0.4998919830147718,128.0,1.0,1.0,1.0,9.988691836595535,6.763275466597575e-07,53.99119520187378,34.146484375,49.83149600028992,671.0,0.0,91.62081599235535,,,,,,,,,,,,,,,,,
672,672.0,8.0,16.0,23.17548108100891,128.0,1.0,293355.0,755221.0,0.7202348709106445,2.0,2.0,2.0,0.3828125,16.0,0.05431879770452524,0.02926333248615265,0.3490125834941864,18330.75,16.0,1.0,293355.0,146646.0,0.4998926215677251,128.0,1.0,1.0,1.0,10.37753775715828,6.754820161601486e-07,38.234657764434814,34.68701171875,41.53770613670349,672.0,0.0,64.78734612464905,,,,,,,,,,,,,,,,,
673,673.0,8.0,16.0,34.243685245513916,128.0,1.0,240576.0,808000.0,0.77056884765625,2.0,2.0,2.0,0.4921875,16.0,0.06303551253322615,0.030925225466489792,0.5856509804725647,15031.75,16.0,1.0,240576.0,120254.0,0.49985867251928706,128.0,1.0,1.0,1.0,8.510461807250977,6.746359129527652e-07,35.80010223388672,33.143798828125,45.190693855285645,673.0,0.0,79.49428081512451,,,,,,,,,,,,,,,,,
674,674.0,8.0,16.0,40.81539297103882,128.0,1.0,339547.0,709029.0,0.676182746887207,2.0,2.0,2.0,0.375,16.0,0.044155801142896724,0.023042192682623863,0.3254748284816742,21218.125,16.0,1.0,339547.0,169745.0,0.49991606463906324,128.0,1.0,1.0,1.0,12.011596232652664,6.73789239798972e-07,49.75698184967041,37.131103515625,51.534908056259155,674.0,0.0,92.43566346168518,,,,,,,,,,,,,,,,,
675,675.0,8.0,16.0,36.67879939079285,128.0,1.0,280780.0,767796.0,0.7322273254394531,2.0,2.0,2.0,0.3828125,16.0,0.04647361229519978,0.02791864238679409,0.3547632396221161,17544.75,16.0,1.0,280780.0,140358.0,0.4998860317686445,128.0,1.0,1.0,1.0,9.932692646980286,6.729419994619945e-07,39.51629686355591,34.176513671875,41.337116718292236,675.0,0.0,78.08322811126709,,,,,,,,,,,,,,,,,
676,676.0,8.0,16.0,29.901347398757935,128.0,1.0,265291.0,783285.0,0.7469987869262695,2.0,2.0,2.0,0.421875,16.0,0.05206390670964348,0.035040970891714096,0.4813610315322876,16576.5,16.0,1.0,265291.0,132612.0,0.49987372357147436,128.0,1.0,1.0,1.0,9.38476374745369,6.720941947069081e-07,37.649611473083496,34.101318359375,42.98705720901489,676.0,0.0,72.95256876945496,,,,,,,,,,,,,,,,,
677,677.0,8.0,16.0,39.63436841964722,128.0,1.0,351132.0,697444.0,0.6651344299316406,2.0,2.0,2.0,0.2890625,16.0,0.058442880299805974,0.03693627566099167,0.43939581513404846,21941.875,16.0,1.0,351132.0,175535.0,0.499911714113211,128.0,1.0,1.0,1.0,12.421419739723206,6.712458283006315e-07,45.65937089920044,39.655517578125,56.21342062950134,677.0,0.0,95.93093204498291,,,,,,,,,,,,,,,,,
678,678.0,8.0,16.0,37.755831718444824,128.0,1.0,305739.0,742837.0,0.7084245681762695,2.0,2.0,2.0,0.4609375,16.0,0.0465491868586037,0.025737296789884567,0.3134063184261322,19105.25,16.0,1.0,305739.0,152842.0,0.49991005400030747,128.0,1.0,1.0,1.0,10.815626174211502,6.703969030119155e-07,44.75235652923584,35.62939453125,45.88154172897339,678.0,0.0,83.71418166160583,,,,,,,,,,,,,,,,,
679,679.0,8.0,16.0,23.40420699119568,128.0,1.0,216652.0,831924.0,0.7933845520019531,2.0,2.0,2.0,0.2421875,16.0,0.07905304286161675,0.04461044445633888,0.5909050703048706,13536.75,16.0,1.0,216652.0,108294.0,0.49985229769399775,128.0,1.0,1.0,1.0,7.664141774177551,6.695474216113355e-07,35.7286639213562,30.597900390625,40.3817412853241,679.0,0.0,63.8445463180542,,,,,,,,,,,,,,,,,
680,680.0,8.0,16.0,40.881287813186646,128.0,1.0,252303.0,796273.0,0.7593851089477539,2.0,2.0,2.0,0.484375,16.0,0.056860523620650895,0.03187994658946991,0.38066399097442627,15765.125,16.0,1.0,252303.0,126121.0,0.49987911360546644,128.0,1.0,1.0,1.0,8.925308614969254,6.686973868712816e-07,40.821146965026855,33.417236328125,44.30749750137329,680.0,0.0,85.25270795822144,,,,,,,,,,,,,,,,,
681,681.0,8.0,16.0,40.50231122970581,128.0,1.0,318913.0,729663.0,0.6958608627319336,2.0,2.0,2.0,0.265625,16.0,0.05096676956934649,0.02980978600680828,0.39407604932785034,19928.125,16.0,1.0,318913.0,159425.0,0.499901226980399,128.0,1.0,1.0,1.0,11.281661123037338,6.678468015659496e-07,40.75508213043213,36.6865234375,47.35892200469971,681.0,0.0,87.94178199768066,,,,,,,,,,,,,,,,,
682,682.0,8.0,16.0,37.372478008270264,128.0,1.0,261074.0,787502.0,0.7510204315185547,2.0,2.0,2.0,0.5625,16.0,0.04967410859796878,0.028660709038376808,0.35712990164756775,16313.375,16.0,1.0,261074.0,130507.0,0.4998850900510966,128.0,1.0,1.0,1.0,9.235585868358612,6.669956684713325e-07,42.309688091278076,33.893310546875,45.593719720840454,682.0,0.0,83.03019261360168,,,,,,,,,,,,,,,,,
683,683.0,8.0,16.0,40.72065186500549,128.0,1.0,220016.0,828560.0,0.7901763916015625,2.0,2.0,2.0,0.59375,16.0,0.05917599221441783,0.030767228454351425,0.4622272253036499,13746.625,16.0,1.0,220016.0,109973.0,0.4998409206603156,128.0,1.0,1.0,1.0,7.783144474029541,6.661439903652107e-07,46.295215129852295,31.144775390625,41.39547634124756,683.0,0.0,82.17256236076355,,,,,,,,,,,,,,,,,
684,684.0,8.0,16.0,31.50733971595764,128.0,1.0,270550.0,778026.0,0.7419834136962891,2.0,2.0,2.0,0.328125,16.0,0.05201188856517391,0.029637102037668228,0.40187615156173706,16905.25,16.0,1.0,270550.0,135242.0,0.49987802624283867,128.0,1.0,1.0,1.0,9.570802748203278,6.652917700271436e-07,39.12072992324829,33.68603515625,45.63640260696411,684.0,0.0,77.2209403514862,,,,,,,,,,,,,,,,,
685,685.0,8.0,16.0,31.646428108215332,128.0,1.0,264015.0,784561.0,0.7482156753540039,2.0,2.0,2.0,0.359375,16.0,0.061226639517486046,0.03378191217780113,0.4840574264526367,16497.625,16.0,1.0,264015.0,131981.0,0.4998996269151374,128.0,1.0,1.0,1.0,9.339624792337418,6.644390102384604e-07,38.25151205062866,33.698486328125,43.440367698669434,685.0,0.0,75.15331172943115,,,,,,,,,,,,,,,,,
686,686.0,8.0,16.0,38.28927516937256,128.0,1.0,290202.0,758374.0,0.7232418060302734,2.0,2.0,2.0,0.4296875,16.0,0.04353997257489966,0.024771302938461304,0.41473451256752014,18134.0,16.0,1.0,290202.0,145072.0,0.49990006960668776,128.0,1.0,1.0,1.0,10.265999257564545,6.635857137822502e-07,47.504382610321045,34.720947265625,48.44136905670166,686.0,0.0,86.80984854698181,,,,,,,,,,,,,,,,,
687,687.0,8.0,16.0,27.10471272468567,128.0,1.0,227604.0,820972.0,0.7829399108886719,2.0,2.0,2.0,0.5703125,16.0,0.05388874064257001,0.02778187207877636,0.4880751371383667,14221.625,16.0,1.0,227604.0,113773.0,0.4998725857190559,128.0,1.0,1.0,1.0,8.051572680473328,6.627318834433544e-07,40.61959886550903,31.080810546875,41.05072021484375,687.0,0.0,68.22434163093567,,,,,,,,,,,,,,,,,
688,688.0,8.0,16.0,40.03496217727661,128.0,1.0,298347.0,750229.0,0.7154741287231445,2.0,2.0,2.0,0.3515625,16.0,0.060691284288064064,0.03252453729510307,0.3867093622684479,18643.0,16.0,1.0,298347.0,149144.0,0.4999011218480494,128.0,1.0,1.0,1.0,10.554131537675858,6.618775220083561e-07,43.93759775161743,35.470703125,45.482637882232666,688.0,0.0,85.59813570976257,,,,,,,,,,,,,,,,,
689,689.0,8.0,16.0,24.706082820892334,128.0,1.0,250434.0,798142.0,0.7611675262451172,2.0,2.0,2.0,0.3984375,16.0,0.05376068201839369,0.029837440699338913,0.3921356797218323,15648.5,16.0,1.0,250434.0,125188.0,0.4998842010270171,128.0,1.0,1.0,1.0,8.859192073345184,6.610226322655721e-07,38.11866903305054,32.41162109375,43.238199949264526,689.0,0.0,68.01317644119263,,,,,,,,,,,,,,,,,
690,690.0,8.0,16.0,40.758548974990845,128.0,1.0,318123.0,730453.0,0.6966142654418945,2.0,2.0,2.0,0.4921875,16.0,0.04408033335243084,0.025445055216550827,0.375169962644577,19878.875,16.0,1.0,318123.0,159031.0,0.4999041251339891,128.0,1.0,1.0,1.0,11.253714591264725,6.601672170050434e-07,52.75082445144653,36.2197265625,55.03147745132446,690.0,0.0,95.86481237411499,,,,,,,,,,,,,,,,,
691,691.0,8.0,16.0,33.31006193161011,128.0,1.0,260779.0,787797.0,0.7513017654418945,2.0,2.0,2.0,0.3359375,16.0,0.05425454376578812,0.03112061321735382,0.4734879434108734,16294.125,16.0,1.0,260779.0,130353.0,0.4998600347420613,128.0,1.0,1.0,1.0,9.225150138139725,6.593112790185259e-07,41.854276180267334,33.177978515625,43.23618125915527,691.0,0.0,76.61597037315369,,,,,,,,,,,,,,,,,
692,692.0,8.0,16.0,29.62816095352173,128.0,1.0,256146.0,792430.0,0.7557201385498047,2.0,2.0,2.0,0.4375,16.0,0.0577401960046433,0.026705842465162277,0.48994845151901245,16004.875,16.0,1.0,256146.0,128039.0,0.4998672632014554,128.0,1.0,1.0,1.0,9.061256110668182,6.584548210994816e-07,41.24936580657959,32.863037109375,44.27074909210205,692.0,0.0,73.98287510871887,,,,,,,,,,,,,,,,,
693,693.0,8.0,16.0,39.59000539779663,128.0,1.0,315809.0,732767.0,0.6988210678100586,2.0,2.0,2.0,0.4140625,16.0,0.05795811900362717,0.03606851026415825,0.3710613548755646,19734.0,16.0,1.0,315809.0,157872.0,0.49989708969662044,128.0,1.0,1.0,1.0,11.171856015920639,6.575978460430694e-07,47.85023307800293,36.4765625,49.263999462127686,693.0,0.0,88.93479371070862,,,,,,,,,,,,,,,,,
694,694.0,8.0,16.0,41.504043102264404,128.0,1.0,294265.0,754311.0,0.7193670272827148,2.0,2.0,2.0,0.15625,16.0,0.06879223506112617,0.04085621237754822,0.455617755651474,18387.5,16.0,1.0,294265.0,147100.0,0.4998895553327783,128.0,1.0,1.0,1.0,10.409729331731796,6.567403566461355e-07,50.73451328277588,34.88671875,47.869033336639404,694.0,0.0,89.45047211647034,,,,,,,,,,,,,,,,,
695,695.0,8.0,16.0,34.098856925964355,128.0,1.0,254281.0,794295.0,0.7574987411499023,2.0,2.0,2.0,0.484375,16.0,0.04625817186248372,0.02476700209081173,0.37639692425727844,15889.125,16.0,1.0,254281.0,127113.0,0.4998918519275919,128.0,1.0,1.0,1.0,8.99528107047081,6.558823557072057e-07,39.968456745147705,33.1953125,42.78036904335022,695.0,0.0,76.9459023475647,,,,,,,,,,,,,,,,,
696,696.0,8.0,16.0,30.752481698989868,128.0,1.0,208676.0,839900.0,0.8009910583496094,2.0,2.0,2.0,0.5,16.0,0.06747984693002992,0.03153574466705322,0.8477142453193665,13038.25,16.0,1.0,208676.0,104306.0,0.499846652226418,128.0,1.0,1.0,1.0,7.381987929344177,6.550238460264743e-07,37.14102840423584,31.04931640625,42.53698110580444,696.0,0.0,73.3471097946167,,,,,,,,,,,,,,,,,
697,697.0,8.0,16.0,30.89145255088806,128.0,1.0,278173.0,770403.0,0.7347135543823242,2.0,2.0,2.0,0.4765625,16.0,0.0699781000078484,0.03906578943133354,0.4393902122974396,17382.25,16.0,1.0,278173.0,139058.0,0.4998975457718758,128.0,1.0,1.0,1.0,9.840469092130661,6.541648304057965e-07,42.8524956703186,33.981201171875,44.28431701660156,697.0,0.0,75.2477662563324,,,,,,,,,,,,,,,,,
698,698.0,8.0,16.0,20.188576221466064,128.0,1.0,170991.0,877585.0,0.8369302749633789,2.0,2.0,2.0,0.640625,16.0,0.06640277850253505,0.03070732019841671,0.5397573113441467,10683.0,16.0,1.0,170991.0,85464.0,0.49981577977788305,128.0,1.0,1.0,1.0,6.048867613077164,6.533053116486784e-07,32.96659278869629,28.511962890625,37.9504189491272,698.0,0.0,58.18791222572327,,,,,,,,,,,,,,,,,
699,699.0,8.0,16.0,28.611310720443726,128.0,1.0,256570.0,792006.0,0.7553157806396484,2.0,2.0,2.0,0.4140625,16.0,0.06791263110484023,0.03862617164850235,0.49756959080696106,16031.875,16.0,1.0,256570.0,128255.0,0.49988307284561717,128.0,1.0,1.0,1.0,9.07625526189804,6.524452925602682e-07,40.08419466018677,32.84521484375,44.63987588882446,699.0,0.0,73.31654357910156,,,,,,,,,,,,,,,,,
700,700.0,8.0,16.0,35.106698989868164,128.0,1.0,294839.0,753737.0,0.7188196182250977,2.0,2.0,2.0,0.578125,16.0,0.041916815391227304,0.026926003396511078,0.489388108253479,18423.375,16.0,1.0,294839.0,147387.0,0.4998897703492414,128.0,1.0,1.0,1.0,10.430034786462784,6.515847759473473e-07,45.803343296051025,34.45263671875,46.01239013671875,700.0,0.0,310.87795400619507,,,,,,,,,,,,,,,,,
701,701.0,8.0,16.0,28.66947340965271,128.0,1.0,252368.0,796208.0,0.7593231201171875,2.0,2.0,2.0,0.5859375,16.0,0.04299152720549395,0.024260643869638443,0.49269306659698486,15769.125,16.0,1.0,252368.0,126153.0,0.49987716350725925,128.0,1.0,1.0,1.0,8.927608013153076,6.507237646183205e-07,40.35800886154175,32.240478515625,43.06236791610718,701.0,0.0,71.79902052879333,,,,,,,,,,,,,,,,,
702,702.0,8.0,16.0,40.672555685043335,128.0,1.0,290384.0,758192.0,0.7230682373046875,2.0,2.0,2.0,0.5390625,16.0,0.04973664831215622,0.026280883699655533,0.37888720631599426,18145.0,16.0,1.0,290384.0,145160.0,0.4998898010909692,128.0,1.0,1.0,1.0,10.272437572479248,6.498622613832073e-07,40.96347141265869,34.999267578125,45.364378929138184,702.0,0.0,86.12230515480042,,,,,,,,,,,,,,,,,
703,703.0,8.0,16.0,29.258108139038086,128.0,1.0,223570.0,825006.0,0.7867870330810547,2.0,2.0,2.0,0.6015625,16.0,0.07054248198162849,0.029819894582033157,0.6577800512313843,13968.625,16.0,1.0,223570.0,111749.0,0.49983897660687926,128.0,1.0,1.0,1.0,7.908868491649628,6.490002690536323e-07,35.383625984191895,31.151611328125,39.93180465698242,703.0,0.0,69.24544262886047,,,,,,,,,,,,,,,,,
704,704.0,8.0,16.0,22.01890230178833,128.0,1.0,166894.0,881682.0,0.8408374786376953,2.0,2.0,2.0,0.4921875,16.0,0.07470474619679467,0.03497009351849556,0.736377477645874,10426.75,16.0,1.0,166894.0,83414.0,0.49980226970412356,128.0,1.0,1.0,1.0,5.9039347767829895,6.48137790442817e-07,29.424837589263916,28.74951171875,37.18365216255188,704.0,0.0,59.25124669075012,,,,,,,,,,,,,,,,,
705,705.0,8.0,16.0,38.230194330215454,128.0,1.0,259449.0,789127.0,0.7525701522827148,2.0,2.0,2.0,0.53125,16.0,0.05652535625062125,0.02874290943145752,0.4551771581172943,16211.375,16.0,1.0,259449.0,129691.0,0.4998708802115252,128.0,1.0,1.0,1.0,9.178100913763046,6.472748283655694e-07,44.99938154220581,32.78515625,42.664546489715576,705.0,0.0,80.95722460746765,,,,,,,,,,,,,,,,,
706,706.0,8.0,16.0,38.94119882583618,128.0,1.0,216160.0,832416.0,0.793853759765625,2.0,2.0,2.0,0.71875,16.0,0.05662620108845277,0.02605232037603855,0.5927885174751282,13506.25,16.0,1.0,216160.0,108050.0,0.49986121391561805,128.0,1.0,1.0,1.0,7.646737098693848,6.464113856382751e-07,42.25347423553467,31.4267578125,42.94682288169861,706.0,0.0,81.94177055358887,,,,,,,,,,,,,,,,,
707,707.0,8.0,16.0,41.79351830482483,128.0,1.0,272599.0,775977.0,0.7400293350219727,2.0,2.0,2.0,0.40625,16.0,0.06565487150633514,0.030172470957040787,0.5168756246566772,17034.25,16.0,1.0,272599.0,136274.0,0.49990645600314015,128.0,1.0,1.0,1.0,9.643286854028702,6.455474650788894e-07,54.245490074157715,33.441162109375,48.910858154296875,707.0,0.0,90.77328181266785,,,,,,,,,,,,,,,,,
708,708.0,8.0,16.0,26.193739891052246,128.0,1.0,286666.0,761910.0,0.7266139984130859,2.0,2.0,2.0,0.4453125,16.0,0.0517462624923714,0.030808499082922935,0.373390793800354,17912.875,16.0,1.0,286666.0,143303.0,0.49989534859383394,128.0,1.0,1.0,1.0,10.140911996364594,6.446830695069259e-07,38.77950572967529,34.37646484375,43.61191177368164,708.0,0.0,69.87500524520874,,,,,,,,,,,,,,,,,
709,709.0,8.0,16.0,25.22850728034973,128.0,1.0,204460.0,844116.0,0.8050117492675781,2.0,2.0,2.0,0.515625,16.0,0.057987779251205705,0.029470955953001976,0.46882253885269165,12775.25,16.0,1.0,204460.0,102202.0,0.49986305389807295,128.0,1.0,1.0,1.0,7.232845425605774,6.438182017434492e-07,36.343974113464355,31.473388671875,41.089855670928955,709.0,0.0,66.37432026863098,,,,,,,,,,,,,,,,,
710,710.0,8.0,16.0,39.704968214035034,128.0,1.0,268515.0,780061.0,0.7439241409301758,2.0,2.0,2.0,0.3828125,16.0,0.04549261680485648,0.023939283564686775,0.36955416202545166,16778.25,16.0,1.0,268515.0,134226.0,0.49988268811798225,128.0,1.0,1.0,1.0,9.498813897371292,6.429528646110647e-07,42.482980728149414,34.283447265625,43.76476860046387,710.0,0.0,83.53422427177429,,,,,,,,,,,,,,,,,
711,711.0,8.0,16.0,19.735411882400513,128.0,1.0,187967.0,860609.0,0.8207406997680664,2.0,2.0,2.0,0.65625,16.0,0.07588099511564293,0.03373929113149643,0.9094153046607971,11743.75,16.0,1.0,187967.0,93950.0,0.49982177722685367,128.0,1.0,1.0,1.0,6.649399667978287,6.420870609339099e-07,34.8427414894104,28.89453125,38.32663607597351,711.0,0.0,58.11362814903259,,,,,,,,,,,,,,,,,
712,712.0,8.0,16.0,41.077003479003906,128.0,1.0,203177.0,845399.0,0.8062353134155273,2.0,2.0,2.0,0.453125,16.0,0.06409931146707216,0.03400417044758797,0.5130935907363892,12694.75,16.0,1.0,203177.0,101558.0,0.4998498845833928,128.0,1.0,1.0,1.0,7.187458842992783,6.412207935376442e-07,40.88671684265137,30.499755859375,40.59263229370117,712.0,0.0,81.72451281547546,,,,,,,,,,,,,,,,,
713,713.0,8.0,16.0,40.05706596374512,128.0,1.0,270084.0,778492.0,0.7424278259277344,2.0,2.0,2.0,0.5234375,16.0,0.05031926542097048,0.031172310933470726,0.43395474553108215,16875.875,16.0,1.0,270084.0,135007.0,0.4998704106870455,128.0,1.0,1.0,1.0,9.554317831993103,6.403540652494412e-07,47.011067390441895,33.839111328125,45.91466212272644,713.0,0.0,86.04327583312988,,,,,,,,,,,,,,,,,
714,714.0,8.0,16.0,39.57049036026001,128.0,1.0,252563.0,796013.0,0.7591371536254883,2.0,2.0,2.0,0.5,16.0,0.05018965103843796,0.024865468963980675,0.38972020149230957,15781.0,16.0,1.0,252563.0,126248.0,0.49986735982705305,128.0,1.0,1.0,1.0,8.934506207704544,6.394868788979785e-07,36.37684869766235,33.849365234375,48.62321710586548,714.0,0.0,88.26480317115784,,,,,,,,,,,,,,,,,
715,715.0,8.0,16.0,21.281678199768066,128.0,1.0,222479.0,826097.0,0.7878274917602539,2.0,2.0,2.0,0.4765625,16.0,0.07592027859463385,0.03719402849674225,0.6650334000587463,13900.875,16.0,1.0,222479.0,111207.0,0.4998539187968303,128.0,1.0,1.0,1.0,7.870273977518082,6.386192373134283e-07,36.70524024963379,30.914794921875,40.65986347198486,715.0,0.0,62.00907063484192,,,,,,,,,,,,,,,,,
716,716.0,8.0,16.0,27.57176637649536,128.0,1.0,197593.0,850983.0,0.8115606307983398,2.0,2.0,2.0,0.3203125,16.0,0.06517947449882944,0.029622547328472137,0.5278148055076599,12345.875,16.0,1.0,197593.0,98767.0,0.4998507032131705,128.0,1.0,1.0,1.0,6.989922851324081,6.377511433274489e-07,33.06973600387573,30.250732421875,39.62337803840637,716.0,0.0,67.24978423118591,,,,,,,,,,,,,,,,,
717,717.0,8.0,16.0,39.426963090896606,128.0,1.0,268097.0,780479.0,0.7443227767944336,2.0,2.0,2.0,0.3125,16.0,0.05622588783488902,0.03091651201248169,0.4287799000740051,16751.625,16.0,1.0,268097.0,134013.0,0.49986758523967073,128.0,1.0,1.0,1.0,9.484026998281479,6.36882599773175e-07,43.73565483093262,33.630126953125,46.367197036743164,717.0,0.0,85.8634946346283,,,,,,,,,,,,,,,,,
718,718.0,8.0,16.0,35.33600878715515,128.0,1.0,261408.0,787168.0,0.750701904296875,2.0,2.0,2.0,0.4453125,16.0,0.05332881108938094,0.028062906116247177,0.4691147804260254,16333.875,16.0,1.0,261408.0,130671.0,0.49987376055820787,128.0,1.0,1.0,1.0,9.247401237487793,6.360136094852082e-07,40.06731843948364,33.69091796875,44.57470202445984,718.0,0.0,79.97613453865051,,,,,,,,,,,,,,,,,
719,719.0,8.0,16.0,29.063270092010498,128.0,1.0,234107.0,814469.0,0.776738166809082,2.0,2.0,2.0,0.6640625,16.0,0.06069032628702776,0.030584359541535378,0.7099368572235107,14628.125,16.0,1.0,234107.0,117025.0,0.49987826079527736,128.0,1.0,1.0,1.0,8.281618624925613,6.351441752996084e-07,39.481868743896484,31.38427734375,42.287832498550415,719.0,0.0,71.41298174858093,,,,,,,,,,,,,,,,,
720,720.0,8.0,16.0,34.62636876106262,128.0,1.0,274986.0,773590.0,0.7377529144287109,2.0,2.0,2.0,0.2890625,16.0,0.06391448446186038,0.035639625042676926,0.41040974855422974,17182.125,16.0,1.0,274986.0,137457.0,0.4998690842442888,128.0,1.0,1.0,1.0,9.727727830410004,6.342743000538844e-07,43.63866901397705,34.05419921875,46.39295959472656,720.0,0.0,81.09677791595459,,,,,,,,,,,,,,,,,
721,721.0,8.0,16.0,41.195109605789185,128.0,1.0,318717.0,729859.0,0.6960477828979492,2.0,2.0,2.0,0.2265625,16.0,0.052141947423717645,0.028196590021252632,0.4316287040710449,19915.875,16.0,1.0,318717.0,159327.0,0.49990116623838704,128.0,1.0,1.0,1.0,11.274727553129196,6.334039865869837e-07,45.731404304504395,36.261474609375,48.01431345939636,721.0,0.0,89.30467319488525,,,,,,,,,,,,,,,,,
722,722.0,8.0,16.0,21.03212594985962,128.0,1.0,216743.0,831833.0,0.7932977676391602,2.0,2.0,2.0,0.3125,16.0,0.06102915783840631,0.027516476809978485,0.45096009969711304,13542.625,16.0,1.0,216743.0,108341.0,0.49985928034584737,128.0,1.0,1.0,1.0,7.667360931634903,6.325332377392849e-07,34.11345386505127,30.68017578125,41.98908352851868,722.0,0.0,63.087273597717285,,,,,,,,,,,,,,,,,
723,723.0,8.0,16.0,19.931865453720093,128.0,1.0,214856.0,833720.0,0.7950973510742188,2.0,2.0,2.0,0.375,16.0,0.086721542014659,0.046606697142124176,0.7740251421928406,13424.5,16.0,1.0,214856.0,107396.0,0.4998510630375694,128.0,1.0,1.0,1.0,7.600607633590698,6.316620563525868e-07,32.19832706451416,30.756591796875,40.06739640235901,723.0,0.0,60.090041637420654,,,,,,,,,,,,,,,,,
724,724.0,8.0,16.0,40.55802392959595,128.0,1.0,240804.0,807772.0,0.7703514099121094,2.0,2.0,2.0,0.4765625,16.0,0.055242992140647845,0.029770633205771446,1.8999102115631104,15046.75,16.0,1.0,240804.0,120374.0,0.4998837228617465,128.0,1.0,1.0,1.0,8.518527388572693,6.307904452701003e-07,41.134512424468994,32.385009765625,43.636784076690674,724.0,0.0,84.26698398590088,,,,,,,,,,,,,,,,,
725,725.0,8.0,16.0,34.803563594818115,128.0,1.0,279095.0,769481.0,0.7338342666625977,2.0,2.0,2.0,0.484375,16.0,0.05643458837515353,0.030021196231245995,0.4272448420524597,17439.625,16.0,1.0,279095.0,139517.0,0.49989071821422815,128.0,1.0,1.0,1.0,9.873085170984268,6.299184073364384e-07,40.756195068359375,34.67919921875,44.33012509346008,725.0,0.0,79.20090007781982,,,,,,,,,,,,,,,,,
726,726.0,8.0,16.0,40.878429889678955,128.0,1.0,313519.0,735057.0,0.7010049819946289,2.0,2.0,2.0,0.328125,16.0,0.08302456500402115,0.042636461555957794,0.5814130306243896,19591.125,16.0,1.0,313519.0,156729.0,0.49990271721969004,128.0,1.0,1.0,1.0,11.090846449136734,6.290459453976074e-07,48.135921001434326,36.125244140625,49.0979220867157,726.0,0.0,90.06487321853638,,,,,,,,,,,,,,,,,
727,727.0,8.0,16.0,40.270230531692505,128.0,1.0,331569.0,717007.0,0.6837911605834961,2.0,2.0,2.0,0.390625,16.0,0.041276335249892354,0.022159388288855553,0.3267636299133301,20719.125,16.0,1.0,331569.0,165753.0,0.4999049971499145,128.0,1.0,1.0,1.0,11.729371637105942,6.281730623009973e-07,51.136536598205566,37.662841796875,50.32425403594971,727.0,0.0,90.67605876922607,,,,,,,,,,,,,,,,,
728,728.0,8.0,16.0,40.54764246940613,128.0,1.0,255565.0,793011.0,0.7562742233276367,2.0,2.0,2.0,0.140625,16.0,0.0765482794317889,0.040481287986040115,0.5830843448638916,15968.75,16.0,1.0,255565.0,127750.0,0.4998728307866883,128.0,1.0,1.0,1.0,9.040703028440475,6.272997608953725e-07,45.360480308532715,32.824951171875,44.335129261016846,728.0,0.0,84.94724321365356,,,,,,,,,,,,,,,,,
729,729.0,8.0,16.0,27.915743827819824,128.0,1.0,208005.0,840571.0,0.801630973815918,2.0,2.0,2.0,0.4921875,16.0,0.06251639624134532,0.02751513570547104,0.6600341200828552,12996.5,16.0,1.0,208005.0,103972.0,0.49985336890940124,128.0,1.0,1.0,1.0,7.358251065015793,6.264260440308629e-07,32.426737785339355,30.7685546875,41.07374310493469,729.0,0.0,69.04607152938843,,,,,,,,,,,,,,,,,
730,730.0,8.0,16.0,40.19496250152588,128.0,1.0,294326.0,754250.0,0.7193088531494141,2.0,2.0,2.0,0.359375,16.0,0.05535566250950681,0.033368874341249466,0.4349316954612732,18391.25,16.0,1.0,294326.0,147130.0,0.4998878794262145,128.0,1.0,1.0,1.0,10.411887228488922,6.255519145589536e-07,43.947081089019775,35.663330078125,46.54363965988159,730.0,0.0,86.80470991134644,,,,,,,,,,,,,,,,,
731,731.0,8.0,16.0,17.37583088874817,128.0,1.0,220903.0,827673.0,0.7893304824829102,2.0,2.0,2.0,0.3359375,16.0,0.05785647451077462,0.029774628579616547,0.3799324631690979,13802.25,16.0,1.0,220903.0,110418.0,0.4998483497281612,128.0,1.0,1.0,1.0,7.814522415399551,6.246773753324773e-07,31.148152351379395,30.666015625,39.13793635368347,731.0,0.0,56.57307767868042,,,,,,,,,,,,,,,,,
732,732.0,8.0,16.0,40.81492471694946,128.0,1.0,254484.0,794092.0,0.7573051452636719,2.0,2.0,2.0,0.5390625,16.0,0.05393780681093074,0.03141345456242561,0.5057374835014343,15901.75,16.0,1.0,254484.0,127214.0,0.4998899734364439,128.0,1.0,1.0,1.0,9.002462267875671,6.238024292056033e-07,50.167322635650635,32.457763671875,46.248517751693726,732.0,0.0,87.14041948318481,,,,,,,,,,,,,,,,,
733,733.0,8.0,16.0,36.90066337585449,128.0,1.0,238689.0,809887.0,0.7723684310913086,2.0,2.0,2.0,0.484375,16.0,0.06791590948733686,0.033056922256946564,0.5431970953941345,14913.875,16.0,1.0,238689.0,119311.0,0.49985965000481797,128.0,1.0,1.0,1.0,8.443708509206772,6.229270790338289e-07,47.53251647949219,31.904296875,45.15527582168579,733.0,0.0,82.11619997024536,,,,,,,,,,,,,,,,,
734,734.0,8.0,16.0,31.965270042419434,128.0,1.0,198152.0,850424.0,0.8110275268554688,2.0,2.0,2.0,0.4296875,16.0,0.06437929403027054,0.029809534549713135,0.566945493221283,12380.5,16.0,1.0,198152.0,99044.0,0.4998385078121846,128.0,1.0,1.0,1.0,7.009697675704956,6.220513276739705e-07,36.33521604537964,30.534912109375,41.08264994621277,734.0,0.0,73.1043074131012,,,,,,,,,,,,,,,,,
735,735.0,8.0,16.0,40.14880657196045,128.0,1.0,353025.0,695551.0,0.6633291244506836,2.0,2.0,2.0,0.2421875,16.0,0.051813826196994456,0.028973137959837914,0.3942409157752991,22060.375,16.0,1.0,353025.0,176483.0,0.49991643651299483,128.0,1.0,1.0,1.0,12.488385289907455,6.211751779841533e-07,48.16852617263794,38.2763671875,49.74990725517273,735.0,0.0,89.98309588432312,,,,,,,,,,,,,,,,,
736,736.0,8.0,16.0,36.75597810745239,128.0,1.0,266953.0,781623.0,0.7454137802124023,2.0,2.0,2.0,0.3828125,16.0,0.06509425778960849,0.0341409407556057,0.485993355512619,16681.25,16.0,1.0,266953.0,133450.0,0.4999007315894558,128.0,1.0,1.0,1.0,9.4435575902462,6.202986328238027e-07,43.19558763504028,33.732177734375,43.37900161743164,736.0,0.0,80.20325016975403,,,,,,,,,,,,,,,,,
737,737.0,8.0,16.0,41.29150080680847,128.0,1.0,196833.0,851743.0,0.8122854232788086,2.0,2.0,2.0,0.484375,16.0,0.053163648502427295,0.03222307562828064,0.536232054233551,12297.875,16.0,1.0,196833.0,98383.0,0.4998298049615664,128.0,1.0,1.0,1.0,6.963037580251694,6.19421695053635e-07,38.21705389022827,30.727294921875,44.49115586280823,737.0,0.0,85.83353424072266,,,,,,,,,,,,,,,,,
738,738.0,8.0,16.0,38.58617544174194,128.0,1.0,220821.0,827755.0,0.7894086837768555,2.0,2.0,2.0,0.6171875,16.0,0.061539195521009046,0.03161316737532616,0.5378197431564331,13797.875,16.0,1.0,220821.0,110383.0,0.4998754647429366,128.0,1.0,1.0,1.0,7.8116216361522675,6.185443675356474e-07,39.95045042037964,31.512939453125,42.78089952468872,738.0,0.0,81.42334294319153,,,,,,,,,,,,,,,,,
739,739.0,8.0,16.0,40.9879834651947,128.0,1.0,279471.0,769105.0,0.7334756851196289,2.0,2.0,2.0,0.2890625,16.0,0.054496686277380905,0.028388451784849167,0.4311191141605377,17462.625,16.0,1.0,279471.0,139701.0,0.4998765524866623,128.0,1.0,1.0,1.0,9.886386305093765,6.176666531331095e-07,49.51847314834595,34.355224609375,46.84668755531311,739.0,0.0,87.89733242988586,,,,,,,,,,,,,,,,,
740,740.0,8.0,16.0,23.308730840682983,128.0,1.0,221076.0,827500.0,0.7891654968261719,2.0,2.0,2.0,0.4765625,16.0,0.06271816667950784,0.03238983452320099,0.5040574669837952,13813.375,16.0,1.0,221076.0,110507.0,0.4998597767283649,128.0,1.0,1.0,1.0,7.820642352104187,6.167885547105533e-07,37.8357253074646,31.014892578125,39.686511754989624,740.0,0.0,63.0549156665802,,,,,,,,,,,,,,,,,
741,741.0,8.0,16.0,41.644476652145386,128.0,1.0,264586.0,783990.0,0.7476711273193359,2.0,2.0,2.0,0.4296875,16.0,0.05481431825716181,0.029591456055641174,0.44768625497817993,16532.75,16.0,1.0,264586.0,132262.0,0.49988283582653653,128.0,1.0,1.0,1.0,9.359824120998383,6.159100751337641e-07,44.81941556930542,34.181640625,45.35636758804321,741.0,0.0,87.06748104095459,,,,,,,,,,,,,,,,,
742,742.0,8.0,16.0,27.663776397705078,128.0,1.0,230050.0,818526.0,0.7806072235107422,2.0,2.0,2.0,0.375,16.0,0.06361060025978671,0.033591363579034805,0.467238187789917,14375.0,16.0,1.0,230050.0,115000.0,0.49989132797217994,128.0,1.0,1.0,1.0,8.138100802898407,6.150312172697714e-07,39.06656551361084,31.354248046875,41.53463625907898,742.0,0.0,69.2580235004425,,,,,,,,,,,,,,,,,
743,743.0,8.0,16.0,41.119715213775635,128.0,1.0,343049.0,705527.0,0.6728429794311523,2.0,2.0,2.0,0.625,16.0,0.04398912777203068,0.02465323731303215,0.39477330446243286,21436.75,16.0,1.0,343049.0,171494.0,0.4999110914184271,128.0,1.0,1.0,1.0,12.135480731725693,6.141519839868388e-07,52.62514114379883,36.695556640625,51.61532425880432,743.0,0.0,92.81653118133545,,,,,,,,,,,,,,,,,
744,744.0,8.0,16.0,29.829830408096313,128.0,1.0,222064.0,826512.0,0.7882232666015625,2.0,2.0,2.0,0.4921875,16.0,0.054046826168542374,0.02849530056118965,0.41615140438079834,13875.0,16.0,1.0,222064.0,111000.0,0.49985589739894803,128.0,1.0,1.0,1.0,7.855593204498291,6.132723781544557e-07,39.218345642089844,30.973876953125,42.131174087524414,744.0,0.0,72.01995611190796,,,,,,,,,,,,,,,,,
745,745.0,8.0,16.0,25.308480262756348,128.0,1.0,171967.0,876609.0,0.8359994888305664,2.0,2.0,2.0,0.484375,16.0,0.06776153201552602,0.032654598355293274,0.5843561887741089,10743.5,16.0,1.0,171967.0,85948.0,0.4997935650444562,128.0,1.0,1.0,1.0,6.083393961191177,6.12392402643327e-07,36.022250175476074,28.28564453125,42.74128532409668,745.0,0.0,68.0975251197815,,,,,,,,,,,,,,,,,
746,746.0,8.0,16.0,24.460724353790283,128.0,1.0,177222.0,871354.0,0.8309879302978516,2.0,2.0,2.0,0.5859375,16.0,0.06258857636048613,0.030473530292510986,0.6224716305732727,11072.0,16.0,1.0,177222.0,88576.0,0.4998025075893512,128.0,1.0,1.0,1.0,6.269291460514069,6.11512060325364e-07,35.01761865615845,29.05712890625,40.62809205055237,746.0,0.0,65.1406843662262,,,,,,,,,,,,,,,,,
747,747.0,8.0,16.0,40.31082272529602,128.0,1.0,328389.0,720187.0,0.686823844909668,2.0,2.0,2.0,0.453125,16.0,0.04752931179222249,0.028562787920236588,0.39147835969924927,20520.5,16.0,1.0,328389.0,164164.0,0.4999071223457546,128.0,1.0,1.0,1.0,11.616878002882004,6.106313540736755e-07,47.37270641326904,37.078857421875,49.01124930381775,747.0,0.0,89.39762783050537,,,,,,,,,,,,,,,,,
748,748.0,8.0,16.0,26.123380422592163,128.0,1.0,206101.0,842475.0,0.8034467697143555,2.0,2.0,2.0,0.625,16.0,0.07305486281575627,0.03709077835083008,0.5434085130691528,12877.0,16.0,1.0,206101.0,103016.0,0.4998326063434918,128.0,1.0,1.0,1.0,7.290896385908127,6.097502867625577e-07,33.264320850372314,30.177734375,41.32285404205322,748.0,0.0,67.50311827659607,,,,,,,,,,,,,,,,,
749,749.0,8.0,16.0,20.254606008529663,128.0,1.0,258107.0,790469.0,0.753849983215332,2.0,2.0,2.0,0.4296875,16.0,0.054172762133341684,0.029660237953066826,0.3873874843120575,16127.875,16.0,1.0,258107.0,129023.0,0.4998818319534147,128.0,1.0,1.0,1.0,9.130627185106277,6.088688612674856e-07,32.47375011444092,32.992919921875,39.59744381904602,749.0,0.0,59.91925239562988,,,,,,,,,,,,,,,,,
750,750.0,8.0,16.0,25.429692029953003,128.0,1.0,225853.0,822723.0,0.7846097946166992,2.0,2.0,2.0,0.40625,16.0,0.054499897002108534,0.02965450845658779,0.48599961400032043,14112.0,16.0,1.0,225853.0,112896.0,0.49986495640970013,128.0,1.0,1.0,1.0,7.989630430936813,6.079870804651026e-07,42.43787097930908,30.861083984375,40.89077305793762,750.0,0.0,291.3990287780762,,,,,,,,,,,,,,,,,
751,751.0,8.0,16.0,28.8418288230896,128.0,1.0,280467.0,768109.0,0.7325258255004883,2.0,2.0,2.0,0.390625,16.0,0.060138269573137816,0.030778931453824043,0.41544708609580994,17524.625,16.0,1.0,280467.0,140197.0,0.49986985991221783,128.0,1.0,1.0,1.0,9.921620160341263,6.071049472332121e-07,40.89652967453003,34.820556640625,45.76114249229431,751.0,0.0,74.6810233592987,,,,,,,,,,,,,,,,,
752,752.0,8.0,16.0,25.556052923202515,128.0,1.0,209867.0,838709.0,0.7998552322387695,2.0,2.0,2.0,0.7421875,16.0,0.04786235933617288,0.02303885482251644,0.5197542905807495,13113.0,16.0,1.0,209867.0,104904.0,0.4998594347848876,128.0,1.0,1.0,1.0,7.424119979143143,6.062224644507676e-07,34.72067308425903,30.741943359375,39.80241274833679,752.0,0.0,65.41414046287537,,,,,,,,,,,,,,,,,
753,753.0,8.0,16.0,23.150770902633667,128.0,1.0,222065.0,826511.0,0.7882223129272461,2.0,2.0,2.0,0.46875,16.0,0.053180161906690386,0.0286211259663105,0.44899606704711914,13875.375,16.0,1.0,222065.0,111003.0,0.4998671560128791,128.0,1.0,1.0,1.0,7.855628579854965,6.053396349978631e-07,35.451054096221924,30.68994140625,40.44501733779907,753.0,0.0,63.664581060409546,,,,,,,,,,,,,,,,,
754,754.0,8.0,16.0,40.09954285621643,128.0,1.0,321390.0,727186.0,0.6934986114501953,2.0,2.0,2.0,0.0859375,16.0,0.057374776192330584,0.03203292563557625,0.40274786949157715,20083.125,16.0,1.0,321390.0,160665.0,0.4999066554653225,128.0,1.0,1.0,1.0,11.369285881519318,6.044564617557246e-07,51.44674634933472,35.93212890625,51.492369174957275,754.0,0.0,91.6711757183075,,,,,,,,,,,,,,,,,
755,755.0,8.0,16.0,23.505493640899658,128.0,1.0,258074.0,790502.0,0.7538814544677734,2.0,2.0,2.0,0.421875,16.0,0.05946214010208484,0.03110666014254093,0.4320908486843109,16125.625,16.0,1.0,258074.0,129005.0,0.4998760045568325,128.0,1.0,1.0,1.0,9.129459798336029,6.035729476066998e-07,33.764957427978516,33.2685546875,39.83991861343384,755.0,0.0,63.408855676651,,,,,,,,,,,,,,,,,
756,756.0,8.0,16.0,34.08564376831055,128.0,1.0,333493.0,715083.0,0.6819562911987305,2.0,2.0,2.0,0.34375,16.0,0.060224216685803994,0.028352875262498856,0.4672597050666809,20839.25,16.0,1.0,333493.0,166714.0,0.4999025466801402,128.0,1.0,1.0,1.0,11.797433823347092,6.026890954342487e-07,45.1706109046936,37.184814453125,49.82920217514038,756.0,0.0,84.00573873519897,,,,,,,,,,,,,,,,,
757,757.0,8.0,16.0,16.863210916519165,128.0,1.0,182613.0,865963.0,0.8258466720581055,2.0,2.0,2.0,0.453125,16.0,0.08068273418451606,0.03823322802782059,0.6614826917648315,11409.375,16.0,1.0,182613.0,91275.0,0.4998275040659756,128.0,1.0,1.0,1.0,6.46000000834465,6.018049081229351e-07,30.209319591522217,28.878662109375,37.64767074584961,757.0,0.0,54.55991268157959,,,,,,,,,,,,,,,,,
758,758.0,8.0,16.0,40.44044804573059,128.0,1.0,225568.0,823008.0,0.784881591796875,2.0,2.0,2.0,0.6640625,16.0,0.057218649069870564,0.027042940258979797,0.416684091091156,14093.875,16.0,1.0,225568.0,112751.0,0.49985370265285856,128.0,1.0,1.0,1.0,7.979548454284668,6.009203885584158e-07,47.18940496444702,31.361328125,42.706703186035156,758.0,0.0,83.20303320884705,,,,,,,,,,,,,,,,,
759,759.0,8.0,16.0,23.625954627990723,128.0,1.0,216889.0,831687.0,0.7931585311889648,2.0,2.0,2.0,0.5234375,16.0,0.051644095780815504,0.0260932520031929,0.481340616941452,13552.375,16.0,1.0,216889.0,108419.0,0.4998824283389199,128.0,1.0,1.0,1.0,7.672525733709335,6.000355396274326e-07,36.12095308303833,30.712158203125,41.037113189697266,759.0,0.0,64.71759867668152,,,,,,,,,,,,,,,,,
760,760.0,8.0,16.0,32.54119157791138,128.0,1.0,280294.0,768282.0,0.7326908111572266,2.0,2.0,2.0,0.203125,16.0,0.053819552139410226,0.029222527518868446,0.43714115023612976,17514.375,16.0,1.0,280294.0,140115.0,0.49988583415984644,128.0,1.0,1.0,1.0,9.915500223636627,5.991503642178022e-07,37.223063945770264,34.6728515625,46.627933502197266,760.0,0.0,79.23952984809875,,,,,,,,,,,,,,,,,
761,761.0,8.0,16.0,39.90745162963867,128.0,1.0,252769.0,795807.0,0.7589406967163086,2.0,2.0,2.0,0.625,16.0,0.047695483284654644,0.02605498395860195,0.38716721534729004,15794.625,16.0,1.0,252769.0,126357.0,0.499891205013273,128.0,1.0,1.0,1.0,8.941793531179428,5.982648652184063e-07,45.1148157119751,33.781005859375,45.48162245750427,761.0,0.0,85.45236873626709,,,,,,,,,,,,,,,,,
762,762.0,8.0,16.0,23.870286464691162,128.0,1.0,250719.0,797857.0,0.7608957290649414,2.0,2.0,2.0,0.375,16.0,0.0676101496577932,0.03731469064950943,0.49378103017807007,15666.625,16.0,1.0,250719.0,125333.0,0.4998943039817485,128.0,1.0,1.0,1.0,8.86927404999733,5.973790455191829e-07,38.34943151473999,32.2607421875,42.73200225830078,762.0,0.0,66.66434812545776,,,,,,,,,,,,,,,,,
763,763.0,8.0,16.0,41.72378325462341,128.0,1.0,353303.0,695273.0,0.6630640029907227,2.0,2.0,2.0,0.359375,16.0,0.059954060390699615,0.034119002521038055,0.4803628623485565,22077.75,16.0,1.0,353303.0,176622.0,0.49991650226576057,128.0,1.0,1.0,1.0,12.498219639062881,5.964929080111172e-07,52.87410879135132,37.5341796875,50.236401081085205,763.0,0.0,92.06397294998169,,,,,,,,,,,,,,,,,
764,764.0,8.0,16.0,40.46283459663391,128.0,1.0,306443.0,742133.0,0.7077531814575195,2.0,2.0,2.0,0.328125,16.0,0.06134965235020723,0.04103412106633186,0.4243071377277374,19149.25,16.0,1.0,306443.0,153194.0,0.4999102606357463,128.0,1.0,1.0,1.0,10.840530425310135,5.956064555862306e-07,44.02754306793213,36.1806640625,47.343021869659424,764.0,0.0,87.88220572471619,,,,,,,,,,,,,,,,,
765,765.0,8.0,16.0,29.906505823135376,128.0,1.0,270671.0,777905.0,0.7418680191040039,2.0,2.0,2.0,0.3671875,16.0,0.05414103047352005,0.028436264023184776,0.42300617694854736,16912.875,16.0,1.0,270671.0,135303.0,0.49987992803070885,128.0,1.0,1.0,1.0,9.575083166360855,5.947196911375733e-07,39.291940689086914,33.927734375,43.932828187942505,765.0,0.0,73.90611672401428,,,,,,,,,,,,,,,,,
766,766.0,8.0,16.0,22.912666082382202,128.0,1.0,220134.0,828442.0,0.7900638580322266,2.0,2.0,2.0,0.5703125,16.0,0.06578797929513404,0.032368097454309464,0.4610298275947571,13754.875,16.0,1.0,220134.0,110039.0,0.49987280474620005,128.0,1.0,1.0,1.0,7.787318766117096,5.93832617559213e-07,34.040367126464844,30.7001953125,46.355578660964966,766.0,0.0,69.33595108985901,,,,,,,,,,,,,,,,,
767,767.0,8.0,16.0,40.10196280479431,128.0,1.0,260918.0,787658.0,0.7511692047119141,2.0,2.0,2.0,0.3125,16.0,0.0637642428790098,0.03356114402413368,0.4432142674922943,16303.5,16.0,1.0,260918.0,130428.0,0.4998811887259599,128.0,1.0,1.0,1.0,9.230067312717438,5.929452377462268e-07,39.55118942260742,34.592529296875,47.07290577888489,767.0,0.0,87.24254941940308,,,,,,,,,,,,,,,,,
768,768.0,8.0,16.0,40.18907165527344,128.0,1.0,284691.0,763885.0,0.7284975051879883,2.0,2.0,2.0,0.46875,16.0,0.048540850747506255,0.02873368188738823,0.35157862305641174,17788.75,16.0,1.0,284691.0,142310.0,0.49987530339912395,128.0,1.0,1.0,1.0,10.07104566693306,5.920575545946909e-07,40.42594289779663,34.904541015625,46.21490812301636,768.0,0.0,86.47577357292175,,,,,,,,,,,,,,,,,
769,769.0,8.0,16.0,19.995824337005615,128.0,1.0,227630.0,820946.0,0.7829151153564453,2.0,2.0,2.0,0.5703125,16.0,0.05964176489892785,0.028397537767887115,0.5478065013885498,14223.625,16.0,1.0,227630.0,113789.0,0.4998857795545403,128.0,1.0,1.0,1.0,8.052492439746857,5.911695710016717e-07,34.870426177978516,31.1513671875,41.37493109703064,769.0,0.0,61.42813181877136,,,,,,,,,,,,,,,,,
770,770.0,8.0,16.0,41.77995204925537,128.0,1.0,324787.0,723789.0,0.6902589797973633,2.0,2.0,2.0,0.4765625,16.0,0.0502045246376665,0.027308078482747078,0.37572863698005676,20294.875,16.0,1.0,324787.0,162359.0,0.4998937765366225,128.0,1.0,1.0,1.0,11.489455968141556,5.90281289865216e-07,47.540709495544434,36.774658203125,48.63318729400635,770.0,0.0,90.49207091331482,,,,,,,,,,,,,,,,,
771,771.0,8.0,16.0,24.732204914093018,128.0,1.0,291976.0,756600.0,0.7215499877929688,2.0,2.0,2.0,0.484375,16.0,0.05221848084980418,0.029359018430113792,0.35654187202453613,18244.0,16.0,1.0,291976.0,145952.0,0.49987670219470093,128.0,1.0,1.0,1.0,10.328755140304565,5.893927140843418e-07,36.449119091033936,34.377685546875,44.47212243080139,771.0,0.0,69.27834677696228,,,,,,,,,,,,,,,,,
772,772.0,8.0,16.0,35.78811717033386,128.0,1.0,205646.0,842930.0,0.8038806915283203,2.0,2.0,2.0,0.7421875,16.0,0.057948008951943325,0.03181932494044304,0.47747907042503357,12849.0,16.0,1.0,205646.0,102792.0,0.4998492555167618,128.0,1.0,1.0,1.0,7.274800598621368,5.885038465590289e-07,44.82032489776611,30.2216796875,40.32159161567688,772.0,0.0,76.16596555709839,,,,,,,,,,,,,,,,,
773,773.0,8.0,16.0,24.653807878494263,128.0,1.0,266300.0,782276.0,0.7460365295410156,2.0,2.0,2.0,0.2578125,16.0,0.06100413221641602,0.03250005841255188,0.4679851233959198,16640.375,16.0,1.0,266300.0,133123.0,0.49989861058956064,128.0,1.0,1.0,1.0,9.420457482337952,5.876146901902086e-07,38.19595670700073,33.554931640625,44.20222473144531,773.0,0.0,68.92299222946167,,,,,,,,,,,,,,,,,
774,774.0,8.0,16.0,26.56052589416504,128.0,1.0,224102.0,824474.0,0.7862796783447266,2.0,2.0,2.0,0.4609375,16.0,0.04817940399933316,0.029782257974147797,0.4870603680610657,14002.5,16.0,1.0,224102.0,112020.0,0.49986167013235044,128.0,1.0,1.0,1.0,7.927688181400299,5.867252478797556e-07,39.00012969970703,31.647705078125,43.58546328544617,774.0,0.0,70.2158260345459,,,,,,,,,,,,,,,,,
775,775.0,8.0,16.0,26.12015199661255,128.0,1.0,201358.0,847218.0,0.8079700469970703,2.0,2.0,2.0,0.4375,16.0,0.05781740322091891,0.028067518025636673,0.4487627446651459,12581.0,16.0,1.0,201358.0,100648.0,0.4998460453520595,128.0,1.0,1.0,1.0,7.123111069202423,5.858355225304771e-07,36.63189363479614,30.328369140625,40.92180013656616,775.0,0.0,67.09680342674255,,,,,,,,,,,,,,,,,
776,776.0,8.0,16.0,38.828264474868774,128.0,1.0,230867.0,817709.0,0.7798280715942383,2.0,2.0,2.0,0.3359375,16.0,0.05925087628546302,0.02759702503681183,0.5012010931968689,14424.75,16.0,1.0,230867.0,115398.0,0.4998462318131218,128.0,1.0,1.0,1.0,8.167002469301224,5.849455170461046e-07,42.822993755340576,32.109130859375,44.211071252822876,776.0,0.0,83.10185503959656,,,,,,,,,,,,,,,,,
777,777.0,8.0,16.0,19.239255666732788,128.0,1.0,253824.0,794752.0,0.7579345703125,2.0,2.0,2.0,0.328125,16.0,0.0582462018579823,0.028178151696920395,0.4688130021095276,15860.0,16.0,1.0,253824.0,126880.0,0.49987392839132627,128.0,1.0,1.0,1.0,8.979114532470703,5.840552343312839e-07,32.78309154510498,32.71240234375,40.10428261756897,777.0,0.0,59.40757131576538,,,,,,,,,,,,,,,,,
778,778.0,8.0,16.0,32.377161264419556,128.0,1.0,178883.0,869693.0,0.8294038772583008,2.0,2.0,2.0,0.7109375,16.0,0.05802993639976702,0.024160858243703842,0.6592704653739929,11176.125,16.0,1.0,178883.0,89409.0,0.49981831700049756,128.0,1.0,1.0,1.0,6.328049927949905,5.83164677291565e-07,38.28442573547363,28.798583984375,38.337008237838745,778.0,0.0,70.76406073570251,,,,,,,,,,,,,,,,,
779,779.0,8.0,16.0,39.18705892562866,128.0,1.0,269442.0,779134.0,0.7430400848388672,2.0,2.0,2.0,0.3984375,16.0,0.05327274155621794,0.028293205425143242,0.5017667412757874,16836.25,16.0,1.0,269442.0,134690.0,0.4998849474098322,128.0,1.0,1.0,1.0,9.53160685300827,5.822738488333937e-07,48.54718255996704,33.803466796875,42.91152858734131,779.0,0.0,82.16975665092468,,,,,,,,,,,,,,,,,
780,780.0,8.0,16.0,27.164517164230347,128.0,1.0,213666.0,834910.0,0.7962322235107422,2.0,2.0,2.0,0.4296875,16.0,0.069799986811461,0.03096839040517807,0.5200551152229309,13350.5,16.0,1.0,213666.0,106804.0,0.49986427414750123,128.0,1.0,1.0,1.0,7.558510959148407,5.813827518641015e-07,35.59503746032715,31.098388671875,41.98157072067261,780.0,0.0,69.20071196556091,,,,,,,,,,,,,,,,,
781,781.0,8.0,16.0,30.59542202949524,128.0,1.0,251906.0,796670.0,0.7597637176513672,2.0,2.0,2.0,0.4375,16.0,0.06575983657509123,0.03614891692996025,0.4615894854068756,15740.5,16.0,1.0,251906.0,125924.0,0.4998848776924726,128.0,1.0,1.0,1.0,8.911264598369598,5.80491389291896e-07,40.19951581954956,33.173583984375,43.01127028465271,781.0,0.0,73.67450594902039,,,,,,,,,,,,,,,,,
782,782.0,8.0,16.0,22.855298042297363,128.0,1.0,230768.0,817808.0,0.7799224853515625,2.0,2.0,2.0,0.4140625,16.0,0.05677249144956177,0.031725022941827774,0.43533238768577576,14418.375,16.0,1.0,230768.0,115347.0,0.499839665811551,128.0,1.0,1.0,1.0,8.163500308990479,5.795997640258518e-07,34.24854516983032,31.5302734375,42.383293867111206,782.0,0.0,65.29942893981934,,,,,,,,,,,,,,,,,
783,783.0,8.0,16.0,26.196788549423218,128.0,1.0,232781.0,815795.0,0.7780027389526367,2.0,2.0,2.0,0.5234375,16.0,0.06122687257483184,0.03463952988386154,0.4499232769012451,14544.75,16.0,1.0,232781.0,116358.0,0.49986038379421,128.0,1.0,1.0,1.0,8.234710901975632,5.78707878975901e-07,35.16158056259155,31.342041015625,42.40362071990967,783.0,0.0,68.66211771965027,,,,,,,,,,,,,,,,,
784,784.0,8.0,16.0,28.379507780075073,128.0,1.0,199801.0,848775.0,0.8094549179077148,2.0,2.0,2.0,0.5546875,16.0,0.058550356352113864,0.029994957149028778,0.5442931652069092,12483.875,16.0,1.0,199801.0,99871.0,0.49985235309132586,128.0,1.0,1.0,1.0,7.0680316388607025,5.778157370528233e-07,33.802927017211914,30.1796875,39.93212413787842,784.0,0.0,68.36563229560852,,,,,,,,,,,,,,,,,
785,785.0,8.0,16.0,19.790801286697388,128.0,1.0,199076.0,849500.0,0.8101463317871094,2.0,2.0,2.0,0.578125,16.0,0.06522923493533313,0.03136246278882027,0.5121578574180603,12438.375,16.0,1.0,199076.0,99507.0,0.49984428057626235,128.0,1.0,1.0,1.0,7.042384505271912,5.769233411682367e-07,30.189250946044922,29.655029296875,39.44301676750183,785.0,0.0,59.28826189041138,,,,,,,,,,,,,,,,,
786,786.0,8.0,16.0,40.96093463897705,128.0,1.0,234204.0,814372.0,0.7766456604003906,2.0,2.0,2.0,0.515625,16.0,0.05105431155379521,0.02772182784974575,0.6117613911628723,14633.625,16.0,1.0,234204.0,117069.0,0.49985909719731514,128.0,1.0,1.0,1.0,8.28505003452301,5.760306942345882e-07,38.07544136047363,32.88623046875,45.54367160797119,786.0,0.0,86.57048296928406,,,,,,,,,,,,,,,,,
787,787.0,8.0,16.0,38.40553617477417,128.0,1.0,236049.0,812527.0,0.7748861312866211,2.0,2.0,2.0,0.46875,16.0,0.055158143076257105,0.02699599601328373,0.5133225917816162,14749.125,16.0,1.0,236049.0,117993.0,0.4998665531309177,128.0,1.0,1.0,1.0,8.350317567586899,5.751377991651441e-07,39.341142654418945,32.42431640625,43.68281364440918,787.0,0.0,82.14990615844727,,,,,,,,,,,,,,,,,
788,788.0,8.0,16.0,33.6345100402832,128.0,1.0,261646.0,786930.0,0.7504749298095703,2.0,2.0,2.0,0.328125,16.0,0.06443075239932086,0.03760179877281189,2.6958277225494385,16348.25,16.0,1.0,261646.0,130786.0,0.49985858755723384,128.0,1.0,1.0,1.0,9.255820572376251,5.742446588739806e-07,42.92814636230469,33.795654296875,44.244837522506714,788.0,0.0,77.9473922252655,,,,,,,,,,,,,,,,,
789,789.0,8.0,16.0,31.554410696029663,128.0,1.0,283764.0,764812.0,0.7293815612792969,2.0,2.0,2.0,0.3515625,16.0,0.06361471730269502,0.03493770956993103,0.410938024520874,17731.5,16.0,1.0,283764.0,141852.0,0.499894278343976,128.0,1.0,1.0,1.0,10.038252711296082,5.73351276275974e-07,43.33409786224365,33.93505859375,43.00024890899658,789.0,0.0,74.62802839279175,,,,,,,,,,,,,,,,,
790,790.0,8.0,16.0,25.344098329544067,128.0,1.0,260419.0,788157.0,0.7516450881958008,2.0,2.0,2.0,0.25,16.0,0.061593255262661996,0.0306541807949543,0.48684000968933105,16272.0,16.0,1.0,260419.0,130176.0,0.49987136115260405,128.0,1.0,1.0,1.0,9.212415009737015,5.724576542867914e-07,36.854310035705566,33.213134765625,44.387253761291504,790.0,0.0,69.800053358078,,,,,,,,,,,,,,,,,
791,791.0,8.0,16.0,27.233431100845337,128.0,1.0,188832.0,859744.0,0.819915771484375,2.0,2.0,2.0,0.53125,16.0,0.056588208350908095,0.0296144038438797,0.5986826419830322,11798.375,16.0,1.0,188832.0,94387.0,0.4998464243348585,128.0,1.0,1.0,1.0,6.679999351501465,5.715637958228814e-07,41.2198224067688,29.6240234375,43.53883457183838,791.0,0.0,70.82686281204224,,,,,,,,,,,,,,,,,
792,792.0,8.0,16.0,38.815003871917725,128.0,1.0,266690.0,781886.0,0.7456645965576172,2.0,2.0,2.0,0.234375,16.0,0.06516643049473957,0.03645716607570648,0.4118742346763611,16664.0,16.0,1.0,266690.0,133312.0,0.4998762608271776,128.0,1.0,1.0,1.0,9.434253871440887,5.706697038014643e-07,48.729228019714355,33.21533203125,43.5907506942749,792.0,0.0,82.47444462776184,,,,,,,,,,,,,,,,,
793,793.0,8.0,16.0,33.392000913619995,128.0,1.0,329141.0,719435.0,0.6861066818237305,2.0,2.0,2.0,0.4453125,16.0,0.048845936567899276,0.02479877881705761,0.34295421838760376,20567.25,16.0,1.0,329141.0,164538.0,0.49990125812341824,128.0,1.0,1.0,1.0,11.643480271100998,5.697753811405224e-07,41.39692687988281,37.892822265625,48.27278733253479,793.0,0.0,81.74680614471436,,,,,,,,,,,,,,,,,
794,794.0,8.0,16.0,22.238481283187866,128.0,1.0,168367.0,880209.0,0.8394327163696289,2.0,2.0,2.0,0.6484375,16.0,0.0704897382334885,0.033932190388441086,1.0127999782562256,10517.875,16.0,1.0,168367.0,84143.0,0.4997594540497841,128.0,1.0,1.0,1.0,5.956042677164078,5.688808307587912e-07,34.35380458831787,28.5341796875,38.19937705993652,794.0,0.0,60.48624300956726,,,,,,,,,,,,,,,,,
795,795.0,8.0,16.0,24.70131230354309,128.0,1.0,292500.0,756076.0,0.7210502624511719,2.0,2.0,2.0,0.359375,16.0,0.0579526997622007,0.031220346689224243,0.40844401717185974,18277.375,16.0,1.0,292500.0,146219.0,0.4998940170940171,128.0,1.0,1.0,1.0,10.347291827201843,5.679860555757489e-07,41.579171657562256,34.418212890625,43.49770760536194,795.0,0.0,68.27238416671753,,,,,,,,,,,,,,,,,
796,796.0,8.0,16.0,40.013867139816284,128.0,1.0,264197.0,784379.0,0.748042106628418,2.0,2.0,2.0,0.4140625,16.0,0.05911419241827001,0.03036394715309143,0.4670904874801636,16508.625,16.0,1.0,264197.0,132069.0,0.4998883408971336,128.0,1.0,1.0,1.0,9.346063107252121,5.670910585116077e-07,42.554545402526855,33.963134765625,45.07745361328125,796.0,0.0,85.17383456230164,,,,,,,,,,,,,,,,,
797,797.0,8.0,16.0,31.801734447479248,128.0,1.0,170438.0,878138.0,0.8374576568603516,2.0,2.0,2.0,0.6640625,16.0,0.05515458069231213,0.026706183329224586,0.5110425353050232,10648.375,16.0,1.0,170438.0,85187.0,0.4998122484422488,128.0,1.0,1.0,1.0,6.029305040836334,5.661958424873037e-07,38.0048451423645,29.415771484375,40.25739026069641,797.0,0.0,72.11222290992737,,,,,,,,,,,,,,,,,
798,798.0,8.0,16.0,41.15602135658264,128.0,1.0,236637.0,811939.0,0.7743253707885742,2.0,2.0,2.0,0.5,16.0,0.054852649573904594,0.0263973455876112,0.4324052035808563,14786.5,16.0,1.0,236637.0,118292.0,0.49988801413134887,128.0,1.0,1.0,1.0,8.371118277311325,5.653004104244877e-07,39.70836925506592,33.1904296875,44.95438003540039,798.0,0.0,86.17276453971863,,,,,,,,,,,,,,,,,
799,799.0,8.0,16.0,30.86683750152588,128.0,1.0,254014.0,794562.0,0.7577533721923828,2.0,2.0,2.0,0.5078125,16.0,0.05474095537069795,0.025909166783094406,0.3878077268600464,15871.75,16.0,1.0,254014.0,126974.0,0.49987008590077714,128.0,1.0,1.0,1.0,8.9858358502388,5.644047652455159e-07,42.304545402526855,32.873046875,43.8501238822937,799.0,0.0,74.78228712081909,,,,,,,,,,,,,,,,,
800,800.0,8.0,16.0,27.27963423728943,128.0,1.0,255791.0,792785.0,0.7560586929321289,2.0,2.0,2.0,0.6015625,16.0,0.05457156732247085,0.027200477197766304,0.4231065511703491,15982.375,16.0,1.0,255791.0,127859.0,0.49985730537821893,128.0,1.0,1.0,1.0,9.048697859048843,5.635089098734393e-07,39.951547145843506,32.76318359375,43.89994192123413,800.0,0.0,298.8067123889923,,,,,,,,,,,,,,,,,
801,801.0,8.0,16.0,13.302465677261353,128.0,1.0,160966.0,887610.0,0.8464908599853516,2.0,2.0,2.0,0.7421875,16.0,0.05439420244422214,0.025142783299088478,0.559277355670929,10057.0,16.0,1.0,160966.0,80456.0,0.49983226271386505,128.0,1.0,1.0,1.0,5.6942296624183655,5.626128472319958e-07,28.986677646636963,27.57958984375,37.23605298995972,801.0,0.0,50.58340334892273,,,,,,,,,,,,,,,,,
802,802.0,8.0,16.0,33.650383710861206,128.0,1.0,203556.0,845020.0,0.8058738708496094,2.0,2.0,2.0,0.5,16.0,0.06211147627783019,0.03187163174152374,0.5018177628517151,12718.25,16.0,1.0,203556.0,101746.0,0.49984279510306745,128.0,1.0,1.0,1.0,7.200866103172302,5.617165802455987e-07,36.69476842880249,30.472900390625,41.31268072128296,802.0,0.0,75.02862286567688,,,,,,,,,,,,,,,,,
803,803.0,8.0,16.0,35.22396445274353,128.0,1.0,251631.0,796945.0,0.7600259780883789,2.0,2.0,2.0,0.53125,16.0,0.07453764754889546,0.03633306547999382,0.5463129281997681,15723.0,16.0,1.0,251631.0,125784.0,0.4998748166958761,128.0,1.0,1.0,1.0,8.901536375284195,5.608201118393293e-07,40.84861946105957,32.881591796875,43.47901129722595,803.0,0.0,78.78214192390442,,,,,,,,,,,,,,,,,
804,804.0,8.0,16.0,41.35237264633179,128.0,1.0,282979.0,765597.0,0.7301301956176758,2.0,2.0,2.0,0.4375,16.0,0.06217863484375429,0.030142029747366905,0.44361239671707153,17682.25,16.0,1.0,282979.0,141458.0,0.4998886843193311,128.0,1.0,1.0,1.0,10.010483056306839,5.599234449389254e-07,39.866116523742676,34.683837890625,46.59090518951416,804.0,0.0,88.01330471038818,,,,,,,,,,,,,,,,,
805,805.0,8.0,16.0,40.94854426383972,128.0,1.0,311189.0,737387.0,0.7032270431518555,2.0,2.0,2.0,0.375,16.0,0.053030271688983575,0.02768120914697647,0.4187302887439728,19445.625,16.0,1.0,311189.0,155565.0,0.4999052023047087,128.0,1.0,1.0,1.0,11.008421868085861,5.590265824707729e-07,46.76011371612549,35.76171875,46.87678003311157,805.0,0.0,87.9181432723999,,,,,,,,,,,,,,,,,
806,806.0,8.0,16.0,39.840365409851074,128.0,1.0,274811.0,773765.0,0.737919807434082,2.0,2.0,2.0,0.453125,16.0,0.050566472095031956,0.028561100363731384,0.3601788580417633,17172.375,16.0,1.0,274811.0,137379.0,0.49990357008998915,128.0,1.0,1.0,1.0,9.72153714299202,5.581295273618964e-07,44.496570110321045,34.2734375,47.18789625167847,806.0,0.0,87.0985176563263,,,,,,,,,,,,,,,,,
807,807.0,8.0,16.0,40.35904049873352,128.0,1.0,279391.0,769185.0,0.7335519790649414,2.0,2.0,2.0,0.25,16.0,0.06622412098647436,0.03585118427872658,0.42118531465530396,17458.25,16.0,1.0,279391.0,139666.0,0.49989441320586564,128.0,1.0,1.0,1.0,9.88355627655983,5.572322825399485e-07,43.79390621185303,35.079833984375,48.868476152420044,807.0,0.0,89.30191254615784,,,,,,,,,,,,,,,,,
808,808.0,8.0,16.0,38.04999041557312,128.0,1.0,227562.0,821014.0,0.7829799652099609,2.0,2.0,2.0,0.1796875,16.0,0.06920781883980397,0.034761082381010056,0.5193500518798828,14218.0,16.0,1.0,227562.0,113744.0,0.49983740694843604,128.0,1.0,1.0,1.0,8.050086915493011,5.56334850933201e-07,38.67405939102173,32.36865234375,41.75188422203064,808.0,0.0,79.86117506027222,,,,,,,,,,,,,,,,,
809,809.0,8.0,16.0,29.59072184562683,128.0,1.0,276920.0,771656.0,0.7359085083007812,2.0,2.0,2.0,0.3203125,16.0,0.054696239629377266,0.027976827695965767,0.44943785667419434,17303.0,16.0,1.0,276920.0,138424.0,0.4998699985555395,128.0,1.0,1.0,1.0,9.796143770217896,5.554372354705362e-07,40.24375104904175,33.5048828125,42.28848934173584,809.0,0.0,71.95376658439636,,,,,,,,,,,,,,,,,
810,810.0,8.0,16.0,27.68342113494873,128.0,1.0,203561.0,845015.0,0.8058691024780273,2.0,2.0,2.0,0.6328125,16.0,0.057622432281239505,0.028450239449739456,0.5512718558311462,12718.25,16.0,1.0,203561.0,101746.0,0.4998305176335349,128.0,1.0,1.0,1.0,7.201042979955673,5.545394390814353e-07,38.32660388946533,29.899169921875,41.27774119377136,810.0,0.0,69.02453684806824,,,,,,,,,,,,,,,,,
811,811.0,8.0,16.0,17.426182985305786,128.0,1.0,197243.0,851333.0,0.811894416809082,2.0,2.0,2.0,0.28125,16.0,0.05594344500059452,0.030077217146754265,0.4734143614768982,12323.5,16.0,1.0,197243.0,98588.0,0.4998301587382062,128.0,1.0,1.0,1.0,6.977541476488113,5.536414646959707e-07,30.920305252075195,29.826171875,40.148276805877686,811.0,0.0,57.62777304649353,,,,,,,,,,,,,,,,,
812,812.0,8.0,16.0,23.59639596939087,128.0,1.0,257865.0,790711.0,0.7540807723999023,2.0,2.0,2.0,0.3046875,16.0,0.06396888875302177,0.03488070145249367,0.40336915850639343,16112.875,16.0,1.0,257865.0,128903.0,0.49988559905376845,128.0,1.0,1.0,1.0,9.122066348791122,5.527433152447954e-07,36.01512622833252,32.743408203125,42.898179054260254,812.0,0.0,66.56373405456543,,,,,,,,,,,,,,,,,
813,813.0,8.0,16.0,31.664891481399536,128.0,1.0,297813.0,750763.0,0.7159833908081055,2.0,2.0,2.0,0.484375,16.0,0.040484857421616005,0.023461734876036644,0.31770092248916626,18610.125,16.0,1.0,297813.0,148881.0,0.4999143757995789,128.0,1.0,1.0,1.0,10.535241097211838,5.518449936591339e-07,43.91911029815674,34.69384765625,45.476642370224,813.0,0.0,77.23511624336243,,,,,,,,,,,,,,,,,
814,814.0,8.0,16.0,22.648638486862183,128.0,1.0,256533.0,792043.0,0.7553510665893555,2.0,2.0,2.0,0.421875,16.0,0.060893805238882256,0.029889220371842384,0.44936853647232056,16028.875,16.0,1.0,256533.0,128231.0,0.49986161624430386,128.0,1.0,1.0,1.0,9.074946373701096,5.509465028707723e-07,35.90525150299072,32.716796875,42.34835362434387,814.0,0.0,65.06621646881104,,,,,,,,,,,,,,,,,
815,815.0,8.0,16.0,40.32355618476868,128.0,1.0,275250.0,773326.0,0.7375011444091797,2.0,2.0,2.0,0.4375,16.0,0.05954289138414579,0.03139803186058998,0.4976760447025299,17198.75,16.0,1.0,275250.0,137590.0,0.4998728428701181,128.0,1.0,1.0,1.0,9.737066924571991,5.500478458120493e-07,45.837332248687744,34.27685546875,42.8458514213562,815.0,0.0,83.24507069587708,,,,,,,,,,,,,,,,,
816,816.0,8.0,16.0,19.360991716384888,128.0,1.0,199423.0,849153.0,0.8098154067993164,2.0,2.0,2.0,0.34375,16.0,0.07137259742205707,0.03224659338593483,0.591643214225769,12460.125,16.0,1.0,199423.0,99681.0,0.49984705876453567,128.0,1.0,1.0,1.0,7.054659754037857,5.491490254158456e-07,32.96159601211548,29.728515625,40.075703620910645,816.0,0.0,59.49129366874695,,,,,,,,,,,,,,,,,
817,817.0,8.0,16.0,35.19133639335632,128.0,1.0,247865.0,800711.0,0.7636175155639648,2.0,2.0,2.0,0.359375,16.0,0.05445916156331866,0.03105233982205391,0.3922782838344574,15487.5,16.0,1.0,247865.0,123900.0,0.4998688802372259,128.0,1.0,1.0,1.0,8.768312782049179,5.482500446155753e-07,40.52168941497803,32.751220703125,46.048537254333496,817.0,0.0,81.30494689941406,,,,,,,,,,,,,,,,,
818,818.0,8.0,16.0,21.32395029067993,128.0,1.0,266542.0,782034.0,0.7458057403564453,2.0,2.0,2.0,0.3359375,16.0,0.0622494163062646,0.034437116235494614,0.4622002840042114,16654.875,16.0,1.0,266542.0,133239.0,0.499879943873761,128.0,1.0,1.0,1.0,9.429018318653107,5.473509063451766e-07,35.33034038543701,33.334716796875,40.469093322753906,818.0,0.0,61.86176657676697,,,,,,,,,,,,,,,,,
819,819.0,8.0,16.0,40.467724323272705,128.0,1.0,303893.0,744683.0,0.7101850509643555,2.0,2.0,2.0,0.3359375,16.0,0.05571336398816487,0.032576605677604675,0.36690571904182434,18989.5,16.0,1.0,303893.0,151916.0,0.49989963572704865,128.0,1.0,1.0,1.0,10.75032326579094,5.464516135391006e-07,44.40799903869629,35.24658203125,45.795798778533936,819.0,0.0,86.33983874320984,,,,,,,,,,,,,,,,,
820,820.0,8.0,16.0,40.69369912147522,128.0,1.0,190581.0,857995.0,0.8182477951049805,2.0,2.0,2.0,0.5390625,16.0,0.059795527168575606,0.02917446196079254,0.532652735710144,11907.5,16.0,1.0,190581.0,95260.0,0.4998399630603261,128.0,1.0,1.0,1.0,6.741870850324631,5.455521691323033e-07,37.62656211853027,30.53173828125,42.14689564704895,820.0,0.0,82.89871597290039,,,,,,,,,,,,,,,,,
821,821.0,8.0,16.0,20.270577669143677,128.0,1.0,215068.0,833508.0,0.7948951721191406,2.0,2.0,2.0,0.359375,16.0,0.07497395156084788,0.03594796359539032,0.48318374156951904,13438.5,16.0,1.0,215068.0,107508.0,0.4998791080030502,128.0,1.0,1.0,1.0,7.608107209205627,5.446525760602357e-07,35.5290002822876,30.419677734375,39.62692832946777,821.0,0.0,59.957252979278564,,,,,,,,,,,,,,,,,
822,822.0,8.0,16.0,25.430781602859497,128.0,1.0,191669.0,856907.0,0.8172101974487305,2.0,2.0,2.0,0.3515625,16.0,0.06560839078175294,0.028938142582774162,0.6739029288291931,11975.625,16.0,1.0,191669.0,95805.0,0.4998460888302229,128.0,1.0,1.0,1.0,6.780359238386154,5.43752837258833e-07,36.46323919296265,29.606201171875,40.02311134338379,822.0,0.0,65.50678181648254,,,,,,,,,,,,,,,,,
823,823.0,8.0,16.0,23.257309436798096,128.0,1.0,250260.0,798316.0,0.7613334655761719,2.0,2.0,2.0,0.3203125,16.0,0.08400200351068482,0.04480304196476936,0.5137248039245605,15637.75,16.0,1.0,250260.0,125102.0,0.49988811635898667,128.0,1.0,1.0,1.0,8.853036761283875,5.428529556645073e-07,36.33651304244995,32.787353515625,42.868884563446045,823.0,0.0,66.19743371009827,,,,,,,,,,,,,,,,,
824,824.0,8.0,16.0,40.20137596130371,128.0,1.0,324914.0,723662.0,0.6901378631591797,2.0,2.0,2.0,0.4140625,16.0,0.05385180105215451,0.031898289918899536,0.3277612030506134,20303.0,16.0,1.0,324914.0,162424.0,0.4998984346627107,128.0,1.0,1.0,1.0,11.493948638439178,5.419529342141359e-07,46.47557544708252,36.865234375,48.74009084701538,824.0,0.0,89.03009986877441,,,,,,,,,,,,,,,,,
825,825.0,8.0,16.0,28.96555185317993,128.0,1.0,247876.0,800700.0,0.7636070251464844,2.0,2.0,2.0,0.46875,16.0,0.05693326130019659,0.03116142749786377,0.5414218902587891,15487.875,16.0,1.0,247876.0,123903.0,0.4998588003679259,128.0,1.0,1.0,1.0,8.768701910972595,5.410527758450528e-07,40.23622417449951,32.369873046875,41.612791538238525,825.0,0.0,70.64404630661011,,,,,,,,,,,,,,,,,
826,826.0,8.0,16.0,28.008994102478027,128.0,1.0,250260.0,798316.0,0.7613334655761719,2.0,2.0,2.0,0.453125,16.0,0.045879751229742326,0.023630335927009583,0.4447907507419586,15637.625,16.0,1.0,250260.0,125101.0,0.49988412051466474,128.0,1.0,1.0,1.0,8.853036761283875,5.401524834950387e-07,39.958242416381836,32.494384765625,42.01659870147705,826.0,0.0,70.09243369102478,,,,,,,,,,,,,,,,,
827,827.0,8.0,16.0,18.338825702667236,128.0,1.0,179411.0,869165.0,0.8289003372192383,2.0,2.0,2.0,0.4921875,16.0,0.06770241781600596,0.028669826686382294,0.5527787804603577,11209.0,16.0,1.0,179411.0,89672.0,0.4998132778926599,128.0,1.0,1.0,1.0,6.34672811627388,5.392520601023117e-07,29.288403034210205,29.045166015625,36.801307916641235,827.0,0.0,55.18991470336914,,,,,,,,,,,,,,,,,
828,828.0,8.0,16.0,35.12065029144287,128.0,1.0,310422.0,738154.0,0.7039585113525391,2.0,2.0,2.0,0.390625,16.0,0.053186427347919375,0.027773117646574974,0.40297892689704895,19397.25,16.0,1.0,310422.0,155178.0,0.4998936931016487,128.0,1.0,1.0,1.0,10.981288969516754,5.383515086055173e-07,43.01416873931885,36.483154296875,49.40663552284241,828.0,0.0,84.60358595848083,,,,,,,,,,,,,,,,,
829,829.0,8.0,16.0,40.28219127655029,128.0,1.0,346463.0,702113.0,0.6695871353149414,2.0,2.0,2.0,0.3125,16.0,0.0529667868132447,0.03242970630526543,0.3272978961467743,21650.0,16.0,1.0,346463.0,173200.0,0.49990908120058997,128.0,1.0,1.0,1.0,12.256252199411392,5.374508319437196e-07,52.00320816040039,37.284423828125,50.13007664680481,829.0,0.0,90.49805092811584,,,,,,,,,,,,,,,,,
830,830.0,8.0,16.0,30.780735731124878,128.0,1.0,287560.0,761016.0,0.7257614135742188,2.0,2.0,2.0,0.328125,16.0,0.049733611782893275,0.026243044063448906,0.3562602698802948,17968.5,16.0,1.0,287560.0,143748.0,0.4998887188760606,128.0,1.0,1.0,1.0,10.172537565231323,5.36550033056391e-07,41.04101324081421,35.323974609375,46.09244728088379,830.0,0.0,76.94466352462769,,,,,,,,,,,,,,,,,
831,831.0,8.0,16.0,24.450356245040894,128.0,1.0,176157.0,872419.0,0.8320035934448242,2.0,2.0,2.0,0.515625,16.0,0.07809522094465203,0.03457248583436012,0.6237661242485046,11006.125,16.0,1.0,176157.0,88049.0,0.49983253574935993,128.0,1.0,1.0,1.0,6.231616705656052,5.356491148834025e-07,34.936556339263916,28.74755859375,39.50026869773865,831.0,0.0,63.99825978279114,,,,,,,,,,,,,,,,,
832,832.0,8.0,16.0,12.469289541244507,128.0,1.0,136958.0,911618.0,0.8693866729736328,2.0,2.0,2.0,0.765625,16.0,0.05430923799528762,0.02141222357749939,0.6180385947227478,8555.875,16.0,1.0,136958.0,68447.0,0.49976635172826706,128.0,1.0,1.0,1.0,4.844938099384308,5.347480803650146e-07,25.880542755126953,26.838134765625,37.0149667263031,832.0,0.0,49.52327609062195,,,,,,,,,,,,,,,,,
833,833.0,8.0,16.0,34.29608774185181,128.0,1.0,273668.0,774908.0,0.7390098571777344,2.0,2.0,2.0,0.5546875,16.0,0.04856860816987158,0.028969675302505493,0.38986310362815857,17101.375,16.0,1.0,273668.0,136811.0,0.49991595656050397,128.0,1.0,1.0,1.0,9.681103110313416,5.338469324418675e-07,46.31937074661255,33.674072265625,47.571232080459595,833.0,0.0,81.95050954818726,,,,,,,,,,,,,,,,,
834,834.0,8.0,16.0,37.28996992111206,128.0,1.0,242093.0,806483.0,0.7691221237182617,2.0,2.0,2.0,0.6953125,16.0,0.0458104149752432,0.024773867800831795,0.39721331000328064,15127.0,16.0,1.0,242093.0,121016.0,0.4998740153577344,128.0,1.0,1.0,1.0,8.56412622332573,5.329456740549716e-07,37.57636642456055,33.129638671875,42.19425916671753,834.0,0.0,79.54337477684021,,,,,,,,,,,,,,,,,
835,835.0,8.0,16.0,40.161606311798096,128.0,1.0,280227.0,768349.0,0.7327547073364258,2.0,2.0,2.0,0.3359375,16.0,0.05964414158052965,0.032004695385694504,0.4803200960159302,17510.125,16.0,1.0,280227.0,140081.0,0.4998840225959668,128.0,1.0,1.0,1.0,9.913130074739456,5.320443081456977e-07,46.58198404312134,34.6279296875,47.754642724990845,835.0,0.0,87.98354029655457,,,,,,,,,,,,,,,,,
836,836.0,8.0,16.0,40.94414520263672,128.0,1.0,254361.0,794215.0,0.7574224472045898,2.0,2.0,2.0,0.328125,16.0,0.055519015749592865,0.028848854824900627,0.40020638704299927,15894.0,16.0,1.0,254361.0,127152.0,0.49988795452132995,128.0,1.0,1.0,1.0,8.998111099004745,5.311428376557677e-07,34.42407703399658,33.637939453125,48.37048125267029,836.0,0.0,89.37691831588745,,,,,,,,,,,,,,,,,
837,837.0,8.0,16.0,24.56834650039673,128.0,1.0,256914.0,791662.0,0.7549877166748047,2.0,2.0,2.0,0.328125,16.0,0.06918696420504308,0.03865448012948036,0.4677177667617798,16052.75,16.0,1.0,256914.0,128422.0,0.49986376764209034,128.0,1.0,1.0,1.0,9.088424384593964,5.302412655272443e-07,35.885462284088135,32.782958984375,41.97736167907715,837.0,0.0,66.61258244514465,,,,,,,,,,,,,,,,,
838,838.0,8.0,16.0,29.825538396835327,128.0,1.0,234173.0,814403.0,0.7766752243041992,2.0,2.0,2.0,0.484375,16.0,0.0509395165657216,0.02830922044813633,0.39848530292510986,14632.0,16.0,1.0,234173.0,117056.0,0.49986975441233616,128.0,1.0,1.0,1.0,8.28395339846611,5.293395947025227e-07,43.38564729690552,31.835205078125,41.0700945854187,838.0,0.0,70.95631766319275,,,,,,,,,,,,,,,,,
839,839.0,8.0,16.0,29.34482169151306,128.0,1.0,249515.0,799061.0,0.7620439529418945,2.0,2.0,2.0,0.4453125,16.0,0.07355601034952584,0.0406133234500885,0.5819852352142334,15590.25,16.0,1.0,249515.0,124722.0,0.49985772398453,128.0,1.0,1.0,1.0,8.8266821205616,5.284378281243194e-07,40.384153842926025,32.91064453125,44.51545286178589,839.0,0.0,73.92394876480103,,,,,,,,,,,,,,,,,
840,840.0,8.0,16.0,33.055124282836914,128.0,1.0,268171.0,780405.0,0.7442522048950195,2.0,2.0,2.0,0.5078125,16.0,0.0729488405328001,0.03662613779306412,0.5390388369560242,16756.625,16.0,1.0,268171.0,134053.0,0.49987880867058704,128.0,1.0,1.0,1.0,9.48664477467537,5.275359687356642e-07,43.765034198760986,33.356201171875,45.353578329086304,840.0,0.0,78.47883725166321,,,,,,,,,,,,,,,,,
841,841.0,8.0,16.0,26.990190267562866,128.0,1.0,198374.0,850202.0,0.8108158111572266,2.0,2.0,2.0,0.6328125,16.0,0.04616232882354517,0.022928304970264435,0.4074482023715973,12394.0,16.0,1.0,198374.0,99152.0,0.4998235655882323,128.0,1.0,1.0,1.0,7.017551004886627,5.266340194798892e-07,36.01976823806763,30.31640625,41.69282817840576,841.0,0.0,68.73411965370178,,,,,,,,,,,,,,,,,
842,842.0,8.0,16.0,39.04124736785889,128.0,1.0,203135.0,845441.0,0.8062753677368164,2.0,2.0,2.0,0.7265625,16.0,0.05957560879417463,0.030990637838840485,0.5038844347000122,12692.25,16.0,1.0,203135.0,101538.0,0.49985477638023973,128.0,1.0,1.0,1.0,7.185973078012466,5.257319833006197e-07,46.907554626464844,30.148681640625,40.85347628593445,842.0,0.0,79.94881558418274,,,,,,,,,,,,,,,,,
843,843.0,8.0,16.0,23.184550046920776,128.0,1.0,177201.0,871375.0,0.8310079574584961,2.0,2.0,2.0,0.578125,16.0,0.061729756639378325,0.026411181315779686,0.6187385320663452,11070.875,16.0,1.0,177201.0,88567.0,0.4998109491481425,128.0,1.0,1.0,1.0,6.2685485780239105,5.248298631417655e-07,32.15741157531738,29.447509765625,40.74003291130066,843.0,0.0,63.973149061203,,,,,,,,,,,,,,,,,
844,844.0,8.0,16.0,41.1953444480896,128.0,1.0,303775.0,744801.0,0.7102975845336914,2.0,2.0,2.0,0.359375,16.0,0.0522587582704597,0.029656274244189262,0.390124648809433,18981.375,16.0,1.0,303775.0,151851.0,0.49987984528022383,128.0,1.0,1.0,1.0,10.746148973703384,5.239276619475094e-07,54.879666805267334,34.81640625,55.101759910583496,844.0,0.0,96.37049388885498,,,,,,,,,,,,,,,,,
845,845.0,8.0,16.0,27.524932146072388,128.0,1.0,265804.0,782772.0,0.7465095520019531,2.0,2.0,2.0,0.4609375,16.0,0.0730260045330655,0.04107449948787689,0.4178747236728668,16608.75,16.0,1.0,265804.0,132870.0,0.4998796105400972,128.0,1.0,1.0,1.0,9.402911305427551,5.230253826622996e-07,33.43613338470459,33.925048828125,43.613157510757446,845.0,0.0,71.20902872085571,,,,,,,,,,,,,,,,,
846,846.0,8.0,16.0,23.177093982696533,128.0,1.0,190377.0,858199.0,0.8184423446655273,2.0,2.0,2.0,0.6875,16.0,0.04296605137293444,0.01761838048696518,0.45041877031326294,11894.875,16.0,1.0,190377.0,95159.0,0.4998450443068228,128.0,1.0,1.0,1.0,6.734654277563095,5.221230282308384e-07,29.285632133483887,29.755615234375,38.341766595840454,846.0,0.0,61.57653331756592,,,,,,,,,,,,,,,,,
847,847.0,8.0,16.0,38.0162034034729,128.0,1.0,368759.0,679817.0,0.6483240127563477,2.0,2.0,2.0,0.3125,16.0,0.046726348208183194,0.02976415678858757,0.29514774680137634,23043.75,16.0,1.0,368759.0,184350.0,0.4999200019524947,128.0,1.0,1.0,1.0,13.04498115181923,5.212206015980741e-07,47.08206033706665,38.6767578125,50.480416774749756,847.0,0.0,88.59413957595825,,,,,,,,,,,,,,,,,
848,848.0,8.0,16.0,25.94495439529419,128.0,1.0,241632.0,806944.0,0.769561767578125,2.0,2.0,2.0,0.46875,16.0,0.048214714079792415,0.02793429046869278,0.36142027378082275,15097.75,16.0,1.0,241632.0,120782.0,0.49985929016024366,128.0,1.0,1.0,1.0,8.547818183898926,5.203181057091902e-07,38.468624114990234,32.62646484375,43.559595823287964,848.0,0.0,69.56457090377808,,,,,,,,,,,,,,,,,
849,849.0,8.0,16.0,23.87674880027771,128.0,1.0,305395.0,743181.0,0.7087526321411133,2.0,2.0,2.0,0.2421875,16.0,0.05851460524581574,0.034271273761987686,0.38221970200538635,19083.625,16.0,1.0,305395.0,152669.0,0.4999066782363824,128.0,1.0,1.0,1.0,10.80345705151558,5.19415543509596e-07,35.79672861099243,35.6298828125,45.40809869766235,849.0,0.0,69.37373614311218,,,,,,,,,,,,,,,,,
850,850.0,8.0,16.0,40.33301091194153,128.0,1.0,262408.0,786168.0,0.7497482299804688,2.0,2.0,2.0,0.40625,16.0,0.041909854867349765,0.020887071266770363,0.3575168251991272,16396.375,16.0,1.0,262408.0,131171.0,0.4998742416389744,128.0,1.0,1.0,1.0,9.282776594161987,5.185129179449178e-07,37.90583944320679,33.803466796875,43.70894002914429,850.0,0.0,309.73544812202454,,,,,,,,,,,,,,,,,
851,851.0,8.0,16.0,40.378602504730225,128.0,1.0,275696.0,772880.0,0.7370758056640625,2.0,2.0,2.0,0.421875,16.0,0.05840368749913904,0.03385946899652481,0.4129129648208618,17227.625,16.0,1.0,275696.0,137821.0,0.49990206604375836,128.0,1.0,1.0,1.0,9.752844333648682,5.176102319609881e-07,47.18495225906372,34.225341796875,47.968175172805786,851.0,0.0,88.42964196205139,,,,,,,,,,,,,,,,,
852,852.0,8.0,16.0,40.32771849632263,128.0,1.0,255306.0,793270.0,0.7565212249755859,2.0,2.0,2.0,0.1484375,16.0,0.07209486388015364,0.03641686588525772,0.5106102228164673,15952.5,16.0,1.0,255306.0,127620.0,0.4998707433432822,128.0,1.0,1.0,1.0,9.03154081106186,5.167074885038372e-07,43.33768177032471,32.833740234375,41.08000349998474,852.0,0.0,81.47383165359497,,,,,,,,,,,,,,,,,
853,853.0,8.0,16.0,35.88734579086304,128.0,1.0,333859.0,714717.0,0.6816072463989258,2.0,2.0,2.0,0.28125,16.0,0.04822484343812932,0.03150513768196106,0.3364560306072235,20861.625,16.0,1.0,333859.0,166893.0,0.49989067240961005,128.0,1.0,1.0,1.0,11.810381203889847,5.158046905196825e-07,44.31662845611572,37.614013671875,48.407832622528076,853.0,0.0,84.37788915634155,,,,,,,,,,,,,,,,,
854,854.0,8.0,16.0,37.96051597595215,128.0,1.0,219916.0,828660.0,0.7902717590332031,2.0,2.0,2.0,0.421875,16.0,0.06647567612960958,0.030698616057634354,0.5530209541320801,13740.625,16.0,1.0,219916.0,109925.0,0.4998499427053966,128.0,1.0,1.0,1.0,7.779606938362122,5.149018409549196e-07,46.28340482711792,30.71044921875,44.29146337509155,854.0,0.0,82.31105637550354,,,,,,,,,,,,,,,,,
855,855.0,8.0,16.0,30.899185180664062,128.0,1.0,268637.0,779939.0,0.7438077926635742,2.0,2.0,2.0,0.1796875,16.0,0.07066905743383299,0.03548314794898033,0.45034459233283997,16786.375,16.0,1.0,268637.0,134291.0,0.4998976313761693,128.0,1.0,1.0,1.0,9.503129690885544,5.139989427561123e-07,39.117324352264404,33.41796875,45.95002198219299,855.0,0.0,76.91415166854858,,,,,,,,,,,,,,,,,
856,856.0,8.0,16.0,22.091163873672485,128.0,1.0,227503.0,821073.0,0.7830362319946289,2.0,2.0,2.0,0.3359375,16.0,0.06488295963982768,0.03375982493162155,0.495000958442688,14214.75,16.0,1.0,227503.0,113718.0,0.4998527491945161,128.0,1.0,1.0,1.0,8.047999769449234,5.130959988699829e-07,33.47208261489868,31.899169921875,40.2093071937561,856.0,0.0,62.36074900627136,,,,,,,,,,,,,,,,,
857,857.0,8.0,16.0,31.646806478500366,128.0,1.0,234835.0,813741.0,0.7760438919067383,2.0,2.0,2.0,0.3046875,16.0,0.06504746670193565,0.03333082050085068,0.5123195648193359,14672.75,16.0,1.0,234835.0,117382.0,0.49984883002959524,128.0,1.0,1.0,1.0,8.307371884584427,5.121930122434035e-07,34.137423038482666,32.106689453125,41.0376033782959,857.0,0.0,72.74604201316833,,,,,,,,,,,,,,,,,
858,858.0,8.0,16.0,40.61294460296631,128.0,1.0,309775.0,738801.0,0.7045755386352539,2.0,2.0,2.0,0.3359375,16.0,0.057097779437640744,0.03448624163866043,0.4033340811729431,19357.0,16.0,1.0,309775.0,154856.0,0.4998983132919054,128.0,1.0,1.0,1.0,10.95840111374855,5.11289985823385e-07,46.12655782699585,35.7294921875,47.31742811203003,858.0,0.0,88.00879001617432,,,,,,,,,,,,,,,,,
859,859.0,8.0,16.0,17.0485577583313,128.0,1.0,181550.0,867026.0,0.8268604278564453,2.0,2.0,2.0,0.4140625,16.0,0.07726590934049357,0.03806712478399277,0.6225379705429077,11343.625,16.0,1.0,181550.0,90749.0,0.49985678876342604,128.0,1.0,1.0,1.0,6.422396004199982,5.103869225570686e-07,27.368969440460205,28.8037109375,37.15576386451721,859.0,0.0,54.25728416442871,,,,,,,,,,,,,,,,,
860,860.0,8.0,16.0,34.28956127166748,128.0,1.0,258275.0,790301.0,0.7536897659301758,2.0,2.0,2.0,0.390625,16.0,0.07036874448082615,0.03859414532780647,0.5036739706993103,16137.75,16.0,1.0,258275.0,129102.0,0.499862549607976,128.0,1.0,1.0,1.0,9.136570245027542,5.094838253917155e-07,38.54901647567749,33.280517578125,45.11736798286438,860.0,0.0,79.47079968452454,,,,,,,,,,,,,,,,,
861,861.0,8.0,16.0,13.980201482772827,128.0,1.0,192682.0,855894.0,0.8162441253662109,2.0,2.0,2.0,0.53125,16.0,0.06234570785609764,0.02937442995607853,0.5397444367408752,12038.5,16.0,1.0,192682.0,96308.0,0.49982873335340094,128.0,1.0,1.0,1.0,6.816194474697113,5.085806972746978e-07,28.96394681930542,29.4375,41.1485710144043,861.0,0.0,55.18368053436279,,,,,,,,,,,,,,,,,
862,862.0,8.0,16.0,25.24905490875244,128.0,1.0,258047.0,790529.0,0.7539072036743164,2.0,2.0,2.0,0.2265625,16.0,0.06832925159915493,0.03601245582103729,0.5079591274261475,16124.25,16.0,1.0,258047.0,128994.0,0.4998856797405124,128.0,1.0,1.0,1.0,9.128504663705826,5.076775411534881e-07,35.68356227874756,32.97802734375,42.7866268157959,862.0,0.0,68.10249400138855,,,,,,,,,,,,,,,,,
863,863.0,8.0,16.0,40.195401191711426,128.0,1.0,286446.0,762130.0,0.7268238067626953,2.0,2.0,2.0,0.484375,16.0,0.040806305520368395,0.025355268269777298,0.2997402548789978,17898.875,16.0,1.0,286446.0,143191.0,0.4998882860992997,128.0,1.0,1.0,1.0,10.13312941789627,5.067743599756509e-07,48.76241159439087,34.166748046875,48.39546298980713,863.0,0.0,88.69893908500671,,,,,,,,,,,,,,,,,
864,864.0,8.0,16.0,40.824719190597534,128.0,1.0,283432.0,765144.0,0.7296981811523438,2.0,2.0,2.0,0.5390625,16.0,0.0408639386821474,0.024303358048200607,0.3043312430381775,17710.5,16.0,1.0,283432.0,141684.0,0.49988709813994187,128.0,1.0,1.0,1.0,10.026508092880249,5.058711566888323e-07,49.97186756134033,34.27099609375,47.29785776138306,864.0,0.0,88.19451332092285,,,,,,,,,,,,,,,,,
865,865.0,8.0,16.0,40.077614307403564,128.0,1.0,296035.0,752541.0,0.7176790237426758,2.0,2.0,2.0,0.4921875,16.0,0.038773490138744066,0.02202899008989334,0.5564306378364563,18498.375,16.0,1.0,296035.0,147987.0,0.4998969716418667,128.0,1.0,1.0,1.0,10.47234371304512,5.049679342407508e-07,44.103519916534424,35.2177734375,46.87245512008667,865.0,0.0,87.0230062007904,,,,,,,,,,,,,,,,,
866,866.0,8.0,16.0,41.4175980091095,128.0,1.0,342457.0,706119.0,0.6734075546264648,2.0,2.0,2.0,0.390625,16.0,0.05344175357600006,0.03165047615766525,0.35870161652565,21399.75,16.0,1.0,342457.0,171198.0,0.4999109377235682,128.0,1.0,1.0,1.0,12.11453852057457,5.040646955791868e-07,44.9686074256897,38.156005859375,49.47917199134827,866.0,0.0,90.99866819381714,,,,,,,,,,,,,,,,,
867,867.0,8.0,16.0,23.09221911430359,128.0,1.0,255209.0,793367.0,0.7566137313842773,2.0,2.0,2.0,0.421875,16.0,0.05821842029621537,0.03250901773571968,0.42114025354385376,15947.0,16.0,1.0,255209.0,127576.0,0.4998883268223299,128.0,1.0,1.0,1.0,9.028109401464462,5.031614436519742e-07,35.24965190887451,32.9052734375,41.66594934463501,867.0,0.0,64.82796835899353,,,,,,,,,,,,,,,,,
868,868.0,8.0,16.0,41.74443578720093,128.0,1.0,254153.0,794423.0,0.7576208114624023,2.0,2.0,2.0,0.4296875,16.0,0.06340968690311007,0.03362555056810379,0.42214280366897583,15881.0,16.0,1.0,254153.0,127048.0,0.49988786282278785,128.0,1.0,1.0,1.0,8.990753024816513,5.022581814069902e-07,45.6065149307251,32.47607421875,42.554431200027466,868.0,0.0,84.36546087265015,,,,,,,,,,,,,,,,,
869,869.0,8.0,16.0,28.877707958221436,128.0,1.0,176834.0,871742.0,0.8313579559326172,2.0,2.0,2.0,0.453125,16.0,0.08105589287828337,0.042123280465602875,0.6260793805122375,11047.75,16.0,1.0,176834.0,88382.0,0.499802074261737,128.0,1.0,1.0,1.0,6.255565822124481,5.013549117921452e-07,32.57266139984131,29.0986328125,38.44715738296509,869.0,0.0,67.38333868980408,,,,,,,,,,,,,,,,,
870,870.0,8.0,16.0,38.640658140182495,128.0,1.0,248371.0,800205.0,0.7631349563598633,2.0,2.0,2.0,0.71875,16.0,0.04324470925867626,0.024180645123124123,0.35990482568740845,15518.5,16.0,1.0,248371.0,124148.0,0.49984901618949074,128.0,1.0,1.0,1.0,8.786212712526321,5.004516377553742e-07,41.33827543258667,32.670654296875,43.8797652721405,870.0,0.0,82.58663535118103,,,,,,,,,,,,,,,,,
871,871.0,8.0,16.0,30.002927541732788,128.0,1.0,213652.0,834924.0,0.7962455749511719,2.0,2.0,2.0,0.4921875,16.0,0.07161010611666123,0.03451332077383995,0.5429239869117737,13349.375,16.0,1.0,213652.0,106795.0,0.4998549042367963,128.0,1.0,1.0,1.0,7.558015704154968,4.99548362244626e-07,35.11467695236206,30.914794921875,39.894750356674194,871.0,0.0,69.95559573173523,,,,,,,,,,,,,,,,,
872,872.0,8.0,16.0,26.794981002807617,128.0,1.0,222687.0,825889.0,0.7876291275024414,2.0,2.0,2.0,0.640625,16.0,0.06570984059727719,0.03410377725958824,0.4970911741256714,13914.25,16.0,1.0,222687.0,111314.0,0.4998675270671391,128.0,1.0,1.0,1.0,7.877632051706314,4.986450882078548e-07,36.504313945770264,31.29833984375,41.871591091156006,872.0,0.0,68.82585191726685,,,,,,,,,,,,,,,,,
873,873.0,8.0,16.0,28.57081699371338,128.0,1.0,215086.0,833490.0,0.7948780059814453,2.0,2.0,2.0,0.6328125,16.0,0.04732034393066538,0.025499287992715836,0.39480355381965637,13439.0,16.0,1.0,215086.0,107512.0,0.49985587160484646,128.0,1.0,1.0,1.0,7.608743965625763,4.977418185930099e-07,39.4071683883667,30.587890625,41.54941701889038,873.0,0.0,70.18232226371765,,,,,,,,,,,,,,,,,
874,874.0,8.0,16.0,25.4584059715271,128.0,1.0,230221.0,818355.0,0.7804441452026367,2.0,2.0,2.0,0.40625,16.0,0.06818241172733168,0.03756743669509888,0.47365811467170715,14384.625,16.0,1.0,230221.0,115077.0,0.49985448764448076,128.0,1.0,1.0,1.0,8.144149988889694,4.968385563480258e-07,38.384270668029785,31.42529296875,43.435768604278564,874.0,0.0,68.95781135559082,,,,,,,,,,,,,,,,,
875,875.0,8.0,16.0,40.50217580795288,128.0,1.0,283346.0,765230.0,0.7297801971435547,2.0,2.0,2.0,0.4296875,16.0,0.04683584452915951,0.02453003264963627,0.36876872181892395,17705.5,16.0,1.0,283346.0,141644.0,0.49989765163439753,128.0,1.0,1.0,1.0,10.023465812206268,4.959353044208133e-07,46.46099328994751,34.733154296875,46.66239404678345,875.0,0.0,87.23726916313171,,,,,,,,,,,,,,,,,
876,876.0,8.0,16.0,41.522757053375244,128.0,1.0,255259.0,793317.0,0.756566047668457,2.0,2.0,2.0,0.46875,16.0,0.056977181490197724,0.03213947266340256,0.4202384948730469,15949.5,16.0,1.0,255259.0,127596.0,0.4998687607488864,128.0,1.0,1.0,1.0,9.029878169298172,4.950320657592494e-07,45.2240571975708,33.168701171875,45.38967680931091,876.0,0.0,86.9912691116333,,,,,,,,,,,,,,,,,
877,877.0,8.0,16.0,15.013809442520142,128.0,1.0,163485.0,885091.0,0.8440885543823242,2.0,2.0,2.0,0.6015625,16.0,0.06509371462647989,0.03218924626708031,0.5677409172058105,10214.0,16.0,1.0,163485.0,81712.0,0.49981343854176224,128.0,1.0,1.0,1.0,5.783340185880661,4.941288433111677e-07,27.30818748474121,27.9267578125,38.232792139053345,877.0,0.0,53.2939670085907,,,,,,,41.0,8.0,,,,,,,,,
878,878.0,8.0,16.0,42.11210894584656,128.0,1.0,302825.0,745751.0,0.7112035751342773,2.0,2.0,2.0,0.28125,16.0,0.058871206121259574,0.03211027383804321,0.4037706255912781,18922.625,16.0,1.0,302825.0,151381.0,0.49989597952612896,128.0,1.0,1.0,1.0,10.7125423848629,4.932256400243492e-07,47.89966821670532,35.18017578125,49.27984976768494,878.0,0.0,91.47180128097534,,,,,,,,,,,,,,,,,
879,879.0,8.0,16.0,41.053990602493286,128.0,1.0,269681.0,778895.0,0.7428121566772461,2.0,2.0,2.0,0.4765625,16.0,0.05915062209329717,0.03327395021915436,0.43892037868499756,16851.25,16.0,1.0,269681.0,134810.0,0.49988690341551684,128.0,1.0,1.0,1.0,9.540061563253403,4.92322458846512e-07,51.54074192047119,33.64013671875,48.059510231018066,879.0,0.0,89.1872045993805,,,,,,,,,,,,,,,,,
880,880.0,8.0,16.0,35.75311231613159,128.0,1.0,254871.0,793705.0,0.7569360733032227,2.0,2.0,2.0,0.3671875,16.0,0.08437774172508453,0.04730810225009918,0.5305231213569641,15925.25,16.0,1.0,254871.0,127402.0,0.4998685609582887,128.0,1.0,1.0,1.0,9.016152530908585,4.914193027253025e-07,42.8076434135437,32.98779296875,47.34638524055481,880.0,0.0,83.18142318725586,,,,,,,,,,,,,,,,,
881,881.0,8.0,16.0,41.3413507938385,128.0,1.0,332900.0,715676.0,0.6825218200683594,2.0,2.0,2.0,0.3203125,16.0,0.03822091753052089,0.023745257407426834,0.2859417796134949,20802.0,16.0,1.0,332900.0,166416.0,0.4998978672273956,128.0,1.0,1.0,1.0,11.776456236839294,4.905161746082844e-07,46.637120723724365,37.075439453125,49.521496534347534,881.0,0.0,90.94206547737122,,,,,,,,,,,,,,,,,
882,882.0,8.0,16.0,23.742471933364868,128.0,1.0,271158.0,777418.0,0.7414035797119141,2.0,2.0,2.0,0.21875,16.0,0.057437375499178135,0.030280759558081627,0.3967145085334778,16943.375,16.0,1.0,271158.0,135547.0,0.499881987623452,128.0,1.0,1.0,1.0,9.592310965061188,4.896130774429314e-07,37.38469171524048,33.5009765625,40.2510941028595,882.0,0.0,64.06324028968811,,,,,,,,,,,,,,,,,
883,883.0,8.0,16.0,23.227569580078125,128.0,1.0,175847.0,872729.0,0.8322992324829102,2.0,2.0,2.0,0.5546875,16.0,0.07161538597286876,0.033552322536706924,0.6071041226387024,10986.375,16.0,1.0,175847.0,87891.0,0.49981518024191485,128.0,1.0,1.0,1.0,6.220650345087051,4.887100141766149e-07,32.56759452819824,29.081787109375,41.195000648498535,883.0,0.0,64.46965003013611,,,,,,,,,,,,,,,,,
884,884.0,8.0,16.0,23.44395685195923,128.0,1.0,181652.0,866924.0,0.8267631530761719,2.0,2.0,2.0,0.53125,16.0,0.05163795607801632,0.024873608723282814,0.49110451340675354,11349.0,16.0,1.0,181652.0,90792.0,0.49981282892563805,128.0,1.0,1.0,1.0,6.4260042905807495,4.878069877565966e-07,34.62430286407471,29.287109375,39.93813943862915,884.0,0.0,63.43016457557678,,,,,,,,,,,,,,,,,
885,885.0,8.0,16.0,40.31563472747803,128.0,1.0,278994.0,769582.0,0.7339305877685547,2.0,2.0,2.0,0.34375,16.0,0.044717853729240316,0.026370016857981682,0.32471662759780884,17432.875,16.0,1.0,278994.0,139463.0,0.4998781335799336,128.0,1.0,1.0,1.0,9.869512259960175,4.869040011300171e-07,42.425089836120605,34.3994140625,47.16416025161743,885.0,0.0,87.5464141368866,,,,,,,,,,,,,,,,,
886,886.0,8.0,16.0,39.83625388145447,128.0,1.0,304145.0,744431.0,0.7099447250366211,2.0,2.0,2.0,0.34375,16.0,0.05047610247573883,0.029563743621110916,0.38155966997146606,19005.125,16.0,1.0,304145.0,152041.0,0.49989643097864506,128.0,1.0,1.0,1.0,10.759237855672836,4.860010572438878e-07,40.889986515045166,36.403564453125,48.485294818878174,886.0,0.0,88.39769744873047,,,,,,,,,,,,,,,,,
887,887.0,8.0,16.0,40.57772755622864,128.0,1.0,242789.0,805787.0,0.768458366394043,2.0,2.0,2.0,0.46875,16.0,0.05777843346626827,0.03123864158987999,0.40854141116142273,15169.625,16.0,1.0,242789.0,121357.0,0.49984554489700933,128.0,1.0,1.0,1.0,8.588747471570969,4.850981590450804e-07,49.07113599777222,32.125732421875,45.74490547180176,887.0,0.0,86.38655233383179,,,,,,,,,,,,,,,,,
888,888.0,8.0,16.0,30.066277265548706,128.0,1.0,283111.0,765465.0,0.7300043106079102,2.0,2.0,2.0,0.1640625,16.0,0.07216971192051355,0.0419144406914711,0.5302642583847046,17691.0,16.0,1.0,283111.0,141528.0,0.49990286495402864,128.0,1.0,1.0,1.0,10.015152603387833,4.841953094803173e-07,37.24842882156372,34.147705078125,45.508750677108765,888.0,0.0,75.67106032371521,,,,,,,,,,,,,,,,,
889,889.0,8.0,16.0,38.09173035621643,128.0,1.0,206139.0,842437.0,0.803410530090332,2.0,2.0,2.0,0.4765625,16.0,0.06587407579939457,0.035891007632017136,0.5561898350715637,12879.5,16.0,1.0,206139.0,103036.0,0.4998374882967318,128.0,1.0,1.0,1.0,7.292240649461746,4.832925114961628e-07,40.35016393661499,30.88623046875,39.47945261001587,889.0,0.0,77.62755537033081,,,,,,,,,,,,,,,,,
890,890.0,8.0,16.0,29.528860092163086,128.0,1.0,262089.0,786487.0,0.7500524520874023,2.0,2.0,2.0,0.5078125,16.0,0.04766870962862349,0.02465176209807396,0.47549960017204285,16376.25,16.0,1.0,262089.0,131010.0,0.4998683653262823,128.0,1.0,1.0,1.0,9.27149185538292,4.823897680390119e-07,40.43925905227661,33.398193359375,42.100162744522095,890.0,0.0,71.70534253120422,,,,,,,,,,,,,,,,,
891,891.0,8.0,16.0,40.77440309524536,128.0,1.0,317025.0,731551.0,0.6976613998413086,2.0,2.0,2.0,0.5,16.0,0.047533693968377,0.02800150029361248,0.4342976212501526,19810.375,16.0,1.0,317025.0,158483.0,0.4999069474016245,128.0,1.0,1.0,1.0,11.21487244963646,4.814870820550821e-07,48.32973909378052,35.915283203125,46.929869413375854,891.0,0.0,87.78464984893799,,,,,,,,,,,,,,,,,
892,892.0,8.0,16.0,32.13314080238342,128.0,1.0,299758.0,748818.0,0.7141284942626953,2.0,2.0,2.0,0.3671875,16.0,0.06651289042343145,0.03427809849381447,0.4543485641479492,18730.5,16.0,1.0,299758.0,149844.0,0.49988323914624466,128.0,1.0,1.0,1.0,10.604046165943146,4.80584456490404e-07,42.54892826080322,35.182373046875,46.09673619270325,892.0,0.0,78.31020879745483,,,,,,,,,,,,,,,,,
893,893.0,8.0,16.0,36.602105140686035,128.0,1.0,282792.0,765784.0,0.7303085327148438,2.0,2.0,2.0,0.4453125,16.0,0.05809122939659834,0.03359691798686981,0.4345446228981018,17670.125,16.0,1.0,282792.0,141361.0,0.499876234122606,128.0,1.0,1.0,1.0,10.003867864608765,4.796818942908099e-07,44.08301544189453,34.677490234375,45.72660493850708,893.0,0.0,82.40285992622375,,,,,,,,,,,,,,,,,
894,894.0,8.0,16.0,27.380626440048218,128.0,1.0,202709.0,845867.0,0.8066816329956055,2.0,2.0,2.0,0.59375,16.0,0.07116499500609899,0.03550679236650467,0.5752752423286438,12665.125,16.0,1.0,202709.0,101321.0,0.4998347384674583,128.0,1.0,1.0,1.0,7.17090317606926,4.787793984019259e-07,35.25741004943848,30.4677734375,39.154868364334106,894.0,0.0,66.59554290771484,,,,,,,,,,,,,,,,,
895,895.0,8.0,16.0,32.88009023666382,128.0,1.0,280283.0,768293.0,0.732701301574707,2.0,2.0,2.0,0.3515625,16.0,0.059600955379665164,0.02981804870069027,0.4104074537754059,17513.25,16.0,1.0,280283.0,140106.0,0.4998733423004606,128.0,1.0,1.0,1.0,9.915111094713211,4.778769717691616e-07,42.55529069900513,34.25,46.09902906417847,895.0,0.0,79.05654907226562,,,,,,,,,,,,,,,,,
896,896.0,8.0,16.0,40.448357343673706,128.0,1.0,232356.0,816220.0,0.7784080505371094,2.0,2.0,2.0,0.46875,16.0,0.05039586932865359,0.023572545498609543,0.5956922173500061,14517.625,16.0,1.0,232356.0,116141.0,0.499840761589974,128.0,1.0,1.0,1.0,8.2196763753891,4.769746173377005e-07,46.7905011177063,32.237060546875,47.03014874458313,896.0,0.0,87.53737330436707,,,,,,,,,,,,,,,,,
897,897.0,8.0,16.0,36.19658946990967,128.0,1.0,185064.0,863512.0,0.8235092163085938,2.0,2.0,2.0,0.4765625,16.0,0.06034006818417286,0.027691515162587166,0.6638786196708679,11562.625,16.0,1.0,185064.0,92501.0,0.4998324903817058,128.0,1.0,1.0,1.0,6.546705007553101,4.760723380524906e-07,42.411274909973145,29.544677734375,40.504281520843506,897.0,0.0,76.75270867347717,,,,,,,,,,,,,,,,,
898,898.0,8.0,16.0,40.863219022750854,128.0,1.0,236381.0,812195.0,0.7745695114135742,2.0,2.0,2.0,0.515625,16.0,0.06226244572544888,0.029902108013629913,0.4730452299118042,14770.5,16.0,1.0,236381.0,118164.0,0.49988789285094826,128.0,1.0,1.0,1.0,8.362062186002731,4.7517013685823464e-07,44.40541410446167,32.440673828125,43.97108340263367,898.0,0.0,84.90043687820435,,,,,,,,,,,,,,,,,
899,899.0,8.0,16.0,20.237816095352173,128.0,1.0,198476.0,850100.0,0.8107185363769531,2.0,2.0,2.0,0.5546875,16.0,0.05581805559232179,0.023772941902279854,0.6153801679611206,12400.875,16.0,1.0,198476.0,99207.0,0.49984380983091153,128.0,1.0,1.0,1.0,7.021159291267395,4.7426801669938026e-07,34.04883098602295,30.11669921875,41.08148670196533,899.0,0.0,61.37204170227051,,,,,,,,,,,,,,,,,
900,900.0,8.0,16.0,30.705501317977905,128.0,1.0,212037.0,836539.0,0.797785758972168,2.0,2.0,2.0,0.5,16.0,0.05660827210167229,0.02520354464650154,0.5861876606941223,13248.375,16.0,1.0,212037.0,105987.0,0.4998514410220858,128.0,1.0,1.0,1.0,7.500884503126144,4.733659805201108e-07,40.59801769256592,30.702880859375,41.18261694908142,900.0,0.0,296.2759139537811,,,,,,,,,,,,,,,,,
901,901.0,8.0,16.0,39.91075801849365,128.0,1.0,249121.0,799455.0,0.7624197006225586,2.0,2.0,2.0,0.4140625,16.0,0.04298388006835209,0.0221271850168705,0.4579435884952545,15565.5,16.0,1.0,249121.0,124524.0,0.4998534848527422,128.0,1.0,1.0,1.0,8.812744230031967,4.724640312643357e-07,40.12720489501953,32.9365234375,42.75982880592346,901.0,0.0,82.74552536010742,,,,,,,,,,,,,,,,,
902,902.0,8.0,16.0,27.44077229499817,128.0,1.0,190280.0,858296.0,0.8185348510742188,2.0,2.0,2.0,0.5390625,16.0,0.06720079692797856,0.03120906837284565,0.4906653165817261,11888.25,16.0,1.0,190280.0,95106.0,0.4998213159554341,128.0,1.0,1.0,1.0,6.731222867965698,4.7156217187568046e-07,34.57630252838135,29.47705078125,38.14551544189453,902.0,0.0,65.63855218887329,,,,,,,,,,,,,,,,,
903,903.0,8.0,16.0,41.44197106361389,128.0,1.0,284671.0,763905.0,0.7285165786743164,2.0,2.0,2.0,0.4453125,16.0,0.051867725230504945,0.027612794190645218,0.7588599324226379,17788.5,16.0,1.0,284671.0,142308.0,0.49990339725507693,128.0,1.0,1.0,1.0,10.070338159799576,4.706604052974773e-07,45.51210689544678,34.31103515625,43.48653483390808,903.0,0.0,84.99931979179382,,,,,,,,,,,,,,,,,
904,904.0,8.0,16.0,40.5970823764801,128.0,1.0,280235.0,768341.0,0.7327470779418945,2.0,2.0,2.0,0.40625,16.0,0.0389003690199812,0.02169693633913994,0.37839341163635254,17511.25,16.0,1.0,280235.0,140090.0,0.49990186807500847,128.0,1.0,1.0,1.0,9.91341307759285,4.6975873447275567e-07,44.490620613098145,34.349609375,45.53095316886902,904.0,0.0,86.1999979019165,,,,,,,,,,,,,,,,,
905,905.0,8.0,16.0,24.688010931015015,128.0,1.0,238001.0,810575.0,0.7730245590209961,2.0,2.0,2.0,0.375,16.0,0.07105934091613181,0.041146885603666306,0.4731450080871582,14871.375,16.0,1.0,238001.0,118971.0,0.49987605094096244,128.0,1.0,1.0,1.0,8.419370263814926,4.6885716234423234e-07,36.88842487335205,31.98388671875,43.69171404838562,905.0,0.0,68.44309854507446,,,,,,,,,,,,,,,,,
906,906.0,8.0,16.0,41.35851192474365,128.0,1.0,337690.0,710886.0,0.6779537200927734,2.0,2.0,2.0,0.4453125,16.0,0.05059468345159335,0.03081820346415043,0.4157636761665344,21101.625,16.0,1.0,337690.0,168813.0,0.4999052385323818,128.0,1.0,1.0,1.0,11.945904195308685,4.6795569185430224e-07,52.97427415847778,36.69921875,53.661949157714844,906.0,0.0,95.10607981681824,,,,,,,,,,,,,,,,,
907,907.0,8.0,16.0,40.876225233078,128.0,1.0,325690.0,722886.0,0.6893978118896484,2.0,2.0,2.0,0.2578125,16.0,0.04905609581095992,0.027304386720061302,0.3462757468223572,20351.75,16.0,1.0,325690.0,162814.0,0.4999048174644601,128.0,1.0,1.0,1.0,11.521399915218353,4.670543259450286e-07,46.27632141113281,36.808837890625,45.278454542160034,907.0,0.0,86.23509311676025,,,,,,,,,,,,,,,,,
908,908.0,8.0,16.0,35.01588034629822,128.0,1.0,269132.0,779444.0,0.7433357238769531,2.0,2.0,2.0,0.46875,16.0,0.05855810496928059,0.030823173001408577,0.9292984008789062,16816.625,16.0,1.0,269132.0,134533.0,0.49987738358872225,128.0,1.0,1.0,1.0,9.52064049243927,4.6615306755813254e-07,40.5734281539917,33.88623046875,45.9741690158844,908.0,0.0,81.06879758834839,,,,,,,,,,,,,,,,,
909,909.0,8.0,16.0,38.605528354644775,128.0,1.0,213010.0,835566.0,0.7968578338623047,2.0,2.0,2.0,0.4375,16.0,0.05824999697926305,0.027070578187704086,0.5563442707061768,13308.5,16.0,1.0,213010.0,106468.0,0.4998262992347777,128.0,1.0,1.0,1.0,7.5353047251701355,4.6525191963498544e-07,40.888078689575195,31.43310546875,42.24695587158203,909.0,0.0,80.91166114807129,,,,,,,,,,,,,,,,,
910,910.0,8.0,16.0,31.294359922409058,128.0,1.0,265927.0,782649.0,0.7463922500610352,2.0,2.0,2.0,0.4765625,16.0,0.053320862865599866,0.028673574328422546,0.47084635496139526,16616.625,16.0,1.0,265927.0,132933.0,0.4998853068699305,128.0,1.0,1.0,1.0,9.407262474298477,4.6435088511659745e-07,39.57366371154785,33.922607421875,45.657612562179565,910.0,0.0,77.02746987342834,,,,,,,,,,,,,,,,,
911,911.0,8.0,16.0,23.32400608062744,128.0,1.0,198162.0,850414.0,0.8110179901123047,2.0,2.0,2.0,0.5703125,16.0,0.057187123530659245,0.03017815761268139,0.524345874786377,12381.375,16.0,1.0,198162.0,99051.0,0.49984860871408243,128.0,1.0,1.0,1.0,7.010051429271698,4.634499669436091e-07,36.86840486526489,29.73583984375,39.870670557022095,911.0,0.0,63.24883151054382,,,,,,,,,,,,,,,,,
912,912.0,8.0,16.0,25.381457805633545,128.0,1.0,221220.0,827356.0,0.7890281677246094,2.0,2.0,2.0,0.4140625,16.0,0.06194423053820154,0.029910065233707428,0.5689010620117188,13822.375,16.0,1.0,221220.0,110579.0,0.4998598680047012,128.0,1.0,1.0,1.0,7.825736403465271,4.625491680562804e-07,33.41992998123169,31.110107421875,39.54892945289612,912.0,0.0,64.98944449424744,,,,,,,,,,,,,,,,,
913,913.0,8.0,16.0,23.539001941680908,128.0,1.0,223514.0,825062.0,0.7868404388427734,2.0,2.0,2.0,0.5,16.0,0.06348893664778413,0.031762052327394485,0.6495240926742554,13965.75,16.0,1.0,223514.0,111726.0,0.499861306226903,128.0,1.0,1.0,1.0,7.906887471675873,4.616484913944827e-07,32.23741006851196,31.171630859375,40.35894966125488,913.0,0.0,64.07102370262146,,,,,,,,,,,,,,,,,
914,914.0,8.0,16.0,36.90459394454956,128.0,1.0,273942.0,774634.0,0.7387485504150391,2.0,2.0,2.0,0.359375,16.0,0.04639772282848417,0.024915968999266624,0.45636406540870667,17117.0,16.0,1.0,273942.0,136936.0,0.4998722357287309,128.0,1.0,1.0,1.0,9.690795958042145,4.607479398976884e-07,42.39829921722412,33.906005859375,44.87733054161072,914.0,0.0,81.85295724868774,,,,,,,,,,,,,,,,,
915,915.0,8.0,16.0,33.02631855010986,128.0,1.0,306323.0,742253.0,0.7078676223754883,2.0,2.0,2.0,0.3125,16.0,0.05434143100915058,0.03134256228804588,0.37283170223236084,19141.0,16.0,1.0,306323.0,153128.0,0.4998906383131531,128.0,1.0,1.0,1.0,10.836285382509232,4.5984751650496125e-07,42.41161632537842,35.80517578125,46.95241045951843,915.0,0.0,80.07266449928284,,,,,,,,,,,,,,,,,
916,916.0,8.0,16.0,23.02563238143921,128.0,1.0,163065.0,885511.0,0.8444890975952148,2.0,2.0,2.0,0.6640625,16.0,0.06369170875867826,0.03126519173383713,0.583162248134613,10187.75,16.0,1.0,163065.0,81502.0,0.4998129580228743,128.0,1.0,1.0,1.0,5.768482536077499,4.5894722415494727e-07,33.431519985198975,27.955810546875,40.008784532547,916.0,0.0,63.08284664154053,,,,,,,,,,,,,,,,,
917,917.0,8.0,16.0,40.441001653671265,128.0,1.0,276167.0,772409.0,0.7366266250610352,2.0,2.0,2.0,0.4765625,16.0,0.04903119417838442,0.026241114363074303,0.436715304851532,17257.25,16.0,1.0,276167.0,138058.0,0.49990766456528113,128.0,1.0,1.0,1.0,9.769506126642227,4.5804706578586404e-07,45.057677268981934,34.1572265625,46.440008878707886,917.0,0.0,86.96233415603638,,,,,,,,,,,,,,,,,
918,918.0,8.0,16.0,29.962442636489868,128.0,1.0,207653.0,840923.0,0.801966667175293,2.0,2.0,2.0,0.4921875,16.0,0.05884304320308495,0.0339425764977932,0.4442640542984009,12974.125,16.0,1.0,207653.0,103793.0,0.4998386731711076,128.0,1.0,1.0,1.0,7.345798939466476,4.5714704433549266e-07,39.55544710159302,30.609130859375,43.8747980594635,918.0,0.0,73.8956618309021,,,,,,,,,,,,,,,,,
919,919.0,8.0,16.0,40.141281604766846,128.0,1.0,271415.0,777161.0,0.7411584854125977,2.0,2.0,2.0,0.4765625,16.0,0.05475824960500334,0.02745025046169758,0.6939728260040283,16959.625,16.0,1.0,271415.0,135677.0,0.4998876259602454,128.0,1.0,1.0,1.0,9.601402431726456,4.562471627411669e-07,49.169684410095215,34.22265625,44.72112250328064,919.0,0.0,84.93245244026184,,,,,,,,,,,,,,,,,
920,920.0,8.0,16.0,29.15576434135437,128.0,1.0,217369.0,831207.0,0.7927007675170898,2.0,2.0,2.0,0.6953125,16.0,0.06557486614698146,0.03408125415444374,0.5009934306144714,13582.0,16.0,1.0,217369.0,108656.0,0.4998688865477598,128.0,1.0,1.0,1.0,7.689505904912949,4.5534742393976456e-07,41.982712268829346,30.9658203125,41.903204917907715,920.0,0.0,71.12284207344055,,,,,,,,,,,,,,,,,
921,921.0,8.0,16.0,40.368852615356445,128.0,1.0,326814.0,721762.0,0.6883258819580078,2.0,2.0,2.0,0.3515625,16.0,0.04874328149622587,0.028152357786893845,0.3222430348396301,20422.25,16.0,1.0,326814.0,163378.0,0.49991126451131224,128.0,1.0,1.0,1.0,11.561161816120148,4.5444783086769665e-07,51.90558624267578,36.3837890625,50.816261768341064,921.0,0.0,91.26830267906189,,,,,,,,,,,,,,,,,
922,922.0,8.0,16.0,17.978214740753174,128.0,1.0,173967.0,874609.0,0.8340921401977539,2.0,2.0,2.0,0.75,16.0,0.04697811477835965,0.021687516942620277,0.5817672610282898,10868.625,16.0,1.0,173967.0,86949.0,0.49980168652675505,128.0,1.0,1.0,1.0,6.154144674539566,4.5354838646089943e-07,30.567830562591553,28.61328125,38.534796953201294,922.0,0.0,56.5613899230957,,,,,,,,,,,,,,,,,
923,923.0,8.0,16.0,18.589956045150757,128.0,1.0,191541.0,857035.0,0.8173322677612305,2.0,2.0,2.0,0.5546875,16.0,0.07058473202630272,0.03191090002655983,0.5945479869842529,11966.375,16.0,1.0,191541.0,95731.0,0.49979377783346646,128.0,1.0,1.0,1.0,6.775831192731857,4.526490936548234e-07,29.43952751159668,29.87939453125,39.714569330215454,923.0,0.0,58.358556509017944,,,,,,,,,,,,,,,,,
924,924.0,8.0,16.0,29.737019300460815,128.0,1.0,192796.0,855780.0,0.8161354064941406,2.0,2.0,2.0,0.671875,16.0,0.05594201554177702,0.02455473691225052,0.44345414638519287,12046.5,16.0,1.0,192796.0,96372.0,0.49986514243034086,128.0,1.0,1.0,1.0,6.820227265357971,4.517499553844246e-07,33.81739950180054,29.76220703125,39.62343955039978,924.0,0.0,69.43264818191528,,,,,,,,,,,,,,,,,
925,925.0,8.0,16.0,30.168599605560303,128.0,1.0,252550.0,796026.0,0.7591495513916016,2.0,2.0,2.0,0.4140625,16.0,0.05046072255967343,0.024088263511657715,0.44161805510520935,15780.5,16.0,1.0,252550.0,126244.0,0.4998772520293011,128.0,1.0,1.0,1.0,8.93404632806778,4.5085097458415455e-07,39.40348768234253,32.70947265625,43.395604610443115,925.0,0.0,73.62877345085144,,,,,,,,,,,,,,,,,
926,926.0,8.0,16.0,33.85976719856262,128.0,1.0,207453.0,841123.0,0.8021574020385742,2.0,2.0,2.0,0.515625,16.0,0.06301111612818627,0.03244892507791519,0.48065876960754395,12961.625,16.0,1.0,207453.0,103693.0,0.4998385176401402,128.0,1.0,1.0,1.0,7.338723868131638,4.499521541879508e-07,42.45270919799805,30.4658203125,42.43442463874817,926.0,0.0,76.36113381385803,,,,,,,,,,,,,,,,,
927,927.0,8.0,16.0,22.794982433319092,128.0,1.0,199328.0,849248.0,0.809906005859375,2.0,2.0,2.0,0.4140625,16.0,0.06092919166394212,0.03043104149401188,0.5490122437477112,12453.875,16.0,1.0,199328.0,99631.0,0.49983444373093594,128.0,1.0,1.0,1.0,7.051299095153809,4.4905349712922763e-07,32.743807315826416,30.33349609375,39.02403020858765,927.0,0.0,61.87342691421509,,,,,,,,,,,,,,,,,
928,928.0,8.0,16.0,35.56792235374451,128.0,1.0,314957.0,733619.0,0.6996335983276367,2.0,2.0,2.0,0.4453125,16.0,0.0470616458175869,0.028525980189442635,0.3341163992881775,19680.875,16.0,1.0,314957.0,157447.0,0.4998999863473427,128.0,1.0,1.0,1.0,11.141716212034225,4.48155006340866e-07,48.61518955230713,35.97802734375,47.60597014427185,928.0,0.0,83.2715630531311,,,,,,,,,,,,,,,,,
929,929.0,8.0,16.0,24.3237464427948,128.0,1.0,276558.0,772018.0,0.7362537384033203,2.0,2.0,2.0,0.421875,16.0,0.07297697235895725,0.03786138817667961,0.511677086353302,17280.375,16.0,1.0,276558.0,138243.0,0.49986982839042804,128.0,1.0,1.0,1.0,9.783337891101837,4.4725668475520466e-07,36.72016716003418,34.135986328125,41.19224715232849,929.0,0.0,65.60255813598633,,,,,,,,,,,,,,,,,
930,930.0,8.0,16.0,26.37991762161255,128.0,1.0,265932.0,782644.0,0.7463874816894531,2.0,2.0,2.0,0.3046875,16.0,0.0663164838485651,0.03538307547569275,0.4178330600261688,16616.75,16.0,1.0,265932.0,132934.0,0.4998796684866808,128.0,1.0,1.0,1.0,9.407439351081848,4.4635853530402936e-07,33.45459222793579,33.488525390625,41.12487030029297,930.0,0.0,67.57413458824158,,,,,,,,,,,,,,,,,
931,931.0,8.0,16.0,35.12775373458862,128.0,1.0,225070.0,823506.0,0.7853565216064453,2.0,2.0,2.0,0.3359375,16.0,0.051080889488476,0.02737615816295147,0.4458385109901428,14062.75,16.0,1.0,225070.0,112502.0,0.4998533789487715,128.0,1.0,1.0,1.0,7.961931526660919,4.4546056091856465e-07,43.92513179779053,30.7685546875,41.85831904411316,931.0,0.0,77.04485964775085,,,,,,,,,,,,,,,,,
932,932.0,8.0,16.0,32.56435203552246,128.0,1.0,263446.0,785130.0,0.7487583160400391,2.0,2.0,2.0,0.2109375,16.0,0.0687940150808698,0.0369076244533062,0.4660528898239136,16461.625,16.0,1.0,263446.0,131693.0,0.49988612467071053,128.0,1.0,1.0,1.0,9.319496214389801,4.4456276452946375e-07,44.60566425323486,33.268310546875,45.696919441223145,932.0,0.0,78.33057641983032,,,,,,,,,,,,,,,,,
933,933.0,8.0,16.0,41.068201541900635,128.0,1.0,231603.0,816973.0,0.7791261672973633,2.0,2.0,2.0,0.53125,16.0,0.07423334034760926,0.04309931397438049,0.5065145492553711,14471.5,16.0,1.0,231603.0,115772.0,0.49987262686580053,128.0,1.0,1.0,1.0,8.19303873181343,4.4366514906679875e-07,51.274781227111816,30.96630859375,47.3374547958374,933.0,0.0,88.47068095207214,,,,,,,,,,,,,,,,,
934,934.0,8.0,16.0,37.916146993637085,128.0,1.0,343170.0,705406.0,0.6727275848388672,2.0,2.0,2.0,0.2890625,16.0,0.05880472743111585,0.03498530387878418,0.39069297909736633,21443.875,16.0,1.0,343170.0,171551.0,0.4999009237404202,128.0,1.0,1.0,1.0,12.13976114988327,4.427677174600517e-07,44.86376714706421,39.736328125,50.24466109275818,934.0,0.0,88.24218273162842,,,,,,,,,,,,,,,,,
935,935.0,8.0,16.0,30.25699782371521,128.0,1.0,304016.0,744560.0,0.7100677490234375,2.0,2.0,2.0,0.203125,16.0,0.048450747983838624,0.030209379270672798,0.4107982814311981,18997.0,16.0,1.0,304016.0,151976.0,0.4998947423819799,128.0,1.0,1.0,1.0,10.754674434661865,4.418704726381037e-07,41.05452251434326,35.104736328125,45.09961676597595,935.0,0.0,75.43228554725647,,,,,,,,,,,,,,,,,
936,936.0,8.0,16.0,39.32142448425293,128.0,1.0,291455.0,757121.0,0.7220468521118164,2.0,2.0,2.0,0.4140625,16.0,0.04910914980207635,0.03091822937130928,0.36553794145584106,18212.125,16.0,1.0,291455.0,145697.0,0.49989535262733525,128.0,1.0,1.0,1.0,10.31032457947731,4.40973417529227e-07,43.28484630584717,34.993896484375,47.106000900268555,936.0,0.0,86.5035629272461,,,,,,,,,,,,,,,,,
937,937.0,8.0,16.0,23.691980838775635,128.0,1.0,261958.0,786618.0,0.7501773834228516,2.0,2.0,2.0,0.3046875,16.0,0.06315270327270867,0.03634773939847946,0.4472971260547638,16368.375,16.0,1.0,261958.0,130947.0,0.4998778430130021,128.0,1.0,1.0,1.0,9.2668576836586,4.400765550610747e-07,38.03122138977051,33.1513671875,42.936312198638916,937.0,0.0,66.69715285301208,,,,,,,,,,,,,,,,,
938,938.0,8.0,16.0,40.406824827194214,128.0,1.0,234041.0,814535.0,0.7768011093139648,2.0,2.0,2.0,0.375,16.0,0.05331641779706044,0.028910012915730476,0.3680729866027832,14623.25,16.0,1.0,234041.0,116986.0,0.4998525899308241,128.0,1.0,1.0,1.0,8.279283851385117,4.3917988816067083e-07,45.749892234802246,31.705810546875,42.67994666099548,938.0,0.0,83.14918184280396,,,,,,,,,,,,,,,,,
939,939.0,8.0,16.0,19.240768432617188,128.0,1.0,177369.0,871207.0,0.8308477401733398,2.0,2.0,2.0,0.6015625,16.0,0.05660481617582849,0.02481628954410553,0.5319743752479553,11081.0,16.0,1.0,177369.0,88648.0,0.49979421432155563,128.0,1.0,1.0,1.0,6.274491637945175,4.382834197544013e-07,32.23417377471924,28.999267578125,38.02514886856079,939.0,0.0,57.31546878814697,,,,,,,,,,,,,,,,,
940,940.0,8.0,16.0,31.953481197357178,128.0,1.0,212220.0,836356.0,0.7976112365722656,2.0,2.0,2.0,0.640625,16.0,0.045446532581181816,0.024396829307079315,0.4003981053829193,13259.75,16.0,1.0,212220.0,106078.0,0.49984921308076524,128.0,1.0,1.0,1.0,7.507358193397522,4.373871527680043e-07,41.41810750961304,30.577880859375,43.66827178001404,940.0,0.0,75.6882529258728,,,,,,,,,,,,,,,,,
941,941.0,8.0,16.0,41.073002338409424,128.0,1.0,236489.0,812087.0,0.7744665145874023,2.0,2.0,2.0,0.4453125,16.0,0.054272536566600325,0.02752699889242649,0.3963782489299774,14776.125,16.0,1.0,236489.0,118209.0,0.49984988730976915,128.0,1.0,1.0,1.0,8.365882724523544,4.364910901265606e-07,42.370548248291016,32.46337890625,44.24018859863281,941.0,0.0,85.37781572341919,,,,,,,,,,,,,,,,,
942,942.0,8.0,16.0,31.803174018859863,128.0,1.0,238274.0,810302.0,0.7727642059326172,2.0,2.0,2.0,0.4609375,16.0,0.07201789987323275,0.04010368511080742,0.48432210087776184,14888.5,16.0,1.0,238274.0,119108.0,0.4998782913788328,128.0,1.0,1.0,1.0,8.429027736186981,4.355952347544841e-07,37.45700740814209,31.57666015625,41.45592141151428,942.0,0.0,73.32423329353333,,,,,,,,,,,,,,,,,
943,943.0,8.0,16.0,15.126847267150879,128.0,1.0,194206.0,854370.0,0.8147907257080078,2.0,2.0,2.0,0.59375,16.0,0.08368194805146634,0.04234142228960991,0.6256484985351562,12133.5,16.0,1.0,194206.0,97068.0,0.4998197789975593,128.0,1.0,1.0,1.0,6.870106518268585,4.346995895755123e-07,29.06327486038208,29.19384765625,36.757176876068115,943.0,0.0,51.93858337402344,,,,,,,,,,,,,,,,,
944,944.0,8.0,16.0,23.708877325057983,128.0,1.0,169011.0,879565.0,0.8388185501098633,2.0,2.0,2.0,0.5859375,16.0,0.0551422552572277,0.02225104719400406,0.6433417201042175,10559.0,16.0,1.0,169011.0,84472.0,0.4998017880492986,128.0,1.0,1.0,1.0,5.978824406862259,4.338041575126964e-07,36.66281843185425,28.529296875,40.12988066673279,944.0,0.0,63.88715147972107,,,,,,,,,,,,,,,,,
945,945.0,8.0,16.0,20.831592321395874,128.0,1.0,169205.0,879371.0,0.8386335372924805,2.0,2.0,2.0,0.6171875,16.0,0.07086452770651043,0.03464844822883606,0.6018878817558289,10570.875,16.0,1.0,169205.0,84567.0,0.49979019532519725,128.0,1.0,1.0,1.0,5.985687226057053,4.3290894148839237e-07,33.12913703918457,28.272705078125,40.91324472427368,945.0,0.0,61.79488706588745,,,,,,,,,,,,,,,,,
946,946.0,8.0,16.0,31.851473093032837,128.0,1.0,270677.0,777899.0,0.7418622970581055,2.0,2.0,2.0,0.4296875,16.0,0.05661469338816638,0.02872360497713089,0.42131057381629944,16913.75,16.0,1.0,270677.0,135310.0,0.4998947084532487,128.0,1.0,1.0,1.0,9.5752954185009,4.320139444242511e-07,34.980388164520264,33.9521484375,42.57565689086914,946.0,0.0,74.4910409450531,,,,,,,,,,,,,,,,,
947,947.0,8.0,16.0,24.83299469947815,128.0,1.0,207619.0,840957.0,0.8019990921020508,2.0,2.0,2.0,0.71875,16.0,0.05807259455283372,0.029074618592858315,0.4552767872810364,12971.75,16.0,1.0,207619.0,103774.0,0.49982901372225086,128.0,1.0,1.0,1.0,7.344596177339554,4.3111916924120895e-07,34.97577524185181,30.28466796875,39.39750361442566,947.0,0.0,64.31661200523376,,,,,,,,,,,,,,,,,
948,948.0,8.0,16.0,25.63814401626587,128.0,1.0,255437.0,793139.0,0.7563962936401367,2.0,2.0,2.0,0.390625,16.0,0.06238628438204602,0.034367747604846954,0.4794107675552368,15961.625,16.0,1.0,255437.0,127693.0,0.49990017107936596,128.0,1.0,1.0,1.0,9.036174982786179,4.302246188594776e-07,35.136345863342285,32.833740234375,42.00652241706848,948.0,0.0,67.70753741264343,,,,,,,,,,,,,,,,,
949,949.0,8.0,16.0,23.838653326034546,128.0,1.0,165248.0,883328.0,0.8424072265625,2.0,2.0,2.0,0.6875,16.0,0.046904456012155836,0.02049659565091133,0.6635853052139282,10323.875,16.0,1.0,165248.0,82591.0,0.49980030015491866,128.0,1.0,1.0,1.0,5.845706939697266,4.2933029619853574e-07,32.91107130050659,28.412841796875,41.30254769325256,949.0,0.0,65.18448829650879,,,,,,,,,,,,,,,,,
950,950.0,8.0,16.0,40.199530363082886,128.0,1.0,317271.0,731305.0,0.6974267959594727,2.0,2.0,2.0,0.2734375,16.0,0.0537863820961651,0.02959952875971794,0.38748133182525635,19825.375,16.0,1.0,317271.0,158603.0,0.49989756391223905,128.0,1.0,1.0,1.0,11.223574787378311,4.284362041771185e-07,45.44058418273926,35.843505859375,46.687891483306885,950.0,0.0,305.64494276046753,,,,,,,,,,,,,,,,,
951,951.0,8.0,16.0,24.681024312973022,128.0,1.0,259450.0,789126.0,0.7525691986083984,2.0,2.0,2.0,0.4453125,16.0,0.06379913271771256,0.032856229692697525,0.4105859100818634,16211.25,16.0,1.0,259450.0,129690.0,0.4998650992484101,128.0,1.0,1.0,1.0,9.17813628911972,4.2754234571320874e-07,35.32691955566406,33.207763671875,44.02989220619202,951.0,0.0,68.77640700340271,,,,,,,,,,,,,,,,,
952,952.0,8.0,16.0,37.26140308380127,128.0,1.0,350795.0,697781.0,0.6654558181762695,2.0,2.0,2.0,0.1640625,16.0,0.06304509564877307,0.03607485070824623,0.3939334452152252,21921.0,16.0,1.0,350795.0,175368.0,0.4999159053008167,128.0,1.0,1.0,1.0,12.409498244524002,4.266487237240261e-07,38.24889802932739,38.493408203125,49.29353356361389,952.0,0.0,86.6389889717102,,,,,,,,,,,,,,,,,
953,953.0,8.0,16.0,31.34821367263794,128.0,1.0,263247.0,785329.0,0.7489480972290039,2.0,2.0,2.0,0.4765625,16.0,0.05107603637285776,0.028513038530945778,0.35916203260421753,16448.625,16.0,1.0,263247.0,131589.0,0.4998689443754345,128.0,1.0,1.0,1.0,9.312456518411636,4.257553411260194e-07,43.53226947784424,33.676513671875,45.45312237739563,953.0,0.0,76.87261962890625,,,,,,,,,,,,,,,,,
954,954.0,8.0,16.0,23.929506540298462,128.0,1.0,234697.0,813879.0,0.7761754989624023,2.0,2.0,2.0,0.4609375,16.0,0.07072137029014841,0.04271000623703003,0.47136878967285156,14664.625,16.0,1.0,234697.0,117317.0,0.49986578439434676,128.0,1.0,1.0,1.0,8.302490085363388,4.248622008348558e-07,40.0778546333313,32.066650390625,48.41880822181702,954.0,0.0,72.40824604034424,,,,,,,,,,,,,,,,,
955,955.0,8.0,16.0,40.6468939781189,128.0,1.0,294130.0,754446.0,0.7194957733154297,2.0,2.0,2.0,0.3515625,16.0,0.05647317077155414,0.03239740803837776,0.768057107925415,18378.875,16.0,1.0,294130.0,147031.0,0.4998844048549961,128.0,1.0,1.0,1.0,10.40495365858078,4.239693057654116e-07,42.63390827178955,35.180419921875,45.920024156570435,955.0,0.0,86.63781189918518,,,,,,,,,,,,,,,,,
956,956.0,8.0,16.0,25.6797091960907,128.0,1.0,243647.0,804929.0,0.7676401138305664,2.0,2.0,2.0,0.2578125,16.0,0.074387607636043,0.04150005802512169,0.48243075609207153,15223.875,16.0,1.0,243647.0,121791.0,0.4998666103009682,128.0,1.0,1.0,1.0,8.619099527597427,4.230766588317634e-07,35.8462610244751,32.113525390625,39.5775728225708,956.0,0.0,65.31955599784851,,,,,,,,,,,,,,,,,
957,957.0,8.0,16.0,40.76368045806885,128.0,1.0,301535.0,747041.0,0.7124338150024414,2.0,2.0,2.0,0.140625,16.0,0.05894594257036116,0.035725537687540054,0.33951786160469055,18842.0,16.0,1.0,301535.0,150736.0,0.4998955345150646,128.0,1.0,1.0,1.0,10.666908174753189,4.221842629471768e-07,47.54737424850464,35.56591796875,44.38617753982544,957.0,0.0,85.2251877784729,,,,,,,,,,,,,,,,,
958,958.0,8.0,16.0,39.884318113327026,128.0,1.0,292525.0,756051.0,0.7210264205932617,2.0,2.0,2.0,0.28125,16.0,0.06400047452411306,0.03654946759343147,0.452421098947525,18278.5,16.0,1.0,292525.0,146228.0,0.49988206136227675,128.0,1.0,1.0,1.0,10.348176211118698,4.21292121024099e-07,47.65326166152954,35.04296875,44.74984097480774,958.0,0.0,84.71212315559387,,,,,,,,,,,,,,,,,
959,959.0,8.0,16.0,27.645779371261597,128.0,1.0,221039.0,827537.0,0.7892007827758789,2.0,2.0,2.0,0.46875,16.0,0.07998026709353354,0.03831734135746956,0.5649834275245667,13811.0,16.0,1.0,221039.0,110488.0,0.49985749121195805,128.0,1.0,1.0,1.0,7.819333463907242,4.2040023597414817e-07,37.68234872817993,31.391357421875,42.12989044189453,959.0,0.0,69.83600401878357,,,,,,,,,,,,,,,,,
960,960.0,8.0,16.0,37.14722037315369,128.0,1.0,315291.0,733285.0,0.699315071105957,2.0,2.0,2.0,0.3984375,16.0,0.04180736808994467,0.022661400958895683,0.4224584698677063,19701.5,16.0,1.0,315291.0,157612.0,0.49989374894938327,128.0,1.0,1.0,1.0,11.153531581163406,4.195086107081041e-07,40.95955801010132,36.151611328125,45.553778409957886,960.0,0.0,82.77662706375122,,,,,,,,,,,,,,,,,
961,961.0,8.0,16.0,23.732070684432983,128.0,1.0,193787.0,854789.0,0.815190315246582,2.0,2.0,2.0,0.546875,16.0,0.047754486063389036,0.020169319584965706,0.4539077579975128,12108.125,16.0,1.0,193787.0,96865.0,0.49985293131118186,128.0,1.0,1.0,1.0,6.855284243822098,4.186172481358986e-07,31.083356857299805,29.703857421875,40.74839973449707,961.0,0.0,64.53879284858704,,,,,,,,,,,,,,,,,
962,962.0,8.0,16.0,35.59429144859314,128.0,1.0,274878.0,773698.0,0.7378559112548828,2.0,2.0,2.0,0.375,16.0,0.06314891154350595,0.033005647361278534,0.506339967250824,17175.5,16.0,1.0,274878.0,137404.0,0.4998726707848573,128.0,1.0,1.0,1.0,9.72390729188919,4.1772615116660633e-07,41.54802227020264,34.49169921875,46.64353847503662,962.0,0.0,82.30801010131836,,,,,,,,,,,,,,,,,
963,963.0,8.0,16.0,33.92829132080078,128.0,1.0,241494.0,807082.0,0.7696933746337891,2.0,2.0,2.0,0.328125,16.0,0.049625476218728905,0.029006753116846085,0.3936420977115631,15089.5,16.0,1.0,241494.0,120716.0,0.49987163242150945,128.0,1.0,1.0,1.0,8.542936384677887,4.1683532270843495e-07,40.07263660430908,32.865478515625,44.219545125961304,963.0,0.0,78.22938108444214,,,,,,,,,,,,,,,,,
964,964.0,8.0,16.0,40.56427073478699,128.0,1.0,306910.0,741666.0,0.7073078155517578,2.0,2.0,2.0,0.34375,16.0,0.0511057565205891,0.02958063781261444,0.36181527376174927,19177.875,16.0,1.0,306910.0,153423.0,0.4998957349059985,128.0,1.0,1.0,1.0,10.857050716876984,4.159447656687161e-07,50.902854442596436,35.919921875,51.55925440788269,964.0,0.0,92.20126724243164,,,,,,,,,,,,,,,,,
965,965.0,8.0,16.0,27.634241342544556,128.0,1.0,299939.0,748637.0,0.7139558792114258,2.0,2.0,2.0,0.2734375,16.0,0.06133663285891638,0.032081373035907745,0.45423659682273865,18742.375,16.0,1.0,299939.0,149939.0,0.49989831265690693,128.0,1.0,1.0,1.0,10.610449105501175,4.150544829538953e-07,38.04063940048218,35.26318359375,46.48302173614502,965.0,0.0,74.18934488296509,,,,,,,,,,,,,,,,,
966,966.0,8.0,16.0,31.861457109451294,128.0,1.0,282381.0,766195.0,0.7307004928588867,2.0,2.0,2.0,0.328125,16.0,0.06900344793126678,0.03873395919799805,0.5066782832145691,17644.75,16.0,1.0,282381.0,141158.0,0.4998849072706733,128.0,1.0,1.0,1.0,9.98932859301567,4.1416447746952295e-07,42.087632179260254,34.376953125,45.499759912490845,966.0,0.0,77.4461681842804,,,,,,,,,,,,,,,,,
967,967.0,8.0,16.0,38.53033113479614,128.0,1.0,254902.0,793674.0,0.7569065093994141,2.0,2.0,2.0,0.4453125,16.0,0.062229988044083896,0.03321463614702225,0.42101234197616577,15927.875,16.0,1.0,254902.0,127423.0,0.49989015386305324,128.0,1.0,1.0,1.0,9.017249166965485,4.132747521202445e-07,44.6884183883667,33.0146484375,47.219191789627075,967.0,0.0,85.81502723693848,,,,,,,,,,,,,,,,,
968,968.0,8.0,16.0,20.79917573928833,128.0,1.0,197508.0,851068.0,0.8116416931152344,2.0,2.0,2.0,0.421875,16.0,0.0663560150747855,0.0317150317132473,0.5227892398834229,12339.875,16.0,1.0,197508.0,98719.0,0.49982279198817264,128.0,1.0,1.0,1.0,6.986915946006775,4.123853098097913e-07,36.23362731933594,29.816650390625,41.05744957923889,968.0,0.0,61.91228652000427,,,,,,,,,,,,,,,,,
969,969.0,8.0,16.0,41.065237522125244,128.0,1.0,328706.0,719870.0,0.6865215301513672,2.0,2.0,2.0,0.28125,16.0,0.04857359935140024,0.02510046400129795,0.3956340551376343,20539.875,16.0,1.0,328706.0,164319.0,0.49989656410287614,128.0,1.0,1.0,1.0,11.628091990947723,4.114961534409712e-07,44.375998973846436,36.759765625,50.26221942901611,969.0,0.0,91.40923810005188,,,,,,,,,,,,,,,,,
970,970.0,8.0,16.0,26.70666217803955,128.0,1.0,236125.0,812451.0,0.7748136520385742,2.0,2.0,2.0,0.5078125,16.0,0.05465986896608472,0.02782110497355461,0.4454635679721832,14754.375,16.0,1.0,236125.0,118035.0,0.4998835362625728,128.0,1.0,1.0,1.0,8.353006094694138,4.106072859156582e-07,38.39019536972046,32.24853515625,40.312071084976196,970.0,0.0,67.07926106452942,,,,,,,,,,,,,,,,,
971,971.0,8.0,16.0,27.80818223953247,128.0,1.0,203215.0,845361.0,0.8061990737915039,2.0,2.0,2.0,0.5625,16.0,0.05274465058474161,0.029142027720808983,0.5597460269927979,12697.125,16.0,1.0,203215.0,101577.0,0.49984991265408557,128.0,1.0,1.0,1.0,7.188803106546402,4.097187101347841e-07,36.69541263580322,30.51904296875,42.754300594329834,971.0,0.0,70.61666703224182,,,,,,,,,,,,,,,,,
972,972.0,8.0,16.0,35.51220107078552,128.0,1.0,270793.0,777783.0,0.7417516708374023,2.0,2.0,2.0,0.4765625,16.0,0.0538540145159546,0.025273876264691353,0.4733509421348572,16920.375,16.0,1.0,270793.0,135363.0,0.49987628926892497,128.0,1.0,1.0,1.0,9.579398959875107,4.0883042899832834e-07,47.89116191864014,33.544921875,45.9659788608551,972.0,0.0,81.5474808216095,,,,,,,,,,,,,,,,,
973,973.0,8.0,16.0,24.936660528182983,128.0,1.0,281440.0,767136.0,0.731597900390625,2.0,2.0,2.0,0.3046875,16.0,0.06744859792338562,0.03612259402871132,0.5616229772567749,17586.125,16.0,1.0,281440.0,140689.0,0.4998898521887436,128.0,1.0,1.0,1.0,9.956040382385254,4.079424454053091e-07,36.043893814086914,34.321044921875,43.37347769737244,973.0,0.0,68.38559293746948,,,,,,,,,,,,,,,,,
974,974.0,8.0,16.0,30.394018411636353,128.0,1.0,226197.0,822379.0,0.7842817306518555,2.0,2.0,2.0,0.40625,16.0,0.05334640129764894,0.02668057195842266,0.4423152208328247,14133.25,16.0,1.0,226197.0,113066.0,0.49985631993350926,128.0,1.0,1.0,1.0,8.001799553632736,4.070547622537734e-07,37.87034559249878,31.8134765625,41.945945262908936,974.0,0.0,72.39908146858215,,,,,,,,,,,,,,,,,
975,975.0,8.0,16.0,31.482551097869873,128.0,1.0,247158.0,801418.0,0.7642917633056641,2.0,2.0,2.0,0.4921875,16.0,0.054174546563463474,0.029758408665657043,0.390316903591156,15443.125,16.0,1.0,247158.0,123545.0,0.49986243617443094,128.0,1.0,1.0,1.0,8.743302404880524,4.061673824407871e-07,40.70123243331909,32.609375,44.48103857040405,975.0,0.0,76.0352771282196,,,,,,,,,,,,,,,,,
976,976.0,8.0,16.0,40.716184854507446,128.0,1.0,256123.0,792453.0,0.755742073059082,2.0,2.0,2.0,0.5,16.0,0.048628046778702076,0.026288187131285667,0.4009089171886444,16003.625,16.0,1.0,256123.0,128029.0,0.4998731078427162,128.0,1.0,1.0,1.0,9.060442477464676,4.052803088624267e-07,36.8129186630249,33.89111328125,45.24200415611267,976.0,0.0,86.02575540542603,,,,,,,,,,,,,,,,,
977,977.0,8.0,16.0,27.13827085494995,128.0,1.0,194551.0,854025.0,0.8144617080688477,2.0,2.0,2.0,0.3828125,16.0,0.0810157100009056,0.03968431428074837,0.6975538730621338,12155.75,16.0,1.0,194551.0,97246.0,0.49984836880817884,128.0,1.0,1.0,1.0,6.882311016321182,4.0439354441376927e-07,40.41840410232544,29.679931640625,41.9732871055603,977.0,0.0,69.16706657409668,,,,,,,,,,,,,,,,,
978,978.0,8.0,16.0,16.324453115463257,128.0,1.0,191600.0,856976.0,0.8172760009765625,2.0,2.0,2.0,0.5,16.0,0.05965704268006916,0.030094658955931664,0.48655006289482117,11971.5,16.0,1.0,191600.0,95772.0,0.49985386221294364,128.0,1.0,1.0,1.0,6.777918338775635,4.035070919888829e-07,28.817726612091064,29.464599609375,36.95158314704895,978.0,0.0,53.3276891708374,,,,,,,,,,,,,,,,,
979,979.0,8.0,16.0,32.16679263114929,128.0,1.0,279625.0,768951.0,0.7333288192749023,2.0,2.0,2.0,0.28125,16.0,0.06678136236762525,0.04055333882570267,0.46000444889068604,17472.75,16.0,1.0,279625.0,139782.0,0.49989092534644614,128.0,1.0,1.0,1.0,9.891834110021591,4.0262095448081704e-07,34.335086822509766,34.435791015625,42.691383600234985,979.0,0.0,74.9329125881195,,,,,,,,,,,,,,,,,
980,980.0,8.0,16.0,39.63384127616882,128.0,1.0,348444.0,700132.0,0.6676979064941406,2.0,2.0,2.0,0.3046875,16.0,0.06511999891902841,0.04362083971500397,0.38238221406936646,21774.5,16.0,1.0,348444.0,174196.0,0.49992538255788593,128.0,1.0,1.0,1.0,12.326330780982971,4.017351347815938e-07,48.52087211608887,38.072998046875,50.62404537200928,980.0,0.0,90.34660315513611,,,,,,,,,,,,,,,,,
981,981.0,8.0,16.0,20.213860750198364,128.0,1.0,201491.0,847085.0,0.8078432083129883,2.0,2.0,2.0,0.3984375,16.0,0.06254365380887593,0.03222920745611191,0.5207300186157227,12589.0,16.0,1.0,201491.0,100712.0,0.4998337394722345,128.0,1.0,1.0,1.0,7.127815991640091,4.0084963578219786e-07,32.522231101989746,30.053955078125,40.106525897979736,981.0,0.0,60.3760871887207,,,,,,,,,,,,,,,,,
982,982.0,8.0,16.0,25.925289154052734,128.0,1.0,228675.0,819901.0,0.7819185256958008,2.0,2.0,2.0,0.3984375,16.0,0.06295251787289925,0.035630110651254654,0.5436040759086609,14288.125,16.0,1.0,228675.0,114305.0,0.4998578768995299,128.0,1.0,1.0,1.0,8.08945968747139,3.999644603725673e-07,32.88309860229492,32.011474609375,42.31524467468262,982.0,0.0,68.30191683769226,,,,,,,,,,,,,,,,,
983,983.0,8.0,16.0,17.510089635849,128.0,1.0,160669.0,887907.0,0.8467741012573242,2.0,2.0,2.0,0.4296875,16.0,0.06263879881113392,0.025551946833729744,0.7222284078598022,10038.25,16.0,1.0,160669.0,80306.0,0.4998226166839901,128.0,1.0,1.0,1.0,5.68372318148613,3.9907961144158423e-07,32.07831811904907,28.080810546875,37.94847393035889,983.0,0.0,55.508190631866455,,,,,,,,,,,,,,,,,
984,984.0,8.0,16.0,22.403099298477173,128.0,1.0,199799.0,848777.0,0.8094568252563477,2.0,2.0,2.0,0.5859375,16.0,0.06279038200764492,0.027946125715970993,0.5339316725730896,12483.875,16.0,1.0,199799.0,99871.0,0.4998573566434266,128.0,1.0,1.0,1.0,7.067960888147354,3.98195091877065e-07,32.95282459259033,29.95263671875,38.47732710838318,984.0,0.0,60.93604278564453,,,,,,,,,,,,,,,,,
985,985.0,8.0,16.0,17.51085138320923,128.0,1.0,239340.0,809236.0,0.7717475891113281,2.0,2.0,2.0,0.5546875,16.0,0.045661615075703856,0.02260676585137844,0.4227336347103119,14954.75,16.0,1.0,239340.0,119638.0,0.4998662989888861,128.0,1.0,1.0,1.0,8.466737866401672,3.9731090456575125e-07,31.135804653167725,31.842529296875,40.14390754699707,985.0,0.0,57.71647095680237,,,,,,,,,,,,,,,,,
986,986.0,8.0,16.0,39.29253268241882,128.0,1.0,273994.0,774582.0,0.7386989593505859,2.0,2.0,2.0,0.5234375,16.0,0.04352495714694549,0.02526192180812359,0.45058301091194153,17120.125,16.0,1.0,273994.0,136961.0,0.49986861026153856,128.0,1.0,1.0,1.0,9.692635476589203,3.9642705239330017e-07,48.272075176239014,33.825927734375,47.36872744560242,986.0,0.0,86.75052165985107,,,,,,,,,,,,,,,,,
987,987.0,8.0,16.0,40.87078905105591,128.0,1.0,321941.0,726635.0,0.6929731369018555,2.0,2.0,2.0,0.2109375,16.0,0.06349748056265048,0.03554344177246094,0.400880366563797,20117.5,16.0,1.0,321941.0,160940.0,0.4999052621443059,128.0,1.0,1.0,1.0,11.388777703046799,3.9554353824427544e-07,45.559534549713135,37.0556640625,47.66320490837097,987.0,0.0,88.61179947853088,,,,,,,,,,,,,,,,,
988,988.0,8.0,16.0,26.365838766098022,128.0,1.0,210591.0,837985.0,0.7991647720336914,2.0,2.0,2.0,0.4296875,16.0,0.05743158068663275,0.029633264988660812,0.46690472960472107,13157.75,16.0,1.0,210591.0,105262.0,0.49984092387613904,128.0,1.0,1.0,1.0,7.449731737375259,3.94660365002137e-07,34.08348989486694,31.093994140625,39.68467593193054,988.0,0.0,66.10734820365906,,,,,,,,,,,,,,,,,
989,989.0,8.0,16.0,32.92983961105347,128.0,1.0,253695.0,794881.0,0.7580575942993164,2.0,2.0,2.0,0.5390625,16.0,0.05761586105044642,0.030271723866462708,0.4146091043949127,15852.25,16.0,1.0,253695.0,126818.0,0.49988371863852266,128.0,1.0,1.0,1.0,8.974551111459732,3.9377753554923244e-07,45.223198890686035,32.826416015625,45.73593044281006,989.0,0.0,78.73676133155823,,,,,,,,,,,,,,,,,
990,990.0,8.0,16.0,30.53338074684143,128.0,1.0,251492.0,797084.0,0.7601585388183594,2.0,2.0,2.0,0.421875,16.0,0.055947993264045114,0.03158856928348541,0.4213215410709381,15713.625,16.0,1.0,251492.0,125709.0,0.49985287802395306,128.0,1.0,1.0,1.0,8.896619200706482,3.9289505276678783e-07,37.774900913238525,32.858154296875,44.60952305793762,990.0,0.0,75.2091817855835,,,,,,,,,,,,,,,,,
991,991.0,8.0,16.0,36.540603160858154,128.0,1.0,357026.0,691550.0,0.6595134735107422,2.0,2.0,2.0,0.296875,16.0,0.05057167418939816,0.02968505583703518,0.3816363215446472,22309.375,16.0,1.0,357026.0,178475.0,0.4998935651745251,128.0,1.0,1.0,1.0,12.629922091960907,3.920129195348973e-07,44.45653486251831,38.28076171875,48.6610586643219,991.0,0.0,85.28924345970154,,,,,,,,,,,,,,,,,
992,992.0,8.0,16.0,23.797605752944946,128.0,1.0,267501.0,781075.0,0.7448911666870117,2.0,2.0,2.0,0.4140625,16.0,0.055172917158997505,0.02754911221563816,0.36290520429611206,16715.25,16.0,1.0,267501.0,133722.0,0.4998934583422118,128.0,1.0,1.0,1.0,9.462943285703659,3.9113113873251444e-07,32.799872398376465,33.925537109375,40.588428258895874,992.0,0.0,64.4512894153595,,,,,,,,,,,,,,,,,
993,993.0,8.0,16.0,41.658987283706665,128.0,1.0,261468.0,787108.0,0.7506446838378906,2.0,2.0,2.0,0.53125,16.0,0.05150505092937496,0.030366219580173492,0.3772626519203186,16338.0,16.0,1.0,261468.0,130704.0,0.49988526320620497,128.0,1.0,1.0,1.0,9.249523758888245,3.9024971323744224e-07,51.36424255371094,33.19287109375,44.95071530342102,993.0,0.0,86.6749050617218,,,,,,,,,,,,,,,,,
994,994.0,8.0,16.0,23.8787362575531,128.0,1.0,241265.0,807311.0,0.7699117660522461,2.0,2.0,2.0,0.453125,16.0,0.05733258480115146,0.030082223936915398,0.44052833318710327,15074.875,16.0,1.0,241265.0,120599.0,0.4998611485296251,128.0,1.0,1.0,1.0,8.534835427999496,3.8936864592632456e-07,35.496256828308105,32.192138671875,48.628044843673706,994.0,0.0,72.5672116279602,,,,,,,,,,,,,,,,,
995,995.0,8.0,16.0,40.53761601448059,128.0,1.0,224329.0,824247.0,0.7860631942749023,2.0,2.0,2.0,0.6953125,16.0,0.04846596912651857,0.02415616810321808,0.43265920877456665,14016.875,16.0,1.0,224329.0,112135.0,0.49986849671687567,128.0,1.0,1.0,1.0,7.935718387365341,3.8848793967463606e-07,44.20220375061035,31.25634765625,42.46082162857056,995.0,0.0,83.0562813282013,,,,,,,,,,,,,,,,,
996,996.0,8.0,16.0,28.681522846221924,128.0,1.0,214367.0,834209.0,0.7955636978149414,2.0,2.0,2.0,0.4609375,16.0,0.052454556040650434,0.0273089911788702,0.46051928400993347,13394.625,16.0,1.0,214367.0,107157.0,0.4998763802264341,128.0,1.0,1.0,1.0,7.583309084177017,3.876075973566732e-07,41.14413118362427,30.69287109375,40.57219648361206,996.0,0.0,69.30707430839539,,,,,,,,,,,,,,,,,
997,997.0,8.0,16.0,31.36471724510193,128.0,1.0,275592.0,772984.0,0.7371749877929688,2.0,2.0,2.0,0.3828125,16.0,0.06405683538221178,0.031964194029569626,0.4369475543498993,17221.0,16.0,1.0,275592.0,137768.0,0.49989840053412293,128.0,1.0,1.0,1.0,9.749165296554565,3.867276218455444e-07,41.11796188354492,34.5185546875,45.096513509750366,997.0,0.0,76.52415466308594,,,,,,,,,,,,,,,,,
998,998.0,8.0,16.0,33.440200090408325,128.0,1.0,204528.0,844048.0,0.8049468994140625,2.0,2.0,2.0,0.6796875,16.0,0.04801256528849086,0.025402380153536797,0.4310680031776428,12778.375,16.0,1.0,204528.0,102227.0,0.49981909567394195,128.0,1.0,1.0,1.0,7.235250949859619,3.858480160131612e-07,40.83198356628418,30.304443359375,41.78851127624512,998.0,0.0,75.28246831893921,,,,,,,,,,,,,,,,,
999,999.0,8.0,16.0,26.980759859085083,128.0,1.0,227759.0,820817.0,0.7827920913696289,2.0,2.0,2.0,0.328125,16.0,0.07029809506357336,0.03927142545580864,0.4476698935031891,14230.625,16.0,1.0,227759.0,113845.0,0.49984852409784025,128.0,1.0,1.0,1.0,8.057055860757828,3.8496878273022865e-07,34.126750469207764,31.744873046875,40.61502933502197,999.0,0.0,67.65309977531433,,,,,,,,,,,,,,,,,
1000,1000.0,8.0,16.0,25.30642533302307,128.0,1.0,257203.0,791373.0,0.7547121047973633,2.0,2.0,2.0,0.5078125,16.0,0.05282426984671976,0.030763112008571625,0.47708430886268616,16071.25,16.0,1.0,257203.0,128570.0,0.4998775286446892,128.0,1.0,1.0,1.0,9.098647862672806,3.840899248662358e-07,39.00651693344116,32.389892578125,42.09037113189697,1000.0,0.0,288.7749810218811,,,,,,,,,,,,,,,,,
1001,1001.0,8.0,16.0,27.60061264038086,128.0,1.0,248799.0,799777.0,0.7627267837524414,2.0,2.0,2.0,0.6171875,16.0,0.057022245609184175,0.02934245392680168,0.43551114201545715,15546.0,16.0,1.0,248799.0,124368.0,0.4998733917740827,128.0,1.0,1.0,1.0,8.801353365182877,3.832114452894468e-07,33.51727771759033,32.863525390625,43.41077423095703,1001.0,0.0,71.07623958587646,,,,,,,,,,,,,,,,,
1002,1002.0,8.0,16.0,28.996480226516724,128.0,1.0,279242.0,769334.0,0.7336940765380859,2.0,2.0,2.0,0.3984375,16.0,0.04845558651792121,0.027496986091136932,0.48284104466438293,17448.875,16.0,1.0,279242.0,139591.0,0.49989256630449574,128.0,1.0,1.0,1.0,9.878285348415375,3.823333468668905e-07,35.66413736343384,34.328369140625,42.509156465530396,1002.0,0.0,71.57630944252014,,,,,,,,,,,,,,,,,
1003,1003.0,8.0,16.0,41.632299184799194,128.0,1.0,307487.0,741089.0,0.7067575454711914,2.0,2.0,2.0,0.4921875,16.0,0.03689443094260416,0.020867323502898216,0.4367418587207794,19214.375,16.0,1.0,307487.0,153715.0,0.4999073131547025,128.0,1.0,1.0,1.0,10.877462297677994,3.8145563246435253e-07,57.124409675598145,35.323974609375,52.175596475601196,1003.0,0.0,93.88258218765259,,,,,,,,,,,,,,,,,
1004,1004.0,8.0,16.0,24.6464262008667,128.0,1.0,241767.0,806809.0,0.7694330215454102,2.0,2.0,2.0,0.3046875,16.0,0.06434605813679116,0.03028266318142414,0.5343102216720581,15106.5,16.0,1.0,241767.0,120852.0,0.49986970926553254,128.0,1.0,1.0,1.0,8.552593857049942,3.80578304946365e-07,34.982595920562744,32.409423828125,40.76298689842224,1004.0,0.0,65.47237849235535,,,,,,,,,,,,,,,,,
1005,1005.0,8.0,16.0,19.583417654037476,128.0,1.0,199762.0,848814.0,0.8094921112060547,2.0,2.0,2.0,0.625,16.0,0.06000888744738455,0.030353669077157974,0.5230754017829895,12481.75,16.0,1.0,199762.0,99854.0,0.49986483915859875,128.0,1.0,1.0,1.0,7.066651999950409,3.797013671761973e-07,33.506919860839844,29.45263671875,38.10073256492615,1005.0,0.0,57.74217963218689,,,,,,,,,,,,,,,,,
1006,1006.0,8.0,16.0,23.530601263046265,128.0,1.0,221499.0,827077.0,0.788762092590332,2.0,2.0,2.0,0.609375,16.0,0.058126930498499596,0.031355686485767365,0.4608117341995239,13840.25,16.0,1.0,221499.0,110722.0,0.49987584594061374,128.0,1.0,1.0,1.0,7.835606127977371,3.7882482201584674e-07,34.27526664733887,31.281494140625,42.27264952659607,1006.0,0.0,65.86361289024353,,,,,,,,,,,,,,,,,
1007,1007.0,8.0,16.0,26.077141761779785,128.0,1.0,181175.0,867401.0,0.8272180557250977,2.0,2.0,2.0,0.578125,16.0,0.05848832995513699,0.0285958144813776,0.5188873410224915,11319.25,16.0,1.0,181175.0,90554.0,0.49981509590175244,128.0,1.0,1.0,1.0,6.409130245447159,3.779486723260295e-07,35.65382242202759,29.00537109375,39.57197856903076,1007.0,0.0,65.7059223651886,,,,,,,,,,,,,,,,,
1008,1008.0,8.0,16.0,37.874762296676636,128.0,1.0,213061.0,835515.0,0.796809196472168,2.0,2.0,2.0,0.5234375,16.0,0.060768799801630496,0.03333181515336037,0.46757271885871887,13312.0,16.0,1.0,213061.0,106496.0,0.49983807454203255,128.0,1.0,1.0,1.0,7.537108868360519,3.7707292096617097e-07,43.82857418060303,30.6005859375,43.092780351638794,1008.0,0.0,81.03064393997192,,,,,,,,,,,,,,,,,
1009,1009.0,8.0,16.0,27.810274839401245,128.0,1.0,221494.0,827082.0,0.7887668609619141,2.0,2.0,2.0,0.5234375,16.0,0.0695663490287744,0.03792344406247139,1.4198997020721436,13839.5,16.0,1.0,221494.0,110716.0,0.49986004135552203,128.0,1.0,1.0,1.0,7.835429251194,3.7619757079439665e-07,36.88353395462036,31.8447265625,41.64560794830322,1009.0,0.0,69.51689529418945,,,,,,,,,,,,,,,,,
1010,1010.0,8.0,16.0,25.00577712059021,128.0,1.0,219622.0,828954.0,0.7905521392822266,2.0,2.0,2.0,0.40625,16.0,0.06356150380173325,0.032389916479587555,0.4448569118976593,13722.75,16.0,1.0,219622.0,109782.0,0.49986795494076186,128.0,1.0,1.0,1.0,7.7692065834999084,3.753226246675228e-07,34.091033935546875,30.998291015625,40.06218767166138,1010.0,0.0,65.129385471344,,,,,,,,,,,,,,,,,
1011,1011.0,8.0,16.0,23.89594864845276,128.0,1.0,209847.0,838729.0,0.7998743057250977,2.0,2.0,2.0,0.59375,16.0,0.060011429196073204,0.028681689873337746,0.4948500096797943,13111.25,16.0,1.0,209847.0,104890.0,0.4998403598812468,128.0,1.0,1.0,1.0,7.423412472009659,3.7444808544104647e-07,33.88505220413208,30.592529296875,41.38126826286316,1011.0,0.0,65.3359637260437,,,,,,,,,,,,,,,,,
1012,1012.0,8.0,16.0,40.97443747520447,128.0,1.0,180704.0,867872.0,0.827667236328125,2.0,2.0,2.0,0.4765625,16.0,0.06691462460711083,0.030828995630145073,0.5836158394813538,11289.625,16.0,1.0,180704.0,90317.0,0.4998063130865947,128.0,1.0,1.0,1.0,6.392468452453613,3.735739559691371e-07,42.06122016906738,30.174560546875,42.036192178726196,1012.0,0.0,83.07200169563293,,,,,,,,,,,,,,,,,
1013,1013.0,8.0,16.0,31.26980948448181,128.0,1.0,253808.0,794768.0,0.7579498291015625,2.0,2.0,2.0,0.421875,16.0,0.05046247269950506,0.03025396540760994,0.40270692110061646,15859.0,16.0,1.0,253808.0,126872.0,0.4998739204438,128.0,1.0,1.0,1.0,8.978548526763916,3.727002391046273e-07,38.214138984680176,33.383056640625,42.66369938850403,1013.0,0.0,73.99953079223633,,,,,,,,,,,,,,,,,
1014,1014.0,8.0,16.0,29.820379734039307,128.0,1.0,248087.0,800489.0,0.7634057998657227,2.0,2.0,2.0,0.4609375,16.0,0.06519206536241605,0.032510485500097275,0.6237534284591675,15501.875,16.0,1.0,248087.0,124015.0,0.49988512094547477,128.0,1.0,1.0,1.0,8.77616611123085,3.7182693769900274e-07,36.66908836364746,32.924560546875,42.28396439552307,1014.0,0.0,72.16842746734619,,,,,,,,,,,,,,,,,
1015,1015.0,8.0,16.0,34.15696048736572,128.0,1.0,190460.0,858116.0,0.8183631896972656,2.0,2.0,2.0,0.6015625,16.0,0.0553828202510473,0.02408832125365734,0.4517303705215454,11899.375,16.0,1.0,190460.0,95195.0,0.4998162343799223,128.0,1.0,1.0,1.0,6.737590432167053,3.709540546023926e-07,34.70381164550781,30.294189453125,39.507062673568726,1015.0,0.0,73.71773481369019,,,,,,,,,,,,,,,,,
1016,1016.0,8.0,16.0,40.81279420852661,128.0,1.0,292354.0,756222.0,0.7211894989013672,2.0,2.0,2.0,0.1015625,16.0,0.052254021487066454,0.026946673169732094,0.4242081046104431,18268.5,16.0,1.0,292354.0,146148.0,0.4999008051882307,128.0,1.0,1.0,1.0,10.342127025127411,3.700815926635616e-07,43.36484622955322,35.389892578125,48.3802752494812,1016.0,0.0,89.26898241043091,,,,,,,,,,,,,,,,,
1017,1017.0,8.0,16.0,41.57142925262451,128.0,1.0,294359.0,754217.0,0.7192773818969727,2.0,2.0,2.0,0.3515625,16.0,0.044595319451863596,0.02354549802839756,0.3818717300891876,18392.75,16.0,1.0,294359.0,147142.0,0.4998726045407139,128.0,1.0,1.0,1.0,10.41305461525917,3.692095547298997e-07,52.59177923202515,34.2109375,49.364744663238525,1017.0,0.0,91.00937795639038,,,,,,,,,,,,,,,,,
1018,1018.0,8.0,16.0,35.89244079589844,128.0,1.0,273628.0,774948.0,0.7390480041503906,2.0,2.0,2.0,0.515625,16.0,0.049541894251547876,0.026547279208898544,0.4045430123806,17097.875,16.0,1.0,273628.0,136783.0,0.49988670750069436,128.0,1.0,1.0,1.0,9.679688096046448,3.683379436474132e-07,44.65005302429199,33.624755859375,44.83921980857849,1018.0,0.0,80.80176186561584,,,,,,,,,,,,,,,,,
1019,1019.0,8.0,16.0,36.65223407745361,128.0,1.0,273476.0,775100.0,0.7391929626464844,2.0,2.0,2.0,0.515625,16.0,0.05456834344895735,0.03215179964900017,0.427013099193573,17088.5,16.0,1.0,273476.0,136708.0,0.4998903011598824,128.0,1.0,1.0,1.0,9.67431104183197,3.674667622607152e-07,38.411643981933594,34.53076171875,45.17353582382202,1019.0,0.0,81.89849948883057,,,,,,,,,,,,,,,,,
1020,1020.0,8.0,16.0,23.159705877304077,128.0,1.0,195358.0,853218.0,0.8136920928955078,2.0,2.0,2.0,0.65625,16.0,0.060701436293627606,0.03059421107172966,0.49295204877853394,12205.25,16.0,1.0,195358.0,97642.0,0.49981060412166384,128.0,1.0,1.0,1.0,6.910858929157257,3.665960134130163e-07,33.11771488189697,30.1796875,39.50542116165161,1020.0,0.0,62.721559286117554,,,,,,,,,,,,,,,,,
1021,1021.0,8.0,16.0,29.391180992126465,128.0,1.0,286043.0,762533.0,0.727208137512207,2.0,2.0,2.0,0.2578125,16.0,0.055956360461555124,0.028885427862405777,0.587458074092865,17873.625,16.0,1.0,286043.0,142989.0,0.49988638071898284,128.0,1.0,1.0,1.0,10.11887314915657,3.657256999461157e-07,35.34110689163208,34.93359375,45.00712180137634,1021.0,0.0,74.46915674209595,,,,,,,,,,,,,,,,,
1022,1022.0,8.0,16.0,30.631925344467163,128.0,1.0,256786.0,791790.0,0.7551097869873047,2.0,2.0,2.0,0.4609375,16.0,0.05818096078512705,0.0308070071041584,0.5196372270584106,16045.875,16.0,1.0,256786.0,128367.0,0.49989874837413256,128.0,1.0,1.0,1.0,9.083896338939667,3.6485582470039147e-07,39.442495346069336,33.537841796875,42.7361900806427,1022.0,0.0,73.43571281433105,,,,,,,,,,,,,,,,,
1023,1023.0,8.0,16.0,40.3066565990448,128.0,1.0,257702.0,790874.0,0.7542362213134766,2.0,2.0,2.0,0.4609375,16.0,0.045483758714872355,0.026233384385704994,0.36658939719200134,16103.0,16.0,1.0,257702.0,128824.0,0.49989522782128193,128.0,1.0,1.0,1.0,9.116300165653229,3.6398639051479184e-07,39.49646854400635,33.547607421875,46.61210227012634,1023.0,0.0,86.9836573600769,,,,,,,,,,,,,,,,,
1024,1024.0,8.0,16.0,36.139944314956665,128.0,1.0,241933.0,806643.0,0.7692747116088867,2.0,2.0,2.0,0.515625,16.0,0.04372502398232564,0.025828350335359573,0.6115069389343262,15116.5,16.0,1.0,241933.0,120932.0,0.4998573985359583,128.0,1.0,1.0,1.0,8.558466166257858,3.63117400226825e-07,38.52105140686035,33.424560546875,45.063454389572144,1024.0,0.0,81.26948571205139,,,,,,,,,,,,,,,,,
1025,1025.0,8.0,16.0,28.84157419204712,128.0,1.0,315047.0,733529.0,0.6995477676391602,2.0,2.0,2.0,0.4296875,16.0,0.050524179268098664,0.02805599756538868,0.3443099856376648,19686.75,16.0,1.0,315047.0,157494.0,0.49990636317755766,128.0,1.0,1.0,1.0,11.144899994134903,3.62248856672551e-07,40.385733127593994,35.785400390625,45.97914743423462,1025.0,0.0,74.89729881286621,,,,,,,,,,,,,,,,,
1026,1026.0,8.0,16.0,19.09874725341797,128.0,1.0,193248.0,855328.0,0.815704345703125,2.0,2.0,2.0,0.703125,16.0,0.043653806071757006,0.024228015914559364,0.3815678060054779,12073.75,16.0,1.0,193248.0,96590.0,0.49982406027487997,128.0,1.0,1.0,1.0,6.836216926574707,3.613807626865716e-07,31.469035625457764,29.47900390625,38.09772443771362,1026.0,0.0,57.25073766708374,,,,,,,,,,,,,,,,,
1027,1027.0,8.0,16.0,19.401775360107422,128.0,1.0,188217.0,860359.0,0.8205022811889648,2.0,2.0,2.0,0.6484375,16.0,0.06471366868266824,0.028714798390865326,0.5404142141342163,11760.375,16.0,1.0,188217.0,94083.0,0.49986451808285115,128.0,1.0,1.0,1.0,6.658243507146835,3.6051312110202166e-07,34.01103925704956,29.279541015625,37.207788705825806,1027.0,0.0,56.65545463562012,,,,,,,,,,,,,,,,,
1028,1028.0,8.0,16.0,21.640004634857178,128.0,1.0,208163.0,840413.0,0.8014802932739258,2.0,2.0,2.0,0.4140625,16.0,0.07305316779806617,0.03908152878284454,0.5584791302680969,13006.0,16.0,1.0,208163.0,104048.0,0.4998390684223421,128.0,1.0,1.0,1.0,7.3638403713703156,3.5964593475055885e-07,33.86178112030029,30.4072265625,39.315590143203735,1028.0,0.0,61.011115312576294,,,,,,,,,,,,,,,,,
1029,1029.0,8.0,16.0,22.711668968200684,128.0,1.0,257986.0,790590.0,0.7539653778076172,2.0,2.0,2.0,0.375,16.0,0.04883558021235161,0.024960754439234734,0.836111307144165,16119.5,16.0,1.0,257986.0,128956.0,0.49985658136488026,128.0,1.0,1.0,1.0,9.1263467669487,3.587792064623558e-07,36.02957773208618,32.84619140625,41.687034130096436,1029.0,0.0,64.46351170539856,,,,,,,,,,,,,,,,,
1030,1030.0,8.0,16.0,28.716016054153442,128.0,1.0,231105.0,817471.0,0.7796010971069336,2.0,2.0,2.0,0.515625,16.0,0.06663220853577342,0.03524932637810707,0.4399663805961609,14440.0,16.0,1.0,231105.0,115520.0,0.49985937128145214,128.0,1.0,1.0,1.0,8.175421804189682,3.579129390660901e-07,36.757349491119385,31.701171875,41.526450634002686,1030.0,0.0,70.30360722541809,,,,,,,,,,,,,,,,,
1031,1031.0,8.0,16.0,39.318692207336426,128.0,1.0,325690.0,722886.0,0.6893978118896484,2.0,2.0,2.0,0.3515625,16.0,0.04949884440182935,0.031224962323904037,0.3306242525577545,20352.125,16.0,1.0,325690.0,162817.0,0.49991402867757684,128.0,1.0,1.0,1.0,11.521399915218353,3.570471353889351e-07,44.7871675491333,36.830810546875,47.2379515171051,1031.0,0.0,86.6359293460846,,,,,,,,,,,,,,,,,
1032,1032.0,8.0,16.0,30.416394233703613,128.0,1.0,254637.0,793939.0,0.7571592330932617,2.0,2.0,2.0,0.4296875,16.0,0.0596090303309203,0.03403083607554436,0.5169332027435303,15910.625,16.0,1.0,254637.0,127285.0,0.4998684401716954,128.0,1.0,1.0,1.0,9.007874697446823,3.5618179825655084e-07,38.87665843963623,33.165771484375,47.619433641433716,1032.0,0.0,78.10397529602051,,,,,,,,,,,,,,,,,
1033,1033.0,8.0,16.0,25.414381504058838,128.0,1.0,228839.0,819737.0,0.7817621231079102,2.0,2.0,2.0,0.4140625,16.0,0.05616486941279674,0.027317937463521957,0.4386618137359619,14298.75,16.0,1.0,228839.0,114390.0,0.4998710884071334,128.0,1.0,1.0,1.0,8.095261245965958,3.553169304930741e-07,34.82185220718384,31.149658203125,39.3510627746582,1033.0,0.0,64.82263398170471,,,,,,,,,,,,,,,,,
1034,1034.0,8.0,16.0,40.611757040023804,128.0,1.0,318499.0,730077.0,0.6962556838989258,2.0,2.0,2.0,0.5,16.0,0.0424630975926926,0.026336342096328735,0.3739270269870758,19902.125,16.0,1.0,318499.0,159217.0,0.49989795886329313,128.0,1.0,1.0,1.0,11.267015725374222,3.5445253492111067e-07,47.047343730926514,37.06982421875,51.27097201347351,1034.0,0.0,91.96117734909058,,,,,,,,,,,,,,,,,
1035,1035.0,8.0,16.0,37.194563150405884,128.0,1.0,251780.0,796796.0,0.7598838806152344,2.0,2.0,2.0,0.390625,16.0,0.05038208035137343,0.02807166613638401,0.44389647245407104,15732.25,16.0,1.0,251780.0,125858.0,0.49987290491699105,128.0,1.0,1.0,1.0,8.90680730342865,3.535886143617248e-07,43.36464023590088,32.340576171875,44.610419034957886,1035.0,0.0,81.87520861625671,,,,,,,,,,,,,,,,,
1036,1036.0,8.0,16.0,14.725529909133911,128.0,1.0,214067.0,834509.0,0.7958498001098633,2.0,2.0,2.0,0.53125,16.0,0.06234032327737485,0.031112516298890114,0.4910871386528015,13375.0,16.0,1.0,214067.0,107000.0,0.49984350693941615,128.0,1.0,1.0,1.0,7.572696477174759,3.527251716344308e-07,29.295336723327637,30.433837890625,38.8900682926178,1036.0,0.0,53.67555379867554,,,,,,,,,,,,,,,,,
1037,1037.0,8.0,16.0,28.271503686904907,128.0,1.0,248805.0,799771.0,0.762721061706543,2.0,2.0,2.0,0.5859375,16.0,0.045339268169619605,0.0255806352943182,0.36879807710647583,15546.25,16.0,1.0,248805.0,124370.0,0.4998693756154418,128.0,1.0,1.0,1.0,8.801565617322922,3.5186220955718303e-07,40.326316356658936,32.7431640625,42.60004997253418,1037.0,0.0,70.93457531929016,,,,,,,,,,,,,,,,,
1038,1038.0,8.0,16.0,13.409921646118164,128.0,1.0,132890.0,915686.0,0.8732662200927734,2.0,2.0,2.0,0.640625,16.0,0.06255399144946765,0.028907138854265213,0.6381336450576782,8301.5,16.0,1.0,132890.0,66412.0,0.4997516743171044,128.0,1.0,1.0,1.0,4.701031148433685,3.509997309463677e-07,27.00268030166626,26.246826171875,36.970288038253784,1038.0,0.0,50.42794322967529,,,,,,,,,,,,,,,,,
1039,1039.0,8.0,16.0,24.360597372055054,128.0,1.0,240141.0,808435.0,0.7709836959838867,2.0,2.0,2.0,0.359375,16.0,0.059588538719869466,0.031949352473020554,0.5031770467758179,15004.875,16.0,1.0,240141.0,120039.0,0.49986882706409985,128.0,1.0,1.0,1.0,8.495073527097702,3.501377386167928e-07,33.13623809814453,32.32861328125,40.945735931396484,1039.0,0.0,65.36980080604553,,,,,,,,,,,,,,,,,
1040,1040.0,8.0,16.0,17.446139812469482,128.0,1.0,230183.0,818393.0,0.7804803848266602,2.0,2.0,2.0,0.3203125,16.0,0.07272787063845394,0.03909352421760559,0.485124409198761,14382.5,16.0,1.0,230183.0,115060.0,0.499863152361382,128.0,1.0,1.0,1.0,8.142805725336075,3.492762353816795e-07,29.375321865081787,31.279052734375,40.30388951301575,1040.0,0.0,57.81018400192261,,,,,,,,,,,,,,,,,
1041,1041.0,8.0,16.0,32.66763210296631,128.0,1.0,182246.0,866330.0,0.8261966705322266,2.0,2.0,2.0,0.453125,16.0,0.08485378403490697,0.0423077754676342,0.6008450984954834,11386.0,16.0,1.0,182246.0,91088.0,0.4998079518892047,128.0,1.0,1.0,1.0,6.447017252445221,3.4841522405265266e-07,34.087607860565186,29.2236328125,37.60080051422119,1041.0,0.0,70.32363677024841,,,,,,,,,,,,,,,,,
1042,1042.0,8.0,16.0,31.52382469177246,128.0,1.0,183123.0,865453.0,0.8253602981567383,2.0,2.0,2.0,0.546875,16.0,0.05035752027603067,0.028891900554299355,0.44862285256385803,11441.0,16.0,1.0,183123.0,91528.0,0.499817062848468,128.0,1.0,1.0,1.0,6.478041440248489,3.4755470743973174e-07,40.52506685256958,29.083984375,40.873918533325195,1042.0,0.0,72.45568108558655,,,,,,,,,,,,,,,,,
1043,1043.0,8.0,16.0,28.80593252182007,128.0,1.0,261397.0,787179.0,0.7507123947143555,2.0,2.0,2.0,0.640625,16.0,0.0478768279281888,0.02446751296520233,0.38365229964256287,16333.375,16.0,1.0,261397.0,130667.0,0.49987949364376794,128.0,1.0,1.0,1.0,9.247012108564377,3.4669468835132163e-07,38.830713748931885,33.35107421875,45.79981827735901,1043.0,0.0,74.6862485408783,,,,,,,,,,,,,,,,,
1044,1044.0,8.0,16.0,27.101547718048096,128.0,1.0,224403.0,824173.0,0.7859926223754883,2.0,2.0,2.0,0.5234375,16.0,0.05308061012212728,0.027260782197117805,0.5168331265449524,14021.5,16.0,1.0,224403.0,112172.0,0.49986854008190623,128.0,1.0,1.0,1.0,7.938336163759232,3.4583516959420344e-07,38.49287509918213,30.97802734375,41.42214751243591,1044.0,0.0,68.5844395160675,,,,,,,,,,,,,,,,,
1045,1045.0,8.0,16.0,25.939327001571655,128.0,1.0,252205.0,796371.0,0.7594785690307617,2.0,2.0,2.0,0.40625,16.0,0.05129292582094426,0.026388324797153473,0.4250711500644684,15758.75,16.0,1.0,252205.0,126070.0,0.49987113657540494,128.0,1.0,1.0,1.0,8.921841830015182,3.4497615397352565e-07,39.04096603393555,32.9248046875,43.62096071243286,1045.0,0.0,69.62847900390625,,,,,,,,,,,,,,,,,
1046,1046.0,8.0,16.0,39.84675621986389,128.0,1.0,197433.0,851143.0,0.8117132186889648,2.0,2.0,2.0,0.5078125,16.0,0.053975134089156655,0.02440837398171425,0.6371467709541321,12335.375,16.0,1.0,197433.0,98683.0,0.49983032218524764,128.0,1.0,1.0,1.0,6.98426279425621,3.4411764429279427e-07,42.54531240463257,30.325927734375,42.39958357810974,1046.0,0.0,82.29861450195312,,,,,,,,,,,,,,,,,
1047,1047.0,8.0,16.0,18.388795852661133,128.0,1.0,185452.0,863124.0,0.8231391906738281,2.0,2.0,2.0,0.375,16.0,0.071370751639147,0.035140510648489,0.5082753896713257,11586.375,16.0,1.0,185452.0,92691.0,0.4998112719194185,128.0,1.0,1.0,1.0,6.560430645942688,3.4325964335386437e-07,31.27000856399536,29.31787109375,37.54374837875366,1047.0,0.0,55.981913328170776,,,,,,,,,,,,,,,,,
1048,1048.0,8.0,16.0,33.753828287124634,128.0,1.0,204937.0,843639.0,0.8045568466186523,2.0,2.0,2.0,0.6171875,16.0,0.05147245007577963,0.024085016921162605,0.5158198475837708,12805.25,16.0,1.0,204937.0,102442.0,0.4998706919687514,128.0,1.0,1.0,1.0,7.249719470739365,3.424021539569306e-07,39.4834189414978,30.49072265625,39.70346140861511,1048.0,0.0,73.5106258392334,,,,,,,,,,,,,,,,,
1049,1049.0,8.0,16.0,19.34980583190918,128.0,1.0,177127.0,871449.0,0.8310785293579102,2.0,2.0,2.0,0.6171875,16.0,0.052627269551174784,0.02711031772196293,0.4541175663471222,11066.375,16.0,1.0,177127.0,88531.0,0.4998165158332722,128.0,1.0,1.0,1.0,6.26593080163002,3.4154517890051833e-07,31.761492252349854,28.82666015625,42.006998777389526,1049.0,0.0,61.404465675354004,,,,,,,,,,,,,,,,,
1050,1050.0,8.0,16.0,37.04762887954712,128.0,1.0,268572.0,780004.0,0.7438697814941406,2.0,2.0,2.0,0.4296875,16.0,0.06312562609349533,0.03857557103037834,0.46881720423698425,16781.375,16.0,1.0,268572.0,134251.0,0.499869681128338,128.0,1.0,1.0,1.0,9.500830292701721,3.4068872098147415e-07,43.343751430511475,34.211181640625,43.239195108413696,1050.0,0.0,308.03833746910095,,,,,,,,,,,,,,,,,
1051,1051.0,8.0,16.0,41.675440073013306,128.0,1.0,400320.0,648256.0,0.61822509765625,2.0,2.0,2.0,0.3515625,16.0,0.037465504054688306,0.024859586730599403,0.2490009367465973,25015.875,16.0,1.0,400320.0,200127.0,0.4999175659472422,128.0,1.0,1.0,1.0,14.161462783813477,3.3983278299495664e-07,53.895127296447754,40.455810546875,52.23990511894226,1051.0,0.0,94.01259541511536,,,,,,,,,,,,,,,,,
1052,1052.0,8.0,16.0,30.50773334503174,128.0,1.0,221248.0,827328.0,0.78900146484375,2.0,2.0,2.0,0.2734375,16.0,0.06318729488096626,0.03156150504946709,0.5385489463806152,13824.0,16.0,1.0,221248.0,110592.0,0.49985536592421176,128.0,1.0,1.0,1.0,7.826726913452148,3.3897736773442787e-07,42.5510196685791,31.02734375,40.317296504974365,1052.0,0.0,70.88466024398804,,,,,,,,,,,,,,,,,
1053,1053.0,8.0,16.0,37.9256751537323,128.0,1.0,276825.0,771751.0,0.7359991073608398,2.0,2.0,2.0,0.5234375,16.0,0.060816880116988395,0.03156105428934097,0.42160332202911377,17297.5,16.0,1.0,276825.0,138380.0,0.4998825973087691,128.0,1.0,1.0,1.0,9.792783111333847,3.3812247799164386e-07,46.95600700378418,33.732177734375,44.622506618499756,1053.0,0.0,82.62766575813293,,,,,,,,,,,,,,,,,
1054,1054.0,8.0,16.0,33.77857780456543,128.0,1.0,194645.0,853931.0,0.8143720626831055,2.0,2.0,2.0,0.59375,16.0,0.043052798323815734,0.021591104567050934,0.42045366764068604,12161.0,16.0,1.0,194645.0,97288.0,0.4998227542449074,128.0,1.0,1.0,1.0,6.8856362998485565,3.372681165566457e-07,41.92061424255371,29.68017578125,44.39976787567139,1054.0,0.0,78.2295241355896,,,,,,,,,,,,,,,,,
1055,1055.0,8.0,16.0,36.720008850097656,128.0,1.0,226062.0,822514.0,0.7844104766845703,2.0,2.0,2.0,0.1640625,16.0,0.06828672441962096,0.03226127102971077,0.5229551196098328,14125.25,16.0,1.0,226062.0,113002.0,0.499871716608718,128.0,1.0,1.0,1.0,7.99702388048172,3.364142862177498e-07,40.134769439697266,31.7548828125,41.74936270713806,1055.0,0.0,78.52950668334961,,,,,,,,,,,,,,,,,
1056,1056.0,8.0,16.0,24.200968027114868,128.0,1.0,265542.0,783034.0,0.7467594146728516,2.0,2.0,2.0,0.40625,16.0,0.04923170548258369,0.028764130547642708,0.3888629972934723,16591.875,16.0,1.0,265542.0,132735.0,0.4998644282260433,128.0,1.0,1.0,1.0,9.393642961978912,3.355609897615397e-07,39.778202533721924,33.76171875,45.92234992980957,1056.0,0.0,70.19127488136292,,,,,,,,,,,,,,,,,
1057,1057.0,8.0,16.0,41.22900938987732,128.0,1.0,347076.0,701500.0,0.6690025329589844,2.0,2.0,2.0,0.265625,16.0,0.056160171598235664,0.032048072665929794,0.35063159465789795,21688.375,16.0,1.0,347076.0,173507.0,0.4999106823865666,128.0,1.0,1.0,1.0,12.277937293052673,3.347082299728563e-07,55.61207818984985,37.03564453125,51.179473876953125,1057.0,0.0,92.49663996696472,,,,,,,,,,,,,,,,,
1058,1058.0,8.0,16.0,28.127918004989624,128.0,1.0,210562.0,838014.0,0.7991924285888672,2.0,2.0,2.0,0.484375,16.0,0.05766841181139112,0.02662019431591034,0.44593051075935364,13155.75,16.0,1.0,210562.0,105246.0,0.4998337781745994,128.0,1.0,1.0,1.0,7.448705852031708,3.338560096347893e-07,36.834094524383545,30.7236328125,38.82139539718628,1058.0,0.0,67.00543761253357,,,,,,,,,,,,,,,,,
1059,1059.0,8.0,16.0,40.33995318412781,128.0,1.0,263088.0,785488.0,0.7490997314453125,2.0,2.0,2.0,0.2265625,16.0,0.06494983236666872,0.036890171468257904,0.4440133273601532,16439.25,16.0,1.0,263088.0,131514.0,0.4998859697135559,128.0,1.0,1.0,1.0,9.30683183670044,3.330043315286676e-07,38.19141101837158,33.878662109375,44.70076370239258,1059.0,0.0,85.12606906890869,,,,,,,,,42.0,28.0,,,,,,,
1060,1060.0,8.0,16.0,25.53661847114563,128.0,1.0,212236.0,836340.0,0.7975959777832031,2.0,2.0,2.0,0.6953125,16.0,0.05982301243154047,0.030210508033633232,0.5456224679946899,13260.25,16.0,1.0,212236.0,106082.0,0.49983037750428766,128.0,1.0,1.0,1.0,7.507924199104309,3.321531984340504e-07,34.91520833969116,30.939208984375,41.805622577667236,1060.0,0.0,67.39950370788574,,,,,,,,,,,,,,,,,
1061,1061.0,8.0,16.0,39.61988711357117,128.0,1.0,261982.0,786594.0,0.7501544952392578,2.0,2.0,2.0,0.4921875,16.0,0.03669463928136757,0.0215914286673069,0.3610060214996338,16370.25,16.0,1.0,261982.0,130962.0,0.4998893053721248,128.0,1.0,1.0,1.0,9.26770669221878,3.313026131287184e-07,43.7563271522522,33.806884765625,47.07773733139038,1061.0,0.0,86.76460719108582,,,,,,,,,,,,,,,,,
1062,1062.0,8.0,16.0,27.61162781715393,128.0,1.0,270343.0,778233.0,0.7421808242797852,2.0,2.0,2.0,0.2890625,16.0,0.05640791717859389,0.028730979189276695,0.3861466646194458,16892.5,16.0,1.0,270343.0,135140.0,0.4998834813551673,128.0,1.0,1.0,1.0,9.56348004937172,3.3045257838866444e-07,38.30541229248047,33.637451171875,42.2837176322937,1062.0,0.0,69.96723771095276,,,,,,,,,,,,,,,,,
1063,1063.0,8.0,16.0,24.084532976150513,128.0,1.0,196879.0,851697.0,0.8122415542602539,2.0,2.0,2.0,0.4921875,16.0,0.07588851722732316,0.04206617921590805,0.5920819640159607,12301.125,16.0,1.0,196879.0,98409.0,0.4998450825126093,128.0,1.0,1.0,1.0,6.964664846658707,3.296030969880845e-07,37.32108163833618,29.91748046875,40.30856418609619,1063.0,0.0,64.45095801353455,,,,,,,,,,,,,,,,,
1064,1064.0,8.0,16.0,36.143683671951294,128.0,1.0,320499.0,728077.0,0.6943483352661133,2.0,2.0,2.0,0.5390625,16.0,0.04676084700133787,0.028088727965950966,0.30439043045043945,20027.125,16.0,1.0,320499.0,160217.0,0.49989859562744343,128.0,1.0,1.0,1.0,11.33776643872261,3.287541716993686e-07,47.465749740600586,36.046875,49.21682143211365,1064.0,0.0,85.44803524017334,,,,,,,,,,,,,,,,,
1065,1065.0,8.0,16.0,28.272104740142822,128.0,1.0,239808.0,808768.0,0.77130126953125,2.0,2.0,2.0,0.546875,16.0,0.05371504012861969,0.031128782778978348,0.4247291386127472,14983.625,16.0,1.0,239808.0,119869.0,0.49985404990659194,128.0,1.0,1.0,1.0,8.483293533325195,3.279058052930919e-07,38.780048847198486,32.565185546875,43.5103120803833,1065.0,0.0,71.84617257118225,,,,,,,,,,,,,,,,,
1066,1066.0,8.0,16.0,20.834958791732788,128.0,1.0,186948.0,861628.0,0.8217124938964844,2.0,2.0,2.0,0.5234375,16.0,0.05799937004609606,0.03059094212949276,0.5244004726409912,11680.125,16.0,1.0,186948.0,93441.0,0.49982348032608,128.0,1.0,1.0,1.0,6.613352179527283,3.270580005380056e-07,32.95335006713867,29.532958984375,37.91504263877869,1066.0,0.0,58.8018217086792,,,,,,,,,,,,,,,,,
1067,1067.0,8.0,16.0,28.45410990715027,128.0,1.0,188291.0,860285.0,0.8204317092895508,2.0,2.0,2.0,0.4921875,16.0,0.05637294185359937,0.027092881500720978,0.4736288785934448,11764.875,16.0,1.0,188291.0,94119.0,0.49985926040012535,128.0,1.0,1.0,1.0,6.660861283540726,3.2621076020102777e-07,37.20163440704346,29.27587890625,41.23511290550232,1067.0,0.0,69.74269962310791,,,,,,,,,,,,,,,,,
1068,1068.0,8.0,16.0,40.442373752593994,128.0,1.0,275407.0,773169.0,0.7373514175415039,2.0,2.0,2.0,0.40625,16.0,0.0421478193716163,0.02433868870139122,0.3397260308265686,17208.625,16.0,1.0,275407.0,137669.0,0.4998747308528832,128.0,1.0,1.0,1.0,9.74262085556984,3.253640870472349e-07,46.94788217544556,34.432861328125,44.33866739273071,1068.0,0.0,84.86868619918823,,,,,,,,,,,,,,,,,
1069,1069.0,8.0,16.0,22.40624976158142,128.0,1.0,207280.0,841296.0,0.8023223876953125,2.0,2.0,2.0,0.4375,16.0,0.0617549995967124,0.028039604425430298,0.5222055912017822,12950.625,16.0,1.0,207280.0,103605.0,0.4998311462755693,128.0,1.0,1.0,1.0,7.332603931427002,3.245179838398513e-07,36.33008289337158,29.95556640625,39.522573471069336,1069.0,0.0,61.98701500892639,,,,,,,,,,,,,,,,,
1070,1070.0,8.0,16.0,40.27706861495972,128.0,1.0,197060.0,851516.0,0.8120689392089844,2.0,2.0,2.0,0.3984375,16.0,0.054734680003475096,0.02663164585828781,0.4931095838546753,12312.25,16.0,1.0,197060.0,98498.0,0.4998376129097737,128.0,1.0,1.0,1.0,6.971067786216736,3.236724533402424e-07,45.72055196762085,30.045654296875,44.75930595397949,1070.0,0.0,85.0962164402008,,,,,,,,,,,,,,,,,
1071,1071.0,8.0,16.0,41.38994812965393,128.0,1.0,205999.0,842577.0,0.8035440444946289,2.0,2.0,2.0,0.53125,16.0,0.06390227853703215,0.0321689136326313,0.5194166302680969,12870.375,16.0,1.0,205999.0,102963.0,0.49982281467385764,128.0,1.0,1.0,1.0,7.287288099527359,3.228274983079039e-07,36.39520502090454,31.141357421875,39.94663143157959,1071.0,0.0,81.39304280281067,,,,,,,,,,,,,,,,,
1072,1072.0,8.0,16.0,29.768352031707764,128.0,1.0,249116.0,799460.0,0.7624244689941406,2.0,2.0,2.0,0.453125,16.0,0.056092670129378734,0.027946243062615395,0.3651978671550751,15566.125,16.0,1.0,249116.0,124529.0,0.4998835883684709,128.0,1.0,1.0,1.0,8.812567353248596,3.219831215004537e-07,35.53739547729492,32.277099609375,42.1370632648468,1072.0,0.0,71.98207783699036,,,,,,,,,,,,,,,,,
1073,1073.0,8.0,16.0,40.06303548812866,128.0,1.0,281137.0,767439.0,0.7318868637084961,2.0,2.0,2.0,0.3984375,16.0,0.05053389095866455,0.02731134183704853,0.3781638741493225,17566.875,16.0,1.0,281137.0,140535.0,0.4998808410134561,128.0,1.0,1.0,1.0,9.945321649312973,3.211393256736221e-07,44.40403604507446,35.023681640625,47.81346821784973,1073.0,0.0,87.9472188949585,,,,,,,,,,,,,,,,,
1074,1074.0,8.0,16.0,42.407052516937256,128.0,1.0,306662.0,741914.0,0.7075443267822266,2.0,2.0,2.0,0.4921875,16.0,0.05444982848269868,0.02991553209722042,0.6245384216308594,19162.125,16.0,1.0,306662.0,153297.0,0.4998891287476114,128.0,1.0,1.0,1.0,10.848277628421783,3.2029611358124365e-07,48.69167757034302,35.9150390625,51.36163020133972,1074.0,0.0,93.84943056106567,,,,,,,,,,,,,,,,,
1075,1075.0,8.0,16.0,25.417668104171753,128.0,1.0,255672.0,792904.0,0.7561721801757812,2.0,2.0,2.0,0.3671875,16.0,0.05916581624374624,0.03590456396341324,0.3999278247356415,15975.625,16.0,1.0,255672.0,127805.0,0.4998787508995901,128.0,1.0,1.0,1.0,9.044488191604614,3.1945348797524786e-07,38.40969944000244,33.280029296875,44.16972827911377,1075.0,0.0,69.65583038330078,,,,,,,,,,,,,,,,,
1076,1076.0,8.0,16.0,20.687702655792236,128.0,1.0,200358.0,848218.0,0.8089237213134766,2.0,2.0,2.0,0.3671875,16.0,0.09056603898908007,0.04526468738913536,0.6535371541976929,12518.125,16.0,1.0,200358.0,100145.0,0.49983030375627624,128.0,1.0,1.0,1.0,7.087735712528229,3.1861145160564993e-07,29.92067813873291,30.070068359375,39.55852556228638,1076.0,0.0,60.299492835998535,,,,,,,,,,,,,,,,,
1077,1077.0,8.0,16.0,34.54877305030823,128.0,1.0,236699.0,811877.0,0.774266242980957,2.0,2.0,2.0,0.4375,16.0,0.06527505549208436,0.03314948454499245,0.5945321321487427,14789.375,16.0,1.0,236699.0,118315.0,0.4998542452650835,128.0,1.0,1.0,1.0,8.373311549425125,3.177700072205425e-07,39.40671253204346,32.054931640625,39.53656554222107,1077.0,0.0,74.14593386650085,,,,,,,,,,,,,,,,,
1078,1078.0,8.0,16.0,24.03362798690796,128.0,1.0,224183.0,824393.0,0.7862024307250977,2.0,2.0,2.0,0.453125,16.0,0.04649390509977845,0.027073722332715988,0.42627429962158203,14007.625,16.0,1.0,224183.0,112061.0,0.4998639504333513,128.0,1.0,1.0,1.0,7.930553585290909,3.1692915756608544e-07,37.160691261291504,31.0244140625,42.520182609558105,1078.0,0.0,66.61827874183655,,,,,,,,,,,,,,,,,
1079,1079.0,8.0,16.0,16.90011167526245,128.0,1.0,152511.0,896065.0,0.8545541763305664,2.0,2.0,2.0,0.4609375,16.0,0.05456511811495557,0.02768012508749962,0.48799410462379456,9527.375,16.0,1.0,152511.0,76219.0,0.49976067300063604,128.0,1.0,1.0,1.0,5.395131021738052,3.1608890538649824e-07,29.508166790008545,27.239990234375,38.01526880264282,1079.0,0.0,54.956836462020874,,,,,,,,,,,,,,,,,
1080,1080.0,8.0,16.0,24.620458364486694,128.0,1.0,202111.0,846465.0,0.8072519302368164,2.0,2.0,2.0,0.4921875,16.0,0.04595806900614802,0.02390499971807003,0.42662695050239563,12628.25,16.0,1.0,202111.0,101026.0,0.49985404060145167,128.0,1.0,1.0,1.0,7.149748712778091,3.1524925342405017e-07,34.73654747009277,29.92333984375,37.89799737930298,1080.0,0.0,62.571797132492065,,,,,,,,,,,,,,,,,
1081,1081.0,8.0,16.0,34.98609018325806,128.0,1.0,201492.0,847084.0,0.8078422546386719,2.0,2.0,2.0,0.640625,16.0,0.05666981923262487,0.03136755898594856,0.5277315378189087,12589.5,16.0,1.0,201492.0,100716.0,0.499851110714073,128.0,1.0,1.0,1.0,7.127851366996765,3.1441020441905184e-07,38.944185733795166,30.248291015625,41.30056571960449,1081.0,0.0,76.34560418128967,,,,,,,,,,,,,,,,,
1082,1082.0,8.0,16.0,31.988767623901367,128.0,1.0,289847.0,758729.0,0.7235803604125977,2.0,2.0,2.0,0.359375,16.0,0.04741567394688013,0.02871997095644474,0.3229222893714905,18111.25,16.0,1.0,289847.0,144890.0,0.4998844217811466,128.0,1.0,1.0,1.0,10.253441005945206,3.135717611098457e-07,37.74111080169678,34.189697265625,43.82431221008301,1082.0,0.0,75.89285182952881,,,,,,,,,,,,,,,,,
1083,1083.0,8.0,16.0,40.105587005615234,128.0,1.0,298779.0,749797.0,0.715062141418457,2.0,2.0,2.0,0.390625,16.0,0.048341181676637285,0.026375286281108856,0.47671130299568176,18670.0,16.0,1.0,298779.0,149360.0,0.4999012648144615,128.0,1.0,1.0,1.0,10.56941369175911,3.127339262327978e-07,49.79531717300415,35.063720703125,49.385669469833374,1083.0,0.0,89.56808996200562,,,,,,,,,,,,,,,,,
1084,1084.0,8.0,16.0,32.75925397872925,128.0,1.0,258306.0,790270.0,0.7536602020263672,2.0,2.0,2.0,0.34375,16.0,0.049501977658939066,0.027814947068691254,0.36648324131965637,16140.0,16.0,1.0,258306.0,129120.0,0.499872244547165,128.0,1.0,1.0,1.0,9.137666881084442,3.118967025222882e-07,39.19796800613403,33.561279296875,43.282695293426514,1084.0,0.0,76.11258387565613,,,,,,,,,,,,,,,,,
1085,1085.0,8.0,16.0,39.632835149765015,128.0,1.0,170656.0,877920.0,0.837249755859375,2.0,2.0,2.0,0.6796875,16.0,0.06220139957776887,0.035214487463235855,0.616083562374115,10662.375,16.0,1.0,170656.0,85299.0,0.499830067504219,128.0,1.0,1.0,1.0,6.037016868591309,3.1106009271070257e-07,43.02501630783081,28.81884765625,40.20590281486511,1085.0,0.0,79.88822889328003,,,,,,,,,,,,,,,,,
1086,1086.0,8.0,16.0,29.75016736984253,128.0,1.0,260939.0,787637.0,0.7511491775512695,2.0,2.0,2.0,0.53125,16.0,0.04657816961269719,0.023917322978377342,0.4003446102142334,16304.875,16.0,1.0,260939.0,130439.0,0.49988311444437206,128.0,1.0,1.0,1.0,9.230810195207596,3.10224099528423e-07,39.014185428619385,33.129638671875,49.33280801773071,1086.0,0.0,79.15542244911194,,,,,,,,,,,,,,,,,
1087,1087.0,8.0,16.0,32.26324415206909,128.0,1.0,254413.0,794163.0,0.7573728561401367,2.0,2.0,2.0,0.4296875,16.0,0.04669985398966825,0.02725035697221756,0.41267862915992737,15896.75,16.0,1.0,254413.0,127174.0,0.49987225495552506,128.0,1.0,1.0,1.0,8.999950617551804,3.0938872570381887e-07,38.876298904418945,32.71728515625,44.82169580459595,1087.0,0.0,77.15315079689026,,,,,,,,,,,,,,,,,
1088,1088.0,8.0,16.0,38.750070333480835,128.0,1.0,261321.0,787255.0,0.7507848739624023,2.0,2.0,2.0,0.5078125,16.0,0.050958706223076994,0.030124185606837273,0.36706680059432983,16328.5,16.0,1.0,261321.0,130628.0,0.4998756318856885,128.0,1.0,1.0,1.0,9.244323581457138,3.0855397396323846e-07,45.997868061065674,33.244140625,47.476887702941895,1088.0,0.0,86.2966160774231,,,,,,,,,,,,,,,,,
1089,1089.0,8.0,16.0,30.229093551635742,128.0,1.0,234353.0,814223.0,0.7765035629272461,2.0,2.0,2.0,0.4140625,16.0,0.04503551724101369,0.023270778357982635,0.3599735200405121,14643.0,16.0,1.0,234353.0,117144.0,0.49986132031593367,128.0,1.0,1.0,1.0,8.290320962667465,3.0771984703099985e-07,35.97046899795532,32.1650390625,42.46220278739929,1089.0,0.0,72.75224924087524,,,,,,,,,,,,,,,,,
1090,1090.0,8.0,16.0,40.501691818237305,128.0,1.0,253864.0,794712.0,0.7578964233398438,2.0,2.0,2.0,0.578125,16.0,0.04584748519464654,0.029625913128256798,0.3719772398471832,15861.625,16.0,1.0,253864.0,126893.0,0.49984637443670626,128.0,1.0,1.0,1.0,8.980529546737671,3.0688634762938206e-07,46.34126091003418,32.848388671875,43.83608150482178,1090.0,0.0,84.41987252235413,,,,,,,,,,,,,,,,,
1091,1091.0,8.0,16.0,27.801894187927246,128.0,1.0,241069.0,807507.0,0.7700986862182617,2.0,2.0,2.0,0.3671875,16.0,0.05502078639936954,0.02675005979835987,0.455390989780426,15062.5,16.0,1.0,241069.0,120500.0,0.49985688744716245,128.0,1.0,1.0,1.0,8.527901858091354,3.060534784786154e-07,37.2441349029541,32.0283203125,44.10810375213623,1091.0,0.0,71.99887442588806,,,,,,,,,,,,,,,,,
1092,1092.0,8.0,16.0,29.400586128234863,128.0,1.0,283847.0,764729.0,0.7293024063110352,2.0,2.0,2.0,0.359375,16.0,0.05894727467550942,0.03064035065472126,0.4221663773059845,17736.25,16.0,1.0,283847.0,141890.0,0.4998819786716083,128.0,1.0,1.0,1.0,10.04118886590004,3.0522124229687407e-07,35.50424146652222,35.353515625,46.28104639053345,1092.0,0.0,75.76750016212463,,,,,,,,,,,,,,,,,
1093,1093.0,8.0,16.0,35.97445321083069,128.0,1.0,296519.0,752057.0,0.7172174453735352,2.0,2.0,2.0,0.609375,16.0,0.04035588299765528,0.023069048300385475,0.3247196078300476,18528.375,16.0,1.0,296519.0,148227.0,0.49989039488194686,128.0,1.0,1.0,1.0,10.48946538567543,3.043896418002661e-07,43.58261251449585,36.075927734375,48.80879187583923,1093.0,0.0,84.85696601867676,,,,,,,,,,,,,,,,,
1094,1094.0,8.0,16.0,20.522360801696777,128.0,1.0,194077.0,854499.0,0.8149137496948242,2.0,2.0,2.0,0.5625,16.0,0.036173961933029464,0.018131230026483536,0.4218582510948181,12125.875,16.0,1.0,194077.0,97007.0,0.4998376932866852,128.0,1.0,1.0,1.0,6.865543097257614,3.035586797028252e-07,31.223997592926025,29.767822265625,38.13071870803833,1094.0,0.0,58.710118532180786,,,,,,,,,,,,,,,,,
1095,1095.0,8.0,16.0,38.52333331108093,128.0,1.0,356134.0,692442.0,0.6603641510009766,2.0,2.0,2.0,0.3359375,16.0,0.05577063932657063,0.03439732640981674,0.37632548809051514,22254.5,16.0,1.0,356134.0,178036.0,0.49991295411277775,128.0,1.0,1.0,1.0,12.598367273807526,3.027283587165014e-07,52.256125926971436,38.28076171875,51.45100927352905,1095.0,0.0,90.0826153755188,,,,,,,,,,,,,,,,,
1096,1096.0,8.0,16.0,36.8010835647583,128.0,1.0,250370.0,798206.0,0.7612285614013672,2.0,2.0,2.0,0.5234375,16.0,0.050577296479327766,0.028412848711013794,0.34630346298217773,15644.625,16.0,1.0,250370.0,125157.0,0.49988816551503773,128.0,1.0,1.0,1.0,8.856928050518036,3.0189868155115195e-07,43.820319175720215,32.3486328125,43.53466248512268,1096.0,0.0,80.40171003341675,,,,,,,,,,,,,,,,,
1097,1097.0,8.0,16.0,39.754165172576904,128.0,1.0,278635.0,769941.0,0.7342729568481445,2.0,2.0,2.0,0.4453125,16.0,0.05709569563065951,0.032469552010297775,0.4158090651035309,17410.625,16.0,1.0,278635.0,139285.0,0.49988335995119065,128.0,1.0,1.0,1.0,9.856812506914139,3.010696509145336e-07,42.50195503234863,34.7236328125,45.20573687553406,1097.0,0.0,85.03913307189941,,,,,,,,,,,,,,,,,
1098,1098.0,8.0,16.0,21.631541967391968,128.0,1.0,247534.0,801042.0,0.7639331817626953,2.0,2.0,2.0,0.4375,16.0,0.06405993081216392,0.03275321424007416,0.4401918649673462,15467.0,16.0,1.0,247534.0,123736.0,0.4998747646787916,128.0,1.0,1.0,1.0,8.75660353899002,3.0024126951229266e-07,32.98691940307617,32.148193359375,39.92924404144287,1098.0,0.0,61.6432900428772,,,,,,,,,,,,,,,,,
1099,1099.0,8.0,16.0,27.343071460723877,128.0,1.0,305758.0,742818.0,0.7084064483642578,2.0,2.0,2.0,0.4609375,16.0,0.05470824037657664,0.030479028820991516,0.3851187527179718,19105.75,16.0,1.0,305758.0,152846.0,0.4998920715075321,128.0,1.0,1.0,1.0,10.816298305988312,2.99413540047957e-07,37.81671714782715,36.210205078125,45.25090050697327,1099.0,0.0,72.67023086547852,,,,,,,,,,,,,,,,,
1100,1100.0,8.0,16.0,39.65340805053711,128.0,1.0,325582.0,722994.0,0.6895008087158203,2.0,2.0,2.0,0.390625,16.0,0.06646219647962416,0.03767615556716919,0.47543540596961975,20345.5,16.0,1.0,325582.0,162764.0,0.49991707158258136,128.0,1.0,1.0,1.0,11.51757937669754,2.985864652229261e-07,44.00989818572998,37.12353515625,49.48642325401306,1100.0,0.0,312.23366498947144,,,,,,,,,,,,,,,,,
1101,1101.0,8.0,16.0,29.305365324020386,128.0,1.0,205418.0,843158.0,0.8040981292724609,2.0,2.0,2.0,0.53125,16.0,0.0671737706445532,0.0344807505607605,0.5203355550765991,12833.875,16.0,1.0,205418.0,102671.0,0.49981501134272555,128.0,1.0,1.0,1.0,7.266735017299652,2.977600477364636e-07,40.56642818450928,30.170166015625,39.561686515808105,1101.0,0.0,68.92946720123291,,,,,,,,,,,,,,,,,
1102,1102.0,8.0,16.0,21.405290126800537,128.0,1.0,189522.0,859054.0,0.8192577362060547,2.0,2.0,2.0,0.3515625,16.0,0.06479285003801788,0.03658631816506386,0.4754808247089386,11840.875,16.0,1.0,189522.0,94727.0,0.4998206013022235,128.0,1.0,1.0,1.0,6.704408347606659,2.969342902856875e-07,32.053428173065186,29.491943359375,38.36271786689758,1102.0,0.0,59.818185329437256,,,,,,,,,,,,,,,,,
1103,1103.0,8.0,16.0,37.72399568557739,128.0,1.0,343043.0,705533.0,0.6728487014770508,2.0,2.0,2.0,0.2734375,16.0,0.04963683607853924,0.02656388469040394,0.42118504643440247,21436.125,16.0,1.0,343043.0,171489.0,0.4999052596904761,128.0,1.0,1.0,1.0,12.135268479585648,2.961091955655619e-07,41.560659408569336,38.315185546875,50.00031018257141,1103.0,0.0,87.8025803565979,,,,,,,,,,,,,,,,,
1104,1104.0,8.0,16.0,32.36548733711243,128.0,1.0,245747.0,802829.0,0.7656373977661133,2.0,2.0,2.0,0.4921875,16.0,0.04991658621964837,0.02750570699572563,0.4186318516731262,15356.125,16.0,1.0,245747.0,122849.0,0.4999003039711573,128.0,1.0,1.0,1.0,8.693387776613235,2.9528476626888766e-07,40.85542821884155,32.511962890625,40.21115231513977,1104.0,0.0,72.63645267486572,,,,,,,,,,,,,,,,,
1105,1105.0,8.0,16.0,30.116294622421265,128.0,1.0,293743.0,754833.0,0.7198648452758789,2.0,2.0,2.0,0.1640625,16.0,0.06874193699250335,0.03919918090105057,0.44567203521728516,18354.875,16.0,1.0,293743.0,146839.0,0.49988935906557774,128.0,1.0,1.0,1.0,10.391263395547867,2.9446100508629434e-07,42.70332336425781,34.85302734375,46.49399709701538,1105.0,0.0,76.68746972084045,,,,,,,,,,,,,,,,,
1106,1106.0,8.0,16.0,29.357871770858765,128.0,1.0,169317.0,879259.0,0.838526725769043,2.0,2.0,2.0,0.5078125,16.0,0.06835150795868898,0.03281364217400551,0.7282633185386658,10578.75,16.0,1.0,169317.0,84630.0,0.4998316766774748,128.0,1.0,1.0,1.0,5.989649266004562,2.936379147062307e-07,37.15431022644043,28.621826171875,41.65936493873596,1106.0,0.0,71.06433057785034,,,,,,,,,,,,,,,,,
1107,1107.0,8.0,16.0,41.570937633514404,128.0,1.0,234671.0,813905.0,0.7762002944946289,2.0,2.0,2.0,0.640625,16.0,0.03812536072576671,0.015862489119172096,0.36581477522850037,14662.5,16.0,1.0,234671.0,117300.0,0.49984872438435085,128.0,1.0,1.0,1.0,8.301570326089859,2.928154978149565e-07,46.66867923736572,31.859619140625,43.34115195274353,1107.0,0.0,84.96879243850708,,,,,,,,,,,,,,,,,
1108,1108.0,8.0,16.0,27.52094006538391,128.0,1.0,207540.0,841036.0,0.8020744323730469,2.0,2.0,2.0,0.6015625,16.0,0.06094366283127949,0.030447280034422874,0.48343726992607117,12967.25,16.0,1.0,207540.0,103738.0,0.4998458128553532,128.0,1.0,1.0,1.0,7.3418015241622925,2.919937570965335e-07,35.465864181518555,30.9541015625,39.581838846206665,1108.0,0.0,67.15857267379761,,,,,,,,,,,,,,,,,
1109,1109.0,8.0,16.0,18.136850833892822,128.0,1.0,165292.0,883284.0,0.8423652648925781,2.0,2.0,2.0,0.609375,16.0,0.06318045634015874,0.036153994500637054,0.5653936266899109,10326.875,16.0,1.0,165292.0,82615.0,0.4998124531132783,128.0,1.0,1.0,1.0,5.84726345539093,2.911726952328163e-07,31.529018878936768,28.0439453125,37.131248474121094,1109.0,0.0,55.31737208366394,,,,,,,,,,,,,,,,,
1110,1110.0,8.0,16.0,39.92073154449463,128.0,1.0,269966.0,778610.0,0.7425403594970703,2.0,2.0,2.0,0.34375,16.0,0.05432712326624169,0.030219778418540955,0.7784003019332886,16869.0,16.0,1.0,269966.0,134952.0,0.49988517072520244,128.0,1.0,1.0,1.0,9.550143539905548,2.9035231490344426e-07,42.254536151885986,34.27490234375,44.120543479919434,1110.0,0.0,84.10823655128479,,,,,,,,,,,,,,,,,
1111,1111.0,8.0,16.0,40.73041033744812,128.0,1.0,370046.0,678530.0,0.6470966339111328,2.0,2.0,2.0,0.265625,16.0,0.045345502424914044,0.028409982100129128,0.3306633532047272,23124.0,16.0,1.0,370046.0,184992.0,0.49991622663128366,128.0,1.0,1.0,1.0,13.090509235858917,2.895326187858326e-07,47.47938823699951,39.431640625,50.46014428138733,1111.0,0.0,91.27592372894287,,,,,,,,,,,,,,,,,
1112,1112.0,8.0,16.0,40.03680992126465,128.0,1.0,317318.0,731258.0,0.6973819732666016,2.0,2.0,2.0,0.5234375,16.0,0.045870333219227406,0.024203520268201828,0.43565282225608826,19828.125,16.0,1.0,317318.0,158625.0,0.4998928519655361,128.0,1.0,1.0,1.0,11.225237429141998,2.887136095551632e-07,46.15915012359619,37.037841796875,46.22665476799011,1112.0,0.0,86.33661246299744,,,,,,,,,,,,,,,,,
1113,1113.0,8.0,16.0,41.649789333343506,128.0,1.0,220416.0,828160.0,0.789794921875,2.0,2.0,2.0,0.3515625,16.0,0.05019679097100237,0.030658220872282982,0.5465928316116333,13772.375,16.0,1.0,220416.0,110179.0,0.4998684306039489,128.0,1.0,1.0,1.0,7.797294616699219,2.878952898843765e-07,45.71121072769165,31.415283203125,42.71422576904297,1113.0,0.0,84.42013812065125,,,,,,,,,,,,,,,,,
1114,1114.0,8.0,16.0,40.28854298591614,128.0,1.0,352038.0,696538.0,0.6642704010009766,2.0,2.0,2.0,0.3203125,16.0,0.05050660969650486,0.026237517595291138,0.41411030292510986,21998.125,16.0,1.0,352038.0,175985.0,0.49990341951721123,128.0,1.0,1.0,1.0,12.453469812870026,2.870776624441622e-07,47.889004707336426,38.138671875,55.93972706794739,1114.0,0.0,96.30844235420227,,,,,,,,,,,,,,,,,
1115,1115.0,8.0,16.0,29.569093465805054,128.0,1.0,299486.0,749090.0,0.7143878936767578,2.0,2.0,2.0,0.59375,16.0,0.0494850281521424,0.03071943297982216,0.34547343850135803,18713.375,16.0,1.0,299486.0,149707.0,0.49987979404713406,128.0,1.0,1.0,1.0,10.594424068927765,2.862607299029511e-07,37.31037092208862,35.280517578125,44.05058813095093,1115.0,0.0,73.68969130516052,,,,,,,,,,,,,,,,,
1116,1116.0,8.0,16.0,35.1227912902832,128.0,1.0,185033.0,863543.0,0.8235387802124023,2.0,2.0,2.0,0.65625,16.0,0.052341799617279625,0.027342243120074272,0.4213755428791046,11560.5,16.0,1.0,185033.0,92484.0,0.49982435565547767,128.0,1.0,1.0,1.0,6.545608371496201,2.85444494926906e-07,42.89695692062378,29.1328125,42.992148876190186,1116.0,0.0,78.18257713317871,,,,,,,,,,,,,,,,,
1117,1117.0,8.0,16.0,18.324836492538452,128.0,1.0,223042.0,825534.0,0.7872905731201172,2.0,2.0,2.0,0.6875,16.0,0.060723089483012,0.03282221034169197,0.4343971908092499,13936.25,16.0,1.0,223042.0,111490.0,0.4998610127240609,128.0,1.0,1.0,1.0,7.890190303325653,2.846289601799131e-07,30.94898223876953,30.878173828125,39.74078416824341,1117.0,0.0,58.13089084625244,,,,,,,,,,,,,,,,,
1118,1118.0,8.0,16.0,21.260611295700073,128.0,1.0,185521.0,863055.0,0.8230733871459961,2.0,2.0,2.0,0.6015625,16.0,0.05641324095043601,0.028828978538513184,0.5205559134483337,11591.0,16.0,1.0,185521.0,92728.0,0.49982481767562703,128.0,1.0,1.0,1.0,6.562871545553207,2.83814128323573e-07,32.73760509490967,29.213623046875,40.101932764053345,1118.0,0.0,61.41411089897156,,,,,,,,,,,,,,,,,
1119,1119.0,8.0,16.0,25.58818006515503,128.0,1.0,256114.0,792462.0,0.7557506561279297,2.0,2.0,2.0,0.484375,16.0,0.055638972792459454,0.031059594824910164,0.4914415776729584,16003.125,16.0,1.0,256114.0,128025.0,0.49987505563928564,128.0,1.0,1.0,1.0,9.060124099254608,2.830000020171928e-07,35.634013175964355,33.202392578125,43.18856954574585,1119.0,0.0,68.84405183792114,,,,,,,,,,,,,,,,,
1120,1120.0,8.0,16.0,23.115805625915527,128.0,1.0,219403.0,829173.0,0.7907609939575195,2.0,2.0,2.0,0.5546875,16.0,0.057205420365540174,0.027328822761774063,0.47861623764038086,13708.125,16.0,1.0,219403.0,109665.0,0.49983363946709936,128.0,1.0,1.0,1.0,7.76145938038826,2.821865839177767e-07,35.03419208526611,31.198486328125,40.47693967819214,1120.0,0.0,63.6523871421814,,,,,,,,,,,,,,,,,
1121,1121.0,8.0,16.0,19.733490228652954,128.0,1.0,211561.0,837015.0,0.7982397079467773,2.0,2.0,2.0,0.4765625,16.0,0.0660508520159083,0.029476270079612732,0.9794294834136963,13219.0,16.0,1.0,211561.0,105752.0,0.49986528708032196,128.0,1.0,1.0,1.0,7.484045833349228,2.8137387668001797e-07,30.93598985671997,30.549072265625,39.532395362854004,1121.0,0.0,59.3214066028595,,,,,,,,,,,,,,,,,
1122,1122.0,8.0,16.0,30.234691619873047,128.0,1.0,244750.0,803826.0,0.7665882110595703,2.0,2.0,2.0,0.5078125,16.0,0.06116464735618988,0.029442287981510162,0.4340500235557556,15292.625,16.0,1.0,244750.0,122341.0,0.49986108273748725,128.0,1.0,1.0,1.0,8.658118546009064,2.8056188295628915e-07,39.68108606338501,33.295654296875,41.69808292388916,1122.0,0.0,72.00697469711304,,,,,,,,,,,,,,,,,
1123,1123.0,8.0,16.0,27.04975652694702,128.0,1.0,241275.0,807301.0,0.769902229309082,2.0,2.0,2.0,0.265625,16.0,0.0627675875666175,0.02921546995639801,0.5953912734985352,15075.875,16.0,1.0,241275.0,120607.0,0.49987358822919903,128.0,1.0,1.0,1.0,8.535189181566238,2.7975060539663453e-07,37.31644868850708,31.938720703125,42.03839182853699,1123.0,0.0,69.14754319190979,,,,,,,,,,,,,,,,,
1124,1124.0,8.0,16.0,26.78223180770874,128.0,1.0,260645.0,787931.0,0.751429557800293,2.0,2.0,2.0,0.3828125,16.0,0.05334869037683229,0.028582600876688957,0.4657408595085144,16286.375,16.0,1.0,260645.0,130291.0,0.49987914596481803,128.0,1.0,1.0,1.0,9.220409840345383,2.7894004664876137e-07,37.6695671081543,33.13134765625,43.27000045776367,1124.0,0.0,70.12268996238708,,,,,,,,,,,,,,,,,
1125,1125.0,8.0,16.0,21.029078722000122,128.0,1.0,218077.0,830499.0,0.7920255661010742,2.0,2.0,2.0,0.4921875,16.0,0.06144402622960934,0.03296396881341934,0.4735674560070038,13626.0,16.0,1.0,218077.0,109008.0,0.49986014114280736,128.0,1.0,1.0,1.0,7.714551657438278,2.781302093580305e-07,32.57282066345215,30.673095703125,40.62653160095215,1125.0,0.0,61.712440729141235,,,,,,,,,,,,,,,,,
1126,1126.0,8.0,16.0,36.167460680007935,128.0,1.0,369023.0,679553.0,0.6480722427368164,2.0,2.0,2.0,0.1953125,16.0,0.05460238453914195,0.03014710173010826,0.357362300157547,23060.5,16.0,1.0,369023.0,184484.0,0.4999254788996892,128.0,1.0,1.0,1.0,13.054320245981216,2.77321096167449e-07,44.14054584503174,39.3037109375,48.40726709365845,1126.0,0.0,84.66225457191467,,,,,,,,,,,,,,,,,
1127,1127.0,8.0,16.0,18.144046783447266,128.0,1.0,197039.0,851537.0,0.8120889663696289,2.0,2.0,2.0,0.6015625,16.0,0.06528588664002243,0.029346860945224762,0.6390377879142761,12311.5,16.0,1.0,197039.0,98492.0,0.499860433721243,128.0,1.0,1.0,1.0,6.970324903726578,2.7651270971765953e-07,29.98228359222412,29.5185546875,37.35970973968506,1127.0,0.0,55.55469536781311,,,,,,,,,,,,,,,,,
1128,1128.0,8.0,16.0,23.56392741203308,128.0,1.0,169629.0,878947.0,0.8382291793823242,2.0,2.0,2.0,0.578125,16.0,0.05269404124118358,0.0264675822108984,0.8269708752632141,10597.5,16.0,1.0,169629.0,84780.0,0.4997966149656014,128.0,1.0,1.0,1.0,6.000686377286911,2.75705052646934e-07,37.098905086517334,28.65283203125,40.694241523742676,1128.0,0.0,64.30552005767822,,,,,,,,,,,,,,,,,
1129,1129.0,8.0,16.0,41.13980031013489,128.0,1.0,333890.0,714686.0,0.6815776824951172,2.0,2.0,2.0,0.5,16.0,0.042610349440549464,0.022088563069701195,0.34290778636932373,20864.5,16.0,1.0,333890.0,166916.0,0.49991314504777024,128.0,1.0,1.0,1.0,11.811477839946747,2.748981275911633e-07,57.16476583480835,36.357421875,50.580015897750854,1129.0,0.0,91.79989695549011,,,,,,,,,,,,,,,,,
1130,1130.0,8.0,16.0,26.33035922050476,128.0,1.0,280152.0,768424.0,0.7328262329101562,2.0,2.0,2.0,0.2421875,16.0,0.06864670810117675,0.036389853805303574,0.5992069840431213,17505.625,16.0,1.0,280152.0,140045.0,0.4998893457837174,128.0,1.0,1.0,1.0,9.910476922988892,2.740919371838498e-07,34.98674392700195,34.611083984375,40.56026029586792,1130.0,0.0,66.95926594734192,,,,,,,,,,,,,,,,,
1131,1131.0,8.0,16.0,16.361857414245605,128.0,1.0,229201.0,819375.0,0.7814168930053711,2.0,2.0,2.0,0.5625,16.0,0.04537110250922441,0.02477424219250679,0.3925222158432007,14321.0,16.0,1.0,229201.0,114568.0,0.4998582030619413,128.0,1.0,1.0,1.0,8.108067125082016,2.7328648405609755e-07,30.615297317504883,30.839599609375,44.46200180053711,1131.0,0.0,60.884400606155396,,,,,,,,,,,,,,,,,
1132,1132.0,8.0,16.0,36.34512686729431,128.0,1.0,273483.0,775093.0,0.7391862869262695,2.0,2.0,2.0,0.3046875,16.0,0.06362785288008573,0.030290674418210983,0.44499459862709045,17088.0,16.0,1.0,273483.0,136704.0,0.49986287995963186,128.0,1.0,1.0,1.0,9.67455866932869,2.7248177083660505e-07,46.876044273376465,33.505126953125,46.81202697753906,1132.0,0.0,83.23911094665527,,,,,,,,,,,,,,,,,
1133,1133.0,8.0,16.0,40.70134973526001,128.0,1.0,296284.0,752292.0,0.7174415588378906,2.0,2.0,2.0,0.3984375,16.0,0.06057248508661066,0.032944921404123306,0.3873603343963623,18513.625,16.0,1.0,296284.0,148109.0,0.4998886203777457,128.0,1.0,1.0,1.0,10.481152176856995,2.7167780015165566e-07,44.35782337188721,35.783447265625,45.11045980453491,1133.0,0.0,85.88857793807983,,,,,,,,,,,,,,,,,
1134,1134.0,8.0,16.0,31.2423894405365,128.0,1.0,289772.0,758804.0,0.7236518859863281,2.0,2.0,2.0,0.2734375,16.0,0.055521938521014835,0.03318581357598305,0.40500837564468384,18107.0,16.0,1.0,289772.0,144856.0,0.4998964703283961,128.0,1.0,1.0,1.0,10.250787854194641,2.708745746251095e-07,40.736663818359375,35.510009765625,45.98818039894104,1134.0,0.0,77.31666398048401,,,,,,,,,,,,,,,,,
1135,1135.0,8.0,16.0,27.142902374267578,128.0,1.0,240679.0,807897.0,0.7704706192016602,2.0,2.0,2.0,0.3984375,16.0,0.06497665213040171,0.03315955027937889,0.49297431111335754,15038.0,16.0,1.0,240679.0,120304.0,0.499852500633624,128.0,1.0,1.0,1.0,8.514105468988419,2.700720968783948e-07,43.124263286590576,31.974365234375,41.80081486701965,1135.0,0.0,69.00598382949829,,,,,,,,,,,,,,,,,
1136,1136.0,8.0,16.0,26.875844717025757,128.0,1.0,332380.0,716196.0,0.6830177307128906,2.0,2.0,2.0,0.328125,16.0,0.04901164165822946,0.03041236475110054,0.3205702006816864,20769.625,16.0,1.0,332380.0,166157.0,0.499900716047897,128.0,1.0,1.0,1.0,11.758061051368713,2.6927036953049927e-07,38.40284585952759,36.50830078125,42.72777819633484,1136.0,0.0,69.68452882766724,,,,,,,,,,,,,,,,,
1137,1137.0,8.0,16.0,40.69163990020752,128.0,1.0,193113.0,855463.0,0.8158330917358398,2.0,2.0,2.0,0.6484375,16.0,0.052002375712753304,0.026402121409773827,0.43373826146125793,12066.0,16.0,1.0,193113.0,96528.0,0.49985241801432323,128.0,1.0,1.0,1.0,6.831441253423691,2.684693951979616e-07,35.03187608718872,30.197265625,39.30979633331299,1137.0,0.0,80.06074643135071,,,,,,,,,,,,,,,,,
1138,1138.0,8.0,16.0,40.24801182746887,128.0,1.0,272750.0,775826.0,0.7398853302001953,2.0,2.0,2.0,0.5,16.0,0.0502105535358324,0.027419438585639,0.3866000771522522,17042.375,16.0,1.0,272750.0,136339.0,0.4998680109990834,128.0,1.0,1.0,1.0,9.648628532886505,2.676691764948629e-07,41.18224906921387,33.71044921875,43.349289894104004,1138.0,0.0,83.69359111785889,,,,,,,,,,,,,,,,,
1139,1139.0,8.0,16.0,24.14787983894348,128.0,1.0,252919.0,795657.0,0.7587976455688477,2.0,2.0,2.0,0.4765625,16.0,0.06372529574400723,0.029451215639710426,0.5119590759277344,15803.625,16.0,1.0,252919.0,126429.0,0.49987940803182046,128.0,1.0,1.0,1.0,8.947099834680557,2.668697160328184e-07,33.066301345825195,32.907470703125,47.324774742126465,1139.0,0.0,71.53992986679077,,,,,,,,,,,,,,,,,
1140,1140.0,8.0,16.0,16.119092226028442,128.0,1.0,160514.0,888062.0,0.8469219207763672,2.0,2.0,2.0,0.5625,16.0,0.07590304880117617,0.0327012725174427,0.5988900661468506,10028.25,16.0,1.0,160514.0,80226.0,0.49980687042874766,128.0,1.0,1.0,1.0,5.67824000120163,2.660710164209682e-07,28.768929958343506,27.78759765625,37.75902843475342,1140.0,0.0,53.92459487915039,,,,,,26.0,,,,,31.0,,,,,,
1141,1141.0,8.0,16.0,32.14017391204834,128.0,1.0,286327.0,762249.0,0.7269372940063477,2.0,2.0,2.0,0.6015625,16.0,0.05279678266819587,0.028728989884257317,0.35472509264945984,17891.125,16.0,1.0,286327.0,143129.0,0.49987950839424855,128.0,1.0,1.0,1.0,10.128919750452042,2.652730802659697e-07,40.346195220947266,33.8271484375,43.52883195877075,1141.0,0.0,75.74524688720703,,,,,,,,,,,,,,,,,
1142,1142.0,8.0,16.0,18.781921863555908,128.0,1.0,203191.0,845385.0,0.8062219619750977,2.0,2.0,2.0,0.4296875,16.0,0.07535802094434126,0.041646525263786316,0.4829162061214447,12695.125,16.0,1.0,203191.0,101561.0,0.49983020901516306,128.0,1.0,1.0,1.0,7.187954097986221,2.6447591017198865e-07,32.40353441238403,30.099853515625,42.31439471244812,1142.0,0.0,61.15293622016907,,,,,,,,,,,,,,,,,
1143,1143.0,8.0,16.0,21.141242504119873,128.0,1.0,229254.0,819322.0,0.7813663482666016,2.0,2.0,2.0,0.5234375,16.0,0.06524344601354726,0.032797958701848984,0.4558551609516144,14325.0,16.0,1.0,229254.0,114600.0,0.4998822267005156,128.0,1.0,1.0,1.0,8.109942018985748,2.6367950874069056e-07,34.80809259414673,31.181396484375,39.53096842765808,1143.0,0.0,60.74213004112244,,,,,,,,,,,,,,,,,
1144,1144.0,8.0,16.0,34.69906759262085,128.0,1.0,319229.0,729347.0,0.6955595016479492,2.0,2.0,2.0,0.2578125,16.0,0.0453958617531226,0.02601187862455845,0.37555360794067383,19948.25,16.0,1.0,319229.0,159586.0,0.49991072239677475,128.0,1.0,1.0,1.0,11.292839735746384,2.628838785712324e-07,44.08581733703613,36.244873046875,47.75450110435486,1144.0,0.0,82.53224897384644,,,,,,,,,,,,,,,,,
1145,1145.0,8.0,16.0,20.74438190460205,128.0,1.0,197893.0,850683.0,0.811274528503418,2.0,2.0,2.0,0.4921875,16.0,0.05303128496975225,0.027656642720103264,0.44582483172416687,12363.875,16.0,1.0,197893.0,98911.0,0.4998206101276953,128.0,1.0,1.0,1.0,7.00053545832634,2.6208902226025366e-07,35.79090690612793,29.396728515625,39.331762075424194,1145.0,0.0,60.12940835952759,,,,,,,,,,,,,,,,,
1146,1146.0,8.0,16.0,27.43966007232666,128.0,1.0,219090.0,829486.0,0.7910594940185547,2.0,2.0,2.0,0.515625,16.0,0.0650721624756581,0.030364640057086945,0.5670704245567322,13689.25,16.0,1.0,219090.0,109514.0,0.49985850563695283,128.0,1.0,1.0,1.0,7.750386893749237,2.6129494240186865e-07,36.11473083496094,31.545166015625,40.103087186813354,1146.0,0.0,67.60059022903442,,,,,,,,,,,,,,,,,
1147,1147.0,8.0,16.0,36.485297441482544,128.0,1.0,221256.0,827320.0,0.7889938354492188,2.0,2.0,2.0,0.6640625,16.0,0.05457775138813946,0.03196080029010773,0.456827849149704,13824.875,16.0,1.0,221256.0,110599.0,0.49986893010811007,128.0,1.0,1.0,1.0,7.827009916305542,2.6050164158765765e-07,46.99840450286865,30.92724609375,44.187981367111206,1147.0,0.0,80.73075032234192,,,,,,,,,,,,,,,,,
1148,1148.0,8.0,16.0,41.24264669418335,128.0,1.0,311591.0,736985.0,0.7028436660766602,2.0,2.0,2.0,0.3984375,16.0,0.045289051790970196,0.024067018181085587,0.34439364075660706,19469.875,16.0,1.0,311591.0,155759.0,0.49988285926101844,128.0,1.0,1.0,1.0,11.022642761468887,2.597091224066581e-07,44.520357608795166,36.28173828125,45.707409143447876,1148.0,0.0,87.02911138534546,,,,,,,,,,,,,,,,,
1149,1149.0,8.0,16.0,30.959102869033813,128.0,1.0,235543.0,813033.0,0.7753686904907227,2.0,2.0,2.0,0.5390625,16.0,0.06115328833644576,0.03944342955946922,0.4075930416584015,14717.25,16.0,1.0,235543.0,117738.0,0.49985777543803045,128.0,1.0,1.0,1.0,8.332417637109756,2.5891738744535684e-07,37.91724491119385,31.82568359375,42.341925382614136,1149.0,0.0,73.36903142929077,,,,,,,,,,,,,,,,,
1150,1150.0,8.0,16.0,25.935264348983765,128.0,1.0,253667.0,794909.0,0.7580842971801758,2.0,2.0,2.0,0.3671875,16.0,0.05453985428058146,0.030555956065654755,0.35481977462768555,15850.125,16.0,1.0,253667.0,126801.0,0.49987187927479726,128.0,1.0,1.0,1.0,8.973560601472855,2.5812643928768113e-07,35.29176425933838,32.51416015625,42.733731508255005,1150.0,0.0,293.24473452568054,,,,,,,,,,,,,,,,,
1151,1151.0,8.0,16.0,33.995424032211304,128.0,1.0,248139.0,800437.0,0.7633562088012695,2.0,2.0,2.0,0.6328125,16.0,0.04976368854462273,0.028432976454496384,0.36591166257858276,15505.125,16.0,1.0,248139.0,124041.0,0.49988514501952536,128.0,1.0,1.0,1.0,8.778005629777908,2.573362805149903e-07,41.478968143463135,33.017333984375,41.941473722457886,1151.0,0.0,76.00343465805054,,,,,,,,,,,,,,,,,
1152,1152.0,8.0,16.0,29.687443017959595,128.0,1.0,261984.0,786592.0,0.750152587890625,2.0,2.0,2.0,0.21875,16.0,0.059791108010797844,0.03401031717658043,0.41002947092056274,16370.375,16.0,1.0,261984.0,130963.0,0.4998893062171736,128.0,1.0,1.0,1.0,9.267777442932129,2.565469137060677e-07,38.577903747558594,33.22216796875,41.50597071647644,1152.0,0.0,71.25760579109192,,,,,,,,,,,,,,,,,
1153,1153.0,8.0,16.0,37.292303800582886,128.0,1.0,315145.0,733431.0,0.6994543075561523,2.0,2.0,2.0,0.3671875,16.0,0.05133730298016419,0.030458685010671616,0.3567270040512085,19692.25,16.0,1.0,315145.0,157538.0,0.4998905265830015,128.0,1.0,1.0,1.0,11.148366779088974,2.5575834143711185e-07,44.19013071060181,36.147216796875,45.01239848136902,1153.0,0.0,82.38141894340515,,,,,,,,,,,,,,,,,
1154,1154.0,8.0,16.0,24.581902980804443,128.0,1.0,196520.0,852056.0,0.8125839233398438,2.0,2.0,2.0,0.328125,16.0,0.06415475843812908,0.031199291348457336,0.5280407667160034,12278.25,16.0,1.0,196520.0,98226.0,0.49982698961937716,128.0,1.0,1.0,1.0,6.951965093612671,2.549705662817279e-07,36.425485134124756,29.982666015625,38.34815692901611,1154.0,0.0,62.981834411621094,,,,,,,,,,,,,,,,,
1155,1155.0,8.0,16.0,41.37907290458679,128.0,1.0,310745.0,737831.0,0.7036504745483398,2.0,2.0,2.0,0.328125,16.0,0.07289854624810228,0.04656079784035683,0.45444461703300476,19417.375,16.0,1.0,310745.0,155339.0,0.4998921945646752,128.0,1.0,1.0,1.0,10.992715209722519,2.5418359081092e-07,41.733399868011475,36.0537109375,46.415427446365356,1155.0,0.0,87.86763763427734,,,,,,,,,,,,,,,,,
1156,1156.0,8.0,16.0,19.18534016609192,128.0,1.0,202495.0,846081.0,0.8068857192993164,2.0,2.0,2.0,0.6484375,16.0,0.06810380829462506,0.030486131086945534,0.8966646790504456,12651.75,16.0,1.0,202495.0,101214.0,0.4998345638163905,128.0,1.0,1.0,1.0,7.163332849740982,2.533974175930821e-07,31.17423915863037,29.9970703125,41.02710723876953,1156.0,0.0,60.264147996902466,,,,,,,,,,,,,,,,,
1157,1157.0,8.0,16.0,40.31220531463623,128.0,1.0,325768.0,722808.0,0.6893234252929688,2.0,2.0,2.0,0.3671875,16.0,0.049450705137525884,0.030238009989261627,0.41967910528182983,20357.0,16.0,1.0,325768.0,162856.0,0.4999140492620515,128.0,1.0,1.0,1.0,11.52415919303894,2.5261204919399035e-07,46.26778602600098,36.464599609375,48.015631437301636,1157.0,0.0,88.40348529815674,,,,,,,,,,,,,,,,,
1158,1158.0,8.0,16.0,25.983234643936157,128.0,1.0,268762.0,779814.0,0.7436885833740234,2.0,2.0,2.0,0.359375,16.0,0.06276293634202375,0.03413301706314087,0.42306920886039734,16793.75,16.0,1.0,268762.0,134350.0,0.4998846563130204,128.0,1.0,1.0,1.0,9.507551610469818,2.518274881767934e-07,36.392213344573975,33.682861328125,43.139217376708984,1158.0,0.0,69.18963766098022,,,,,,,,,,,,,,,,,
1159,1159.0,8.0,16.0,22.786643505096436,128.0,1.0,244336.0,804240.0,0.7669830322265625,2.0,2.0,2.0,0.46875,16.0,0.04917351357942754,0.030366096645593643,0.41459837555885315,15266.75,16.0,1.0,244336.0,122134.0,0.4998608473577369,128.0,1.0,1.0,1.0,8.643473148345947,2.5104373710200586e-07,36.784297943115234,31.962890625,40.97604560852051,1159.0,0.0,63.82492184638977,,,,,,,,,,,,,,,,,
1160,1160.0,8.0,16.0,20.548160314559937,128.0,1.0,189150.0,859426.0,0.8196125030517578,2.0,2.0,2.0,0.7265625,16.0,0.048362040868402977,0.022552963346242905,0.44241467118263245,11817.125,16.0,1.0,189150.0,94537.0,0.49979910124240023,128.0,1.0,1.0,1.0,6.691248714923859,2.502607985274985e-07,33.570899963378906,29.24951171875,38.51027154922485,1160.0,0.0,59.11522126197815,,,,,,,,,,,,,,,,,
1161,1161.0,8.0,16.0,31.33670711517334,128.0,1.0,209427.0,839149.0,0.8002748489379883,2.0,2.0,2.0,0.5234375,16.0,0.05580869416908514,0.03172080218791962,0.49142661690711975,13085.125,16.0,1.0,209427.0,104681.0,0.49984481466095587,128.0,1.0,1.0,1.0,7.408554822206497,2.4947867500849044e-07,37.14467668533325,30.92431640625,39.76160287857056,1161.0,0.0,71.16655731201172,,,,,,,,,,,,,,,,,
1162,1162.0,8.0,16.0,29.26337957382202,128.0,1.0,285322.0,763254.0,0.7278957366943359,2.0,2.0,2.0,0.5546875,16.0,0.04419146617927394,0.021417297422885895,0.4084191620349884,17828.5,16.0,1.0,285322.0,142628.0,0.49988434120046826,128.0,1.0,1.0,1.0,10.093367516994476,2.48697369097541e-07,37.21216869354248,35.04150390625,42.715209007263184,1162.0,0.0,72.04837703704834,,,,,,,,,,,,,,,,,
1163,1163.0,8.0,16.0,20.25990867614746,128.0,1.0,218073.0,830503.0,0.7920293807983398,2.0,2.0,2.0,0.5859375,16.0,0.04778774641939537,0.025997282937169075,0.39772066473960876,13624.875,16.0,1.0,218073.0,108999.0,0.49982803923456826,128.0,1.0,1.0,1.0,7.714410156011581,2.4791688334454053e-07,31.709710597991943,30.521728515625,39.17499375343323,1163.0,0.0,59.49706315994263,,,,,,,,,,,,,,,,,
1164,1164.0,8.0,16.0,26.87089967727661,128.0,1.0,208705.0,839871.0,0.8009634017944336,2.0,2.0,2.0,0.46875,16.0,0.05610321428540357,0.0339239202439785,0.4280342161655426,13040.0,16.0,1.0,208705.0,104320.0,0.49984427780838986,128.0,1.0,1.0,1.0,7.383013814687729,2.471372202967033e-07,38.18477916717529,30.47900390625,40.013779401779175,1164.0,0.0,66.941481590271,,,,,,,,,,,,,,,,,
1165,1165.0,8.0,16.0,28.897162675857544,128.0,1.0,275400.0,773176.0,0.7373580932617188,2.0,2.0,2.0,0.4609375,16.0,0.055843480340415606,0.032947275787591934,0.42064911127090454,17209.25,16.0,1.0,275400.0,137674.0,0.4999055918663762,128.0,1.0,1.0,1.0,9.74237322807312,2.463583824985584e-07,38.27530384063721,34.277099609375,45.764376640319824,1165.0,0.0,74.74394869804382,,,,,,,,,,,,,,,,,
1166,1166.0,8.0,16.0,23.570753812789917,128.0,1.0,244628.0,803948.0,0.7667045593261719,2.0,2.0,2.0,0.4296875,16.0,0.048406959518734985,0.023263264447450638,0.4502802789211273,15285.25,16.0,1.0,244628.0,122282.0,0.49986918913615774,128.0,1.0,1.0,1.0,8.653802752494812,2.455803724919417e-07,34.40221977233887,32.58740234375,41.622793197631836,1166.0,0.0,65.26537084579468,,,,,,,,,,,,,,,,,
1167,1167.0,8.0,16.0,37.530932664871216,128.0,1.0,280631.0,767945.0,0.7323694229125977,2.0,2.0,2.0,0.421875,16.0,0.04701301205503923,0.030178701505064964,0.3863632082939148,17535.375,16.0,1.0,280631.0,140283.0,0.4998841895585306,128.0,1.0,1.0,1.0,9.92742171883583,2.448031928159869e-07,46.334320068359375,34.458251953125,45.86095356941223,1167.0,0.0,83.4650993347168,,,,,,,,,,,,,,,,,
1168,1168.0,8.0,16.0,21.617384910583496,128.0,1.0,231829.0,816747.0,0.7789106369018555,2.0,2.0,2.0,0.5546875,16.0,0.044055731172069894,0.022227998822927475,0.3969653844833374,14485.625,16.0,1.0,231829.0,115885.0,0.49987275103632417,128.0,1.0,1.0,1.0,8.201033562421799,2.4402684600711867e-07,35.52888202667236,31.3330078125,39.75764846801758,1168.0,0.0,61.45021057128906,,,,,,,,,,,,,,,,,
1169,1169.0,8.0,16.0,24.3029305934906,128.0,1.0,215661.0,832915.0,0.7943296432495117,2.0,2.0,2.0,0.5078125,16.0,0.050507548714193204,0.02776389569044113,0.4653048515319824,13474.375,16.0,1.0,215661.0,107795.0,0.49983538980158676,128.0,1.0,1.0,1.0,7.629084795713425,2.432513345990429e-07,31.53784990310669,30.8662109375,38.73116588592529,1169.0,0.0,63.09240794181824,,,,,,,,,,,,,,,,,
1170,1170.0,8.0,16.0,25.271490812301636,128.0,1.0,262167.0,786409.0,0.7499780654907227,2.0,2.0,2.0,0.3359375,16.0,0.05252786152699255,0.02952778898179531,0.3427528738975525,16381.875,16.0,1.0,262167.0,131055.0,0.4998912906658733,128.0,1.0,1.0,1.0,9.274251133203506,2.4247666112273936e-07,34.82918643951416,33.737060546875,48.14486837387085,1170.0,0.0,73.48908424377441,,,,,,,,,,,,,,,,,
1171,1171.0,8.0,16.0,29.991243362426758,128.0,1.0,234365.0,814211.0,0.7764921188354492,2.0,2.0,2.0,0.2890625,16.0,0.06486440871368376,0.03650284186005592,0.48947829008102417,14643.875,16.0,1.0,234365.0,117151.0,0.4998655942653553,128.0,1.0,1.0,1.0,8.290745466947556,2.4170282810645297e-07,38.66164016723633,31.244140625,39.97457313537598,1171.0,0.0,70.02929925918579,,,,,,,,,,,,,,,,,
1172,1172.0,8.0,16.0,38.17553353309631,128.0,1.0,302416.0,746160.0,0.7115936279296875,2.0,2.0,2.0,0.5546875,16.0,0.042926062287519,0.025360912084579468,0.32835766673088074,18897.0,16.0,1.0,302416.0,151176.0,0.49989418549283104,128.0,1.0,1.0,1.0,10.698073863983154,2.4092983807568575e-07,46.03432893753052,36.01025390625,44.906315088272095,1172.0,0.0,83.16025280952454,,,,,,,,,,,,,,,,,
1173,1173.0,8.0,16.0,20.34167218208313,128.0,1.0,216787.0,831789.0,0.7932558059692383,2.0,2.0,2.0,0.6015625,16.0,0.04829617172792265,0.02590317465364933,0.4619657099246979,13545.25,16.0,1.0,216787.0,108362.0,0.49985469608417477,128.0,1.0,1.0,1.0,7.6689174473285675,2.4015769355318843e-07,31.762938499450684,30.82421875,41.076016902923584,1173.0,0.0,61.48116493225098,,,,,,,,,,,,,,,,,
1174,1174.0,8.0,16.0,16.55977988243103,128.0,1.0,192180.0,856396.0,0.8167228698730469,2.0,2.0,2.0,0.5078125,16.0,0.0474226733393452,0.024144496768712997,0.5020168423652649,12007.125,16.0,1.0,192180.0,96057.0,0.499828285981892,128.0,1.0,1.0,1.0,6.7984360456466675,2.393863970589525e-07,29.862364768981934,29.017822265625,38.96847367286682,1174.0,0.0,55.58381915092468,,,,,,,,,,,,,,,,,
1175,1175.0,8.0,16.0,20.0526864528656,128.0,1.0,216620.0,831956.0,0.7934150695800781,2.0,2.0,2.0,0.5078125,16.0,0.056882568493222326,0.028675124049186707,0.4252718687057495,13534.875,16.0,1.0,216620.0,108279.0,0.4998568922537162,128.0,1.0,1.0,1.0,7.663009762763977,2.38615951110202e-07,30.659863471984863,30.93701171875,39.69180130958557,1175.0,0.0,59.80476236343384,,,,,,,,,,,,,,,,,
1176,1176.0,8.0,16.0,41.402647256851196,128.0,1.0,298457.0,750119.0,0.7153692245483398,2.0,2.0,2.0,0.59375,16.0,0.04501251166903164,0.026406902819871902,0.32732072472572327,18650.25,16.0,1.0,298457.0,149202.0,0.49991120999004884,128.0,1.0,1.0,1.0,10.558022826910019,2.378463582213842e-07,44.79761266708374,35.51220703125,49.911089181900024,1176.0,0.0,91.39213800430298,,,,,,,,,,,,,,,,,
1177,1177.0,8.0,16.0,27.892526865005493,128.0,1.0,205067.0,843509.0,0.8044328689575195,2.0,2.0,2.0,0.40625,16.0,0.06301772131321064,0.034669242799282074,0.5430617332458496,12812.625,16.0,1.0,205067.0,102501.0,0.4998415152121014,128.0,1.0,1.0,1.0,7.25431826710701,2.3707762090416328e-07,38.20579767227173,30.409423828125,41.04457116127014,1177.0,0.0,68.99533295631409,,,,,,,,,,,,,,,,,
1178,1178.0,8.0,16.0,32.59119510650635,128.0,1.0,304456.0,744120.0,0.7096481323242188,2.0,2.0,2.0,0.34375,16.0,0.048166151805498,0.02913971059024334,0.33201873302459717,19024.5,16.0,1.0,304456.0,152196.0,0.49989489450035474,128.0,1.0,1.0,1.0,10.77023959159851,2.3630974166741073e-07,37.71216154098511,36.03466796875,53.44744873046875,1178.0,0.0,86.11523509025574,,,,,,,,,,,,,,,,,
1179,1179.0,8.0,16.0,25.612364768981934,128.0,1.0,218615.0,829961.0,0.7915124893188477,2.0,2.0,2.0,0.375,16.0,0.06540616547514055,0.030834706500172615,0.5633503794670105,13659.25,16.0,1.0,218615.0,109274.0,0.49984676257347394,128.0,1.0,1.0,1.0,7.733583599328995,2.3554272301719785e-07,35.685054302215576,30.82421875,40.366607427597046,1179.0,0.0,66.03841495513916,,,,,,,,,,,,,,,,,
1180,1180.0,8.0,16.0,39.62669849395752,128.0,1.0,236507.0,812069.0,0.774449348449707,2.0,2.0,2.0,0.5078125,16.0,0.04983131842579957,0.026324408128857613,0.44697168469429016,14777.5,16.0,1.0,236507.0,118220.0,0.4998583551438224,128.0,1.0,1.0,1.0,8.36651948094368,2.3477656745678677e-07,38.59373331069946,33.131591796875,45.50945162773132,1180.0,0.0,85.2027440071106,,,,,,,,,,,,,,,,,
1181,1181.0,8.0,16.0,40.2706503868103,128.0,1.0,279144.0,769432.0,0.7337875366210938,2.0,2.0,2.0,0.4140625,16.0,0.04778632926470767,0.027816936373710632,0.36071473360061646,17442.625,16.0,1.0,279144.0,139541.0,0.4998889462069756,128.0,1.0,1.0,1.0,9.874818563461304,2.3401127748662325e-07,43.72820568084717,34.769775390625,46.87794041633606,1181.0,0.0,87.22395730018616,,,,,,,,,,,,,,,,,
1182,1182.0,8.0,16.0,40.062255859375,128.0,1.0,331504.0,717072.0,0.6838531494140625,2.0,2.0,2.0,0.1640625,16.0,0.050758722477675156,0.03094923496246338,0.3126527965068817,20715.125,16.0,1.0,331504.0,165721.0,0.49990648679955596,128.0,1.0,1.0,1.0,11.72707223892212,2.3324685560432789e-07,42.72498178482056,37.179931640625,48.888946771621704,1182.0,0.0,89.03466653823853,,,,,,,,,,,,,,,,,
1183,1183.0,8.0,16.0,39.78421235084534,128.0,1.0,268800.0,779776.0,0.74365234375,2.0,2.0,2.0,0.421875,16.0,0.059347559071494964,0.03406333550810814,0.5251316428184509,16796.5,16.0,1.0,268800.0,134372.0,0.4998958333333333,128.0,1.0,1.0,1.0,9.508895874023438,2.3248330430468855e-07,38.80646085739136,34.403564453125,43.865761041641235,1183.0,0.0,83.71971249580383,,,,,,,,,,,,,,,,,
1184,1184.0,8.0,16.0,15.353603839874268,128.0,1.0,183577.0,864999.0,0.8249273300170898,2.0,2.0,2.0,0.4609375,16.0,0.07593292396923385,0.03943721950054169,0.5036781430244446,11469.75,16.0,1.0,183577.0,91758.0,0.49983385718254464,128.0,1.0,1.0,1.0,6.494101852178574,2.3172062607965165e-07,28.702789306640625,29.034423828125,37.50602412223816,1184.0,0.0,52.90984034538269,,,,,,,,,,,,,,,,,
1185,1185.0,8.0,16.0,27.419252634048462,128.0,1.0,227858.0,820718.0,0.7826976776123047,2.0,2.0,2.0,0.6328125,16.0,0.05679328820138465,0.0325155034661293,0.3918919563293457,14236.75,16.0,1.0,227858.0,113894.0,0.4998463955621484,128.0,1.0,1.0,1.0,8.060558021068573,2.309588234183137e-07,36.28798007965088,31.554931640625,39.54481816291809,1185.0,0.0,67.02523922920227,,,,,,,,,,,,,,,,,
1186,1186.0,8.0,16.0,33.00534009933472,128.0,1.0,228063.0,820513.0,0.7825021743774414,2.0,2.0,2.0,0.4453125,16.0,0.05584145955414626,0.030945366248488426,0.48199692368507385,14250.0,16.0,1.0,228063.0,114000.0,0.4998618802699254,128.0,1.0,1.0,1.0,8.067809969186783,2.3019789880691433e-07,40.996047019958496,31.696044921875,41.297309160232544,1186.0,0.0,74.36524176597595,,,,,,,,,,,,,,,,,
1187,1187.0,8.0,16.0,30.821937561035156,128.0,1.0,255965.0,792611.0,0.7558927536010742,2.0,2.0,2.0,0.4921875,16.0,0.06125989103269803,0.028472987934947014,0.6253976821899414,15993.75,16.0,1.0,255965.0,127950.0,0.49987302951575413,128.0,1.0,1.0,1.0,9.054853171110153,2.2943785472882732e-07,42.96797561645508,32.408447265625,46.96068263053894,1187.0,0.0,77.8516411781311,,,,,,,,,,,,,,,,,
1188,1188.0,8.0,16.0,40.9142689704895,128.0,1.0,283055.0,765521.0,0.7300577163696289,2.0,2.0,2.0,0.3671875,16.0,0.05428830856789942,0.03586820885539055,0.41957777738571167,17686.875,16.0,1.0,283055.0,141495.0,0.49988518132518417,128.0,1.0,1.0,1.0,10.013171583414078,2.2867869366455294e-07,46.01079750061035,34.967529296875,46.53294610977173,1188.0,0.0,87.52501893043518,,,,,,,,,,,,,,,,,
1189,1189.0,8.0,16.0,26.326377630233765,128.0,1.0,205386.0,843190.0,0.8041286468505859,2.0,2.0,2.0,0.59375,16.0,0.05029122090132798,0.02277858927845955,0.4913184940814972,12832.875,16.0,1.0,205386.0,102663.0,0.49985393356898716,128.0,1.0,1.0,1.0,7.265603005886078,2.2792041809170902e-07,34.138336181640625,30.346435546875,40.43773317337036,1189.0,0.0,66.8221230506897,,,,,,,,,,,,,,,,,
1190,1190.0,8.0,16.0,35.009456634521484,128.0,1.0,219636.0,828940.0,0.7905387878417969,2.0,2.0,2.0,0.4140625,16.0,0.05837119678004501,0.03629209101200104,0.4974750876426697,13723.5,16.0,1.0,219636.0,109788.0,0.49986341036988474,128.0,1.0,1.0,1.0,7.769701838493347,2.2716303048502418e-07,37.29900884628296,31.5498046875,43.057145833969116,1190.0,0.0,78.13112568855286,,,,,,,,,,,,,,,,,
1191,1191.0,8.0,16.0,40.24197220802307,128.0,1.0,254082.0,794494.0,0.7576885223388672,2.0,2.0,2.0,0.609375,16.0,0.0532938295530124,0.02890733815729618,0.44171637296676636,15876.5,16.0,1.0,254082.0,127012.0,0.4998858636188317,128.0,1.0,1.0,1.0,8.988241374492645,2.2640653331632863e-07,41.86993074417114,33.558837890625,45.949055671691895,1191.0,0.0,86.25750017166138,,,,,,,,,,,,,,,,,
1192,1192.0,8.0,16.0,37.100369930267334,128.0,1.0,321785.0,726791.0,0.6931219100952148,2.0,2.0,2.0,0.3125,16.0,0.044702808172252875,0.02972542867064476,0.3352445363998413,20107.75,16.0,1.0,321785.0,160862.0,0.49990521621579626,128.0,1.0,1.0,1.0,11.383259147405624,2.256509290545467e-07,40.213738441467285,37.44091796875,50.144487142562866,1192.0,0.0,87.32224535942078,,,,,,,,,,,,,,,,,
1193,1193.0,8.0,16.0,39.71686005592346,128.0,1.0,356469.0,692107.0,0.6600446701049805,2.0,2.0,2.0,0.203125,16.0,0.05820686119042416,0.03716173768043518,0.40394723415374756,22275.125,16.0,1.0,356469.0,178201.0,0.4999060226835994,128.0,1.0,1.0,1.0,12.61021801829338,2.2489622016568855e-07,45.122857093811035,38.259033203125,49.40553951263428,1193.0,0.0,89.20653510093689,,,,,,,,,,,,,,,,,
1194,1194.0,8.0,16.0,40.65510702133179,128.0,1.0,311296.0,737280.0,0.703125,2.0,2.0,2.0,0.5546875,16.0,0.03865277244314526,0.0237901508808136,0.3087156414985657,19451.875,16.0,1.0,311296.0,155615.0,0.4998939915707237,128.0,1.0,1.0,1.0,11.01220703125,2.2414240911284215e-07,54.01825714111328,36.21533203125,48.35301995277405,1194.0,0.0,89.08890438079834,,,,,,,,,,,,,,,,,
1195,1195.0,8.0,16.0,34.9083137512207,128.0,1.0,186716.0,861860.0,0.8219337463378906,2.0,2.0,2.0,0.4140625,16.0,0.04927008215367768,0.025267718359827995,0.6193365454673767,11666.5,16.0,1.0,186716.0,93332.0,0.4998607510872127,128.0,1.0,1.0,1.0,6.60514509677887,2.2338949835616533e-07,41.886837005615234,29.482421875,41.752389430999756,1195.0,0.0,76.71191334724426,,,,,,,,,,,,,,,,,
1196,1196.0,8.0,16.0,40.5479838848114,128.0,1.0,225638.0,822938.0,0.7848148345947266,2.0,2.0,2.0,0.484375,16.0,0.05469318489041662,0.025220796465873718,0.5484777688980103,14098.25,16.0,1.0,225638.0,112786.0,0.49985374803889415,128.0,1.0,1.0,1.0,7.982024729251862,2.2263749035287765e-07,45.33215665817261,31.564208984375,43.84405565261841,1196.0,0.0,84.45126175880432,,,,,,,,,,,,,,,,,
1197,1197.0,8.0,16.0,22.001923084259033,128.0,1.0,198496.0,850080.0,0.810699462890625,2.0,2.0,2.0,0.4609375,16.0,0.06339812982735997,0.03225689008831978,0.48128488659858704,12401.875,16.0,1.0,198496.0,99215.0,0.4998337497984846,128.0,1.0,1.0,1.0,7.021866798400879,2.2188638755725263e-07,35.94244861602783,30.031005859375,38.77560830116272,1197.0,0.0,60.832069396972656,,,,,,,,,,,,,,,,,
1198,1198.0,8.0,16.0,23.949950218200684,128.0,1.0,243985.0,804591.0,0.7673177719116211,2.0,2.0,2.0,0.640625,16.0,0.05129234181555473,0.026266824454069138,0.43494588136672974,15245.375,16.0,1.0,243985.0,121963.0,0.499879090927721,128.0,1.0,1.0,1.0,8.631056398153305,2.21136192420609e-07,36.18102407455444,32.18701171875,41.7442524433136,1198.0,0.0,65.75947952270508,,,,,,,,,,,,,,,,,
1199,1199.0,8.0,16.0,22.478286266326904,128.0,1.0,278163.0,770413.0,0.7347230911254883,2.0,2.0,2.0,0.4453125,16.0,0.05854541184796581,0.030305005609989166,0.45116403698921204,17381.25,16.0,1.0,278163.0,139050.0,0.49988675704532953,128.0,1.0,1.0,1.0,9.840115338563919,2.203869073913036e-07,37.337793827056885,33.91552734375,42.53092885017395,1199.0,0.0,65.08087873458862,,,,,,,,,,,,,,,,,
1200,1200.0,8.0,16.0,28.59791374206543,128.0,1.0,237722.0,810854.0,0.7732906341552734,2.0,2.0,2.0,0.515625,16.0,0.050232712497530536,0.030113549903035164,0.3649175465106964,14854.375,16.0,1.0,237722.0,118835.0,0.49989062854931393,128.0,1.0,1.0,1.0,8.409500539302826,2.196385349147231e-07,36.71348237991333,31.996337890625,39.19512462615967,1200.0,0.0,295.15634298324585,,,,,,,,,,,,,,,,,
1201,1201.0,8.0,16.0,38.25051164627075,128.0,1.0,289616.0,758960.0,0.7238006591796875,2.0,2.0,2.0,0.328125,16.0,0.05290224112566992,0.030612491071224213,0.3631202280521393,18096.75,16.0,1.0,289616.0,144774.0,0.4998826031710955,128.0,1.0,1.0,1.0,10.245269298553467,2.188910774332758e-07,47.427884578704834,34.550537109375,45.12676548957825,1201.0,0.0,83.45998239517212,,,,,,,,,,,,,,,,,
1202,1202.0,8.0,16.0,25.07968282699585,128.0,1.0,247865.0,800711.0,0.7636175155639648,2.0,2.0,2.0,0.5703125,16.0,0.0532969952984533,0.03288576379418373,0.3959195613861084,15487.625,16.0,1.0,247865.0,123901.0,0.4998729146914651,128.0,1.0,1.0,1.0,8.768312782049179,2.1814453738638394e-07,39.93472957611084,32.858642578125,43.561907052993774,1202.0,0.0,68.70765209197998,,,,,,,,,,,,,,,,,
1203,1203.0,8.0,16.0,26.30162286758423,128.0,1.0,232897.0,815679.0,0.7778921127319336,2.0,2.0,2.0,0.4375,16.0,0.06565217916753119,0.03747743368148804,0.5415912866592407,14552.0,16.0,1.0,232897.0,116416.0,0.4998604533334478,128.0,1.0,1.0,1.0,8.238814443349838,2.1739891721047516e-07,40.29899072647095,31.52978515625,42.70031452178955,1203.0,0.0,69.06330442428589,,,,,,,,,,,,,,,,,
1204,1204.0,8.0,16.0,40.53703713417053,128.0,1.0,214293.0,834283.0,0.7956342697143555,2.0,2.0,2.0,0.640625,16.0,0.06182405099926139,0.02861347794532776,0.48990583419799805,13389.5,16.0,1.0,214293.0,107116.0,0.4998576715058355,128.0,1.0,1.0,1.0,7.580691307783127,2.1665421933897544e-07,39.49711227416992,31.43896484375,41.43951082229614,1204.0,0.0,82.0354495048523,,,,,,,,,,,,,,,,,
1205,1205.0,8.0,16.0,27.582436323165894,128.0,1.0,234984.0,813592.0,0.7759017944335938,2.0,2.0,2.0,0.53125,16.0,0.05147636028459593,0.027658997103571892,0.43500828742980957,14682.75,16.0,1.0,234984.0,117462.0,0.4998723317332244,128.0,1.0,1.0,1.0,8.312642812728882,2.159104462023006e-07,36.60015869140625,31.732421875,41.70975422859192,1205.0,0.0,69.3540518283844,,,,,,,,,,,,,,,,,
1206,1206.0,8.0,16.0,40.58969783782959,128.0,1.0,254089.0,794487.0,0.7576818466186523,2.0,2.0,2.0,0.4609375,16.0,0.05391026862293974,0.027918674051761627,0.34880131483078003,15876.75,16.0,1.0,254089.0,127014.0,0.49987996331993906,128.0,1.0,1.0,1.0,8.988489001989365,2.1516760022784836e-07,47.690330028533936,32.865234375,43.479893922805786,1206.0,0.0,84.13937044143677,,,,,,,,,,,,,,,,,
1207,1207.0,8.0,16.0,40.579994201660156,128.0,1.0,249108.0,799468.0,0.7624320983886719,2.0,2.0,2.0,0.5546875,16.0,0.06196461203359989,0.030230246484279633,0.841032862663269,15565.0,16.0,1.0,249108.0,124520.0,0.4998635130144355,128.0,1.0,1.0,1.0,8.812284350395203,2.1442568383999067e-07,47.48669767379761,32.7724609375,45.8447003364563,1207.0,0.0,86.49607682228088,,,,,,,,,,,,,,,,,
1208,1208.0,8.0,16.0,29.245766401290894,128.0,1.0,247210.0,801366.0,0.7642421722412109,2.0,2.0,2.0,0.265625,16.0,0.04719579868283018,0.025416038930416107,0.3643098771572113,15446.25,16.0,1.0,247210.0,123570.0,0.49985841996682984,128.0,1.0,1.0,1.0,8.745141923427582,2.1368469946006557e-07,35.298312187194824,32.596923828125,40.395570516586304,1208.0,0.0,69.70509219169617,,,,,,,,,,,,,,,,,
1209,1209.0,8.0,16.0,20.40330457687378,128.0,1.0,216005.0,832571.0,0.794001579284668,2.0,2.0,2.0,0.3203125,16.0,0.06831480450251952,0.036416877061128616,0.44596126675605774,13496.25,16.0,1.0,216005.0,107970.0,0.4998495405198954,128.0,1.0,1.0,1.0,7.6412539184093475,2.1294464950636937e-07,32.88822841644287,31.037353515625,43.168370485305786,1209.0,0.0,63.63545751571655,,,,,,,,,,,,,,,,,
1210,1210.0,8.0,16.0,21.733030557632446,128.0,1.0,165172.0,883404.0,0.8424797058105469,2.0,2.0,2.0,0.390625,16.0,0.0875163710512924,0.04213647171854973,0.6522538661956787,10319.125,16.0,1.0,165172.0,82553.0,0.4998002082677451,128.0,1.0,1.0,1.0,5.843018412590027,2.1220553639414873e-07,32.99075794219971,28.23193359375,37.11930274963379,1210.0,0.0,58.90506196022034,,,,,,,,,,,,,,,,,
1211,1211.0,8.0,16.0,39.93051099777222,128.0,1.0,257542.0,791034.0,0.7543888092041016,2.0,2.0,2.0,0.46875,16.0,0.04035037708201732,0.023863546550273895,0.3444072902202606,16092.625,16.0,1.0,257542.0,128741.0,0.4998835141452656,128.0,1.0,1.0,1.0,9.110640108585358,2.1146736253559316e-07,41.41532039642334,33.9130859375,43.22530674934387,1211.0,0.0,83.2226254940033,,,,,,,,,,,,,,,,,
1212,1212.0,8.0,16.0,23.750490427017212,128.0,1.0,232300.0,816276.0,0.7784614562988281,2.0,2.0,2.0,0.484375,16.0,0.05433419121141005,0.0252330731600523,0.3883433938026428,14515.625,16.0,1.0,232300.0,116125.0,0.4998923805424021,128.0,1.0,1.0,1.0,8.217695355415344,2.1073013033982607e-07,31.211638927459717,31.6669921875,39.579527854919434,1212.0,0.0,63.389731884002686,,,,,,,,,,,,,,,,,
1213,1213.0,8.0,16.0,41.27849721908569,128.0,1.0,300437.0,748139.0,0.7134809494018555,2.0,2.0,2.0,0.390625,16.0,0.06325022609566534,0.033023808151483536,0.4189293682575226,18774.0,16.0,1.0,300437.0,150192.0,0.49991179515172895,128.0,1.0,1.0,1.0,10.628066033124924,2.099938422128982e-07,42.841492652893066,35.197021484375,44.24023938179016,1213.0,0.0,85.59706544876099,,,,,,,,,,,,,,,,,
1214,1214.0,8.0,16.0,36.07841777801514,128.0,1.0,235783.0,812793.0,0.7751398086547852,2.0,2.0,2.0,0.6953125,16.0,0.043253032517019355,0.022371262311935425,0.4743334650993347,14732.5,16.0,1.0,235783.0,117860.0,0.4998664025820352,128.0,1.0,1.0,1.0,8.340907722711563,2.0925850055777905e-07,37.33390712738037,33.353515625,43.09917497634888,1214.0,0.0,79.24287104606628,,,,,,,,,,,,,,,,,
1215,1215.0,8.0,16.0,38.90646696090698,128.0,1.0,224413.0,824163.0,0.7859830856323242,2.0,2.0,2.0,0.3359375,16.0,0.05630943712744557,0.025826741009950638,0.49475598335266113,14021.875,16.0,1.0,224413.0,112175.0,0.4998596338001809,128.0,1.0,1.0,1.0,7.9386899173259735,2.085241077743493e-07,43.093146324157715,32.7802734375,43.54759335517883,1215.0,0.0,82.51460123062134,,,,,,,,,,,,,,,,,
1216,1216.0,8.0,16.0,36.51375675201416,128.0,1.0,285407.0,763169.0,0.7278146743774414,2.0,2.0,2.0,0.3984375,16.0,0.06306356962584188,0.03595833107829094,0.4004794657230377,17834.375,16.0,1.0,285407.0,142675.0,0.4999001426033699,128.0,1.0,1.0,1.0,10.096374422311783,2.0779066625939274e-07,42.817476749420166,35.34375,43.287617206573486,1216.0,0.0,79.89060235023499,,,,,,,,,,,,,,,,,
1217,1217.0,8.0,16.0,27.923239946365356,128.0,1.0,216590.0,831986.0,0.7934436798095703,2.0,2.0,2.0,0.3828125,16.0,0.05868866478863631,0.031272903084754944,0.4647431969642639,13532.75,16.0,1.0,216590.0,108262.0,0.4998476383951244,128.0,1.0,1.0,1.0,7.661948502063751,2.070581784065885e-07,31.829607486724854,31.81982421875,35.72261452674866,1217.0,0.0,63.710187911987305,,,,,,,,,,,,,,,,,
1218,1218.0,8.0,16.0,26.078192234039307,128.0,1.0,276527.0,772049.0,0.7362833023071289,2.0,2.0,2.0,0.484375,16.0,0.0617371261849852,0.03643196448683739,0.4455368220806122,17279.0,16.0,1.0,276527.0,138232.0,0.49988608707287174,128.0,1.0,1.0,1.0,9.782241255044937,2.0632664660650357e-07,39.755043029785156,33.517578125,35.50463533401489,1218.0,0.0,61.66036033630371,,,,,,,,,,,,,,,,,
1219,1219.0,8.0,16.0,30.511624097824097,128.0,1.0,245621.0,802955.0,0.7657575607299805,2.0,2.0,2.0,0.484375,16.0,0.044795972844177766,0.024467425420880318,0.4506598711013794,15347.625,16.0,1.0,245621.0,122781.0,0.4998798962629417,128.0,1.0,1.0,1.0,8.688930481672287,2.0559607324658446e-07,40.418710231781006,31.960205078125,36.24049139022827,1219.0,0.0,66.81768560409546,,,,,,,,,,,,,,,,,
1220,1220.0,8.0,16.0,40.52076864242554,128.0,1.0,226014.0,822562.0,0.7844562530517578,2.0,2.0,2.0,0.546875,16.0,0.04961080320217447,0.02200307697057724,0.5207488536834717,14122.625,16.0,1.0,226014.0,112981.0,0.4998849628784058,128.0,1.0,1.0,1.0,7.995325863361359,2.0486646071115005e-07,50.789795875549316,31.52734375,45.12415647506714,1220.0,0.0,85.70832562446594,,,,,,,,,,,,,,,,,
1221,1221.0,8.0,16.0,41.427947998046875,128.0,1.0,183541.0,865035.0,0.8249616622924805,2.0,2.0,2.0,0.828125,16.0,0.03625816533183592,0.017846958711743355,0.5061904788017273,11467.25,16.0,1.0,183541.0,91738.0,0.499822927847184,128.0,1.0,1.0,1.0,6.492828339338303,2.0413781138138286e-07,44.56810903549194,28.880615234375,40.12340331077576,1221.0,0.0,81.6078953742981,,,,,,,,,,,,,,,,,
1222,1222.0,8.0,16.0,20.046799421310425,128.0,1.0,202827.0,845749.0,0.8065690994262695,2.0,2.0,2.0,0.5859375,16.0,0.05776377968009856,0.02412528358399868,0.46664857864379883,12672.5,16.0,1.0,202827.0,101380.0,0.4998348346127488,128.0,1.0,1.0,1.0,7.175077468156815,2.0341012763532239e-07,34.49254322052002,29.69140625,39.48395085334778,1222.0,0.0,59.590411901474,,,,,,,,,,,,,,,,,
1223,1223.0,8.0,16.0,41.405638217926025,128.0,1.0,277246.0,771330.0,0.7355976104736328,2.0,2.0,2.0,0.4140625,16.0,0.04897205452491199,0.03017197921872139,0.3843247592449188,17324.125,16.0,1.0,277246.0,138593.0,0.49989179284822866,128.0,1.0,1.0,1.0,9.807676136493683,2.026834118478567e-07,45.076438426971436,34.313720703125,49.477330446243286,1223.0,0.0,90.95375227928162,,,,,,,,,,,,,,,,,
1224,1224.0,8.0,16.0,36.904746770858765,128.0,1.0,280494.0,768082.0,0.7325000762939453,2.0,2.0,2.0,0.4140625,16.0,0.058840366621199985,0.030485082417726517,0.5634834170341492,17526.125,16.0,1.0,280494.0,140209.0,0.4998645247313668,128.0,1.0,1.0,1.0,9.922575294971466,2.0195766639071483e-07,48.92297601699829,33.5341796875,42.553377866744995,1224.0,0.0,79.5295205116272,,,,,,,,,,,,,,,,,
1225,1225.0,8.0,16.0,34.964415550231934,128.0,1.0,259461.0,789115.0,0.752558708190918,2.0,2.0,2.0,0.3984375,16.0,0.06146652225842349,0.035489168018102646,0.4517986476421356,16213.0,16.0,1.0,259461.0,129704.0,0.49989786518975876,128.0,1.0,1.0,1.0,9.178525418043137,2.0123289363245872e-07,42.936925411224365,32.794677734375,43.07183599472046,1225.0,0.0,78.10172533988953,,,,,,,,,,,,,,,,,
1226,1226.0,8.0,16.0,32.55715298652649,128.0,1.0,277326.0,771250.0,0.7355213165283203,2.0,2.0,2.0,0.3671875,16.0,0.05118806545325329,0.027874961495399475,0.4229913353919983,17328.5,16.0,1.0,277326.0,138628.0,0.49987379473976473,128.0,1.0,1.0,1.0,9.810506165027618,2.0050909593847615e-07,39.209049224853516,34.23779296875,42.83471989631653,1226.0,0.0,75.4621856212616,,,,,,,,,,,,,,,,,
1227,1227.0,8.0,16.0,40.02343392372131,128.0,1.0,200570.0,848006.0,0.8087215423583984,2.0,2.0,2.0,0.4921875,16.0,0.04503405702515688,0.021564148366451263,0.4285794198513031,12532.125,16.0,1.0,200570.0,100257.0,0.49986039786608166,128.0,1.0,1.0,1.0,7.095235288143158,1.9978627567097244e-07,42.33842945098877,30.096435546875,40.48632311820984,1227.0,0.0,80.56119728088379,,,,,,,,,,,,,,,,,
1228,1228.0,8.0,16.0,33.010056495666504,128.0,1.0,212707.0,835869.0,0.7971467971801758,2.0,2.0,2.0,0.53125,16.0,0.05104418126515837,0.026823855936527252,0.4760162830352783,13290.0,16.0,1.0,212707.0,106320.0,0.49984250635851196,128.0,1.0,1.0,1.0,7.524585992097855,1.990644351889632e-07,44.968960762023926,30.333740234375,41.73546028137207,1228.0,0.0,74.81055212020874,,,,,,,,,,,,,,,,,
1229,1229.0,8.0,16.0,40.6360342502594,128.0,1.0,229279.0,819297.0,0.7813425064086914,2.0,2.0,2.0,0.421875,16.0,0.05393642692044722,0.026404164731502533,0.6115502119064331,14326.25,16.0,1.0,229279.0,114610.0,0.49987133579612614,128.0,1.0,1.0,1.0,8.110826402902603,1.9834357684826608e-07,52.03507089614868,31.0693359375,45.75074815750122,1229.0,0.0,86.44421362876892,,,,,,,,,,,,,,,,,
1230,1230.0,8.0,16.0,20.89761996269226,128.0,1.0,246614.0,801962.0,0.7648105621337891,2.0,2.0,2.0,0.5859375,16.0,0.05230609943810389,0.02762964554131031,0.43212422728538513,15410.375,16.0,1.0,246614.0,123283.0,0.49990268192397835,128.0,1.0,1.0,1.0,8.724058210849762,1.9762370300149367e-07,35.780046463012695,32.30908203125,37.03026485443115,1230.0,0.0,57.988722801208496,,,,,,,,,,,,,,,,,
1231,1231.0,8.0,16.0,39.44015169143677,128.0,1.0,263422.0,785154.0,0.7487812042236328,2.0,2.0,2.0,0.4609375,16.0,0.05407777650889155,0.030846480280160904,0.38601890206336975,16459.625,16.0,1.0,263422.0,131677.0,0.4998709295351186,128.0,1.0,1.0,1.0,9.31864720582962,1.9690481599804526e-07,42.14982795715332,33.43994140625,37.04941773414612,1231.0,0.0,76.5565459728241,,,,,,,,,,,,,,,,,
1232,1232.0,8.0,16.0,31.907317876815796,128.0,1.0,175231.0,873345.0,0.8328866958618164,2.0,2.0,2.0,0.4375,16.0,0.057082246837551955,0.02564026229083538,0.5403232574462891,10948.25,16.0,1.0,175231.0,87586.0,0.4998316507923826,128.0,1.0,1.0,1.0,6.198859125375748,1.9618691818409965e-07,35.427722454071045,28.641845703125,35.90182113647461,1232.0,0.0,67.85743355751038,,,,,,,,,,,,,,,,,
1233,1233.0,8.0,16.0,21.889337301254272,128.0,1.0,205344.0,843232.0,0.804168701171875,2.0,2.0,2.0,0.4609375,16.0,0.053429517658074105,0.026686768978834152,0.611910879611969,12830.25,16.0,1.0,205344.0,102642.0,0.4998539036933146,128.0,1.0,1.0,1.0,7.264117240905762,1.9547001190260742e-07,30.982421398162842,30.02587890625,40.465378522872925,1233.0,0.0,62.40812301635742,,,,,,,,,,,,,,,,,
1234,1234.0,8.0,16.0,21.667219638824463,128.0,1.0,213921.0,834655.0,0.7959890365600586,2.0,2.0,2.0,0.6484375,16.0,0.06763480756070193,0.031247945502400398,0.49094438552856445,13366.25,16.0,1.0,213921.0,106930.0,0.49985742400231864,128.0,1.0,1.0,1.0,7.5675316751003265,1.947540994932826e-07,31.363969802856445,30.556396484375,37.71850109100342,1234.0,0.0,59.440128803253174,,,,,,,,,,,,,,,,,
1235,1235.0,8.0,16.0,40.926350831985474,128.0,1.0,316464.0,732112.0,0.6981964111328125,2.0,2.0,2.0,0.3515625,16.0,0.040142326274109255,0.025960413739085197,0.2614844739437103,19775.25,16.0,1.0,316464.0,158202.0,0.4999052024874867,128.0,1.0,1.0,1.0,11.195026874542236,1.9403918329259616e-07,50.22049808502197,36.564208984375,47.432395219802856,1235.0,0.0,88.4348258972168,,,,,,,,,,,,,,,,,
1236,1236.0,8.0,16.0,41.47520422935486,128.0,1.0,318646.0,729930.0,0.6961154937744141,2.0,2.0,2.0,0.5078125,16.0,0.04406365339847878,0.02467944659292698,0.5504397749900818,19911.125,16.0,1.0,318646.0,159289.0,0.49989329851936004,128.0,1.0,1.0,1.0,11.272215902805328,1.9332526563376765e-07,47.703407287597656,36.451416015625,48.458683252334595,1236.0,0.0,90.01321768760681,,,,,,,,,,,,,,,,,
1237,1237.0,8.0,16.0,23.510350704193115,128.0,1.0,256930.0,791646.0,0.7549724578857422,2.0,2.0,2.0,0.421875,16.0,0.05295303049693387,0.030148198828101158,0.4271235466003418,16054.0,16.0,1.0,256930.0,128432.0,0.4998715603471763,128.0,1.0,1.0,1.0,9.08899039030075,1.926123488467577e-07,35.06391429901123,33.01708984375,39.940786600112915,1237.0,0.0,63.51398324966431,,,,,,,,,,,,,,,,,
1238,1238.0,8.0,16.0,32.10446834564209,128.0,1.0,193377.0,855199.0,0.8155813217163086,2.0,2.0,2.0,0.6171875,16.0,0.05587483478942284,0.02996217831969261,0.5431613922119141,12081.25,16.0,1.0,193377.0,96650.0,0.49980090703651414,128.0,1.0,1.0,1.0,6.840780347585678,1.9190043525826067e-07,34.32615375518799,30.587646484375,42.560266971588135,1238.0,0.0,74.7168493270874,,,,,,,,,,,,,,,,,
1239,1239.0,8.0,16.0,24.75390648841858,128.0,1.0,208607.0,839969.0,0.8010568618774414,2.0,2.0,2.0,0.484375,16.0,0.06137691057827208,0.03148931637406349,0.5170913338661194,13034.25,16.0,1.0,208607.0,104274.0,0.49985858576174336,128.0,1.0,1.0,1.0,7.379547029733658,1.9118952719169617e-07,35.719661712646484,30.9521484375,44.81343388557434,1239.0,0.0,69.62283396720886,,,,,,,,,,,,,,,,,
1240,1240.0,8.0,16.0,39.97170925140381,128.0,1.0,256913.0,791663.0,0.7549886703491211,2.0,2.0,2.0,0.3125,16.0,0.05782343820548201,0.034215666353702545,0.3673184812068939,16053.0,16.0,1.0,256913.0,128424.0,0.4998734980324079,128.0,1.0,1.0,1.0,9.08838900923729,1.9047962696720317e-07,37.3680682182312,33.8505859375,42.6030912399292,1240.0,0.0,82.64042472839355,,,,,,,,,,,,,,,,,
1241,1241.0,8.0,16.0,29.436259269714355,128.0,1.0,277800.0,770776.0,0.7350692749023438,2.0,2.0,2.0,0.2265625,16.0,0.05638563765564508,0.030609557405114174,0.3589054346084595,17358.25,16.0,1.0,277800.0,138866.0,0.4998776097912167,128.0,1.0,1.0,1.0,9.827274084091187,1.8977073690163071e-07,38.421061992645264,34.315673828125,43.43551969528198,1241.0,0.0,72.9383065700531,,,,,,,,,,,,,,,,,
1242,1242.0,8.0,16.0,23.581364631652832,128.0,1.0,276213.0,772363.0,0.7365827560424805,2.0,2.0,2.0,0.140625,16.0,0.05937655679977352,0.03120317868888378,0.4070526361465454,17259.375,16.0,1.0,276213.0,138075.0,0.49988595757621834,128.0,1.0,1.0,1.0,9.77113339304924,1.8906285930853156e-07,37.5342812538147,33.81787109375,41.990954875946045,1242.0,0.0,65.65251231193542,,,,,,,,,,,,,,,,,
1243,1243.0,8.0,16.0,28.042613983154297,128.0,1.0,263618.0,784958.0,0.7485942840576172,2.0,2.0,2.0,0.40625,16.0,0.05639145130002166,0.03399873152375221,0.4284764230251312,16471.875,16.0,1.0,263618.0,131775.0,0.4998710254990175,128.0,1.0,1.0,1.0,9.325580775737762,1.8835599649815337e-07,39.5396466255188,34.023193359375,37.01922392845154,1243.0,0.0,65.12838530540466,,,,,,,,,,,,,,,,,
1244,1244.0,8.0,16.0,37.072651624679565,128.0,1.0,301076.0,747500.0,0.7128715515136719,2.0,2.0,2.0,0.3359375,16.0,0.053795468672376175,0.03047240525484085,0.41530176997184753,18813.375,16.0,1.0,301076.0,150507.0,0.4998970359643412,128.0,1.0,1.0,1.0,10.650670886039734,1.8765015077743268e-07,41.77873611450195,35.93505859375,39.83160996437073,1244.0,0.0,76.97700834274292,,,,,,,,,,,,,,,,,
1245,1245.0,8.0,16.0,33.52782320976257,128.0,1.0,281399.0,767177.0,0.7316370010375977,2.0,2.0,2.0,0.3125,16.0,0.05282548402741169,0.032008226960897446,0.37728628516197205,17583.375,16.0,1.0,281399.0,140667.0,0.49988450563079473,128.0,1.0,1.0,1.0,9.954589992761612,1.8694532444998627e-07,45.7973895072937,34.284423828125,41.63130307197571,1245.0,0.0,75.22917127609253,,,,,,,,,,,,,,,,,
1246,1246.0,8.0,16.0,39.77031373977661,128.0,1.0,274041.0,774535.0,0.7386541366577148,2.0,2.0,2.0,0.328125,16.0,0.05663278050707054,0.032174598425626755,0.3552364408969879,17123.625,16.0,1.0,274041.0,136989.0,0.4998850536963447,128.0,1.0,1.0,1.0,9.69429811835289,1.862415198161042e-07,46.5439510345459,33.718505859375,43.74657988548279,1246.0,0.0,83.58359360694885,,,,,,,,,,,,,,,,,
1247,1247.0,8.0,16.0,39.06379842758179,128.0,1.0,343774.0,704802.0,0.6721515655517578,2.0,2.0,2.0,0.1875,16.0,0.06082941387057007,0.03567726910114288,0.42204344272613525,21481.5,16.0,1.0,343774.0,171852.0,0.4998981889264459,128.0,1.0,1.0,1.0,12.161127865314484,1.8553873917274203e-07,45.88232183456421,37.44140625,54.09752702713013,1247.0,0.0,93.24586057662964,,,,,,,,,,,,,,,,,
1248,1248.0,8.0,16.0,35.694443225860596,128.0,1.0,242717.0,805859.0,0.7685270309448242,2.0,2.0,2.0,0.375,16.0,0.051419985668602806,0.027108820155262947,0.4168952405452728,15165.875,16.0,1.0,242717.0,121327.0,0.4998702192265066,128.0,1.0,1.0,1.0,8.586200445890427,1.8483698481351312e-07,43.97082042694092,32.48486328125,40.254769802093506,1248.0,0.0,76.02144765853882,,,,,,,,,,,,,,,,,
1249,1249.0,8.0,16.0,38.063111782073975,128.0,1.0,224550.0,824026.0,0.7858524322509766,2.0,2.0,2.0,0.6796875,16.0,0.052618244546614935,0.02755066193640232,0.38886719942092896,14030.0,16.0,1.0,224550.0,112240.0,0.49984413270986416,128.0,1.0,1.0,1.0,7.943536341190338,1.841362590286818e-07,41.87132692337036,31.52587890625,41.53766179084778,1249.0,0.0,79.66633677482605,,,,,,,,,,,,,,,,,
1250,1250.0,8.0,16.0,17.294164180755615,128.0,1.0,173854.0,874722.0,0.8341999053955078,2.0,2.0,2.0,0.6875,16.0,0.06868238283620395,0.03193330392241478,0.6138139367103577,10861.875,16.0,1.0,173854.0,86895.0,0.4998159375107849,128.0,1.0,1.0,1.0,6.150147259235382,1.8343656410515529e-07,31.41573667526245,28.430419921875,38.45033621788025,1250.0,0.0,283.6685848236084,,,,,,,,,,,,,,,,,
1251,1251.0,8.0,16.0,39.63247275352478,128.0,1.0,227271.0,821305.0,0.7832574844360352,2.0,2.0,2.0,0.53125,16.0,0.05632652897976351,0.028619898483157158,0.46564242243766785,14199.875,16.0,1.0,227271.0,113599.0,0.49983939877943073,128.0,1.0,1.0,1.0,8.039792686700821,1.8273790232647667e-07,41.51847505569458,31.97216796875,41.009915590286255,1251.0,0.0,80.70414471626282,,,,,,,,,,,,,,,,,
1252,1252.0,8.0,16.0,34.55082416534424,128.0,1.0,223748.0,824828.0,0.7866172790527344,2.0,2.0,2.0,0.4609375,16.0,0.06012234649904428,0.03041810914874077,0.4802246689796448,13980.375,16.0,1.0,223748.0,111843.0,0.4998614512755421,128.0,1.0,1.0,1.0,7.915165305137634,1.8204027597281707e-07,39.43115234375,31.159912109375,41.90597176551819,1252.0,0.0,76.51651406288147,,,,,,,,,,,,,,,,,
1253,1253.0,8.0,16.0,25.704891204833984,128.0,1.0,223053.0,825523.0,0.7872800827026367,2.0,2.0,2.0,0.453125,16.0,0.0660323724020015,0.037183478474617004,0.4903661012649536,13936.75,16.0,1.0,223053.0,111494.0,0.4998542947191923,128.0,1.0,1.0,1.0,7.890579432249069,1.8134368732096838e-07,36.91004276275635,31.263671875,41.16762924194336,1253.0,0.0,66.93260860443115,,,,,,,,,,,,,,,,,
1254,1254.0,8.0,16.0,41.50078797340393,128.0,1.0,338952.0,709624.0,0.6767501831054688,2.0,2.0,2.0,0.3984375,16.0,0.04930991718252199,0.029055580496788025,0.4372652769088745,21180.875,16.0,1.0,338952.0,169447.0,0.4999144421629021,128.0,1.0,1.0,1.0,11.990547895431519,1.8064813864433586e-07,50.20194149017334,37.31201171875,52.62239742279053,1254.0,0.0,94.22381591796875,,,,,,,,,,,,,,,,,
1255,1255.0,8.0,16.0,30.378913164138794,128.0,1.0,293328.0,755248.0,0.7202606201171875,2.0,2.0,2.0,0.4609375,16.0,0.05845667648225312,0.031982000917196274,0.41710448265075684,18329.25,16.0,1.0,293328.0,146634.0,0.49989772541318933,128.0,1.0,1.0,1.0,10.376582622528076,1.7995363221293086e-07,45.06708526611328,34.919921875,48.52215242385864,1255.0,0.0,78.97933578491211,,,,,,,,,,,,,,,,,
1256,1256.0,8.0,16.0,27.215481758117676,128.0,1.0,261803.0,786773.0,0.7503252029418945,2.0,2.0,2.0,0.453125,16.0,0.0405461248542628,0.02137863077223301,0.346675843000412,16358.875,16.0,1.0,261803.0,130871.0,0.49988350018907346,128.0,1.0,1.0,1.0,9.2613745033741,1.7926017029336265e-07,33.97901773452759,33.007080078125,39.54530692100525,1256.0,0.0,66.82609868049622,,,,,,,,,,,,,,,,,
1257,1257.0,8.0,16.0,31.62458610534668,128.0,1.0,262805.0,785771.0,0.7493696212768555,2.0,2.0,2.0,0.1953125,16.0,0.08480944258116908,0.044665250927209854,0.5903348326683044,16421.5,16.0,1.0,262805.0,131372.0,0.49988394436939937,128.0,1.0,1.0,1.0,9.296820610761642,1.785677551488322e-07,44.386056423187256,33.196044921875,45.39242172241211,1257.0,0.0,77.08857727050781,,,,,,,,,,,,,,,,,
1258,1258.0,8.0,16.0,25.761478900909424,128.0,1.0,258639.0,789937.0,0.7533426284790039,2.0,2.0,2.0,0.5625,16.0,0.05574840200793707,0.03047442063689232,0.4061400294303894,16161.125,16.0,1.0,258639.0,129289.0,0.49988207501575554,128.0,1.0,1.0,1.0,9.149446874856949,1.7787638903912395e-07,35.41464424133301,32.635986328125,40.33280682563782,1258.0,0.0,66.18215322494507,,,,,,,,,,,,,,,,,
1259,1259.0,8.0,16.0,26.376452922821045,128.0,1.0,183517.0,865059.0,0.8249845504760742,2.0,2.0,2.0,0.3046875,16.0,0.05745766043281021,0.034188609570264816,0.4737871587276459,11465.875,16.0,1.0,183517.0,91727.0,0.4998283537764894,128.0,1.0,1.0,1.0,6.491979330778122,1.7718607422059879e-07,38.751216888427734,29.43017578125,39.20509600639343,1259.0,0.0,65.6336579322815,,,,,,,,,,,,,,,,,
1260,1260.0,8.0,16.0,40.65311241149902,128.0,1.0,288894.0,759682.0,0.7244892120361328,2.0,2.0,2.0,0.2578125,16.0,0.05455405979013958,0.028096482157707214,0.5321919322013855,18051.75,16.0,1.0,288894.0,144414.0,0.4998857712517394,128.0,1.0,1.0,1.0,10.219728291034698,1.7649681294618663e-07,43.59028482437134,34.668212890625,44.7720091342926,1260.0,0.0,85.49137091636658,,,,,,,,,,,,,,,,,
1261,1261.0,8.0,16.0,35.66399908065796,128.0,1.0,396033.0,652543.0,0.6223134994506836,2.0,2.0,2.0,0.1640625,16.0,0.05055896263511112,0.03117283806204796,0.312186062335968,24747.75,16.0,1.0,396033.0,197982.0,0.4999128860473748,128.0,1.0,1.0,1.0,14.009808629751205,1.7580860746537863e-07,45.752811431884766,39.924072265625,48.25662875175476,1261.0,0.0,84.03791356086731,,,,,,,,,,,,,,,,,
1262,1262.0,8.0,16.0,24.038246631622314,128.0,1.0,211935.0,836641.0,0.7978830337524414,2.0,2.0,2.0,0.4921875,16.0,0.06609817783420281,0.032651372253894806,0.6728132963180542,13242.0,16.0,1.0,211935.0,105936.0,0.4998513695236747,128.0,1.0,1.0,1.0,7.497276216745377,1.7512146002422056e-07,33.59577655792236,31.181884765625,40.41655945777893,1262.0,0.0,64.53416848182678,,,,,,,,,,,,,,,,,
1263,1263.0,8.0,16.0,36.63253164291382,128.0,1.0,231394.0,817182.0,0.7793254852294922,2.0,2.0,2.0,0.4140625,16.0,0.048346890983492125,0.02387789636850357,1.2442412376403809,14458.5,16.0,1.0,231394.0,115668.0,0.4998746726362827,128.0,1.0,1.0,1.0,8.185645282268524,1.7443537286530497e-07,44.93773794174194,32.26025390625,38.104674339294434,1263.0,0.0,74.79741621017456,,,,,,,,,,,,,,,,,
1264,1264.0,8.0,16.0,26.787776231765747,128.0,1.0,138285.0,910291.0,0.8681211471557617,2.0,2.0,2.0,0.75,16.0,0.04589048068461274,0.021136611700057983,0.623860239982605,8638.875,16.0,1.0,138285.0,69111.0,0.4997722095671982,128.0,1.0,1.0,1.0,4.891881197690964,1.737503482277647e-07,28.88568687438965,27.19384765625,32.33346223831177,1264.0,0.0,59.162877798080444,,,,,,,,,,,,,,,,,
1265,1265.0,8.0,16.0,39.40693116188049,128.0,1.0,235553.0,813023.0,0.7753591537475586,2.0,2.0,2.0,0.5,16.0,0.0600030662991289,0.03443203493952751,0.3919368386268616,14718.5,16.0,1.0,235553.0,117748.0,0.4998790081213145,128.0,1.0,1.0,1.0,8.332771390676498,1.730663883472638e-07,41.422786712646484,32.190185546875,39.06046462059021,1265.0,0.0,78.53181099891663,,,,,,,,,,,,,,,,,
1266,1266.0,8.0,16.0,37.030853509902954,128.0,1.0,211267.0,837309.0,0.7985200881958008,2.0,2.0,2.0,0.5,16.0,0.051825764083289656,0.02571909874677658,0.5400967597961426,13200.375,16.0,1.0,211267.0,105603.0,0.49985563291948104,128.0,1.0,1.0,1.0,7.473645478487015,1.7238349545599213e-07,41.33107089996338,31.244140625,40.80454874038696,1266.0,0.0,77.89681792259216,,,,,,,,,,,,,,,,,
1267,1267.0,8.0,16.0,22.999247550964355,128.0,1.0,264762.0,783814.0,0.7475032806396484,2.0,2.0,2.0,0.3359375,16.0,0.050788986212874164,0.02803654782474041,0.5733399987220764,16544.125,16.0,1.0,264762.0,132353.0,0.49989424464235804,128.0,1.0,1.0,1.0,9.36605018377304,1.717016717826571e-07,36.93891954421997,33.144287109375,42.38134145736694,1267.0,0.0,65.44910430908203,,,,,,,,,,,,,,,,,
1268,1268.0,8.0,16.0,33.18700909614563,128.0,1.0,287558.0,761018.0,0.7257633209228516,2.0,2.0,2.0,0.3359375,16.0,0.04981718539948719,0.031137339770793915,0.35230204463005066,17968.5,16.0,1.0,287558.0,143748.0,0.49989219566139703,128.0,1.0,1.0,1.0,10.172466814517975,1.710209195524765e-07,41.37860822677612,34.7802734375,45.985169410705566,1268.0,0.0,79.2459442615509,,,,,,,,,,,,,,,,,
1269,1269.0,8.0,16.0,26.498865604400635,128.0,1.0,254798.0,793778.0,0.7570056915283203,2.0,2.0,2.0,0.2578125,16.0,0.05667545573201959,0.02874935232102871,0.4091712534427643,15921.375,16.0,1.0,254798.0,127371.0,0.4998901090275434,128.0,1.0,1.0,1.0,9.013570129871368,1.7034124098717174e-07,33.68538856506348,32.765380859375,39.08631157875061,1269.0,0.0,65.65315747261047,,,,,,,,,,,,,,,,,
1270,1270.0,8.0,16.0,25.335610389709473,128.0,1.0,169545.0,879031.0,0.8383092880249023,2.0,2.0,2.0,0.65625,16.0,0.037029636168804614,0.02165544219315052,0.431890070438385,10592.0,16.0,1.0,169545.0,84736.0,0.49978471792149576,128.0,1.0,1.0,1.0,5.997714847326279,1.6966263830495935e-07,36.951815605163574,28.425048828125,40.46965980529785,1270.0,0.0,65.85366034507751,,,,,,,,,,,,17.0,5.0,,,,
1271,1271.0,8.0,16.0,23.202317714691162,128.0,1.0,180300.0,868276.0,0.8280525207519531,2.0,2.0,2.0,0.671875,16.0,0.05998155054038687,0.031609490513801575,0.5418723821640015,11265.125,16.0,1.0,180300.0,90121.0,0.4998391569606212,128.0,1.0,1.0,1.0,6.378176808357239,1.6898511372054535e-07,34.510783195495605,29.09375,38.05748915672302,1271.0,0.0,61.31271576881409,,,,,,,,,,,,,,,,,
1272,1272.0,8.0,16.0,35.54124450683594,128.0,1.0,347506.0,701070.0,0.6685924530029297,2.0,2.0,2.0,0.3828125,16.0,0.054723006570767,0.03295464813709259,0.34126994013786316,21715.125,16.0,1.0,347506.0,173721.0,0.4999079152590171,128.0,1.0,1.0,1.0,12.293148696422577,1.6830866944511702e-07,41.404290199279785,38.285400390625,46.41521954536438,1272.0,0.0,82.04267430305481,,,,,,,,,,,,,,,,,
1273,1273.0,8.0,16.0,12.755007028579712,128.0,1.0,163459.0,885117.0,0.8441133499145508,2.0,2.0,2.0,0.421875,16.0,0.06631910282899335,0.03236222639679909,0.6637452244758606,10212.0,16.0,1.0,163459.0,81696.0,0.49979505564086407,128.0,1.0,1.0,1.0,5.782420426607132,1.6763330768633582e-07,25.57727575302124,27.916259765625,35.94981551170349,1273.0,0.0,48.75193452835083,,,,,,,,,,,,,,,,,
1274,1274.0,8.0,16.0,23.57748770713806,128.0,1.0,226504.0,822072.0,0.7839889526367188,2.0,2.0,2.0,0.2578125,16.0,0.06753455759341848,0.03119477443397045,0.7119731903076172,14152.875,16.0,1.0,226504.0,113223.0,0.4998719669409812,128.0,1.0,1.0,1.0,8.012659788131714,1.6695903064833038e-07,36.743900775909424,31.6455078125,39.98219585418701,1274.0,0.0,63.62413263320923,,,,,,,,,,,,,,,,,
1275,1275.0,8.0,16.0,34.020023584365845,128.0,1.0,326526.0,722050.0,0.6886005401611328,2.0,2.0,2.0,0.3515625,16.0,0.05996780898651477,0.03479725867509842,0.3484400808811188,20404.125,16.0,1.0,326526.0,163233.0,0.4999081237022473,128.0,1.0,1.0,1.0,11.55097371339798,1.662858405316892e-07,41.66556978225708,36.58203125,41.49077820777893,1275.0,0.0,75.63334774971008,,,,,,,,,,,,,,,,,
1276,1276.0,8.0,16.0,21.96968913078308,128.0,1.0,233330.0,815246.0,0.7774791717529297,2.0,2.0,2.0,0.40625,16.0,0.07250209403956703,0.036972858011722565,0.4407690167427063,14579.125,16.0,1.0,233330.0,116633.0,0.4998628551836455,128.0,1.0,1.0,1.0,8.254131972789764,1.6561373953345338e-07,34.03602409362793,32.033447265625,36.75207233428955,1276.0,0.0,58.80146646499634,,,,,,,,,,,,,,,,,
1277,1277.0,8.0,16.0,14.076366662979126,128.0,1.0,183544.0,865032.0,0.8249588012695312,2.0,2.0,2.0,0.5859375,16.0,0.0658380950167222,0.02937852032482624,0.5256362557411194,11467.375,16.0,1.0,183544.0,91739.0,0.49982020659896265,128.0,1.0,1.0,1.0,6.492934465408325,1.649427298471096e-07,28.419413566589355,28.9765625,37.28225231170654,1277.0,0.0,51.42025399208069,,,,,,,,,,,,,,,,,
1278,1278.0,8.0,16.0,32.03056836128235,128.0,1.0,258646.0,789930.0,0.7533359527587891,2.0,2.0,2.0,0.375,16.0,0.06418157113789913,0.03399883955717087,0.4342561364173889,16161.25,16.0,1.0,258646.0,129290.0,0.49987241248656467,128.0,1.0,1.0,1.0,9.149694502353668,1.6427281366258317e-07,37.91546678543091,33.246337890625,37.2595157623291,1278.0,0.0,69.38625741004944,,,,,,,,,,,,,,,,,
1279,1279.0,8.0,16.0,33.11698126792908,128.0,1.0,229808.0,818768.0,0.7808380126953125,2.0,2.0,2.0,0.5,16.0,0.06126188053882543,0.03276422619819641,0.5596278309822083,14359.25,16.0,1.0,229808.0,114874.0,0.49986945624173224,128.0,1.0,1.0,1.0,8.129539966583252,1.6360399316622997e-07,42.614675998687744,32.00439453125,36.06094408035278,1279.0,0.0,69.2387855052948,,,,,,,,,,,,,,,,,
1280,1280.0,8.0,16.0,37.37067914009094,128.0,1.0,190917.0,857659.0,0.817927360534668,2.0,2.0,2.0,0.671875,16.0,0.045806524373663796,0.020113207399845123,0.560319185256958,11927.875,16.0,1.0,190917.0,95423.0,0.49981405532247,128.0,1.0,1.0,1.0,6.75375697016716,1.629362705408306e-07,37.35476732254028,30.11474609375,40.62011933326721,1280.0,0.0,78.04555439949036,,,,,,,,,,,,,,,,,
1281,1281.0,8.0,16.0,35.43386244773865,128.0,1.0,233685.0,814891.0,0.7771406173706055,2.0,2.0,2.0,0.5546875,16.0,0.05273501254955192,0.02786547690629959,0.38847482204437256,14601.625,16.0,1.0,233685.0,116813.0,0.49987376168774206,128.0,1.0,1.0,1.0,8.266690224409103,1.6226964796558222e-07,46.53958797454834,32.04248046875,43.39448356628418,1281.0,0.0,78.8879144191742,,,,,,,,,,,,,,,,,
1282,1282.0,8.0,16.0,19.767916440963745,128.0,1.0,187289.0,861287.0,0.8213872909545898,2.0,2.0,2.0,0.4453125,16.0,0.06864402772181151,0.03645816817879677,0.5296829342842102,11701.875,16.0,1.0,187289.0,93615.0,0.49984248941475473,128.0,1.0,1.0,1.0,6.625415176153183,1.6160412761609233e-07,32.91101264953613,29.31298828125,38.54568672180176,1282.0,0.0,58.36933159828186,,,,,,,,,,,,,,,,,
1283,1283.0,8.0,16.0,38.77276420593262,128.0,1.0,337506.0,711070.0,0.6781291961669922,2.0,2.0,2.0,0.46875,16.0,0.042058592845088345,0.026817303150892258,0.3121510148048401,21090.25,16.0,1.0,337506.0,168722.0,0.4999081497810409,128.0,1.0,1.0,1.0,11.939395129680634,1.6093971166437042e-07,49.00973081588745,37.426513671875,52.34491586685181,1283.0,0.0,91.20061731338501,,,,,,,,,,,,,,,,,
1284,1284.0,8.0,16.0,41.022459506988525,128.0,1.0,290732.0,757844.0,0.7227363586425781,2.0,2.0,2.0,0.3125,16.0,0.052782405228771166,0.026542462408542633,0.5552776455879211,18167.125,16.0,1.0,290732.0,145337.0,0.49990025177827,128.0,1.0,1.0,1.0,10.284748196601868,1.6027640227882228e-07,43.237215518951416,35.409912109375,48.127599477767944,1284.0,0.0,89.22759747505188,,,,,,,,,,,,,,,,,
1285,1285.0,8.0,16.0,24.492074251174927,128.0,1.0,251754.0,796822.0,0.7599086761474609,2.0,2.0,2.0,0.3671875,16.0,0.06965232846379493,0.04158170148730278,0.4973878860473633,15730.5,16.0,1.0,251754.0,125844.0,0.4998689196596678,128.0,1.0,1.0,1.0,8.90588754415512,1.59614201624242e-07,38.006081104278564,32.619140625,48.34611487388611,1285.0,0.0,72.9178261756897,,,,,,,,,,,,,,,,,
1286,1286.0,8.0,16.0,27.488263845443726,128.0,1.0,205562.0,843014.0,0.8039608001708984,2.0,2.0,2.0,0.5703125,16.0,0.06657775058980533,0.0422280915081501,0.6113633513450623,12843.125,16.0,1.0,205562.0,102745.0,0.4998248703554159,128.0,1.0,1.0,1.0,7.271829068660736,1.5895311186180521e-07,37.413068771362305,29.92138671875,40.33843803405762,1286.0,0.0,67.88250160217285,,,,,,,,,,,,,,,,,
1287,1287.0,8.0,16.0,41.056427240371704,128.0,1.0,332936.0,715640.0,0.6824874877929688,2.0,2.0,2.0,0.359375,16.0,0.04564460280476033,0.026977457106113434,0.38901668787002563,20803.875,16.0,1.0,332936.0,166431.0,0.49988886753009587,128.0,1.0,1.0,1.0,11.777729749679565,1.5829313514906217e-07,42.56233882904053,37.8828125,48.11864137649536,1287.0,0.0,89.25328350067139,,,,,,,,,,,,,,,,,
1288,1288.0,8.0,16.0,37.25142812728882,128.0,1.0,299599.0,748977.0,0.7142801284790039,2.0,2.0,2.0,0.4375,16.0,0.04917921035646293,0.027632109820842743,0.3671897053718567,18720.875,16.0,1.0,299599.0,149767.0,0.4998915216672953,128.0,1.0,1.0,1.0,10.598421484231949,1.5763427363993033e-07,41.90670680999756,35.309814453125,38.575902462005615,1288.0,0.0,75.89858555793762,,,,,,,,,,,,,,,,,
1289,1289.0,8.0,16.0,34.534343004226685,128.0,1.0,240601.0,807975.0,0.7705450057983398,2.0,2.0,2.0,0.5,16.0,0.056738920019506055,0.029889147728681564,0.4833871126174927,15033.75,16.0,1.0,240601.0,120270.0,0.4998732341095839,128.0,1.0,1.0,1.0,8.511346191167831,1.569765294846877e-07,43.8137149810791,31.710693359375,36.94762468338013,1289.0,0.0,71.55462551116943,,,,,,,,,,,,,,,,,
1290,1290.0,8.0,16.0,22.010643243789673,128.0,1.0,253131.0,795445.0,0.7585954666137695,2.0,2.0,2.0,0.2890625,16.0,0.0644962944816211,0.03356475383043289,0.49872106313705444,15816.625,16.0,1.0,253131.0,126533.0,0.499871607981638,128.0,1.0,1.0,1.0,8.954599410295486,1.5631990482996553e-07,34.98700666427612,32.785888671875,35.15101099014282,1290.0,0.0,57.22688913345337,,,,,,,,,,,,,,,,,
1291,1291.0,8.0,16.0,32.71520638465881,128.0,1.0,259135.0,789441.0,0.7528696060180664,2.0,2.0,2.0,0.4453125,16.0,0.05160158627956036,0.03149272873997688,0.38581445813179016,16191.0,16.0,1.0,259135.0,129528.0,0.4998475697995253,128.0,1.0,1.0,1.0,9.16699305176735,1.5566440181874169e-07,40.16307258605957,33.4814453125,37.43617558479309,1291.0,0.0,70.21568036079407,,,,,,,,,,,,,,,,,
1292,1292.0,8.0,16.0,29.42972421646118,128.0,1.0,245444.0,803132.0,0.7659263610839844,2.0,2.0,2.0,0.5703125,16.0,0.04904144898902876,0.024726875126361847,0.5047434568405151,15335.75,16.0,1.0,245444.0,122686.0,0.49985332703182805,128.0,1.0,1.0,1.0,8.682669043540955,1.550100225903329e-07,36.79644298553467,32.892822265625,36.41247916221619,1292.0,0.0,65.9136598110199,,,,,,,,,,,,,,,,,
1293,1293.0,8.0,16.0,34.93725275993347,128.0,1.0,220077.0,828499.0,0.7901182174682617,2.0,2.0,2.0,0.390625,16.0,0.05473623482542331,0.03045794926583767,0.42338356375694275,13750.875,16.0,1.0,220077.0,110007.0,0.4998568682779209,128.0,1.0,1.0,1.0,7.785302370786667,1.543567692803888e-07,37.8840069770813,31.261962890625,40.398441314697266,1293.0,0.0,75.39481043815613,,,,,,,,,,,,,,,,,
1294,1294.0,8.0,16.0,37.09710907936096,128.0,1.0,241669.0,806907.0,0.769526481628418,2.0,2.0,2.0,0.5625,16.0,0.04830199552827832,0.02584722638130188,0.37186121940612793,15099.375,16.0,1.0,241669.0,120795.0,0.49983655330224397,128.0,1.0,1.0,1.0,8.549127072095871,1.5370464402088436e-07,37.963096618652344,32.6455078125,40.9370014667511,1294.0,0.0,78.10012340545654,,,,,,,,,,,,,,,,,
1295,1295.0,8.0,16.0,41.46887469291687,128.0,1.0,314683.0,733893.0,0.699894905090332,2.0,2.0,2.0,0.4921875,16.0,0.04419355764673677,0.025873055681586266,0.3425528407096863,19663.75,16.0,1.0,314683.0,157310.0,0.4998998992637035,128.0,1.0,1.0,1.0,11.132023364305496,1.530536489401127e-07,47.295966148376465,36.249267578125,50.14247012138367,1295.0,0.0,91.6882164478302,,,,,,,,,,,,,,,,,
1296,1296.0,8.0,16.0,21.17498540878296,128.0,1.0,236329.0,812247.0,0.7746191024780273,2.0,2.0,2.0,0.3515625,16.0,0.08179931214729595,0.04266912117600441,0.49973636865615845,14766.75,16.0,1.0,236329.0,118134.0,0.4998709426265926,128.0,1.0,1.0,1.0,8.360222667455673,1.5240378616267886e-07,35.668208599090576,31.34716796875,41.66058874130249,1296.0,0.0,62.899853467941284,,,,,,,,,,,,,,,,,
1297,1297.0,8.0,16.0,39.14485216140747,128.0,1.0,256033.0,792543.0,0.7558279037475586,2.0,2.0,2.0,0.5625,16.0,0.057267524137737766,0.0329211950302124,0.4072321355342865,15998.0,16.0,1.0,256033.0,127984.0,0.499873063237942,128.0,1.0,1.0,1.0,9.057258695363998,1.5175505780949223e-07,44.8455605506897,33.41748046875,45.08351135253906,1297.0,0.0,84.29612493515015,,,,,,,,,,,,,,,,,
1298,1298.0,8.0,16.0,33.46526503562927,128.0,1.0,198383.0,850193.0,0.8108072280883789,2.0,2.0,2.0,0.453125,16.0,0.0539660374911798,0.027433721348643303,0.6244913339614868,12394.5,16.0,1.0,198383.0,99156.0,0.4998210532152453,128.0,1.0,1.0,1.0,7.017869383096695,1.5110746599775986e-07,39.89337873458862,30.26513671875,41.05252242088318,1298.0,0.0,74.58259105682373,,,,,,,,,,,,,,,,,
1299,1299.0,8.0,16.0,18.560355186462402,128.0,1.0,194390.0,854186.0,0.8146152496337891,2.0,2.0,2.0,0.6640625,16.0,0.07183122364640819,0.03315449133515358,0.5246732234954834,12145.5,16.0,1.0,194390.0,97164.0,0.4998405267760687,128.0,1.0,1.0,1.0,6.876615583896637,1.5046101284097968e-07,29.420592308044434,29.801513671875,38.84281396865845,1299.0,0.0,57.48570203781128,,,,,,,,,,,,,,,,,
1300,1300.0,8.0,16.0,17.570693254470825,128.0,1.0,184411.0,864165.0,0.824131965637207,2.0,2.0,2.0,0.4765625,16.0,0.06160812764812965,0.028299855068325996,0.564415693283081,11521.625,16.0,1.0,184411.0,92173.0,0.4998237632245365,128.0,1.0,1.0,1.0,6.523604899644852,1.498157004489335e-07,29.305466651916504,29.1201171875,37.496591329574585,1300.0,0.0,279.8992805480957,,,,,,,,,,,,,,,,,
1301,1301.0,8.0,16.0,40.02342510223389,128.0,1.0,195977.0,852599.0,0.8131017684936523,2.0,2.0,2.0,0.5703125,16.0,0.04290003994106972,0.028454765677452087,0.3961770534515381,12244.75,16.0,1.0,195977.0,97958.0,0.4998443694923384,128.0,1.0,1.0,1.0,6.932756274938583,1.4917153092767974e-07,37.96898078918457,30.44091796875,35.1474404335022,1301.0,0.0,75.23427057266235,,,,,,,,,,,,,,,,,
1302,1302.0,8.0,16.0,29.846827268600464,128.0,1.0,237484.0,811092.0,0.7735176086425781,2.0,2.0,2.0,0.6640625,16.0,0.051245182051867684,0.02737557701766491,0.49094659090042114,14838.875,16.0,1.0,237484.0,118711.0,0.4998694648902663,128.0,1.0,1.0,1.0,8.401081204414368,1.4852850637954734e-07,41.11734580993652,32.15576171875,36.85800099372864,1302.0,0.0,66.76445746421814,,,,,,,,,,,,,,,,,
1303,1303.0,8.0,16.0,38.62143135070801,128.0,1.0,277657.0,770919.0,0.7352056503295898,2.0,2.0,2.0,0.4609375,16.0,0.05088351594999749,0.031052617356181145,0.37795889377593994,17349.75,16.0,1.0,277657.0,138798.0,0.49989015223819316,128.0,1.0,1.0,1.0,9.822215408086777,1.4788662890312824e-07,44.25556564331055,34.17724609375,40.740827322006226,1303.0,0.0,79.43487691879272,,,,,,,,,,,,,,,,,
1304,1304.0,8.0,16.0,27.69959020614624,128.0,1.0,188123.0,860453.0,0.820591926574707,2.0,2.0,2.0,0.53125,16.0,0.06291293789071381,0.028108952566981316,0.6259648203849792,11753.375,16.0,1.0,188123.0,94027.0,0.49981660934601296,128.0,1.0,1.0,1.0,6.654918223619461,1.4724590059327096e-07,30.276766777038574,29.79931640625,38.527246952056885,1304.0,0.0,66.28217124938965,,,,,,,,,,,,,,,,,
1305,1305.0,8.0,16.0,40.833372831344604,128.0,1.0,311078.0,737498.0,0.7033329010009766,2.0,2.0,2.0,0.5,16.0,0.04221226265137258,0.024697929620742798,0.3244454860687256,19439.0,16.0,1.0,311078.0,155512.0,0.49991320504825154,128.0,1.0,1.0,1.0,11.004495203495026,1.466063235410735e-07,50.02017402648926,35.8349609375,46.336180686950684,1305.0,0.0,87.24152159690857,,,,,,,,,,,,,,,,,
1306,1306.0,8.0,16.0,17.69673252105713,128.0,1.0,178087.0,870489.0,0.8301630020141602,2.0,2.0,2.0,0.5234375,16.0,0.06864846257143833,0.03520554304122925,0.5260298848152161,11126.375,16.0,1.0,178087.0,89011.0,0.499817504927367,128.0,1.0,1.0,1.0,6.299891144037247,1.459678998338763e-07,30.25061559677124,28.47119140625,37.72536325454712,1306.0,0.0,55.47242045402527,,,,,,,,,,,,,,,,,
1307,1307.0,8.0,16.0,40.107152223587036,128.0,1.0,300017.0,748559.0,0.7138814926147461,2.0,2.0,2.0,0.25,16.0,0.05688506874899967,0.028219813480973244,0.378940224647522,18747.0,16.0,1.0,300017.0,149976.0,0.4998916728052077,128.0,1.0,1.0,1.0,10.613208383321762,1.453306315552561e-07,48.25482130050659,35.656005859375,50.28855228424072,1307.0,0.0,90.4712700843811,,,,,,,,,,,,,,,,,
1308,1308.0,8.0,16.0,40.873658895492554,128.0,1.0,270726.0,777850.0,0.7418155670166016,2.0,2.0,2.0,0.546875,16.0,0.0631136331753594,0.03049895539879799,0.527701199054718,16916.75,16.0,1.0,270726.0,135334.0,0.49989288062469067,128.0,1.0,1.0,1.0,9.577028810977936,1.4469452078501853e-07,46.74659824371338,34.1376953125,47.43049430847168,1308.0,0.0,88.37622261047363,,,,,,,,,,,,,,,,,
1309,1309.0,8.0,16.0,20.943155765533447,128.0,1.0,204082.0,844494.0,0.8053722381591797,2.0,2.0,2.0,0.46875,16.0,0.06302535791993744,0.030238434672355652,0.4788582921028137,12751.125,16.0,1.0,204082.0,102009.0,0.4998432002822395,128.0,1.0,1.0,1.0,7.2194735407829285,1.4405956959919164e-07,35.08136177062988,29.814208984375,39.650232553482056,1309.0,0.0,60.64889359474182,,,,,,,,,,,,,,,,,
1310,1310.0,8.0,16.0,26.545771837234497,128.0,1.0,284090.0,764486.0,0.7290706634521484,2.0,2.0,2.0,0.609375,16.0,0.043289007593643826,0.025889940559864044,0.3595855236053467,17751.625,16.0,1.0,284090.0,142013.0,0.49988735963955083,128.0,1.0,1.0,1.0,10.049785077571869,1.4342578007001905e-07,40.6059045791626,34.962646484375,46.57884168624878,1310.0,0.0,73.20811939239502,,,,,,,,,,,,,,,,,
1311,1311.0,8.0,16.0,40.09431743621826,128.0,1.0,296837.0,751739.0,0.716914176940918,2.0,2.0,2.0,0.359375,16.0,0.04413044463915333,0.026662476360797882,0.3135482668876648,18548.875,16.0,1.0,296837.0,148391.0,0.49990735656269264,128.0,1.0,1.0,1.0,10.500714749097824,1.4279315426595313e-07,47.907397747039795,36.186279296875,48.40947341918945,1311.0,0.0,88.57886385917664,,,,,,,,,,,,,,,,,
1312,1312.0,8.0,16.0,40.78201937675476,128.0,1.0,258141.0,790435.0,0.7538175582885742,2.0,2.0,2.0,0.484375,16.0,0.06662537128248362,0.03609221801161766,0.507489025592804,16130.375,16.0,1.0,258141.0,129043.0,0.49989346907310345,128.0,1.0,1.0,1.0,9.1318299472332,1.421616942516482e-07,43.22019052505493,33.83056640625,44.11677432060242,1312.0,0.0,84.96891069412231,,,,,,,,,,,,,,,,,
1313,1313.0,8.0,16.0,39.81228256225586,128.0,1.0,354394.0,694182.0,0.6620235443115234,2.0,2.0,2.0,0.234375,16.0,0.053846824548996065,0.03174212574958801,0.3323863744735718,22145.375,16.0,1.0,354394.0,177163.0,0.499904061581178,128.0,1.0,1.0,1.0,12.536814153194427,1.41531402087954e-07,42.95755577087402,38.64306640625,49.44129014015198,1313.0,0.0,89.34242701530457,,,,,,,,,,,,,,,,,
1314,1314.0,8.0,16.0,41.073140144348145,128.0,1.0,319164.0,729412.0,0.6956214904785156,2.0,2.0,2.0,0.59375,16.0,0.03439090291657201,0.019442517310380936,0.2935546338558197,19944.125,16.0,1.0,319164.0,159553.0,0.4999091376220376,128.0,1.0,1.0,1.0,11.290540337562561,1.40902279831909e-07,58.69590377807617,37.089599609375,54.025800704956055,1314.0,0.0,95.17797684669495,,,,,,,,,,,,,,,,,
1315,1315.0,8.0,16.0,41.03327941894531,128.0,1.0,302683.0,745893.0,0.711338996887207,2.0,2.0,2.0,0.4296875,16.0,0.05500140319811679,0.03454237058758736,0.43197229504585266,18913.5,16.0,1.0,302683.0,151308.0,0.49988932315326595,128.0,1.0,1.0,1.0,10.707519084215164,1.4027432953673291e-07,49.76100778579712,35.394775390625,46.91114115715027,1315.0,0.0,88.02235651016235,,,,,,,,,,,,,,,,,
1316,1316.0,8.0,16.0,35.92817306518555,128.0,1.0,252455.0,796121.0,0.7592401504516602,2.0,2.0,2.0,0.5703125,16.0,0.06762235491083007,0.0364665612578392,0.5146586298942566,15774.75,16.0,1.0,252455.0,126198.0,0.49988314749163215,128.0,1.0,1.0,1.0,8.930685669183731,1.3964755325182125e-07,38.08091640472412,33.82568359375,43.730722188949585,1316.0,0.0,79.72875380516052,,,,,,,,,,,,,,,,,
1317,1317.0,8.0,16.0,25.268460512161255,128.0,1.0,251249.0,797327.0,0.7603902816772461,2.0,2.0,2.0,0.421875,16.0,0.04874536121673694,0.02653992548584938,0.38232457637786865,15699.25,16.0,1.0,251249.0,125594.0,0.4998786064820159,128.0,1.0,1.0,1.0,8.888022989034653,1.3902195302273778e-07,35.61016035079956,33.332763671875,36.43272948265076,1317.0,0.0,61.76287221908569,,,,,,,,,,,,,,,,,
1318,1318.0,8.0,16.0,29.320428609848022,128.0,1.0,321078.0,727498.0,0.6937961578369141,2.0,2.0,2.0,0.4140625,16.0,0.04503028953566445,0.02701384946703911,0.3216060996055603,20063.5,16.0,1.0,321078.0,160508.0,0.4999034502519637,128.0,1.0,1.0,1.0,11.358248770236969,1.3839753089120816e-07,38.97931146621704,35.86083984375,36.44736289978027,1318.0,0.0,65.86862587928772,,,,,,,,,,,,,,,,,
1319,1319.0,8.0,16.0,34.15883946418762,128.0,1.0,237748.0,810828.0,0.7732658386230469,2.0,2.0,2.0,0.4765625,16.0,0.05779305541351582,0.03325180336833,0.39242735505104065,14855.125,16.0,1.0,237748.0,118841.0,0.4998611975705369,128.0,1.0,1.0,1.0,8.410420298576355,1.3777428889511272e-07,38.14359712600708,32.421142578125,37.24318313598633,1319.0,0.0,71.4635682106018,,,,,,,,,,,,,,,,,
1320,1320.0,8.0,16.0,19.598023891448975,128.0,1.0,190180.0,858396.0,0.8186302185058594,2.0,2.0,2.0,0.640625,16.0,0.05806812875892974,0.02732970379292965,0.5082075595855713,11882.5,16.0,1.0,190180.0,95060.0,0.4998422547060679,128.0,1.0,1.0,1.0,6.727685332298279,1.3715222906848067e-07,31.624109268188477,29.079345703125,33.40033483505249,1320.0,0.0,53.052592515945435,,,,,,,,,,,,,,,,,
1321,1321.0,8.0,16.0,17.023978233337402,128.0,1.0,181904.0,866672.0,0.8265228271484375,2.0,2.0,2.0,0.5625,16.0,0.042390661504612494,0.023292304947972298,0.43956974148750305,11365.125,16.0,1.0,181904.0,90921.0,0.49982958043803327,128.0,1.0,1.0,1.0,6.4349188804626465,1.3653135344148332e-07,30.221374034881592,28.536865234375,32.51193308830261,1321.0,0.0,49.58311724662781,,,,,,,,,,,,,,,,,
1322,1322.0,8.0,16.0,23.33029818534851,128.0,1.0,234520.0,814056.0,0.7763442993164062,2.0,2.0,2.0,0.3046875,16.0,0.05539995262953573,0.02949109487235546,0.43253380060195923,14654.375,16.0,1.0,234520.0,117235.0,0.4998933992836432,128.0,1.0,1.0,1.0,8.296228647232056,1.3591166404042664e-07,33.233341217041016,31.782470703125,35.033252477645874,1322.0,0.0,58.423943758010864,,,,,,,,,,,,,,,,,
1323,1323.0,8.0,16.0,24.97762894630432,128.0,1.0,279689.0,768887.0,0.7332677841186523,2.0,2.0,2.0,0.484375,16.0,0.0520032270324774,0.030342360958456993,0.5138975381851196,17476.5,16.0,1.0,279689.0,139812.0,0.49988379950587974,128.0,1.0,1.0,1.0,9.89409813284874,1.3529316288774566e-07,37.09515333175659,33.9404296875,40.66870188713074,1323.0,0.0,65.71299576759338,,,,,,,,,,,,,,,,,
1324,1324.0,8.0,16.0,36.63684582710266,128.0,1.0,299449.0,749127.0,0.7144231796264648,2.0,2.0,2.0,0.28125,16.0,0.05814209361469713,0.03382522985339165,0.39844661951065063,18711.375,16.0,1.0,299449.0,149691.0,0.4998881278615056,128.0,1.0,1.0,1.0,10.59311518073082,1.3467585200199693e-07,45.44328212738037,35.107177734375,37.37947702407837,1324.0,0.0,74.08861017227173,,,,,,,,,,,,,,,,,
1325,1325.0,8.0,16.0,22.65287494659424,128.0,1.0,134816.0,913760.0,0.871429443359375,2.0,2.0,2.0,0.9296875,16.0,0.05676739350651047,0.024669723585247993,0.7387993335723877,8421.875,16.0,1.0,134816.0,67375.0,0.49975522193211486,128.0,1.0,1.0,1.0,4.769164085388184,1.3405973339785276e-07,33.65708017349243,26.72265625,32.18865752220154,1325.0,0.0,54.88609218597412,,,,,,,,,,,,,,,,,
1326,1326.0,8.0,16.0,29.98979687690735,128.0,1.0,211418.0,837158.0,0.7983760833740234,2.0,2.0,2.0,0.53125,16.0,0.05314510965455087,0.02556377835571766,0.47750627994537354,13210.0,16.0,1.0,211418.0,105680.0,0.49986283097938683,128.0,1.0,1.0,1.0,7.478987157344818,1.3344480908609419e-07,43.16694688796997,30.662841796875,35.58119606971741,1326.0,0.0,65.62562417984009,,,,,,,,,,,,,,,,,
1327,1327.0,8.0,16.0,39.40510869026184,128.0,1.0,253790.0,794786.0,0.7579669952392578,2.0,2.0,2.0,0.46875,16.0,0.04561588023754871,0.030372675508260727,0.3405596911907196,15858.0,16.0,1.0,253790.0,126864.0,0.4998778517672091,128.0,1.0,1.0,1.0,8.97791177034378,1.3283108107360474e-07,33.18991804122925,33.534912109375,36.08908271789551,1327.0,0.0,75.55619072914124,,,,,,,,,,,,,,,,,
1328,1328.0,8.0,16.0,32.51743459701538,128.0,1.0,295533.0,753043.0,0.7181577682495117,2.0,2.0,2.0,0.2421875,16.0,0.04174789786316111,0.022502552717924118,0.34256380796432495,18466.625,16.0,1.0,295533.0,147733.0,0.499886645484599,128.0,1.0,1.0,1.0,10.454585283994675,1.3221855136336317e-07,40.6631498336792,35.20458984375,36.17580842971802,1328.0,0.0,68.76327919960022,,,,,,,,,,,,,,,,,
1329,1329.0,8.0,16.0,29.283252716064453,128.0,1.0,311234.0,737342.0,0.7031841278076172,2.0,2.0,2.0,0.1953125,16.0,0.06568721423350773,0.037110790610313416,0.42880868911743164,19448.125,16.0,1.0,311234.0,155585.0,0.4998971834696723,128.0,1.0,1.0,1.0,11.0100137591362,1.3160722195443792e-07,38.461544036865234,36.316162109375,38.32241892814636,1329.0,0.0,67.68432021141052,,,,,,,,,,,,,,,,,
1330,1330.0,8.0,16.0,33.80278706550598,128.0,1.0,189251.0,859325.0,0.8195161819458008,2.0,2.0,2.0,0.609375,16.0,0.05833457045358227,0.030678201466798782,0.8708706498146057,11823.875,16.0,1.0,189251.0,94591.0,0.4998177024163677,128.0,1.0,1.0,1.0,6.694821625947952,1.309970948419798e-07,39.54779386520386,29.803955078125,35.29697823524475,1330.0,0.0,69.15843796730042,,,,,,,,,,,,,,,,,
1331,1331.0,8.0,16.0,29.012179374694824,128.0,1.0,286078.0,762498.0,0.7271747589111328,2.0,2.0,2.0,0.3671875,16.0,0.06775581552792447,0.038034357130527496,0.4261150658130646,17875.625,16.0,1.0,286078.0,143005.0,0.49988115129440225,128.0,1.0,1.0,1.0,10.120111286640167,1.3038817201721598e-07,37.88559436798096,35.226318359375,37.51446342468262,1331.0,0.0,66.61608338356018,,,,,,,,,,,,,,,,,
1332,1332.0,8.0,16.0,23.374531984329224,128.0,1.0,196491.0,852085.0,0.8126115798950195,2.0,2.0,2.0,0.703125,16.0,0.05765788966004039,0.03351196274161339,0.40838727355003357,12276.75,16.0,1.0,196491.0,98214.0,0.49983968731392275,128.0,1.0,1.0,1.0,6.950939208269119,1.2978045546744315e-07,32.775959968566895,30.31396484375,34.03037190437317,1332.0,0.0,57.469852447509766,,,,,,,,,,,,,,,,,
1333,1333.0,8.0,16.0,34.134321212768555,128.0,1.0,279528.0,769048.0,0.7334213256835938,2.0,2.0,2.0,0.578125,16.0,0.04487967277766773,0.026454465463757515,0.41787686944007874,17466.625,16.0,1.0,279528.0,139733.0,0.49988909876649207,128.0,1.0,1.0,1.0,9.888402700424194,1.291739471760212e-07,46.61046838760376,34.435791015625,37.805519342422485,1333.0,0.0,72.00486278533936,,,,,,,,,,,,,,,,,
1334,1334.0,8.0,16.0,29.354347229003906,128.0,1.0,227157.0,821419.0,0.7833662033081055,2.0,2.0,2.0,0.375,16.0,0.07302983434205614,0.039141733199357986,0.4879722595214844,14194.0,16.0,1.0,227157.0,113552.0,0.499883340597032,128.0,1.0,1.0,1.0,8.035759896039963,1.2856864912236676e-07,39.73330307006836,31.25439453125,35.55732202529907,1334.0,0.0,64.97508358955383,,,,,,,,,,,,,,,,,
1335,1335.0,8.0,16.0,23.201171398162842,128.0,1.0,263171.0,785405.0,0.7490205764770508,2.0,2.0,2.0,0.3515625,16.0,0.053339388473854374,0.03062634915113449,0.38070032000541687,16444.25,16.0,1.0,263171.0,131554.0,0.49988030596076316,128.0,1.0,1.0,1.0,9.309767991304398,1.2796456328194653e-07,36.212088108062744,33.351806640625,41.715317249298096,1335.0,0.0,64.98144745826721,,,,,,,,,,,,,,,,,
1336,1336.0,8.0,16.0,36.01108431816101,128.0,1.0,336356.0,712220.0,0.6792259216308594,2.0,2.0,2.0,0.3046875,16.0,0.049942790711416496,0.029451418668031693,0.3285408020019531,21018.5,16.0,1.0,336356.0,168148.0,0.4999108087859292,128.0,1.0,1.0,1.0,11.89871346950531,1.2736169162627148e-07,47.10937452316284,36.856689453125,47.379064083099365,1336.0,0.0,83.47334384918213,,,,,,,,,,,,,,,,,
1337,1337.0,8.0,16.0,28.072662353515625,128.0,1.0,207606.0,840970.0,0.8020114898681641,2.0,2.0,2.0,0.5078125,16.0,0.05483281380866492,0.02736634761095047,0.6079673767089844,12971.375,16.0,1.0,207606.0,103771.0,0.4998458618729709,128.0,1.0,1.0,1.0,7.344136297702789,1.267600361228891e-07,35.4979305267334,30.44970703125,41.6882963180542,1337.0,0.0,69.81683111190796,,,,,,,,,,,,,,,,,
1338,1338.0,8.0,16.0,41.33166432380676,128.0,1.0,227874.0,820702.0,0.7826824188232422,2.0,2.0,2.0,0.5546875,16.0,0.05135837685663093,0.029147926717996597,0.4821535348892212,14237.75,16.0,1.0,227874.0,113902.0,0.4998464063473674,128.0,1.0,1.0,1.0,8.06112402677536,1.2615959873537845e-07,39.97588014602661,32.3525390625,42.08201265335083,1338.0,0.0,83.47563409805298,,,,,,,,,,,,,,,,,
1339,1339.0,8.0,16.0,33.52577519416809,128.0,1.0,195263.0,853313.0,0.8137826919555664,2.0,2.0,2.0,0.8671875,16.0,0.04779267904798946,0.02273501269519329,0.4745967984199524,12199.875,16.0,1.0,195263.0,97599.0,0.4998335578168931,128.0,1.0,1.0,1.0,6.907498270273209,1.2556038142334307e-07,39.26876783370972,30.00390625,40.44912672042847,1339.0,0.0,74.0276746749878,,,,,,,,,,,,,,,,,
1340,1340.0,8.0,16.0,18.69339942932129,128.0,1.0,211832.0,836744.0,0.7979812622070312,2.0,2.0,2.0,0.40625,16.0,0.06217179217634066,0.03280051425099373,0.5206937789916992,13235.0,16.0,1.0,211832.0,105880.0,0.4998300540050606,128.0,1.0,1.0,1.0,7.493632555007935,1.249623861424046e-07,31.92967939376831,30.84228515625,39.970155477523804,1340.0,0.0,58.720539569854736,,,,,,,,,,,,,,,,,
1341,1341.0,8.0,16.0,34.46594715118408,128.0,1.0,261468.0,787108.0,0.7506446838378906,2.0,2.0,2.0,0.4375,16.0,0.04998465423337278,0.028833098709583282,0.4117928445339203,16337.25,16.0,1.0,261468.0,130698.0,0.49986231584744595,128.0,1.0,1.0,1.0,9.249523758888245,1.2436561484419604e-07,39.07932186126709,33.09521484375,44.5154972076416,1341.0,0.0,79.04955244064331,,,,,,,,,,,,,,,,,
1342,1342.0,8.0,16.0,27.482980966567993,128.0,1.0,298571.0,750005.0,0.7152605056762695,2.0,2.0,2.0,0.28125,16.0,0.05082542431089549,0.030421804636716843,0.3641411364078522,18657.125,16.0,1.0,298571.0,149257.0,0.49990454531752915,128.0,1.0,1.0,1.0,10.562055617570877,1.237700694763562e-07,37.83970308303833,35.32373046875,47.3181734085083,1342.0,0.0,74.88027787208557,,,,,,,,,,,,,,,,,
1343,1343.0,8.0,16.0,40.35596013069153,128.0,1.0,288849.0,759727.0,0.7245321273803711,2.0,2.0,2.0,0.3828125,16.0,0.04359222697518411,0.02589801698923111,0.3992297649383545,18049.625,16.0,1.0,288849.0,144397.0,0.4999047945466316,128.0,1.0,1.0,1.0,10.21813639998436,1.2317575198252284e-07,43.50600719451904,35.314208984375,44.93126320838928,1343.0,0.0,85.36050629615784,,,,,,,,,,,,,,48.0,27.0,,
1344,1344.0,8.0,16.0,33.01120924949646,128.0,1.0,178131.0,870445.0,0.8301210403442383,2.0,2.0,2.0,0.546875,16.0,0.05726523281563683,0.027890894562005997,0.531007707118988,11128.75,16.0,1.0,178131.0,89030.0,0.4998007084673639,128.0,1.0,1.0,1.0,6.301447659730911,1.225826643023261e-07,40.45285511016846,29.091552734375,39.32630968093872,1344.0,0.0,72.38778519630432,,,,,,,,,,,,,,,,,
1345,1345.0,8.0,16.0,32.94359803199768,128.0,1.0,208924.0,839652.0,0.8007545471191406,2.0,2.0,2.0,0.4453125,16.0,0.0465783591256447,0.02279854193329811,0.4356156289577484,13053.375,16.0,1.0,208924.0,104427.0,0.49983247496697364,128.0,1.0,1.0,1.0,7.390761017799377,1.219908083713832e-07,32.975085735321045,30.753173828125,38.33809423446655,1345.0,0.0,71.3403491973877,,,,,,,,,,,,,,,,,
1346,1346.0,8.0,16.0,41.02072596549988,128.0,1.0,252284.0,796292.0,0.7594032287597656,2.0,2.0,2.0,0.3984375,16.0,0.060421644355450395,0.029015662148594856,0.4617000222206116,15763.75,16.0,1.0,252284.0,126110.0,0.49987315882101124,128.0,1.0,1.0,1.0,8.924636483192444,1.214001861212905e-07,39.768409729003906,33.70068359375,42.86594033241272,1346.0,0.0,83.95269060134888,,,,,,,,,,,,,,,,,
1347,1347.0,8.0,16.0,37.23526382446289,128.0,1.0,317129.0,731447.0,0.6975622177124023,2.0,2.0,2.0,0.25,16.0,0.05479707014891128,0.02898602932691574,0.43025872111320496,19816.5,16.0,1.0,317129.0,158532.0,0.49989751804470733,128.0,1.0,1.0,1.0,11.218551486730576,1.2081079947961853e-07,44.21296215057373,36.43505859375,38.28035593032837,1347.0,0.0,75.5959780216217,,,,,,,,,,,,,,,,,
1348,1348.0,8.0,16.0,39.57957434654236,128.0,1.0,253394.0,795182.0,0.7583446502685547,2.0,2.0,2.0,0.375,16.0,0.05890405247845737,0.03127271309494972,0.4519697427749634,15833.5,16.0,1.0,253394.0,126668.0,0.49988555372266114,128.0,1.0,1.0,1.0,8.9639031291008,1.202226503699053e-07,46.735559940338135,33.074951171875,44.70301866531372,1348.0,0.0,84.35227942466736,,,,,,,,,,,,,,,,,
1349,1349.0,8.0,16.0,26.21457552909851,128.0,1.0,281777.0,766799.0,0.7312765121459961,2.0,2.0,2.0,0.4296875,16.0,0.051181680413379636,0.029756763949990273,0.3962761163711548,17607.0,16.0,1.0,281777.0,140856.0,0.4998846605649148,128.0,1.0,1.0,1.0,9.967961877584457,1.1963574071164993e-07,41.206748485565186,33.927490234375,39.838911294937134,1349.0,0.0,66.13979744911194,,,,,,,,,,,,,,,,,
1350,1350.0,8.0,16.0,41.79682922363281,128.0,1.0,275415.0,773161.0,0.7373437881469727,2.0,2.0,2.0,0.5859375,16.0,0.05239657376831778,0.03144998475909233,0.4256424903869629,17208.75,16.0,1.0,275415.0,137670.0,0.4998638418386798,128.0,1.0,1.0,1.0,9.742903858423233,1.1905007242030624e-07,47.6675820350647,34.72607421875,49.07130002975464,1350.0,0.0,317.6063828468323,,,,,,,,,,,,,,,,,
1351,1351.0,8.0,16.0,20.387916326522827,128.0,1.0,234171.0,814405.0,0.776677131652832,2.0,2.0,2.0,0.5390625,16.0,0.045516214705045736,0.024471236392855644,0.5206783413887024,14632.0,16.0,1.0,234171.0,117056.0,0.4998740236835475,128.0,1.0,1.0,1.0,8.283882647752762,1.1846564740727688e-07,31.4756441116333,31.61279296875,42.453850746154785,1351.0,0.0,62.906737327575684,,,,,,,,,,,,,,,,,
1352,1352.0,8.0,16.0,33.91889238357544,128.0,1.0,234326.0,814250.0,0.7765293121337891,2.0,2.0,2.0,0.4140625,16.0,0.06200432923735258,0.031929586082696915,0.5017195343971252,14642.125,16.0,1.0,234326.0,117137.0,0.49988904346935464,128.0,1.0,1.0,1.0,8.289365828037262,1.1788246757990684e-07,39.589354038238525,31.69140625,42.20732283592224,1352.0,0.0,76.18768286705017,,,,,,,,,,,,,,,,,
1353,1353.0,8.0,16.0,39.58600664138794,128.0,1.0,286792.0,761784.0,0.7264938354492188,2.0,2.0,2.0,0.4296875,16.0,0.062268847875535965,0.03627166897058487,0.4329872727394104,17921.125,16.0,1.0,286792.0,143369.0,0.4999058551145081,128.0,1.0,1.0,1.0,10.145369291305542,1.173005348414774e-07,48.21967935562134,34.298095703125,45.997228384017944,1353.0,0.0,85.65731048583984,,,,,,,,,,,,,,,,,
1354,1354.0,8.0,16.0,26.894860982894897,128.0,1.0,246022.0,802554.0,0.7653751373291016,2.0,2.0,2.0,0.34375,16.0,0.055311154657323405,0.033062562346458435,0.3942198157310486,15372.25,16.0,1.0,246022.0,122978.0,0.4998658656542911,128.0,1.0,1.0,1.0,8.703115999698639,1.167198510911997e-07,35.575021743774414,32.653564453125,44.11805772781372,1354.0,0.0,71.08080506324768,,,,,,,,,,,,,,,,,
1355,1355.0,8.0,16.0,25.619486093521118,128.0,1.0,245960.0,802616.0,0.7654342651367188,2.0,2.0,2.0,0.3359375,16.0,0.06877125722411427,0.03377852588891983,0.4397684931755066,15369.125,16.0,1.0,245960.0,122953.0,0.49989022605301675,128.0,1.0,1.0,1.0,8.700922727584839,1.1614041822420862e-07,36.57465934753418,32.802734375,40.489792823791504,1355.0,0.0,66.1731424331665,,,,,,,,,,,,,,,,,
1356,1356.0,8.0,16.0,39.56390690803528,128.0,1.0,226007.0,822569.0,0.7844629287719727,2.0,2.0,2.0,0.484375,16.0,0.06311581299326088,0.033408306539058685,0.5674440264701843,14121.375,16.0,1.0,226007.0,112971.0,0.4998561991442743,128.0,1.0,1.0,1.0,7.995078235864639,1.1556223813155669e-07,45.16066217422485,31.643310546875,36.963353395462036,1356.0,0.0,76.58757877349854,,,,,,,,,,,,,,,,,
1357,1357.0,8.0,16.0,40.77954602241516,128.0,1.0,241445.0,807131.0,0.769740104675293,2.0,2.0,2.0,0.3515625,16.0,0.04907699398317705,0.026202796027064323,0.5195387005805969,15086.875,16.0,1.0,241445.0,120695.0,0.49988610242498294,128.0,1.0,1.0,1.0,8.541202992200851,1.1498531270020783e-07,49.655704498291016,32.382080078125,39.82364344596863,1357.0,0.0,80.67591762542725,,,,,,,,,,,,,,,,,
1358,1358.0,8.0,16.0,40.59004235267639,128.0,1.0,279142.0,769434.0,0.7337894439697266,2.0,2.0,2.0,0.4140625,16.0,0.043550780248258654,0.025329194962978363,0.3768155872821808,17442.5,16.0,1.0,279142.0,139540.0,0.499888945411296,128.0,1.0,1.0,1.0,9.874747812747955,1.1440964381303148e-07,45.8871169090271,34.335205078125,37.80960178375244,1358.0,0.0,78.47326040267944,,,,,,,,,,,,,,,,,
1359,1359.0,8.0,16.0,39.968262910842896,128.0,1.0,278972.0,769604.0,0.7339515686035156,2.0,2.0,2.0,0.28125,16.0,0.05150211733716539,0.025991562753915787,0.5985444784164429,17431.375,16.0,1.0,278972.0,139451.0,0.49987453938029625,128.0,1.0,1.0,1.0,9.868734002113342,1.1383523334879547e-07,42.54531383514404,35.123046875,37.825653314590454,1359.0,0.0,77.86429023742676,,,,,,,,,,,,,,,,,
1360,1360.0,8.0,16.0,36.207717418670654,128.0,1.0,207416.0,841160.0,0.8021926879882812,2.0,2.0,2.0,0.4765625,16.0,0.054564650787625624,0.02401052974164486,0.5047940015792847,12958.625,16.0,1.0,207416.0,103669.0,0.4998119720754426,128.0,1.0,1.0,1.0,7.337414979934692,1.132620831821613e-07,39.52060079574585,30.643798828125,35.54442572593689,1360.0,0.0,71.8078966140747,,,,,,,,,,,,,,,,,
1361,1361.0,8.0,16.0,24.485475063323975,128.0,1.0,228042.0,820534.0,0.7825222015380859,2.0,2.0,2.0,0.484375,16.0,0.06828253857698478,0.034807976335287094,0.6015104651451111,14248.5,16.0,1.0,228042.0,113988.0,0.4998552898150341,128.0,1.0,1.0,1.0,8.067067086696625,1.1269019518367706e-07,36.06482744216919,31.583740234375,36.750776529312134,1361.0,0.0,61.297545194625854,,,,,,,,,,,,,,,,,
1362,1362.0,8.0,16.0,33.834484577178955,128.0,1.0,257620.0,790956.0,0.7543144226074219,2.0,2.0,2.0,0.421875,16.0,0.05002321971603239,0.03273162245750427,0.38637596368789673,16097.5,16.0,1.0,257620.0,128780.0,0.49988354941386537,128.0,1.0,1.0,1.0,9.113399386405945,1.1211957121977173e-07,41.320143699645996,33.372802734375,37.3358359336853,1362.0,0.0,71.24667716026306,,,,,,,,,,,,,,,,,
1363,1363.0,8.0,16.0,31.91255235671997,128.0,1.0,280690.0,767886.0,0.7323131561279297,2.0,2.0,2.0,0.4375,16.0,0.05811446296892042,0.03340095281600952,0.43432703614234924,17538.625,16.0,1.0,280690.0,140309.0,0.49987174462930634,128.0,1.0,1.0,1.0,9.929508864879608,1.1155021315274882e-07,40.486392974853516,34.218505859375,37.24585461616516,1363.0,0.0,69.22861361503601,,,,,,,,,,,,,,,,,
1364,1364.0,8.0,16.0,25.000218868255615,128.0,1.0,208343.0,840233.0,0.8013086318969727,2.0,2.0,2.0,0.40625,16.0,0.05027527600730855,0.025538867339491844,0.54567551612854,13017.375,16.0,1.0,208343.0,104139.0,0.49984400723806416,128.0,1.0,1.0,1.0,7.3702079355716705,1.1098212284078035e-07,41.29837226867676,30.373046875,36.46483087539673,1364.0,0.0,61.523306131362915,,,,,,,,,,,,,,,,,
1365,1365.0,8.0,16.0,19.9432156085968,128.0,1.0,202989.0,845587.0,0.8064146041870117,2.0,2.0,2.0,0.53125,16.0,0.07000117346651011,0.03301485255360603,0.8647936582565308,12682.5,16.0,1.0,202989.0,101460.0,0.49983004005143133,128.0,1.0,1.0,1.0,7.180808275938034,1.1041530213790101e-07,32.27255582809448,29.529541015625,33.75557541847229,1365.0,0.0,53.75435495376587,,,,,,,,,,,,,,,,,
1366,1366.0,8.0,16.0,34.98840022087097,128.0,1.0,263363.0,785213.0,0.7488374710083008,2.0,2.0,2.0,0.390625,16.0,0.05658291103203303,0.032389841973781586,0.4542630910873413,16455.75,16.0,1.0,263363.0,131646.0,0.49986520505917686,128.0,1.0,1.0,1.0,9.316560059785843,1.0984975289400189e-07,43.44410181045532,33.219970703125,37.12510681152344,1366.0,0.0,72.19233918190002,,,,,,,,,,,,,,,,,
1367,1367.0,8.0,16.0,40.169493675231934,128.0,1.0,259472.0,789104.0,0.7525482177734375,2.0,2.0,2.0,0.265625,16.0,0.061051108106053645,0.036506980657577515,0.380164235830307,16212.875,16.0,1.0,259472.0,129703.0,0.4998728186470987,128.0,1.0,1.0,1.0,9.178914546966553,1.0928547695482465e-07,45.10973310470581,34.171142578125,36.792072772979736,1367.0,0.0,77.03028964996338,,,,,,,,,,,,,,,,,
1368,1368.0,8.0,16.0,34.40167260169983,128.0,1.0,280906.0,767670.0,0.7321071624755859,2.0,2.0,2.0,0.3359375,16.0,0.05940080391017988,0.02935207448899746,0.46703723073005676,17552.875,16.0,1.0,280906.0,140423.0,0.49989320270837934,128.0,1.0,1.0,1.0,9.937149941921234,1.0872247616195523e-07,43.41935682296753,34.17724609375,37.33464241027832,1368.0,0.0,71.8092143535614,,,,,,,,,,,,,,,,,
1369,1369.0,8.0,16.0,16.660221815109253,128.0,1.0,180646.0,867930.0,0.8277225494384766,2.0,2.0,2.0,0.3984375,16.0,0.06137999240121267,0.03222443163394928,0.4902545213699341,11286.0,16.0,1.0,180646.0,90288.0,0.4998062508995494,128.0,1.0,1.0,1.0,6.39041668176651,1.0816075235281791e-07,31.58857536315918,28.49951171875,33.6365180015564,1369.0,0.0,50.353291273117065,,,,,,,,,,,,,,,,,
1370,1370.0,8.0,16.0,33.59208393096924,128.0,1.0,250658.0,797918.0,0.7609539031982422,2.0,2.0,2.0,0.3359375,16.0,0.05356709208149879,0.026446450501680374,0.4940992593765259,15661.75,16.0,1.0,250658.0,125294.0,0.49986036751270657,128.0,1.0,1.0,1.0,8.867116153240204,1.076003073606695e-07,35.64827537536621,32.87841796875,35.0124032497406,1370.0,0.0,68.66938781738281,,,,,,,,,,,,,,,,,
1371,1371.0,8.0,16.0,24.723158597946167,128.0,1.0,278991.0,769585.0,0.7339334487915039,2.0,2.0,2.0,0.46875,16.0,0.04634748261180707,0.024243628606200218,0.3920237421989441,17432.5,16.0,1.0,278991.0,139460.0,0.49987275575197765,128.0,1.0,1.0,1.0,9.869406133890152,1.0704114301459316e-07,37.12938690185547,33.854248046875,36.70524764060974,1371.0,0.0,61.49838161468506,,,,,,,,,,,,,,,,,
1372,1372.0,8.0,16.0,30.031606674194336,128.0,1.0,246313.0,802263.0,0.7650976181030273,2.0,2.0,2.0,0.203125,16.0,0.07314430849447771,0.03965471684932709,0.5284332633018494,15390.625,16.0,1.0,246313.0,123125.0,0.499872113936333,128.0,1.0,1.0,1.0,8.71341022849083,1.0648326113949269e-07,35.88000822067261,32.539306640625,34.62938141822815,1372.0,0.0,64.72779774665833,,,,,,,,,,,,,,,,,
1373,1373.0,8.0,16.0,41.34674692153931,128.0,1.0,247249.0,801327.0,0.7642049789428711,2.0,2.0,2.0,0.625,16.0,0.06489191667483235,0.032761987298727036,0.4605953097343445,15448.625,16.0,1.0,247249.0,123589.0,0.49985642004618824,128.0,1.0,1.0,1.0,8.746521562337875,1.0592666355608599e-07,40.05633068084717,32.753173828125,38.47399926185608,1373.0,0.0,79.88990569114685,,,,,,,,,,,,,,,,,
1374,1374.0,8.0,16.0,35.08655261993408,128.0,1.0,224555.0,824021.0,0.7858476638793945,2.0,2.0,2.0,0.2734375,16.0,0.05317060495254888,0.031124310567975044,0.498422771692276,14030.25,16.0,1.0,224555.0,112242.0,0.4998419095544521,128.0,1.0,1.0,1.0,7.943713217973709,1.053713520808997e-07,39.429508209228516,31.490966796875,44.1827449798584,1374.0,0.0,79.33131241798401,,,,,,,,,,,,,,,,,
1375,1375.0,8.0,16.0,40.82976484298706,128.0,1.0,314839.0,733737.0,0.6997461318969727,2.0,2.0,2.0,0.5390625,16.0,0.038976922355970736,0.023210937157273293,0.3283945918083191,19673.125,16.0,1.0,314839.0,157385.0,0.49989042018301416,128.0,1.0,1.0,1.0,11.13754191994667,1.048173285262633e-07,51.31362771987915,36.105224609375,49.95601987838745,1375.0,0.0,90.86802411079407,,,,,,,,,,,,,,,,,
1376,1376.0,8.0,16.0,25.695047855377197,128.0,1.0,250999.0,797577.0,0.7606287002563477,2.0,2.0,2.0,0.3515625,16.0,0.06437662129611611,0.03691820800304413,0.4666704833507538,15683.0,16.0,1.0,250999.0,125464.0,0.4998585651735664,128.0,1.0,1.0,1.0,8.879179149866104,1.042645947003028e-07,39.192646980285645,32.287109375,42.36089277267456,1376.0,0.0,68.12349104881287,,,,,,,,,,,,,,,,,
1377,1377.0,8.0,16.0,39.574827432632446,128.0,1.0,326505.0,722071.0,0.6886205673217773,2.0,2.0,2.0,0.3125,16.0,0.05079072710248061,0.027205687016248703,0.5881305932998657,20402.5,16.0,1.0,326505.0,163220.0,0.49990046094240514,128.0,1.0,1.0,1.0,11.550230830907822,1.0371315240693474e-07,44.69304800033569,37.052978515625,47.15909719467163,1377.0,0.0,86.81442427635193,,,,,,,,,,,,,,,,,
1378,1378.0,8.0,16.0,14.844980001449585,128.0,1.0,184578.0,863998.0,0.8239727020263672,2.0,2.0,2.0,0.5703125,16.0,0.05898666442030882,0.028162244707345963,0.46824026107788086,11531.5,16.0,1.0,184578.0,92252.0,0.49979954274073835,128.0,1.0,1.0,1.0,6.529512584209442,1.0316300344586109e-07,30.859089851379395,28.885498046875,38.99299955368042,1378.0,0.0,53.89284920692444,,,,,,,,,,,,,,,,,
1379,1379.0,8.0,16.0,40.15678405761719,128.0,1.0,270002.0,778574.0,0.7425060272216797,2.0,2.0,2.0,0.5625,16.0,0.06334513592956667,0.03183408081531525,0.4781714677810669,16870.75,16.0,1.0,270002.0,134966.0,0.49987037133058276,128.0,1.0,1.0,1.0,9.551417052745819,1.0261414961256265e-07,42.63972043991089,34.642578125,45.65162396430969,1379.0,0.0,85.88238143920898,,,,,,,,,,,,,,,,,
1380,1380.0,8.0,16.0,41.520679235458374,128.0,1.0,360093.0,688483.0,0.6565885543823242,2.0,2.0,2.0,0.4375,16.0,0.04036742633243808,0.02274012751877308,0.61566561460495,22501.5,16.0,1.0,360093.0,180012.0,0.4999041914172172,128.0,1.0,1.0,1.0,12.738418310880661,1.0206659269829333e-07,60.60230731964111,37.7529296875,53.09838628768921,1380.0,0.0,94.70830035209656,,,,,,,,,,,,,,,,,
1381,1381.0,8.0,16.0,29.24208402633667,128.0,1.0,226848.0,821728.0,0.783660888671875,2.0,2.0,2.0,0.4140625,16.0,0.055034141934142404,0.026858041062951088,0.47198769450187683,14173.875,16.0,1.0,226848.0,113391.0,0.4998545281421921,128.0,1.0,1.0,1.0,8.024828910827637,1.0152033449007453e-07,39.490806102752686,31.41259765625,40.15862274169922,1381.0,0.0,69.46044325828552,,,,,,,,,,,,,,,,,
1382,1382.0,8.0,16.0,25.49616527557373,128.0,1.0,278575.0,770001.0,0.7343301773071289,2.0,2.0,2.0,0.3671875,16.0,0.058439005098128695,0.03566696122288704,0.3839007616043091,17406.75,16.0,1.0,278575.0,139254.0,0.49987974513147265,128.0,1.0,1.0,1.0,9.854689985513687,1.0097537677068885e-07,36.25594425201416,33.88134765625,41.43772339820862,1382.0,0.0,67.00460982322693,,,,,,,,,,,,,,,,,
1383,1383.0,8.0,16.0,25.046507120132446,128.0,1.0,223463.0,825113.0,0.7868890762329102,2.0,2.0,2.0,0.3828125,16.0,0.06901662939595697,0.03263622894883156,0.5530325770378113,13963.0,16.0,1.0,223463.0,111704.0,0.49987693712158165,128.0,1.0,1.0,1.0,7.905083328485489,1.004317213186749e-07,35.43986511230469,31.642822265625,37.75347018241882,1383.0,0.0,62.86341977119446,,,,,,,,,,,,,,,,,
1384,1384.0,8.0,16.0,40.70152258872986,128.0,1.0,330433.0,718143.0,0.6848745346069336,2.0,2.0,2.0,0.3671875,16.0,0.04515682691475133,0.022829312831163406,0.32083994150161743,20648.375,16.0,1.0,330433.0,165187.0,0.49991072320258567,128.0,1.0,1.0,1.0,11.689185231924057,9.988936990832109e-08,50.6963849067688,37.2529296875,44.351136684417725,1384.0,0.0,85.13928890228271,,,,,,,,,,,,,,,,,
1385,1385.0,8.0,16.0,29.631791591644287,128.0,1.0,154835.0,893741.0,0.8523378372192383,2.0,2.0,2.0,0.625,16.0,0.0584735264194912,0.026704028248786926,0.6306239366531372,9672.625,16.0,1.0,154835.0,77381.0,0.4997642651855201,128.0,1.0,1.0,1.0,5.47734335064888,9.934832430966001e-08,32.83908224105835,28.5908203125,32.95331907272339,1385.0,0.0,62.625077962875366,,,,,,,,,,,,,,,,,
1386,1386.0,8.0,16.0,39.765703201293945,128.0,1.0,351256.0,697320.0,0.6650161743164062,2.0,2.0,2.0,0.3515625,16.0,0.05555904057138336,0.0356457494199276,0.39676427841186523,21949.125,16.0,1.0,351256.0,175593.0,0.49990035757396317,128.0,1.0,1.0,1.0,12.425806283950806,9.880858628846222e-08,50.380959033966064,37.998291015625,46.44110321998596,1386.0,0.0,86.29457497596741,,,,,,,,,,,,,,,,,
1387,1387.0,8.0,16.0,18.57811427116394,128.0,1.0,172790.0,875786.0,0.8352146148681641,2.0,2.0,2.0,0.5625,16.0,0.06564685391253244,0.03072396293282509,0.504461407661438,10794.75,16.0,1.0,172790.0,86358.0,0.49978586723768736,128.0,1.0,1.0,1.0,6.112507879734039,9.827015760623125e-08,31.936153888702393,28.580322265625,37.548949241638184,1387.0,0.0,56.18037486076355,,,,,,,,,,,,,,,,,
1388,1388.0,8.0,16.0,27.611955404281616,128.0,1.0,273859.0,774717.0,0.7388277053833008,2.0,2.0,2.0,0.2265625,16.0,0.07648056486859375,0.044502150267362595,0.45068466663360596,17112.125,16.0,1.0,273859.0,136897.0,0.49988132579173955,128.0,1.0,1.0,1.0,9.687859803438187,9.773304002019716e-08,38.90202856063843,33.332763671875,41.838220834732056,1388.0,0.0,69.52389001846313,,,,,,,,,,,,,,,,,
1389,1389.0,8.0,16.0,41.940500020980835,128.0,1.0,274552.0,774024.0,0.7381668090820312,2.0,2.0,2.0,0.578125,16.0,0.054185286393305845,0.03424985334277153,0.3993142545223236,17155.625,16.0,1.0,274552.0,137245.0,0.4998870887846382,128.0,1.0,1.0,1.0,9.712374925613403,9.71972352833113e-08,53.740342140197754,33.75439453125,49.32177686691284,1389.0,0.0,91.33514094352722,,,,,,,,,,,,,,,,,
1390,1390.0,8.0,16.0,41.845876932144165,128.0,1.0,234063.0,814513.0,0.7767801284790039,2.0,2.0,2.0,0.2578125,16.0,0.06629287106515123,0.03205776587128639,0.5258880257606506,14625.0,16.0,1.0,234063.0,117000.0,0.49986542084823316,128.0,1.0,1.0,1.0,8.280062109231949,9.666274514424022e-08,41.91630458831787,32.93115234375,43.57831907272339,1390.0,0.0,85.50357675552368,,,,,,,,,,,,,,,,,
1391,1391.0,8.0,16.0,24.692989349365234,128.0,1.0,196252.0,852324.0,0.8128395080566406,2.0,2.0,2.0,0.65625,16.0,0.0562901244954553,0.025893179699778557,0.889699399471283,12261.875,16.0,1.0,196252.0,98095.0,0.49984203982634573,128.0,1.0,1.0,1.0,6.942484498023987,9.61295713473601e-08,31.40998411178589,30.029052734375,39.00753355026245,1391.0,0.0,63.7533061504364,,,,,,,,,,,,,,,,,
1392,1392.0,8.0,16.0,30.540065050125122,128.0,1.0,316199.0,732377.0,0.6984491348266602,2.0,2.0,2.0,0.2109375,16.0,0.05598950614191316,0.030923588201403618,0.4027995765209198,19758.625,16.0,1.0,316199.0,158069.0,0.4999035417569316,128.0,1.0,1.0,1.0,11.185652405023575,9.55977156327512e-08,38.02525329589844,36.06591796875,46.381691217422485,1392.0,0.0,77.01376295089722,,,,,,,,,,,,,,,,,
1393,1393.0,8.0,16.0,39.752774477005005,128.0,1.0,252709.0,795867.0,0.758997917175293,2.0,2.0,2.0,0.421875,16.0,0.06878485874427802,0.038613464683294296,0.5085000395774841,15790.375,16.0,1.0,252709.0,126323.0,0.4998753506998168,128.0,1.0,1.0,1.0,8.939671009778976,9.506717973619194e-08,35.84359073638916,33.686279296875,41.89040565490723,1393.0,0.0,81.71386885643005,,,,,,,,,,,,,,,,,
1394,1394.0,8.0,16.0,12.6638503074646,128.0,1.0,143423.0,905153.0,0.8632211685180664,2.0,2.0,2.0,0.7890625,16.0,0.07430375757821021,0.03155648708343506,0.7781866788864136,8959.75,16.0,1.0,143423.0,71678.0,0.4997664251898231,128.0,1.0,1.0,1.0,5.073639780282974,9.453796538915354e-08,26.269329071044922,26.907470703125,35.6548867225647,1394.0,0.0,48.361210107803345,,,,,,,,,,,,,,,,,
1395,1395.0,8.0,16.0,40.81799793243408,128.0,1.0,191040.0,857536.0,0.81781005859375,2.0,2.0,2.0,0.7109375,16.0,0.05091963201968048,0.024823617190122604,0.46543386578559875,11936.375,16.0,1.0,191040.0,95491.0,0.49984819932998326,128.0,1.0,1.0,1.0,6.758108139038086,9.401007431879366e-08,45.17803478240967,30.10498046875,39.68004751205444,1395.0,0.0,80.547438621521,,,,,,,,,,,,,,,,,
1396,1396.0,8.0,16.0,40.59679388999939,128.0,1.0,296741.0,751835.0,0.717005729675293,2.0,2.0,2.0,0.6015625,16.0,0.04390157131814125,0.024621883407235146,0.3485066294670105,18542.75,16.0,1.0,296741.0,148342.0,0.49990395664906434,128.0,1.0,1.0,1.0,10.497318714857101,9.348350824795187e-08,49.11257600784302,35.051025390625,48.707661628723145,1396.0,0.0,89.37774682044983,,,,,,,,,,,,,,,,,
1397,1397.0,8.0,16.0,28.84842324256897,128.0,1.0,249126.0,799450.0,0.7624149322509766,2.0,2.0,2.0,0.40625,16.0,0.06728568552005303,0.034955985844135284,0.46671512722969055,15566.375,16.0,1.0,249126.0,124531.0,0.49987155094209357,128.0,1.0,1.0,1.0,8.812921106815338,9.295826889514313e-08,40.54348850250244,32.533935546875,41.8103609085083,1397.0,0.0,70.73277831077576,,,,,,,,,,,,,,,,,
1398,1398.0,8.0,16.0,10.74086856842041,128.0,1.0,134361.0,914215.0,0.8718633651733398,2.0,2.0,2.0,0.7421875,16.0,0.05417854183726337,0.022884909063577652,0.6650557518005371,8393.625,16.0,1.0,134361.0,67149.0,0.49976555696965635,128.0,1.0,1.0,1.0,4.753068298101425,9.243435797455262e-08,24.34625005722046,26.629638671875,36.20850229263306,1398.0,0.0,46.98651337623596,,,,,,,,,,,,,,,,,
1399,1399.0,8.0,16.0,41.05331611633301,128.0,1.0,313602.0,734974.0,0.7009258270263672,2.0,2.0,2.0,0.171875,16.0,0.05746694322709971,0.03523864969611168,0.35068488121032715,19596.0,16.0,1.0,313602.0,156768.0,0.49989477107926605,128.0,1.0,1.0,1.0,11.093782603740692,9.19117771960301e-08,42.84432554244995,36.012939453125,47.3401312828064,1399.0,0.0,88.46989631652832,,,,,,,,,,,,,,,,,
1400,1400.0,8.0,16.0,41.509583950042725,128.0,1.0,273850.0,774726.0,0.7388362884521484,2.0,2.0,2.0,0.4296875,16.0,0.05188285274468323,0.027560407295823097,0.38342586159706116,17111.875,16.0,1.0,273850.0,136895.0,0.4998904509768121,128.0,1.0,1.0,1.0,9.687541425228119,9.139052826508376e-08,50.430471420288086,33.990966796875,47.001999378204346,1400.0,0.0,317.55830788612366,,,,,,,,,,,,,,,,,
1401,1401.0,8.0,16.0,23.757450819015503,128.0,1.0,242409.0,806167.0,0.7688207626342773,2.0,2.0,2.0,0.4765625,16.0,0.06389392514720425,0.03426266834139824,0.5107523202896118,15147.0,16.0,1.0,242409.0,121176.0,0.49988243010779304,128.0,1.0,1.0,1.0,8.575304836034775,9.087061288287545e-08,33.288580894470215,32.1357421875,42.681955337524414,1401.0,0.0,66.54299974441528,,,,,,,,,,,,,,,,,
1402,1402.0,8.0,16.0,40.32418155670166,128.0,1.0,258260.0,790316.0,0.7537040710449219,2.0,2.0,2.0,0.3515625,16.0,0.04827195890262106,0.023718222975730896,0.4952213764190674,16137.0,16.0,1.0,258260.0,129096.0,0.49986834972508326,128.0,1.0,1.0,1.0,9.13603961467743,9.035203274621522e-08,41.279869556427,33.724853515625,45.42826962471008,1402.0,0.0,85.8309383392334,,,,,,,,,,,,,,,,,
1403,1403.0,8.0,16.0,25.65322184562683,128.0,1.0,170506.0,878070.0,0.8373928070068359,2.0,2.0,2.0,0.6796875,16.0,0.0577497419864602,0.02583778277039528,0.5772395133972168,10652.0,16.0,1.0,170506.0,85216.0,0.49978299883875055,128.0,1.0,1.0,1.0,6.031710565090179,8.983478954755492e-08,36.94023609161377,28.169921875,34.643221855163574,1403.0,0.0,60.35300397872925,,,,,,,,,,,,,,,,,
1404,1404.0,8.0,16.0,19.833844661712646,128.0,1.0,230844.0,817732.0,0.7798500061035156,2.0,2.0,2.0,0.3671875,16.0,0.055283948667028134,0.0311912689357996,0.4193720817565918,14423.375,16.0,1.0,230844.0,115387.0,0.49984838245741714,128.0,1.0,1.0,1.0,8.166188836097717,8.931888497498296e-08,34.49010181427002,31.4912109375,35.07524371147156,1404.0,0.0,54.981730937957764,,,,,,,,,,,,,,,,,
1405,1405.0,8.0,16.0,40.53526711463928,128.0,1.0,300122.0,748454.0,0.7137813568115234,2.0,2.0,2.0,0.390625,16.0,0.042436878107264535,0.024733969941735268,0.3509998023509979,18753.875,16.0,1.0,300122.0,150031.0,0.4999000406501356,128.0,1.0,1.0,1.0,10.616922795772552,8.880432071221933e-08,44.48126840591431,36.61865234375,41.87350034713745,1405.0,0.0,82.49849200248718,,,,,,,,,,,,,,,,,
1406,1406.0,8.0,16.0,25.4768807888031,128.0,1.0,257339.0,791237.0,0.754582405090332,2.0,2.0,2.0,0.25,16.0,0.07049140567588774,0.03689451888203621,0.48379960656166077,16079.375,16.0,1.0,257339.0,128635.0,0.4998659355946825,128.0,1.0,1.0,1.0,9.103458911180496,8.829109843860965e-08,38.39016771316528,33.673828125,37.48779559135437,1406.0,0.0,63.04264974594116,,,,,,,,,,,,,,,,,
1407,1407.0,8.0,16.0,34.08232498168945,128.0,1.0,281303.0,767273.0,0.7317285537719727,2.0,2.0,2.0,0.484375,16.0,0.056586496782339034,0.029511598870158195,0.3790341019630432,17578.375,16.0,1.0,281303.0,140627.0,0.499912905301401,128.0,1.0,1.0,1.0,9.95119395852089,8.777921982911996e-08,38.76019811630249,34.71875,38.17469310760498,1407.0,0.0,72.34186387062073,,,,,,,,,,,,,,,,,
1408,1408.0,8.0,16.0,36.579896450042725,128.0,1.0,234042.0,814534.0,0.7768001556396484,2.0,2.0,2.0,0.6015625,16.0,0.06125093814820264,0.03770633041858673,0.4957631826400757,14623.5,16.0,1.0,234042.0,116988.0,0.4998589996667265,128.0,1.0,1.0,1.0,8.27931922674179,8.726868655433056e-08,48.77070665359497,31.6572265625,42.2586190700531,1408.0,0.0,78.93038535118103,,,,,,,,,,,,,,,,,
1409,1409.0,8.0,16.0,39.80256128311157,128.0,1.0,253981.0,794595.0,0.7577848434448242,2.0,2.0,2.0,0.5625,16.0,0.050627664295041494,0.023126259446144104,0.49355149269104004,15869.375,16.0,1.0,253981.0,126955.0,0.4998602257649194,128.0,1.0,1.0,1.0,8.984668463468552,8.675950028043161e-08,47.26777935028076,32.966064453125,37.95273041725159,1409.0,0.0,77.83140659332275,,,,,,,,,,,,,,,,,
1410,1410.0,8.0,16.0,27.495779037475586,128.0,1.0,283173.0,765403.0,0.729945182800293,2.0,2.0,2.0,0.546875,16.0,0.055748850501264435,0.032656922936439514,0.39799466729164124,17694.875,16.0,1.0,283173.0,141559.0,0.4999028862214971,128.0,1.0,1.0,1.0,10.017345875501633,8.625166266921696e-08,39.492733001708984,34.2919921875,37.6647834777832,1410.0,0.0,65.24457740783691,,,,,,,,,,,,,,,,,
1411,1411.0,8.0,16.0,19.86948823928833,128.0,1.0,254972.0,793604.0,0.7568397521972656,2.0,2.0,2.0,0.1015625,16.0,0.05391610525154163,0.03158429637551308,0.4609001576900482,15931.625,16.0,1.0,254972.0,127453.0,0.4998705740238144,128.0,1.0,1.0,1.0,9.019725441932678,8.574517537807896e-08,33.33080530166626,32.568115234375,35.037418603897095,1411.0,0.0,54.976048707962036,,,,,,,,,,,,,,,,,
1412,1412.0,8.0,16.0,40.52611970901489,128.0,1.0,324250.0,724326.0,0.6907711029052734,2.0,2.0,2.0,0.4296875,16.0,0.04470754088335478,0.029750747606158257,0.29681918025016785,20260.875,16.0,1.0,324250.0,162087.0,0.4998828064764842,128.0,1.0,1.0,1.0,11.470459401607513,8.524004006000295e-08,51.01484775543213,36.888916015625,43.65453910827637,1412.0,0.0,84.27467584609985,,,,,,,,,,,,,,,,,
1413,1413.0,8.0,16.0,26.431178092956543,128.0,1.0,199935.0,848641.0,0.8093271255493164,2.0,2.0,2.0,0.7265625,16.0,0.04475819153164438,0.024585038423538208,0.43630436062812805,12491.875,16.0,1.0,199935.0,99935.0,0.49983744717033035,128.0,1.0,1.0,1.0,7.0727719366550446,8.473625836356207e-08,41.748310565948486,29.59814453125,34.84170055389404,1413.0,0.0,61.34215450286865,,,,,,,,,,,,,,,,,
1414,1414.0,8.0,16.0,34.075987577438354,128.0,1.0,290291.0,758285.0,0.7231569290161133,2.0,2.0,2.0,0.1875,16.0,0.0478939140961162,0.029237044975161552,0.303523451089859,18139.125,16.0,1.0,290291.0,145113.0,0.4998880433771629,128.0,1.0,1.0,1.0,10.269147664308548,8.423383193291161e-08,43.84177541732788,35.021728515625,38.27488327026367,1414.0,0.0,72.44250702857971,,,,,,,,,,,,,,,,,
1415,1415.0,8.0,16.0,36.71420097351074,128.0,1.0,222253.0,826323.0,0.7880430221557617,2.0,2.0,2.0,0.6953125,16.0,0.039711766746522895,0.022191347554326057,0.388325959444046,13886.5,16.0,1.0,222253.0,111092.0,0.49984477149914736,128.0,1.0,1.0,1.0,7.862279146909714,8.373276240778383e-08,39.166683197021484,31.49609375,35.96613430976868,1415.0,0.0,72.74991965293884,,,,,,,,,,,,,,,,,
1416,1416.0,8.0,16.0,40.95451641082764,128.0,1.0,311684.0,736892.0,0.7027549743652344,2.0,2.0,2.0,0.3203125,16.0,0.05350277401193929,0.030987748876214027,0.351790189743042,19476.25,16.0,1.0,311684.0,155810.0,0.4998973319130915,128.0,1.0,1.0,1.0,11.025932669639587,8.323305142348269e-08,52.76735305786133,35.365966796875,43.18454194068909,1416.0,0.0,84.23360705375671,,,,,,,,,,,,,,,,,
1417,1417.0,8.0,16.0,27.848423719406128,128.0,1.0,225531.0,823045.0,0.784916877746582,2.0,2.0,2.0,0.5546875,16.0,0.05127613557101501,0.028315860778093338,0.4048781096935272,14091.375,16.0,1.0,225531.0,112731.0,0.4998470276813387,128.0,1.0,1.0,1.0,7.978239566087723,8.273470061087795e-08,40.98036861419678,31.822998046875,37.18478536605835,1417.0,0.0,65.10078930854797,,,,,,,,,,,,,,,,,
1418,1418.0,8.0,16.0,32.32905888557434,128.0,1.0,273607.0,774969.0,0.7390680313110352,2.0,2.0,2.0,0.453125,16.0,0.06222397394113868,0.036804307252168655,0.41011887788772583,17095.625,16.0,1.0,273607.0,136765.0,0.4998592872258385,128.0,1.0,1.0,1.0,9.67894521355629,8.22377115964008e-08,42.27025508880615,33.8837890625,38.998799085617065,1418.0,0.0,71.42257475852966,,,,,,,,,,,,,,,,,
1419,1419.0,8.0,16.0,25.64535117149353,128.0,1.0,285553.0,763023.0,0.7276754379272461,2.0,2.0,2.0,0.3359375,16.0,0.06739549660831429,0.03797881677746773,0.43670380115509033,17843.75,16.0,1.0,285553.0,142750.0,0.4999071976130526,128.0,1.0,1.0,1.0,10.101539224386215,8.174208600203775e-08,34.98227548599243,34.836181640625,36.65237832069397,1419.0,0.0,62.371687173843384,,,,,,,,,,,,,,,,,
1420,1420.0,8.0,16.0,26.29773259162903,128.0,1.0,256751.0,791825.0,0.7551431655883789,2.0,2.0,2.0,0.28125,16.0,0.05551460779324905,0.031025629490613937,0.5227881073951721,16043.0,16.0,1.0,256751.0,128344.0,0.49987731303870286,128.0,1.0,1.0,1.0,9.08265820145607,8.12478254453256e-08,36.92155361175537,33.195556640625,36.36376118659973,1420.0,0.0,62.72945737838745,,,,,,,,,,,,,,,,,
1421,1421.0,8.0,16.0,30.10900902748108,128.0,1.0,181218.0,867358.0,0.8271770477294922,2.0,2.0,2.0,0.53125,16.0,0.061756366389625825,0.028500996530056,0.5584843158721924,11322.375,16.0,1.0,181218.0,90579.0,0.49983445353110617,128.0,1.0,1.0,1.0,6.410651385784149,8.075493153934648e-08,32.06966686248779,29.4375,34.00360918045044,1421.0,0.0,64.16628360748291,,,,,,,,,,,,,,,,,
1422,1422.0,8.0,16.0,34.72155690193176,128.0,1.0,292337.0,756239.0,0.7212057113647461,2.0,2.0,2.0,0.421875,16.0,0.044865660186666226,0.02867482788860798,0.3545394539833069,18266.625,16.0,1.0,292337.0,146133.0,0.4998785648070549,128.0,1.0,1.0,1.0,10.34152564406395,8.02634058927218e-08,43.94587469100952,35.0390625,46.45219445228577,1422.0,0.0,81.26484394073486,,,,,,,,,,,,,,,,,
1423,1423.0,8.0,16.0,21.519327640533447,128.0,1.0,235003.0,813573.0,0.775883674621582,2.0,2.0,2.0,0.515625,16.0,0.050564776546886826,0.025174371898174286,0.6901551485061646,14682.875,16.0,1.0,235003.0,117463.0,0.49983617230418337,128.0,1.0,1.0,1.0,8.313314944505692,7.977325010960779e-08,35.32269906997681,32.170166015625,41.66674041748047,1423.0,0.0,63.24539852142334,,,,,,,,,,,,,,,,,
1424,1424.0,8.0,16.0,26.07891535758972,128.0,1.0,235301.0,813275.0,0.775599479675293,2.0,2.0,2.0,0.5625,16.0,0.05510743293813132,0.028780220076441765,0.5036379098892212,14702.875,16.0,1.0,235301.0,117623.0,0.49988312841849375,128.0,1.0,1.0,1.0,8.323856800794601,7.928446578968989e-08,35.53048133850098,31.657958984375,41.03187870979309,1424.0,0.0,67.1717541217804,,,,,,,,,,,,,,,,,
1425,1425.0,8.0,16.0,38.49184703826904,128.0,1.0,343222.0,705354.0,0.6726779937744141,2.0,2.0,2.0,0.3125,16.0,0.05775821928712032,0.034152183681726456,0.3503164052963257,21448.125,16.0,1.0,343222.0,171585.0,0.49992424728018603,128.0,1.0,1.0,1.0,12.141600668430328,7.87970545281777e-08,39.611066818237305,37.592041015625,49.53482985496521,1425.0,0.0,88.14409136772156,,,,,,,,,,,,,,,,,
1426,1426.0,8.0,16.0,21.56919574737549,128.0,1.0,182827.0,865749.0,0.8256425857543945,2.0,2.0,2.0,0.484375,16.0,0.07258980208761219,0.03693032264709473,0.5287783741950989,11422.5,16.0,1.0,182827.0,91380.0,0.49981676667013075,128.0,1.0,1.0,1.0,6.467570334672928,7.831101791579948e-08,32.36980724334717,29.251953125,39.59855031967163,1426.0,0.0,61.23050141334534,,,,,,,,,,,,,,,,,
1427,1427.0,8.0,16.0,40.77079749107361,128.0,1.0,265354.0,783222.0,0.7469387054443359,2.0,2.0,2.0,0.359375,16.0,0.06147333339441368,0.03377513960003853,0.8075481653213501,16580.5,16.0,1.0,265354.0,132644.0,0.4998756378272044,128.0,1.0,1.0,1.0,9.386992394924164,7.78263575387973e-08,43.789072036743164,33.512939453125,41.126084327697754,1427.0,0.0,81.97227334976196,,,,,,,,,,,,,,,,,
1428,1428.0,8.0,16.0,40.54893922805786,128.0,1.0,245281.0,803295.0,0.7660818099975586,2.0,2.0,2.0,0.6328125,16.0,0.06270062791986933,0.03218599408864975,0.5906496644020081,15326.375,16.0,1.0,245281.0,122611.0,0.49987972977931433,128.0,1.0,1.0,1.0,8.676902860403061,7.734307497892161e-08,47.00468111038208,33.7744140625,45.14479899406433,1428.0,0.0,85.76727199554443,,,,,,,,,,,,,,,,,
1429,1429.0,8.0,16.0,40.06827783584595,128.0,1.0,348594.0,699982.0,0.6675548553466797,2.0,2.0,2.0,0.140625,16.0,0.04431245817489733,0.025834284722805023,0.2827571630477905,21783.375,16.0,1.0,348594.0,174267.0,0.49991393999896727,128.0,1.0,1.0,1.0,12.3316370844841,7.686117181342627e-08,52.31294870376587,37.724365234375,50.35384225845337,1429.0,0.0,90.52381658554077,,,,,,,,,,,,,,,,,
1430,1430.0,8.0,16.0,27.357686519622803,128.0,1.0,284470.0,764106.0,0.7287082672119141,2.0,2.0,2.0,0.359375,16.0,0.04730656970718476,0.029721004888415337,0.3147331178188324,17775.375,16.0,1.0,284470.0,142203.0,0.4998875101065139,128.0,1.0,1.0,1.0,10.063227713108063,7.638064961506335e-08,41.551353931427,33.98828125,38.112889766693115,1430.0,0.0,65.55916833877563,,,,,,,,,,,,,,,,,
1431,1431.0,8.0,16.0,39.88490533828735,128.0,1.0,317928.0,730648.0,0.6968002319335938,2.0,2.0,2.0,0.265625,16.0,0.061308647922608456,0.03561490774154663,0.48975205421447754,19866.375,16.0,1.0,317928.0,158931.0,0.49989620291386727,128.0,1.0,1.0,1.0,11.246816396713257,7.590150995207761e-08,49.599825859069824,36.237548828125,40.89930963516235,1431.0,0.0,80.88870167732239,,,,,,,,,,,,,,,,,
1432,1432.0,8.0,16.0,40.32438826560974,128.0,1.0,301121.0,747455.0,0.7128286361694336,2.0,2.0,2.0,0.4609375,16.0,0.05050311700286129,0.025130202993750572,0.36024269461631775,18815.75,16.0,1.0,301121.0,150526.0,0.49988542811693637,128.0,1.0,1.0,1.0,10.652262777090073,7.54237543882022e-08,48.17082214355469,35.441650390625,40.87628769874573,1432.0,0.0,81.2788016796112,,,,,,,,,,,,,,,,,
1433,1433.0,8.0,16.0,31.251838207244873,128.0,1.0,283960.0,764616.0,0.7291946411132812,2.0,2.0,2.0,0.4375,16.0,0.052259354077064626,0.030064241960644722,0.36495429277420044,17743.125,16.0,1.0,283960.0,141945.0,0.4998767432032681,128.0,1.0,1.0,1.0,10.045186281204224,7.494738448265287e-08,40.03179407119751,34.447509765625,38.041300773620605,1433.0,0.0,69.37231087684631,,,,,,,,,,,,,,,,,
1434,1434.0,8.0,16.0,33.782294273376465,128.0,1.0,244395.0,804181.0,0.7669267654418945,2.0,2.0,2.0,0.3203125,16.0,0.03578992775457307,0.018781669437885284,0.35629671812057495,15270.75,16.0,1.0,244395.0,122166.0,0.49987111029276377,128.0,1.0,1.0,1.0,8.645560294389725,7.447240179012305e-08,44.23088026046753,32.210693359375,37.96338438987732,1434.0,0.0,71.81415891647339,,,,,,,,,,,,,,,,,
1435,1435.0,8.0,16.0,18.831586360931396,128.0,1.0,219237.0,829339.0,0.790919303894043,2.0,2.0,2.0,0.484375,16.0,0.05175665514414556,0.027649812400341034,0.4278622567653656,13697.875,16.0,1.0,219237.0,109583.0,0.49983807477752384,128.0,1.0,1.0,1.0,7.755587071180344,7.399880786077889e-08,31.164108753204346,30.70751953125,40.732789278030396,1435.0,0.0,59.629111766815186,,,,,,,,,,,,,,,,,
1436,1436.0,8.0,16.0,35.34614586830139,128.0,1.0,297081.0,751495.0,0.7166814804077148,2.0,2.0,2.0,0.5234375,16.0,0.057926076930565014,0.03457898646593094,0.39962971210479736,18563.375,16.0,1.0,297081.0,148507.0,0.4998872361409851,128.0,1.0,1.0,1.0,10.509346336126328,7.35266042402542e-08,40.89892339706421,35.573974609375,46.36649131774902,1436.0,0.0,81.79988527297974,,,,,,,,,,,,,,,,,
1437,1437.0,8.0,16.0,23.049169540405273,128.0,1.0,266520.0,782056.0,0.7458267211914062,2.0,2.0,2.0,0.5390625,16.0,0.06852700189077547,0.03989487886428833,0.4738200604915619,16653.625,16.0,1.0,266520.0,133229.0,0.49988368602731503,128.0,1.0,1.0,1.0,9.428240060806274,7.305579246964522e-08,36.893635272979736,33.185546875,41.43081760406494,1437.0,0.0,64.56937003135681,,,,,,,,,,,,,,,,,
1438,1438.0,8.0,16.0,39.957247257232666,128.0,1.0,310928.0,737648.0,0.7034759521484375,2.0,2.0,2.0,0.2578125,16.0,0.05821510403689293,0.033024512231349945,0.3921700119972229,19429.625,16.0,1.0,310928.0,155437.0,0.49991316317604073,128.0,1.0,1.0,1.0,10.999188899993896,7.258637408550577e-08,42.3677077293396,36.329833984375,45.96446633338928,1438.0,0.0,86.01047778129578,,,,,,,,,,,,,,,,,
1439,1439.0,8.0,16.0,36.907928466796875,128.0,1.0,312741.0,735835.0,0.701746940612793,2.0,2.0,2.0,0.25,16.0,0.06097541390618644,0.032977838069200516,0.4644419252872467,19542.375,16.0,1.0,312741.0,156339.0,0.49989927767705544,128.0,1.0,1.0,1.0,11.06332442164421,7.211835061984228e-08,44.444462299346924,36.078857421875,46.48827862739563,1439.0,0.0,83.48250031471252,,,,,,,,,,,,,,,,,
1440,1440.0,8.0,16.0,39.32852530479431,128.0,1.0,289455.0,759121.0,0.7239542007446289,2.0,2.0,2.0,0.328125,16.0,0.05007162291841474,0.029777513816952705,0.412844717502594,18086.875,16.0,1.0,289455.0,144695.0,0.4998877200255653,128.0,1.0,1.0,1.0,10.239573866128922,7.16517236001084e-08,45.86572599411011,34.745361328125,44.8518602848053,1440.0,0.0,84.25636506080627,,,,,,,,,,,,,,,,,
1441,1441.0,8.0,16.0,39.327428340911865,128.0,1.0,330172.0,718404.0,0.6851234436035156,2.0,2.0,2.0,0.3984375,16.0,0.046138544048606296,0.02481679618358612,0.36627814173698425,20631.75,16.0,1.0,330172.0,165054.0,0.4999030808184825,128.0,1.0,1.0,1.0,11.679952263832092,7.118649454920056e-08,42.27629566192627,37.101318359375,48.38506102561951,1441.0,0.0,87.80202579498291,,,,,,,,,,,,,,,,,
1442,1442.0,8.0,16.0,30.232518196105957,128.0,1.0,255656.0,792920.0,0.7561874389648438,2.0,2.0,2.0,0.59375,16.0,0.03679243352950178,0.019484130665659904,0.41267719864845276,15974.75,16.0,1.0,255656.0,127798.0,0.4998826548174109,128.0,1.0,1.0,1.0,9.043922185897827,7.072266498545265e-08,40.26341533660889,32.4990234375,40.90109610557556,1442.0,0.0,71.20382905006409,,,,,,,,,,,,,,,,,
1443,1443.0,8.0,16.0,28.314507961273193,128.0,1.0,250031.0,798545.0,0.7615518569946289,2.0,2.0,2.0,0.4296875,16.0,0.04552810151390316,0.023417314514517784,0.49638140201568604,15623.125,16.0,1.0,250031.0,124985.0,0.49987801512612434,128.0,1.0,1.0,1.0,8.844935804605484,7.026023642263129e-08,41.54691553115845,32.39208984375,37.13475799560547,1443.0,0.0,65.52182245254517,,,,,,,,,,,,,,,,,
1444,1444.0,8.0,16.0,23.525675773620605,128.0,1.0,182645.0,865931.0,0.8258161544799805,2.0,2.0,2.0,0.5078125,16.0,0.05759786194759031,0.02620769664645195,0.5519962906837463,11411.25,16.0,1.0,182645.0,91290.0,0.4998220591858523,128.0,1.0,1.0,1.0,6.4611320197582245,6.979921036993041e-08,37.1312780380249,29.059814453125,35.75288772583008,1444.0,0.0,59.33770966529846,,,,,,,,,,,,,,,,,
1445,1445.0,8.0,16.0,40.25060176849365,128.0,1.0,343336.0,705240.0,0.6725692749023438,2.0,2.0,2.0,0.3515625,16.0,0.047471023772103556,0.027099480852484703,0.4084465801715851,21454.5,16.0,1.0,343336.0,171636.0,0.4999067968404129,128.0,1.0,1.0,1.0,12.145633459091187,6.933958833196702e-08,51.55900764465332,37.248779296875,43.619664907455444,1445.0,0.0,83.95971989631653,,,,,,,,,,,,,,,,,
1446,1446.0,8.0,16.0,20.565096616744995,128.0,1.0,198644.0,849932.0,0.8105583190917969,2.0,2.0,2.0,0.3671875,16.0,0.06217001454893607,0.031556516885757446,0.5055846571922302,12411.25,16.0,1.0,198644.0,99290.0,0.4998389077948491,128.0,1.0,1.0,1.0,7.02710235118866,6.888137180877579e-08,29.42250919342041,29.955322265625,34.582563161849976,1446.0,0.0,55.20722723007202,,,,,,,,,,,,,,,,,
1447,1447.0,8.0,16.0,39.685896158218384,128.0,1.0,216239.0,832337.0,0.7937784194946289,2.0,2.0,2.0,0.5,16.0,0.05994268050257397,0.03216547891497612,0.4940895438194275,13512.0,16.0,1.0,216239.0,108096.0,0.4998913239517386,128.0,1.0,1.0,1.0,7.649531751871109,6.84245622958044e-08,43.86983394622803,31.7763671875,35.82409071922302,1447.0,0.0,75.57385277748108,,,,,,,,,,,,,,,,,
1448,1448.0,8.0,16.0,29.76596999168396,128.0,1.0,184234.0,864342.0,0.8243007659912109,2.0,2.0,2.0,0.625,16.0,0.05289195607387245,0.029167495667934418,0.5453777313232422,11510.5,16.0,1.0,184234.0,92084.0,0.49982087996786695,128.0,1.0,1.0,1.0,6.517343461513519,6.796916128390851e-08,41.160536766052246,29.20556640625,34.492516040802,1448.0,0.0,64.32048082351685,,,,,,,,,,,,,,,,,
1449,1449.0,8.0,16.0,33.524218797683716,128.0,1.0,332241.0,716335.0,0.6831502914428711,2.0,2.0,2.0,0.328125,16.0,0.048135549303387086,0.030715910717844963,0.33905720710754395,20760.75,16.0,1.0,332241.0,166086.0,0.4998961597153873,128.0,1.0,1.0,1.0,11.753143876791,6.7515170259347e-08,41.57684898376465,36.5693359375,40.63573932647705,1449.0,0.0,74.25064873695374,,,,,,,,,,,,,,,,,
1450,1450.0,8.0,16.0,24.159401178359985,128.0,1.0,262379.0,786197.0,0.7497758865356445,2.0,2.0,2.0,0.296875,16.0,0.04840568126858876,0.024314293637871742,0.43083930015563965,16394.625,16.0,1.0,262379.0,131157.0,0.49987613337957687,128.0,1.0,1.0,1.0,9.281750708818436,6.706259070377696e-08,33.91801595687866,33.43505859375,35.514747619628906,1450.0,0.0,285.2049777507782,,,,,,,,,,,,,,,,,
1451,1451.0,8.0,16.0,40.92404508590698,128.0,1.0,393836.0,654740.0,0.6244087219238281,2.0,2.0,2.0,0.2578125,16.0,0.04307932447424098,0.02377508021891117,0.25797903537750244,24610.75,16.0,1.0,393836.0,196886.0,0.49991874790521945,128.0,1.0,1.0,1.0,13.932088971138,6.661142409424913e-08,49.25667905807495,40.24853515625,43.29459261894226,1451.0,0.0,84.34247183799744,,,,,,,,,,,,,,,,,
1452,1452.0,8.0,16.0,28.584880113601685,128.0,1.0,250426.0,798150.0,0.7611751556396484,2.0,2.0,2.0,0.1640625,16.0,0.06099629704718652,0.0336238369345665,0.43612879514694214,15647.375,16.0,1.0,250426.0,125179.0,0.49986423134978,128.0,1.0,1.0,1.0,8.85890907049179,6.616167190320299e-08,35.67829132080078,33.40478515625,35.55004930496216,1452.0,0.0,64.20340299606323,,,,,,,,,,,,,,,,,
1453,1453.0,8.0,16.0,19.873939990997314,128.0,1.0,177349.0,871227.0,0.830866813659668,2.0,2.0,2.0,0.6015625,16.0,0.06746948423421362,0.03384421393275261,0.6182932257652283,11080.375,16.0,1.0,177349.0,88643.0,0.49982238411268176,128.0,1.0,1.0,1.0,6.273784130811691,6.571333559846143e-08,33.852787494659424,28.258056640625,32.812504529953,1453.0,0.0,52.737560749053955,,,,,,,,,,,,,,,,,
1454,1454.0,8.0,16.0,37.26521587371826,128.0,1.0,266796.0,781780.0,0.7455635070800781,2.0,2.0,2.0,0.3828125,16.0,0.052713234924654226,0.029544822871685028,0.3955685794353485,16670.375,16.0,1.0,266796.0,133363.0,0.4998688136253917,128.0,1.0,1.0,1.0,9.438003659248352,6.526641664322696e-08,39.066301345825195,34.095458984375,39.441800355911255,1454.0,0.0,76.78208065032959,,,,,,,,,,,,,,,,,
1455,1455.0,8.0,16.0,40.89342761039734,128.0,1.0,264229.0,784347.0,0.748011589050293,2.0,2.0,2.0,0.6015625,16.0,0.033001966073775306,0.017154855653643608,0.3706822991371155,16510.25,16.0,1.0,264229.0,132082.0,0.4998770006320275,128.0,1.0,1.0,1.0,9.347195118665695,6.482091649607613e-08,35.7407112121582,34.311279296875,43.058417558670044,1455.0,0.0,84.01774740219116,,,,,,,,,,,,,,,,16.0,39.0
1456,1456.0,8.0,16.0,35.93369507789612,128.0,1.0,232564.0,816012.0,0.7782096862792969,2.0,2.0,2.0,0.609375,16.0,0.041059314674869306,0.02043752372264862,0.38008037209510803,14530.625,16.0,1.0,232564.0,116245.0,0.499840904009219,128.0,1.0,1.0,1.0,8.227034449577332,6.437683661095505e-08,39.804266929626465,32.906982421875,42.01330876350403,1456.0,0.0,78.02438378334045,,,,,,,,,,,,,,,,,
1457,1457.0,8.0,16.0,39.55827760696411,128.0,1.0,310489.0,738087.0,0.7038946151733398,2.0,2.0,2.0,0.3515625,16.0,0.055946246920852885,0.031902048736810684,0.4196048974990845,19402.125,16.0,1.0,310489.0,155217.0,0.4999114300345584,128.0,1.0,1.0,1.0,10.983659118413925,6.393417843717474e-08,47.81504678726196,35.9736328125,48.67511010169983,1457.0,0.0,88.31771516799927,,,,,,,,,,,,,,,,,
1458,1458.0,8.0,16.0,27.954967975616455,128.0,1.0,272241.0,776335.0,0.7403707504272461,2.0,2.0,2.0,0.4140625,16.0,0.05519553034176371,0.03213665261864662,0.3593395948410034,17011.0,16.0,1.0,272241.0,136088.0,0.49988062047964854,128.0,1.0,1.0,1.0,9.63062247633934,6.349294341940592e-08,42.743165493011475,33.77880859375,43.61281442642212,1458.0,0.0,71.64003157615662,,,,,,,,,,,,,,,,,
1459,1459.0,8.0,16.0,41.2060227394104,128.0,1.0,257314.0,791262.0,0.7546062469482422,2.0,2.0,2.0,0.5703125,16.0,0.04595197301896433,0.023757202550768852,0.48273617029190063,16077.875,16.0,1.0,257314.0,128623.0,0.4998678657204816,128.0,1.0,1.0,1.0,9.102574527263641,6.305313299767517e-08,54.109060764312744,32.71240234375,48.59319353103638,1459.0,0.0,89.87958431243896,,,,,,,,,,,,,,,,,
1460,1460.0,8.0,16.0,27.50546669960022,128.0,1.0,254277.0,794299.0,0.757502555847168,2.0,2.0,2.0,0.21875,16.0,0.08351920232100757,0.040521908551454544,0.5606624484062195,15888.625,16.0,1.0,254277.0,127109.0,0.49988398478824275,128.0,1.0,1.0,1.0,8.995139569044113,6.261474860735944e-08,39.375741958618164,33.305419921875,42.00005221366882,1460.0,0.0,69.58650588989258,,,,,,,,,,,,,,,,,
1461,1461.0,8.0,16.0,20.105558156967163,128.0,1.0,166758.0,881818.0,0.8409671783447266,2.0,2.0,2.0,0.625,16.0,0.07376846048398389,0.03126760199666023,0.7182636857032776,10418.5,16.0,1.0,166758.0,83348.0,0.49981410187217407,128.0,1.0,1.0,1.0,5.899123728275299,6.217779167918175e-08,32.31178379058838,27.990478515625,38.94311189651489,1461.0,0.0,59.100579023361206,,,,,,,,,,,,,,,,,
1462,1462.0,8.0,16.0,29.176824808120728,128.0,1.0,282481.0,766095.0,0.7306051254272461,2.0,2.0,2.0,0.265625,16.0,0.07018687218050465,0.04082554578781128,0.4445223808288574,17651.5,16.0,1.0,282481.0,141212.0,0.49989910825860856,128.0,1.0,1.0,1.0,9.99286612868309,6.174226363920615e-08,35.02189922332764,34.99462890625,43.3154034614563,1462.0,0.0,72.57403445243835,,,,,,,,,,,,,,,,,
1463,1463.0,8.0,16.0,38.98576998710632,128.0,1.0,347082.0,701494.0,0.6689968109130859,2.0,2.0,2.0,0.21875,16.0,0.05036478463335335,0.02988019771873951,0.35500580072402954,21688.75,16.0,1.0,347082.0,173510.0,0.4999106839305985,128.0,1.0,1.0,1.0,12.278149545192719,6.130816590883365e-08,44.072829246520996,38.7451171875,41.29906105995178,1463.0,0.0,80.37580299377441,,,,,,,,,,,,,,,,,
1464,1464.0,8.0,16.0,32.82290601730347,128.0,1.0,272943.0,775633.0,0.7397012710571289,2.0,2.0,2.0,0.3359375,16.0,0.054818273550335576,0.03182970732450485,0.3773883879184723,17054.625,16.0,1.0,272943.0,136437.0,0.49987359998241393,128.0,1.0,1.0,1.0,9.655455976724625,6.087549990479718e-08,41.85231590270996,34.13720703125,37.18449831008911,1464.0,0.0,70.10342121124268,,,,,,,,,,,,,,,,,
1465,1465.0,8.0,16.0,20.590962648391724,128.0,1.0,169242.0,879334.0,0.8385982513427734,2.0,2.0,2.0,0.578125,16.0,0.0642564109522688,0.029069701209664345,0.6204635500907898,10573.375,16.0,1.0,169242.0,84587.0,0.499799104241264,128.0,1.0,1.0,1.0,5.986996114253998,6.044426703915689e-08,31.288471221923828,28.326904296875,32.56400656700134,1465.0,0.0,53.21382403373718,,,,,,,,,,,,,,,,,
1466,1466.0,8.0,16.0,40.39306330680847,128.0,1.0,206358.0,842218.0,0.8032016754150391,2.0,2.0,2.0,0.7578125,16.0,0.06254108001663251,0.03026910498738289,0.5003646612167358,12893.125,16.0,1.0,206358.0,103145.0,0.4998352377906357,128.0,1.0,1.0,1.0,7.299987852573395,6.00144687192961e-08,38.206604957580566,30.660888671875,35.474342346191406,1466.0,0.0,75.92742562294006,,,,,,,,,,,,,,,,,
1467,1467.0,8.0,16.0,29.532760858535767,128.0,1.0,224091.0,824485.0,0.786290168762207,2.0,2.0,2.0,0.5234375,16.0,0.05251068652154415,0.027913901954889297,0.49161526560783386,14001.875,16.0,1.0,224091.0,112015.0,0.49986389457854175,128.0,1.0,1.0,1.0,7.927299052476883,5.958610634791572e-08,36.98408126831055,31.478759765625,35.11370611190796,1467.0,0.0,64.71765398979187,,,,,,,,,,,,,,,,,
1468,1468.0,8.0,16.0,33.83871555328369,128.0,1.0,275560.0,773016.0,0.7372055053710938,2.0,2.0,2.0,0.6015625,16.0,0.054340099737802794,0.03335455432534218,0.38840731978416443,17218.5,16.0,1.0,275560.0,137748.0,0.49988387284076063,128.0,1.0,1.0,1.0,9.748033285140991,5.9159181323030714e-08,47.63145399093628,34.05224609375,46.257302045822144,1468.0,0.0,80.17157316207886,,,,,,,,,,,,,,,,,
1469,1469.0,8.0,16.0,40.014017820358276,128.0,1.0,297240.0,751336.0,0.7165298461914062,2.0,2.0,2.0,0.296875,16.0,0.06072806758142006,0.036596447229385376,0.36350542306900024,18574.125,16.0,1.0,297240.0,148593.0,0.4999091643116673,128.0,1.0,1.0,1.0,10.514971017837524,5.873369503796494e-08,49.705156326293945,35.2265625,47.31440591812134,1469.0,0.0,87.40534138679504,,,,,,,,,,,,,,,,,
1470,1470.0,8.0,16.0,32.607226848602295,128.0,1.0,250404.0,798172.0,0.7611961364746094,2.0,2.0,2.0,0.375,16.0,0.05252370729110808,0.029026074334979057,0.39725178480148315,15646.5,16.0,1.0,250404.0,125172.0,0.4998801936071309,128.0,1.0,1.0,1.0,8.858130812644958,5.8309648881346706e-08,38.54716968536377,33.382568359375,43.57556962966919,1470.0,0.0,76.25130367279053,,,,,,,,,,,,,,,,,
1471,1471.0,8.0,16.0,40.492642402648926,128.0,1.0,297116.0,751460.0,0.7166481018066406,2.0,2.0,2.0,0.359375,16.0,0.06048880155291236,0.03210067003965378,0.46844202280044556,18565.625,16.0,1.0,297116.0,148525.0,0.49988893226887815,128.0,1.0,1.0,1.0,10.510584473609924,5.788704423710444e-08,45.046751976013184,35.4091796875,45.7030770778656,1471.0,0.0,86.2794132232666,,,,,,,,,,,,,,,,,
1472,1472.0,8.0,16.0,33.55255389213562,128.0,1.0,210293.0,838283.0,0.7994489669799805,2.0,2.0,2.0,0.4140625,16.0,0.0628273513125959,0.030107425525784492,0.48656874895095825,13139.625,16.0,1.0,210293.0,105117.0,0.49985971953417374,128.0,1.0,1.0,1.0,7.4391898810863495,5.7465882484461826e-08,41.34503126144409,30.57275390625,42.58113884925842,1472.0,0.0,76.19869565963745,,,,,,,,,,,,,,,,,
1473,1473.0,8.0,16.0,41.24113392829895,128.0,1.0,267366.0,781210.0,0.7450199127197266,2.0,2.0,2.0,0.421875,16.0,0.05323873426132731,0.02667752467095852,0.43944472074508667,16706.375,16.0,1.0,267366.0,133651.0,0.49988031387685794,128.0,1.0,1.0,1.0,9.458167612552643,5.704616499793352e-08,50.704516887664795,33.0244140625,47.627965688705444,1473.0,0.0,88.93976664543152,,,,,,,,,,,,,,,,,
1474,1474.0,8.0,16.0,33.902846336364746,128.0,1.0,258390.0,790186.0,0.7535800933837891,2.0,2.0,2.0,0.4921875,16.0,0.054867566037535453,0.031112615019083023,0.3754432201385498,16145.0,16.0,1.0,258390.0,129160.0,0.4998645458415573,128.0,1.0,1.0,1.0,9.140638411045074,5.6627893147320746e-08,40.78716850280762,33.47900390625,42.441293239593506,1474.0,0.0,76.43126964569092,,,,,,,,,,,,,,,,,
1475,1475.0,8.0,16.0,28.082247018814087,128.0,1.0,226837.0,821739.0,0.7836713790893555,2.0,2.0,2.0,0.3671875,16.0,0.06445853035321368,0.03459172323346138,0.4984935224056244,14172.5,16.0,1.0,226837.0,113380.0,0.49983027460246787,128.0,1.0,1.0,1.0,8.02443978190422,5.621106829770672e-08,36.69193935394287,31.84423828125,38.51011037826538,1475.0,0.0,66.66271448135376,,,,,,,,,,,,,,,,,
1476,1476.0,8.0,16.0,40.453678131103516,128.0,1.0,196189.0,852387.0,0.8128995895385742,2.0,2.0,2.0,0.4296875,16.0,0.06265831274503077,0.0316939614713192,0.5596430897712708,12258.375,16.0,1.0,196189.0,98067.0,0.499859829042403,128.0,1.0,1.0,1.0,6.940255850553513,5.579569180945187e-08,43.51549291610718,30.676025390625,36.49938917160034,1476.0,0.0,77.01919102668762,,,,,,,,,,,,,,,,,
1477,1477.0,8.0,16.0,24.03871726989746,128.0,1.0,202847.0,845729.0,0.8065500259399414,2.0,2.0,2.0,0.3828125,16.0,0.0732958295989243,0.03302532434463501,0.6270043849945068,12673.625,16.0,1.0,202847.0,101389.0,0.4998299210735185,128.0,1.0,1.0,1.0,7.1757849752902985,5.538176503819009e-08,36.30986261367798,30.3134765625,35.76823854446411,1477.0,0.0,59.86967158317566,,,,,,,,,,,,,,,,,
1478,1478.0,8.0,16.0,24.986929416656494,128.0,1.0,266038.0,782538.0,0.7462863922119141,2.0,2.0,2.0,0.4296875,16.0,0.05471479911358845,0.026671122759580612,0.4270167648792267,16623.5,16.0,1.0,266038.0,132988.0,0.49988347529300325,128.0,1.0,1.0,1.0,9.411189138889313,5.4969289334823757e-08,36.60776710510254,33.429931640625,35.82714819908142,1478.0,0.0,60.88542985916138,,,,,,,,,,,,,,,,,
1479,1479.0,8.0,16.0,39.7139368057251,128.0,1.0,312107.0,736469.0,0.7023515701293945,2.0,2.0,2.0,0.3515625,16.0,0.038954134535949606,0.02324155531823635,0.2899244427680969,19502.5,16.0,1.0,312107.0,156020.0,0.49989266501552354,128.0,1.0,1.0,1.0,11.040896445512772,5.455826604551972e-08,43.72879219055176,36.71044921875,41.58186483383179,1479.0,0.0,81.37700581550598,,,,,,,,,,,,,,,,,
1480,1480.0,8.0,16.0,18.193164825439453,128.0,1.0,189572.0,859004.0,0.8192100524902344,2.0,2.0,2.0,0.515625,16.0,0.049729799160389346,0.02680843695998192,0.46016567945480347,11844.5,16.0,1.0,189572.0,94756.0,0.49984174878146564,128.0,1.0,1.0,1.0,6.706177115440369,5.414869651170423e-08,34.30738592147827,28.85888671875,34.15497303009033,1480.0,0.0,52.40483069419861,,,,,,,,,,,,,,,,,
1481,1481.0,8.0,16.0,28.48004961013794,128.0,1.0,229348.0,819228.0,0.7812767028808594,2.0,2.0,2.0,0.5234375,16.0,0.05696926961657687,0.035974543541669846,0.4070744216442108,14330.625,16.0,1.0,229348.0,114645.0,0.49987355459825245,128.0,1.0,1.0,1.0,8.113267302513123,5.3740582070059435e-08,39.1575665473938,31.466552734375,36.32101845741272,1481.0,0.0,64.86388778686523,,,,,,,,,,,,,,,,,
1482,1482.0,8.0,16.0,28.63090205192566,128.0,1.0,231639.0,816937.0,0.7790918350219727,2.0,2.0,2.0,0.6796875,16.0,0.03853175971035555,0.0222836434841156,0.34589892625808716,14473.0,16.0,1.0,231639.0,115784.0,0.4998467442874473,128.0,1.0,1.0,1.0,8.194312244653702,5.3333924052518467e-08,38.710726737976074,31.876708984375,40.67591142654419,1482.0,0.0,69.36950016021729,,,,,,,,,,,,,,,,,
1483,1483.0,8.0,16.0,30.60573983192444,128.0,1.0,241600.0,806976.0,0.76959228515625,2.0,2.0,2.0,0.5,16.0,0.06367504268499023,0.03251945599913597,0.5188730955123901,15096.375,16.0,1.0,241600.0,120771.0,0.4998799668874172,128.0,1.0,1.0,1.0,8.546686172485352,5.2928723786261395e-08,39.57052040100098,32.624267578125,42.84801244735718,1483.0,0.0,73.51785111427307,,,,,,,,,,,,,,,,,
1484,1484.0,8.0,16.0,35.34245586395264,128.0,1.0,214725.0,833851.0,0.795222282409668,2.0,2.0,2.0,0.4609375,16.0,0.06182036778117707,0.032244596630334854,0.45888128876686096,13416.375,16.0,1.0,214725.0,107331.0,0.4998533007334963,128.0,1.0,1.0,1.0,7.595973461866379,5.252498259371041e-08,40.97571802139282,30.973876953125,41.09086489677429,1484.0,0.0,76.49452686309814,,,,,,,,,,,,,,,,,
1485,1485.0,8.0,16.0,38.039103746414185,128.0,1.0,297141.0,751435.0,0.7166242599487305,2.0,2.0,2.0,0.46875,16.0,0.06491573354120313,0.032466258853673935,0.39528319239616394,18567.75,16.0,1.0,297141.0,148542.0,0.49990408593899865,128.0,1.0,1.0,1.0,10.51146885752678,5.2122701792526037e-08,43.80472469329834,35.13916015625,46.078269481658936,1485.0,0.0,84.20833706855774,,,,,,,,,,,,,,,,,
1486,1486.0,8.0,16.0,28.07534408569336,128.0,1.0,238116.0,810460.0,0.7729148864746094,2.0,2.0,2.0,0.5078125,16.0,0.060310130070450246,0.028209971264004707,0.5478793978691101,14878.375,16.0,1.0,238116.0,119027.0,0.49986981135245007,128.0,1.0,1.0,1.0,8.423438429832458,5.172188269560257e-08,38.7688250541687,31.959228515625,42.4115526676178,1486.0,0.0,70.54814529418945,,,,,,,,,,,,,,,,,
1487,1487.0,8.0,16.0,33.719403982162476,128.0,1.0,263564.0,785012.0,0.7486457824707031,2.0,2.0,2.0,0.4609375,16.0,0.05312758309895997,0.03385061025619507,0.33101069927215576,16468.625,16.0,1.0,263564.0,131749.0,0.4998747932191043,128.0,1.0,1.0,1.0,9.323670506477356,5.132252661106401e-08,44.61643695831299,33.480712890625,43.96020221710205,1487.0,0.0,77.76130890846252,,,,,,,,,,,,,,,,,
1488,1488.0,8.0,16.0,29.447466135025024,128.0,1.0,364431.0,684145.0,0.6524515151977539,2.0,2.0,2.0,0.2109375,16.0,0.05157505956351914,0.03324868902564049,0.5202672481536865,22772.75,16.0,1.0,364431.0,182182.0,0.4999080758771894,128.0,1.0,1.0,1.0,12.891876608133316,5.092463484225945e-08,41.30870008468628,38.329345703125,46.67958378791809,1488.0,0.0,76.21932077407837,,,,,,,,,,,,,,,,,
1489,1489.0,8.0,16.0,23.09495210647583,128.0,1.0,185759.0,862817.0,0.8228464126586914,2.0,2.0,2.0,0.6171875,16.0,0.05065417797055223,0.02523617446422577,0.4449772834777832,11605.75,16.0,1.0,185759.0,92846.0,0.4998196588052261,128.0,1.0,1.0,1.0,6.571290880441666,5.0528208687758865e-08,29.658777236938477,29.66943359375,37.45419359207153,1489.0,0.0,60.605782985687256,,,,,,,,,,,,,,,,,
1490,1490.0,8.0,16.0,27.4706711769104,128.0,1.0,196769.0,851807.0,0.8123464584350586,2.0,2.0,2.0,0.6015625,16.0,0.055363663539316946,0.022853439673781395,0.5544896721839905,12293.75,16.0,1.0,196769.0,98350.0,0.49982466750351934,128.0,1.0,1.0,1.0,6.960773557424545,5.013324944134939e-08,36.08105421066284,30.43359375,35.91655611991882,1490.0,0.0,63.4427227973938,,,,,,,,,,,,,,,,,
1491,1491.0,8.0,16.0,23.320755004882812,128.0,1.0,216288.0,832288.0,0.793731689453125,2.0,2.0,2.0,0.46875,16.0,0.058808367665479255,0.027446676045656204,0.6298031806945801,13514.375,16.0,1.0,216288.0,108115.0,0.4998659195147211,128.0,1.0,1.0,1.0,7.6512651443481445,4.973975839203048e-08,33.381893157958984,30.958251953125,34.713953495025635,1491.0,0.0,58.09729719161987,,,,,,,,,,,,,,,,,
1492,1492.0,8.0,16.0,31.548558235168457,128.0,1.0,225297.0,823279.0,0.7851400375366211,2.0,2.0,2.0,0.40625,16.0,0.05682533150588341,0.03190787136554718,0.4595501720905304,14076.375,16.0,1.0,225297.0,112611.0,0.49983355304331617,128.0,1.0,1.0,1.0,7.969961732625961,4.9347736824009945e-08,40.87710762023926,31.21240234375,40.72107934951782,1492.0,0.0,72.33583617210388,,,,,,,,,,,,,,,,,
1493,1493.0,8.0,16.0,23.760862350463867,128.0,1.0,192072.0,856504.0,0.8168258666992188,2.0,2.0,2.0,0.59375,16.0,0.05395884179298084,0.025408105924725533,0.5404472947120667,12000.375,16.0,1.0,192072.0,96003.0,0.4998281894289641,128.0,1.0,1.0,1.0,6.7946155071258545,4.895718601669979e-08,31.451056480407715,30.343994140625,40.44907855987549,1493.0,0.0,64.26836085319519,,,,,,,,,,,,,,,,,
1494,1494.0,8.0,16.0,32.75830602645874,128.0,1.0,313322.0,735254.0,0.7011928558349609,2.0,2.0,2.0,0.296875,16.0,0.053994090345911475,0.03159172087907791,0.35288217663764954,19578.875,16.0,1.0,313322.0,156631.0,0.4999042518559182,128.0,1.0,1.0,1.0,11.083877503871918,4.8568107244712106e-08,41.320119857788086,36.08349609375,45.22085094451904,1494.0,0.0,78.06182265281677,,,,,,,,,,,,,,,,,
1495,1495.0,8.0,16.0,40.41020107269287,128.0,1.0,323048.0,725528.0,0.6919174194335938,2.0,2.0,2.0,0.59375,16.0,0.03447354079952584,0.015778472647070885,0.40139979124069214,20186.875,16.0,1.0,323048.0,161495.0,0.49991023005869095,128.0,1.0,1.0,1.0,11.427938222885132,4.818050177785465e-08,49.8764009475708,36.95556640625,50.43467688560486,1495.0,0.0,90.92855310440063,,,,,,,,,,,,,,,,,
1496,1496.0,8.0,16.0,25.904399871826172,128.0,1.0,163118.0,885458.0,0.8444385528564453,2.0,2.0,2.0,0.6875,16.0,0.06468747693525524,0.031877271831035614,0.5748928189277649,10190.625,16.0,1.0,163118.0,81525.0,0.49979156193675744,128.0,1.0,1.0,1.0,5.770357429981232,4.779437088112698e-08,38.629876136779785,28.161865234375,38.038995027542114,1496.0,0.0,63.99508857727051,,,,,,,,,,,,,,,,,
1497,1497.0,8.0,16.0,38.7232460975647,128.0,1.0,281893.0,766683.0,0.731165885925293,2.0,2.0,2.0,0.4453125,16.0,0.041822471551708255,0.02158285491168499,0.4360765516757965,17614.75,16.0,1.0,281893.0,140918.0,0.499898897808743,128.0,1.0,1.0,1.0,9.972065418958664,4.740971581471614e-08,44.206862449645996,34.655517578125,42.319018840789795,1497.0,0.0,81.11552834510803,,,,,,,,,,,,,,,,,
1498,1498.0,8.0,16.0,25.26305627822876,128.0,1.0,218958.0,829618.0,0.7911853790283203,2.0,2.0,2.0,0.2890625,16.0,0.062246100015318016,0.03240162879228592,0.5631790161132812,13680.125,16.0,1.0,218958.0,109441.0,0.4998264507348441,128.0,1.0,1.0,1.0,7.745717346668243,4.702653783399263e-08,35.748809814453125,31.1376953125,41.69495677947998,1498.0,0.0,67.01893448829651,,,,,,,,,,,,,,,,,
1499,1499.0,8.0,16.0,33.77953100204468,128.0,1.0,233680.0,814896.0,0.7771453857421875,2.0,2.0,2.0,0.328125,16.0,0.04900456634548686,0.02742740698158741,0.46998387575149536,14601.375,16.0,1.0,233680.0,116811.0,0.49987589866484083,128.0,1.0,1.0,1.0,8.266513347625732,4.664483818950621e-08,33.132654666900635,32.369384765625,40.508660316467285,1499.0,0.0,74.36847710609436,,,,,,,,,,,,,,,,,
1500,1500.0,8.0,16.0,27.468409061431885,128.0,1.0,255542.0,793034.0,0.7562961578369141,2.0,2.0,2.0,0.6484375,16.0,0.03714580499001485,0.022011904045939445,0.393621027469635,15967.0,16.0,1.0,255542.0,127736.0,0.4998630362132252,128.0,1.0,1.0,1.0,9.039889395236969,4.6264618126982125e-08,39.00777339935303,32.58203125,36.94078302383423,1500.0,0.0,288.30138397216797,,,,,,,,,,,,,,,,,
1501,1501.0,8.0,16.0,37.34806418418884,128.0,1.0,268667.0,779909.0,0.743779182434082,2.0,2.0,2.0,0.59375,16.0,0.03409872173908396,0.01936361938714981,0.2789720594882965,16787.75,16.0,1.0,268667.0,134302.0,0.49988275448789765,128.0,1.0,1.0,1.0,9.50419095158577,4.588587888731671e-08,47.90458345413208,33.556884765625,42.37760376930237,1501.0,0.0,79.8035135269165,,,,,,,,,,,,,,,,,
1502,1502.0,8.0,16.0,24.53146767616272,128.0,1.0,253230.0,795346.0,0.7585010528564453,2.0,2.0,2.0,0.3671875,16.0,0.05237279712228336,0.026736656203866005,0.39770615100860596,15822.375,16.0,1.0,253230.0,126579.0,0.4998578367492003,128.0,1.0,1.0,1.0,8.958101570606232,4.5508621706573215e-08,35.36365795135498,32.950927734375,36.01919221878052,1502.0,0.0,60.61915922164917,,,,,,,,,,,,,,,,,
1503,1503.0,8.0,16.0,25.24931788444519,128.0,1.0,314353.0,734223.0,0.7002096176147461,2.0,2.0,2.0,0.3203125,16.0,0.05124693379070112,0.026199236512184143,0.4064736068248749,19642.625,16.0,1.0,314353.0,157141.0,0.4998870696319106,128.0,1.0,1.0,1.0,11.120349496603012,4.513284781597837e-08,40.36167812347412,35.895751953125,39.513855934143066,1503.0,0.0,64.84875226020813,,,,,,,,,,,,,,,,,
1504,1504.0,8.0,16.0,31.906328916549683,128.0,1.0,220793.0,827783.0,0.7894353866577148,2.0,2.0,2.0,0.578125,16.0,0.048674373505596884,0.030812785029411316,0.3817816376686096,13795.5,16.0,1.0,220793.0,110364.0,0.4998528033044526,128.0,1.0,1.0,1.0,7.81063112616539,4.4758558441917724e-08,45.10519361495972,30.744140625,36.42475748062134,1504.0,0.0,68.3957154750824,,,,,,,,,,,,,,,,,
1505,1505.0,8.0,16.0,21.59920334815979,128.0,1.0,183779.0,864797.0,0.8247346878051758,2.0,2.0,2.0,0.625,16.0,0.05169830247213515,0.02391861006617546,0.4442332684993744,11481.625,16.0,1.0,183779.0,91853.0,0.4998013918891712,128.0,1.0,1.0,1.0,6.501247674226761,4.4385754805932095e-08,34.23661661148071,29.025390625,33.13072609901428,1505.0,0.0,54.7848904132843,,,,,,,,,,,,,,,,,
1506,1506.0,8.0,16.0,36.086355209350586,128.0,1.0,290580.0,757996.0,0.7228813171386719,2.0,2.0,2.0,0.4453125,16.0,0.04361714132452053,0.026287559419870377,0.33112868666648865,18157.375,16.0,1.0,290580.0,145259.0,0.49989331681464655,128.0,1.0,1.0,1.0,10.27937114238739,4.4014438124713505e-08,41.34911060333252,35.319091796875,38.56374001502991,1506.0,0.0,74.73130393028259,,,,,,,,,,,,,,,,,
1507,1507.0,8.0,16.0,40.89842367172241,128.0,1.0,390408.0,658168.0,0.6276779174804688,2.0,2.0,2.0,0.3359375,16.0,0.045434253928584946,0.02813660353422165,0.3604704439640045,24396.375,16.0,1.0,390408.0,195171.0,0.4999154730435852,128.0,1.0,1.0,1.0,13.810822248458862,4.364460961010069e-08,48.2332181930542,40.8583984375,44.82769846916199,1507.0,0.0,85.83904194831848,,,,,,,,,,,,,,,,,
1508,1508.0,8.0,16.0,34.95664405822754,128.0,1.0,273836.0,774740.0,0.7388496398925781,2.0,2.0,2.0,0.5234375,16.0,0.05156150569063644,0.027073971927165985,0.371569961309433,17111.125,16.0,1.0,273836.0,136889.0,0.49989409719686234,128.0,1.0,1.0,1.0,9.68704617023468,4.327627046907595e-08,38.14667081832886,33.9912109375,37.74568843841553,1508.0,0.0,72.77761960029602,,,,,,,,,,,,,,,,,
1509,1509.0,8.0,16.0,35.60741353034973,128.0,1.0,225117.0,823459.0,0.7853116989135742,2.0,2.0,2.0,0.5546875,16.0,0.053692974931770096,0.030911369249224663,0.4560053050518036,14066.25,16.0,1.0,225117.0,112530.0,0.4998733991657671,128.0,1.0,1.0,1.0,7.963594168424606,4.290942190376068e-08,38.22795534133911,32.0107421875,36.15697956085205,1509.0,0.0,71.83251810073853,,,,,,,,,,,,,,,,,
1510,1510.0,8.0,16.0,22.345261573791504,128.0,1.0,180219.0,868357.0,0.828129768371582,2.0,2.0,2.0,0.609375,16.0,0.0677347811191989,0.028180358931422234,0.6541796326637268,11259.0,16.0,1.0,180219.0,90072.0,0.49979191983087246,128.0,1.0,1.0,1.0,6.375311404466629,4.254406511141173e-08,33.47172498703003,29.0478515625,33.34117269515991,1510.0,0.0,55.739768743515015,,,,,,,,,,,,,,,,,
1511,1511.0,8.0,16.0,39.12416481971741,128.0,1.0,253104.0,795472.0,0.7586212158203125,2.0,2.0,2.0,0.5390625,16.0,0.05089090999452573,0.02763753943145275,0.7672313451766968,15815.0,16.0,1.0,253104.0,126520.0,0.4998735697578861,128.0,1.0,1.0,1.0,8.953644275665283,4.218020128441701e-08,40.57390546798706,33.044921875,38.12425351142883,1511.0,0.0,77.32297825813293,,,,,,,,,,,,,,,,,
1512,1512.0,8.0,16.0,21.52755618095398,128.0,1.0,274631.0,773945.0,0.7380914688110352,2.0,2.0,2.0,0.390625,16.0,0.0570821129052908,0.03412512317299843,0.3987995684146881,17159.75,16.0,1.0,274631.0,137278.0,0.4998634531425804,128.0,1.0,1.0,1.0,9.715169578790665,4.181783161029234e-08,35.799299240112305,33.6669921875,34.88040566444397,1512.0,0.0,56.479710817337036,,,,,,,,,,,,,,,,,
1513,1513.0,8.0,16.0,40.280266523361206,128.0,1.0,295105.0,753471.0,0.7185659408569336,2.0,2.0,2.0,0.28125,16.0,0.05728896504387748,0.029680322855710983,1.5752978324890137,18440.0,16.0,1.0,295105.0,147520.0,0.4998898697073923,128.0,1.0,1.0,1.0,10.43944463133812,4.145695727167697e-08,45.94145584106445,35.810302734375,39.012882232666016,1513.0,0.0,79.3740816116333,,,,,,,,,,,,,,,,,
1514,1514.0,8.0,16.0,31.963886976242065,128.0,1.0,237920.0,810656.0,0.773101806640625,2.0,2.0,2.0,0.4296875,16.0,0.06479050782547911,0.033633504062891006,0.4661877453327179,14866.25,16.0,1.0,237920.0,118930.0,0.499873907195696,128.0,1.0,1.0,1.0,8.416504859924316,4.109757944633002e-08,35.91923761367798,32.182373046875,34.98692083358765,1514.0,0.0,67.02421474456787,,,,,,,,,,,,,,,,,
1515,1515.0,8.0,16.0,31.260924577713013,128.0,1.0,290080.0,758496.0,0.723358154296875,2.0,2.0,2.0,0.2734375,16.0,0.05693013908641831,0.032578568905591965,0.3894445598125458,18126.125,16.0,1.0,290080.0,145009.0,0.49989313292884724,128.0,1.0,1.0,1.0,10.261683464050293,4.073969930712645e-08,37.0104546546936,34.72802734375,36.43452048301697,1515.0,0.0,67.7831060886383,,,,,,,,,,,,,,,,,
1516,1516.0,8.0,16.0,20.52828574180603,128.0,1.0,244542.0,804034.0,0.7667865753173828,2.0,2.0,2.0,0.5078125,16.0,0.043753904204196996,0.026128921657800674,0.32926371693611145,15279.625,16.0,1.0,244542.0,122237.0,0.4998609645786818,128.0,1.0,1.0,1.0,8.650760471820831,4.038331802205352e-08,34.88874816894531,31.63037109375,34.46014642715454,1516.0,0.0,55.073301553726196,,,,,,,,,,,,,,,,,
1517,1517.0,8.0,16.0,39.497753620147705,128.0,1.0,254161.0,794415.0,0.7576131820678711,2.0,2.0,2.0,0.375,16.0,0.0588657629937344,0.03288092091679573,0.4814482033252716,15881.25,16.0,1.0,254161.0,127050.0,0.49987999732453053,128.0,1.0,1.0,1.0,8.991036027669907,4.0028436754206586e-08,41.93406438827515,33.561279296875,36.17825102806091,1517.0,0.0,75.75339865684509,,,,,,,,,,,,,,,,,
1518,1518.0,8.0,16.0,41.32121753692627,128.0,1.0,162579.0,885997.0,0.8449525833129883,2.0,2.0,2.0,0.6640625,16.0,0.05301380919009914,0.022550486028194427,0.6462925672531128,10157.375,16.0,1.0,162579.0,81259.0,0.49981239889530626,128.0,1.0,1.0,1.0,5.751290112733841,3.967505666178555e-08,38.6684045791626,28.32421875,44.62118673324585,1518.0,0.0,85.99780058860779,,,,,,,,,,,,,,,,,
1519,1519.0,8.0,16.0,42.42524266242981,128.0,1.0,301102.0,747474.0,0.7128467559814453,2.0,2.0,2.0,0.1640625,16.0,0.05975297347122094,0.036686476320028305,0.3868909478187561,18815.25,16.0,1.0,301102.0,150522.0,0.49990368712263616,128.0,1.0,1.0,1.0,10.651590645313263,3.932317889809128e-08,43.02293300628662,35.8544921875,47.77413034439087,1519.0,0.0,90.29699945449829,,,,,,,,,,,,,,,,,
1520,1520.0,8.0,16.0,26.645957708358765,128.0,1.0,241538.0,807038.0,0.7696514129638672,2.0,2.0,2.0,0.2890625,16.0,0.06693796171753041,0.03409106656908989,0.522530734539032,15091.625,16.0,1.0,241538.0,120733.0,0.4998509551292136,128.0,1.0,1.0,1.0,8.544492900371552,3.897280461152119e-08,36.74516439437866,32.072265625,42.18150615692139,1520.0,0.0,68.90351891517639,,,,,,,,,,,,,,,,,
1521,1521.0,8.0,16.0,30.1683349609375,128.0,1.0,273676.0,774900.0,0.7390022277832031,2.0,2.0,2.0,0.28125,16.0,0.059983129588206584,0.03322911635041237,0.47136813402175903,17101.125,16.0,1.0,273676.0,136809.0,0.49989403528259696,128.0,1.0,1.0,1.0,9.681386113166809,3.862393494556615e-08,42.35624694824219,33.9306640625,44.303122758865356,1521.0,0.0,74.5510458946228,,,,,,,,,,,,,,,,,
1522,1522.0,8.0,16.0,29.619296550750732,128.0,1.0,171474.0,877102.0,0.8364696502685547,2.0,2.0,2.0,0.703125,16.0,0.06759956134318913,0.02945239096879959,0.5928950309753418,10713.0,16.0,1.0,171474.0,85704.0,0.4998075509989853,128.0,1.0,1.0,1.0,6.0659539103508,3.827657103880655e-08,35.5048131942749,28.34619140625,39.15660071372986,1522.0,0.0,68.84143304824829,,,,,,,,,,,,,,,,,
1523,1523.0,8.0,16.0,34.78226947784424,128.0,1.0,231695.0,816881.0,0.7790384292602539,2.0,2.0,2.0,0.1328125,16.0,0.061829787266556274,0.03267129883170128,0.4715566337108612,14477.25,16.0,1.0,231695.0,115818.0,0.4998726774423272,128.0,1.0,1.0,1.0,8.196293264627457,3.793071402490844e-08,36.166189670562744,31.77197265625,42.281858682632446,1523.0,0.0,77.12874817848206,,,,,,,,,,,,,,,,,
1524,1524.0,8.0,16.0,23.78451919555664,128.0,1.0,190124.0,858452.0,0.8186836242675781,2.0,2.0,2.0,0.578125,16.0,0.05074048906064851,0.02658364549279213,0.46724799275398254,11879.5,16.0,1.0,190124.0,95036.0,0.4998632471439692,128.0,1.0,1.0,1.0,6.725704312324524,3.7586365032620023e-08,34.67897367477417,29.6845703125,42.24774432182312,1524.0,0.0,66.09756922721863,,,,,,,,,,,,,,,,,
1525,1525.0,8.0,16.0,37.70381808280945,128.0,1.0,200508.0,848068.0,0.8087806701660156,2.0,2.0,2.0,0.671875,16.0,0.04760933698354535,0.023626156151294708,0.475608766078949,12527.75,16.0,1.0,200508.0,100222.0,0.4998404053703593,128.0,1.0,1.0,1.0,7.093042016029358,3.7243525185767736e-08,39.66823673248291,30.822265625,41.07486128807068,1525.0,0.0,78.8406925201416,,,,,,,,,,,,,,,,,
1526,1526.0,8.0,16.0,38.249900341033936,128.0,1.0,214618.0,833958.0,0.7953243255615234,2.0,2.0,2.0,0.5390625,16.0,0.055795948290340104,0.028618916869163513,0.4387965500354767,13409.375,16.0,1.0,214618.0,107275.0,0.4998415789915105,128.0,1.0,1.0,1.0,7.59218829870224,3.69021956032528e-08,34.026819705963135,31.796875,43.86283850669861,1526.0,0.0,82.18301272392273,,,,,,,,,,,,,,,,,
1527,1527.0,8.0,16.0,23.137084484100342,128.0,1.0,246171.0,802405.0,0.765233039855957,2.0,2.0,2.0,0.5,16.0,0.049763520932202196,0.02987082116305828,0.42097902297973633,15381.5,16.0,1.0,246171.0,123052.0,0.49986391573337235,128.0,1.0,1.0,1.0,8.708386927843094,3.656237739904766e-08,39.27245807647705,31.984375,41.534080028533936,1527.0,0.0,64.74387168884277,,,,,,,,,,,,,,,,,
1528,1528.0,8.0,16.0,39.39435148239136,128.0,1.0,309095.0,739481.0,0.7052240371704102,2.0,2.0,2.0,0.328125,16.0,0.056815358984529,0.03225483372807503,0.3854822814464569,19313.75,16.0,1.0,309095.0,154510.0,0.4998786780763196,128.0,1.0,1.0,1.0,10.934345871210098,3.622407168219188e-08,42.01677179336548,36.28564453125,39.68768000602722,1528.0,0.0,79.16719245910645,,,,,,,,,,,,,,,,,
1529,1529.0,8.0,16.0,33.07477879524231,128.0,1.0,270092.0,778484.0,0.7424201965332031,2.0,2.0,2.0,0.421875,16.0,0.05185369219809773,0.031277649104595184,0.4184430241584778,16877.375,16.0,1.0,270092.0,135019.0,0.4999000340624676,128.0,1.0,1.0,1.0,9.554600834846497,3.588727955678916e-08,43.99326848983765,33.43212890625,36.783695936203,1529.0,0.0,69.93430924415588,,,,,,,,,,,,,,,,,
1530,1530.0,8.0,16.0,40.12512755393982,128.0,1.0,292151.0,756425.0,0.7213830947875977,2.0,2.0,2.0,0.4921875,16.0,0.059118880094065775,0.034608952701091766,0.4147849380970001,18255.375,16.0,1.0,292151.0,146043.0,0.49988875615691886,128.0,1.0,1.0,1.0,10.33494582772255,3.55520021220031e-08,42.48461151123047,34.926513671875,39.08007788658142,1530.0,0.0,79.29057025909424,,,,,,,,,,,,,,,,,
1531,1531.0,8.0,16.0,39.91105651855469,128.0,1.0,298243.0,750333.0,0.7155733108520508,2.0,2.0,2.0,0.3046875,16.0,0.049459001182462416,0.028689227998256683,0.4107185900211334,18636.0,16.0,1.0,298243.0,149088.0,0.4998876754860969,128.0,1.0,1.0,1.0,10.550452500581741,3.521824047205413e-08,50.153775215148926,35.380859375,43.91027307510376,1531.0,0.0,83.89740633964539,,,,,,,,,,,,,,,,,
1532,1532.0,8.0,16.0,34.97811222076416,128.0,1.0,279509.0,769067.0,0.7334394454956055,2.0,2.0,2.0,0.6640625,16.0,0.0317171880830929,0.018678762018680573,0.2730177938938141,17465.125,16.0,1.0,279509.0,139721.0,0.4998801469720116,128.0,1.0,1.0,1.0,9.887730568647385,3.488599569621559e-08,49.2696738243103,34.35498046875,45.05865836143494,1532.0,0.0,80.11227512359619,,,,,,,,,,,,,,,,,
1533,1533.0,8.0,16.0,41.49055600166321,128.0,1.0,283834.0,764742.0,0.7293148040771484,2.0,2.0,2.0,0.546875,16.0,0.05187505873420664,0.03329181298613548,0.38074547052383423,17735.75,16.0,1.0,283834.0,141886.0,0.49989078123128305,128.0,1.0,1.0,1.0,10.040728986263275,3.4555268878810494e-08,43.595460414886475,34.5546875,47.27471685409546,1533.0,0.0,88.8487389087677,,,,,,,,,,,,,,,,,
1534,1534.0,8.0,16.0,19.466790437698364,128.0,1.0,249894.0,798682.0,0.7616825103759766,2.0,2.0,2.0,0.1953125,16.0,0.06314505827349431,0.03532432019710541,0.45351120829582214,15614.375,16.0,1.0,249894.0,124915.0,0.4998719457049789,128.0,1.0,1.0,1.0,8.84008938074112,3.4226061099207504e-08,30.96560001373291,32.47802734375,43.11023259162903,1534.0,0.0,62.656535387039185,,,,,,,,,,,,,,,,,
1535,1535.0,8.0,16.0,24.48886728286743,128.0,1.0,242089.0,806487.0,0.7691259384155273,2.0,2.0,2.0,0.3984375,16.0,0.06494168324246356,0.03662252053618431,0.4841530919075012,15126.625,16.0,1.0,242089.0,121013.0,0.4998698825638505,128.0,1.0,1.0,1.0,8.563984721899033,3.389837343181795e-08,35.9236626625061,32.304443359375,41.53013300895691,1535.0,0.0,66.08970069885254,,,,,,,,,,,,,,,,,
1536,1536.0,8.0,16.0,22.32250475883484,128.0,1.0,231295.0,817281.0,0.7794198989868164,2.0,2.0,2.0,0.3671875,16.0,0.06918368837792728,0.03626468405127525,0.4462697505950928,14451.875,16.0,1.0,231295.0,115615.0,0.49985948680256814,128.0,1.0,1.0,1.0,8.182143121957779,3.357220694609203e-08,33.343151569366455,31.58935546875,40.86013865470886,1536.0,0.0,63.25672960281372,,,,,,,,,,,,,,,,,
1537,1537.0,8.0,16.0,25.41360640525818,128.0,1.0,212028.0,836548.0,0.7977943420410156,2.0,2.0,2.0,0.5390625,16.0,0.05141709856262277,0.025804273784160614,0.5070961117744446,13248.5,16.0,1.0,212028.0,105988.0,0.4998773746863622,128.0,1.0,1.0,1.0,7.500566124916077,3.324756270651546e-08,35.40444231033325,30.6318359375,39.680869579315186,1537.0,0.0,65.15791583061218,,,,,,,,,,,,,,,,,
1538,1538.0,8.0,16.0,41.1424765586853,128.0,1.0,259110.0,789466.0,0.7528934478759766,2.0,2.0,2.0,0.4609375,16.0,0.05043329484947712,0.025298304855823517,0.3696521818637848,16190.375,16.0,1.0,259110.0,129523.0,0.499876500328046,128.0,1.0,1.0,1.0,9.166108667850494,3.2924441772605614e-08,40.528695583343506,33.82275390625,44.49201321601868,1538.0,0.0,85.71101450920105,,,,,,,,,,,,,,,,,
1539,1539.0,8.0,16.0,30.090590238571167,128.0,1.0,234978.0,813598.0,0.7759075164794922,2.0,2.0,2.0,0.484375,16.0,0.06926452324482849,0.03129078075289726,0.5283455848693848,14682.375,16.0,1.0,234978.0,117459.0,0.4998723284733039,128.0,1.0,1.0,1.0,8.312430560588837,3.26028451989086e-08,40.679105281829834,31.421630859375,40.63460659980774,1539.0,0.0,70.80858707427979,,,,,,,,,,,,,,,,,
1540,1540.0,8.0,16.0,39.40807771682739,128.0,1.0,187856.0,860720.0,0.8208465576171875,2.0,2.0,2.0,0.5234375,16.0,0.04750590680002436,0.023205643519759178,0.5404508709907532,11737.5,16.0,1.0,187856.0,93900.0,0.4998509496635721,128.0,1.0,1.0,1.0,6.645473003387451,3.228277403499569e-08,43.43875074386597,29.867919921875,37.389703035354614,1540.0,0.0,76.86140489578247,,,,,,,,,,,,,,,,,
1541,1541.0,8.0,16.0,33.996819257736206,128.0,1.0,250654.0,797922.0,0.7609577178955078,2.0,2.0,2.0,0.578125,16.0,0.061369956116839874,0.03388145938515663,0.5083863735198975,15662.125,16.0,1.0,250654.0,125297.0,0.49988031310092795,128.0,1.0,1.0,1.0,8.866974651813507,3.1964229325459557e-08,40.33593940734863,32.951171875,37.64077854156494,1541.0,0.0,71.70655560493469,,,,,,,,,,,,,,,,,
1542,1542.0,8.0,16.0,39.30853724479675,128.0,1.0,316735.0,731841.0,0.6979379653930664,2.0,2.0,2.0,0.328125,16.0,0.0510378002421376,0.02893161214888096,0.3218380808830261,19791.625,16.0,1.0,316735.0,158333.0,0.4998910761362022,128.0,1.0,1.0,1.0,11.204613596200943,3.164721210991128e-08,46.1146297454834,36.1767578125,44.48547148704529,1542.0,0.0,83.88416600227356,,,,,,,,,,,,,,,,,
1543,1543.0,8.0,16.0,30.600844383239746,128.0,1.0,249898.0,798678.0,0.7616786956787109,2.0,2.0,2.0,0.5078125,16.0,0.04605474475702418,0.024284081533551216,0.4179195165634155,15614.5,16.0,1.0,249898.0,124916.0,0.4998679461220178,128.0,1.0,1.0,1.0,8.840230882167816,3.1331723422976517e-08,39.176021099090576,32.744140625,36.440351247787476,1543.0,0.0,67.11159753799438,,,,,,,,,,,,,,,,,
1544,1544.0,8.0,16.0,24.6093807220459,128.0,1.0,219344.0,829232.0,0.7908172607421875,2.0,2.0,2.0,0.6640625,16.0,0.05305893900951982,0.02942340262234211,0.40474382042884827,13704.875,16.0,1.0,219344.0,109639.0,0.4998495513895981,128.0,1.0,1.0,1.0,7.759372234344482,3.101776429429265e-08,39.50622797012329,30.911865234375,36.294689655303955,1544.0,0.0,60.967060804367065,,,,,,,,,,,,,,,,,
1545,1545.0,8.0,16.0,32.12359952926636,128.0,1.0,237481.0,811095.0,0.7735204696655273,2.0,2.0,2.0,0.34375,16.0,0.08283107563971631,0.043116286396980286,0.5525580644607544,14839.125,16.0,1.0,237481.0,118713.0,0.4998842012624168,128.0,1.0,1.0,1.0,8.400975078344345,3.0705335748504924e-08,44.2566556930542,31.862548828125,38.12744951248169,1545.0,0.0,70.33399295806885,,,,,,,,,,,,,,,,,
1546,1546.0,8.0,16.0,29.662330627441406,128.0,1.0,217626.0,830950.0,0.7924556732177734,2.0,2.0,2.0,0.59375,16.0,0.06645593424484303,0.0349702350795269,0.5550793409347534,13597.625,16.0,1.0,217626.0,108781.0,0.4998529587457381,128.0,1.0,1.0,1.0,7.6985973715782166,3.0394438805263656e-08,34.91749715805054,31.232421875,34.178768157958984,1546.0,0.0,63.90629053115845,,,,,,,,,,,,,,,,,
1547,1547.0,8.0,16.0,32.367547035217285,128.0,1.0,310741.0,737835.0,0.7036542892456055,2.0,2.0,2.0,0.3828125,16.0,0.058363264621646524,0.03359847888350487,0.43934014439582825,19417.125,16.0,1.0,310741.0,155337.0,0.49989219317695444,128.0,1.0,1.0,1.0,10.992573708295822,3.0085074479220204e-08,41.53220844268799,36.03955078125,38.151636362075806,1547.0,0.0,70.60519742965698,,,,,,,,,,,,,,,,,
1548,1548.0,8.0,16.0,28.456157445907593,128.0,1.0,222859.0,825717.0,0.7874650955200195,2.0,2.0,2.0,0.375,16.0,0.059902008606632,0.031441107392311096,0.48978689312934875,13924.5,16.0,1.0,222859.0,111396.0,0.49984968073984,128.0,1.0,1.0,1.0,7.8837166130542755,2.9777243780024218e-08,39.0065860748291,30.966064453125,34.00393319129944,1548.0,0.0,62.53381276130676,,,,,,,,,,,,,,,,,
1549,1549.0,8.0,16.0,23.216354370117188,128.0,1.0,253122.0,795454.0,0.7586040496826172,2.0,2.0,2.0,0.390625,16.0,0.07028975459250698,0.036919966340065,0.5118094086647034,15816.25,16.0,1.0,253122.0,126530.0,0.49987752941269425,128.0,1.0,1.0,1.0,8.954281032085419,2.947094771232017e-08,33.59166622161865,33.095458984375,35.74543476104736,1549.0,0.0,59.03149461746216,,,,,,,,,,,,,,,,,
1550,1550.0,8.0,16.0,22.78967547416687,128.0,1.0,203951.0,844625.0,0.8054971694946289,2.0,2.0,2.0,0.484375,16.0,0.053569198157242016,0.02575514279305935,0.6363666653633118,12743.375,16.0,1.0,203951.0,101947.0,0.4998602605527798,128.0,1.0,1.0,1.0,7.214839369058609,2.9166187275744103e-08,37.16397047042847,29.791748046875,35.04256772994995,1550.0,0.0,284.2063913345337,,,,,,,,,,,,,,,,,
1551,1551.0,8.0,16.0,40.38921880722046,128.0,1.0,308068.0,740508.0,0.7062034606933594,2.0,2.0,2.0,0.328125,16.0,0.05117762468919541,0.029699545353651047,0.3282378613948822,19250.5,16.0,1.0,308068.0,154004.0,0.49990261890232024,128.0,1.0,1.0,1.0,10.8980153799057,2.886296346492023e-08,46.205832958221436,36.42529296875,46.45532751083374,1551.0,0.0,86.93508267402649,,,,,,,,,,,,,,,,,
1552,1552.0,8.0,16.0,32.57311224937439,128.0,1.0,331372.0,717204.0,0.6839790344238281,2.0,2.0,2.0,0.3828125,16.0,0.05393571339889466,0.033205315470695496,0.4205400049686432,20706.25,16.0,1.0,331372.0,165650.0,0.49989136076675156,128.0,1.0,1.0,1.0,11.722402691841125,2.8561277269457895e-08,40.562743186950684,37.487548828125,45.99088525772095,1552.0,0.0,78.66123747825623,,,,,,,,,,,,,,,,,
1553,1553.0,8.0,16.0,39.927672147750854,128.0,1.0,321569.0,727007.0,0.6933279037475586,2.0,2.0,2.0,0.2578125,16.0,0.04785929675819145,0.028689568862318993,0.33491045236587524,20094.375,16.0,1.0,321569.0,160755.0,0.49990826230140345,128.0,1.0,1.0,1.0,11.375618070363998,2.826112967394817e-08,44.175013065338135,36.72607421875,48.792137145996094,1553.0,0.0,88.80146837234497,,,,,,,,,,,,,,,,,
1554,1554.0,8.0,16.0,23.587525367736816,128.0,1.0,262923.0,785653.0,0.7492570877075195,2.0,2.0,2.0,0.4765625,16.0,0.0489376056345825,0.028214380145072937,0.3301268219947815,16428.5,16.0,1.0,262923.0,131428.0,0.49987258627050507,128.0,1.0,1.0,1.0,9.300994902849197,2.79625216579607e-08,33.896718978881836,33.10791015625,42.98794484138489,1554.0,0.0,66.65032410621643,,,,,,,,,,,,,,,,,
1555,1555.0,8.0,16.0,29.79221820831299,128.0,1.0,176126.0,872450.0,0.8320331573486328,2.0,2.0,2.0,0.4921875,16.0,0.059488351020442025,0.024484846740961075,0.569136381149292,11004.5,16.0,1.0,176126.0,88036.0,0.4998467006574838,128.0,1.0,1.0,1.0,6.230520069599152,2.766545419604066e-08,36.43101215362549,28.83203125,38.779863357543945,1555.0,0.0,68.62412095069885,,,,,,,,,,,,,,,,,
1556,1556.0,8.0,16.0,32.170841217041016,128.0,1.0,204760.0,843816.0,0.8047256469726562,2.0,2.0,2.0,0.5546875,16.0,0.04437428575066945,0.024974195286631584,0.37670570611953735,12793.375,16.0,1.0,204760.0,102347.0,0.4998388357100996,128.0,1.0,1.0,1.0,7.243458032608032,2.7369928257705122e-08,43.27018976211548,30.913330078125,43.87894296646118,1556.0,0.0,76.11189842224121,,,,,,,,,,,,,,,,,
1557,1557.0,8.0,16.0,29.70823907852173,128.0,1.0,250648.0,797928.0,0.7609634399414062,2.0,2.0,2.0,0.2578125,16.0,0.06484979782622925,0.03870602697134018,0.46956393122673035,15661.875,16.0,1.0,250648.0,125295.0,0.49988429989467303,128.0,1.0,1.0,1.0,8.866762399673462,2.7075944807440522e-08,39.7880859375,32.86279296875,41.79125142097473,1557.0,0.0,71.5768346786499,,,,,,,,,,,,,,,,,
1558,1558.0,8.0,16.0,16.565378189086914,128.0,1.0,181429.0,867147.0,0.8269758224487305,2.0,2.0,2.0,0.6171875,16.0,0.04808002304323768,0.024800553917884827,0.6013473272323608,11334.375,16.0,1.0,181429.0,90675.0,0.49978228397885677,128.0,1.0,1.0,1.0,6.418115586042404,2.6783504804699042e-08,30.96837854385376,28.760986328125,38.185280084609985,1558.0,0.0,54.820271492004395,,,,,,,,,,,,,,,,,
1559,1559.0,8.0,16.0,25.29153823852539,128.0,1.0,189461.0,859115.0,0.8193159103393555,2.0,2.0,2.0,0.671875,16.0,0.05329742619890582,0.027120016515254974,0.5409687161445618,11837.125,16.0,1.0,189461.0,94697.0,0.49982318260750236,128.0,1.0,1.0,1.0,6.702250450849533,2.649260920389568e-08,34.67667579650879,29.679931640625,40.878031969070435,1559.0,0.0,66.22671055793762,,,,,,,,,,,,,,,,,
1560,1560.0,8.0,16.0,29.731511116027832,128.0,1.0,284680.0,763896.0,0.7285079956054688,2.0,2.0,2.0,0.203125,16.0,0.058724942853182034,0.033964939415454865,0.4024606943130493,17788.0,16.0,1.0,284680.0,142304.0,0.4998735422228467,128.0,1.0,1.0,1.0,10.070656538009644,2.6203258954405007e-08,37.52864694595337,34.3408203125,37.443403005599976,1560.0,0.0,67.2566773891449,,,,,,,,,,,,,,,,,
1561,1561.0,8.0,16.0,25.70934510231018,128.0,1.0,176739.0,871837.0,0.8314485549926758,2.0,2.0,2.0,0.671875,16.0,0.057078686590282326,0.032459039241075516,0.5645439028739929,11042.375,16.0,1.0,176739.0,88339.0,0.4998274291469342,128.0,1.0,1.0,1.0,6.252205163240433,2.5915455000558195e-08,35.21287155151367,28.911865234375,33.510117530822754,1561.0,0.0,59.27808976173401,,,,,,,,,,,,,,,,,
1562,1562.0,8.0,16.0,26.4462468624115,128.0,1.0,196722.0,851854.0,0.8123912811279297,2.0,2.0,2.0,0.5,16.0,0.05562817634455651,0.02982085943222046,0.43190881609916687,12291.25,16.0,1.0,196722.0,98330.0,0.4998424172182064,128.0,1.0,1.0,1.0,6.959110915660858,2.5629198281639842e-08,35.49328804016113,29.831787109375,34.17813062667847,1562.0,0.0,60.682788372039795,,,,,,,,,,,,,,,,,
1563,1563.0,8.0,16.0,20.14757013320923,128.0,1.0,209192.0,839384.0,0.8004989624023438,2.0,2.0,2.0,0.6484375,16.0,0.052964805656953114,0.024448417127132416,0.4132198393344879,13070.625,16.0,1.0,209192.0,104565.0,0.49985181077670277,128.0,1.0,1.0,1.0,7.4002416133880615,2.5344489731885133e-08,34.04548406600952,30.548828125,36.660805463790894,1563.0,0.0,56.87441825866699,,,,,,,,,,,,,,,,,
1564,1564.0,8.0,16.0,23.28623127937317,128.0,1.0,205542.0,843034.0,0.8039798736572266,2.0,2.0,2.0,0.609375,16.0,0.053475778279717445,0.03016144409775734,0.4442916512489319,12842.25,16.0,1.0,205542.0,102738.0,0.49983944887176346,128.0,1.0,1.0,1.0,7.271121561527252,2.5061330280476413e-08,36.45869302749634,30.111328125,40.92731046676636,1564.0,0.0,64.27707576751709,,,,,,,,,,,,,,,,,
1565,1565.0,8.0,16.0,33.24116086959839,128.0,1.0,283346.0,765230.0,0.7297801971435547,2.0,2.0,2.0,0.2890625,16.0,0.059898414239514086,0.033344365656375885,0.47052472829818726,17705.25,16.0,1.0,283346.0,141642.0,0.4998905931264249,128.0,1.0,1.0,1.0,10.023465812206268,2.477972085154034e-08,42.1239857673645,34.496337890625,43.489400148391724,1565.0,0.0,76.80693459510803,,,,,,,,,,,,,,,,,
1566,1566.0,8.0,16.0,24.098869562149048,128.0,1.0,219438.0,829138.0,0.7907276153564453,2.0,2.0,2.0,0.5859375,16.0,0.05961439448447584,0.03284669667482376,0.48881837725639343,13711.25,16.0,1.0,219438.0,109690.0,0.49986784422023534,128.0,1.0,1.0,1.0,7.762697517871857,2.4499662364144913e-08,36.807109355926514,30.670654296875,39.35292315483093,1566.0,0.0,63.53824329376221,,,,,,,,,,,,,,,,,
1567,1567.0,8.0,16.0,41.13595986366272,128.0,1.0,255383.0,793193.0,0.7564477920532227,2.0,2.0,2.0,0.4453125,16.0,0.05241227499633376,0.024690713733434677,0.3905693292617798,15957.875,16.0,1.0,255383.0,127663.0,0.4998884029085726,128.0,1.0,1.0,1.0,9.034264713525772,2.4221155732296493e-08,46.18195104598999,32.9853515625,43.743950605392456,1567.0,0.0,84.96901941299438,,,,,,,,,,,,,,,,,
1568,1568.0,8.0,16.0,41.517953634262085,128.0,1.0,325949.0,722627.0,0.6891508102416992,2.0,2.0,2.0,0.3203125,16.0,0.05766175023542125,0.03653213381767273,0.36694204807281494,20367.75,16.0,1.0,325949.0,162942.0,0.49990029114984247,128.0,1.0,1.0,1.0,11.53056213259697,2.3944201864936842e-08,46.53969383239746,36.931640625,46.1390163898468,1568.0,0.0,87.7508282661438,,,,,,,,,,,,,,,,,
1569,1569.0,8.0,16.0,25.07480239868164,128.0,1.0,278109.0,770467.0,0.7347745895385742,2.0,2.0,2.0,0.3125,16.0,0.052110043069285655,0.02861149050295353,0.4001206159591675,17377.75,16.0,1.0,278109.0,139022.0,0.49988313934464546,128.0,1.0,1.0,1.0,9.838205069303513,2.366880166593982e-08,34.49086046218872,33.893798828125,39.149606704711914,1569.0,0.0,64.2937331199646,,,,,,,,,,,,,,,,,
1570,1570.0,8.0,16.0,26.316210508346558,128.0,1.0,208087.0,840489.0,0.8015527725219727,2.0,2.0,2.0,0.5546875,16.0,0.05276441283316021,0.026692543178796768,0.47327712178230286,13001.75,16.0,1.0,208087.0,104014.0,0.499858232373959,128.0,1.0,1.0,1.0,7.361151844263077,2.3394956034108847e-08,39.5343656539917,29.99853515625,39.061325550079346,1570.0,0.0,65.4334945678711,,,,,,,,,,,,,,,,,
1571,1571.0,8.0,16.0,40.660441398620605,128.0,1.0,270063.0,778513.0,0.7424478530883789,2.0,2.0,2.0,0.4453125,16.0,0.0453161220439075,0.025429196655750275,0.41860678791999817,16875.625,16.0,1.0,270063.0,135005.0,0.49990187474774406,128.0,1.0,1.0,1.0,9.553574949502945,2.3122665863173852e-08,38.70599603652954,34.733642578125,42.537951707839966,1571.0,0.0,83.26775050163269,,,,,,,,,,,,,,,,,
1572,1572.0,8.0,16.0,28.524733304977417,128.0,1.0,254127.0,794449.0,0.7576456069946289,2.0,2.0,2.0,0.34375,16.0,0.06772849069518078,0.040746740996837616,0.45013347268104553,15878.75,16.0,1.0,254127.0,127030.0,0.4998681761481464,128.0,1.0,1.0,1.0,8.989833265542984,2.2851932041788258e-08,39.6815185546875,32.6923828125,42.26502537727356,1572.0,0.0,70.8608045578003,,,,,,,,,,,,,,,,,
1573,1573.0,8.0,16.0,25.857717752456665,128.0,1.0,314947.0,733629.0,0.6996431350708008,2.0,2.0,2.0,0.2421875,16.0,0.06788048086098983,0.03704884648323059,0.36183732748031616,19680.375,16.0,1.0,314947.0,157443.0,0.4999031583091758,128.0,1.0,1.0,1.0,11.141362458467484,2.258275545352617e-08,40.4204216003418,35.575927734375,40.020010471343994,1573.0,0.0,65.96650123596191,,,,,,,,,,,,,,,,,
1574,1574.0,8.0,16.0,15.367102146148682,128.0,1.0,189876.0,858700.0,0.8189201354980469,2.0,2.0,2.0,0.5234375,16.0,0.06142628184639412,0.032845646142959595,0.48912712931632996,11863.875,16.0,1.0,189876.0,94911.0,0.4998578019338937,128.0,1.0,1.0,1.0,6.716931223869324,2.2315136976879533e-08,29.8296799659729,29.0810546875,34.54397630691528,1574.0,0.0,49.96506977081299,,,,,,,,,,,,,,,,,
1575,1575.0,8.0,16.0,21.817397594451904,128.0,1.0,237650.0,810926.0,0.7733592987060547,2.0,2.0,2.0,0.4453125,16.0,0.0727504364883616,0.031194403767585754,0.6643010377883911,14849.0,16.0,1.0,237650.0,118792.0,0.4998611403324216,128.0,1.0,1.0,1.0,8.406953513622284,2.2049077485254974e-08,32.66091728210449,32.19677734375,35.817609548568726,1575.0,0.0,57.70083236694336,,,,,,,,,,,,,,,,,
1576,1576.0,8.0,16.0,21.83585524559021,128.0,1.0,217656.0,830920.0,0.7924270629882812,2.0,2.0,2.0,0.546875,16.0,0.0492809300702718,0.026087574660778046,0.479079008102417,13599.625,16.0,1.0,217656.0,108797.0,0.4998575734186055,128.0,1.0,1.0,1.0,7.699658632278442,2.1784577846971465e-08,37.24375343322754,30.77783203125,35.12832283973694,1576.0,0.0,57.024725675582886,,,,,,,,,,,,,,,,,
1577,1577.0,8.0,16.0,41.12377309799194,128.0,1.0,252595.0,795981.0,0.7591066360473633,2.0,2.0,2.0,0.4765625,16.0,0.051397162517481,0.027290103957057,0.6136119961738586,15783.375,16.0,1.0,252595.0,126267.0,0.49987925335022465,128.0,1.0,1.0,1.0,8.935638219118118,2.15216389252571e-08,38.96278619766235,33.71240234375,43.669137954711914,1577.0,0.0,84.86737895011902,,,,,,,,,,,,,,,,,
1578,1578.0,8.0,16.0,29.886427402496338,128.0,1.0,283171.0,765405.0,0.7299470901489258,2.0,2.0,2.0,0.4609375,16.0,0.06136280868961465,0.03342468664050102,0.4415850341320038,17694.125,16.0,1.0,283171.0,141553.0,0.49988522836024873,128.0,1.0,1.0,1.0,10.017275124788284,2.126026157824612e-08,40.88728094100952,34.336181640625,43.0450382232666,1578.0,0.0,73.00470805168152,,,,,,,,,,,,,,,,,
1579,1579.0,8.0,16.0,23.07499051094055,128.0,1.0,236602.0,811974.0,0.7743587493896484,2.0,2.0,2.0,0.3125,16.0,0.0663257820571854,0.03552492707967758,0.4962995946407318,14784.0,16.0,1.0,236602.0,118272.0,0.49987743129812934,128.0,1.0,1.0,1.0,8.369880139827728,2.100044665897671e-08,35.206260204315186,31.562255859375,39.79877281188965,1579.0,0.0,62.941683530807495,,,,,,,,,,,,,,,,,
1580,1580.0,8.0,16.0,19.74521803855896,128.0,1.0,217036.0,831540.0,0.7930183410644531,2.0,2.0,2.0,0.578125,16.0,0.05382368416285343,0.027268117293715477,0.44404280185699463,13560.75,16.0,1.0,217036.0,108486.0,0.49985255902246634,128.0,1.0,1.0,1.0,7.677725911140442,2.0742195015387764e-08,34.6642050743103,30.438720703125,39.829381704330444,1580.0,0.0,59.637858867645264,,,,,,,,,,,,,,,,,
1581,1581.0,8.0,16.0,36.95966291427612,128.0,1.0,243696.0,804880.0,0.7675933837890625,2.0,2.0,2.0,0.578125,16.0,0.053711577713343485,0.030576424673199654,0.4180194139480591,15227.625,16.0,1.0,243696.0,121821.0,0.4998892062241481,128.0,1.0,1.0,1.0,8.620832920074463,2.0485507490316245e-08,42.1848669052124,33.072998046875,40.35211944580078,1581.0,0.0,77.3785183429718,,,,,,,,,,,,,,,,,
1582,1582.0,8.0,16.0,21.86635160446167,128.0,1.0,244792.0,803784.0,0.7665481567382812,2.0,2.0,2.0,0.3984375,16.0,0.05463155362173173,0.028145652264356613,0.4700029492378235,15295.375,16.0,1.0,244792.0,122363.0,0.4998651916729305,128.0,1.0,1.0,1.0,8.65960431098938,2.0230384921494313e-08,34.42054271697998,31.866943359375,39.25681662559509,1582.0,0.0,61.23444151878357,,,,,,,,,,,,,,,,,
1583,1583.0,8.0,16.0,19.69304370880127,128.0,1.0,152357.0,896219.0,0.854701042175293,2.0,2.0,2.0,0.6796875,16.0,0.05632650801642119,0.027175145223736763,0.5432310700416565,9518.375,16.0,1.0,152357.0,76147.0,0.4997932487512881,128.0,1.0,1.0,1.0,5.389683216810226,1.997682814154683e-08,29.256078243255615,27.669677734375,37.94812846183777,1583.0,0.0,57.69582676887512,,,,,,,,,,,,,,,,,
1584,1584.0,8.0,16.0,27.464191913604736,128.0,1.0,284097.0,764479.0,0.7290639877319336,2.0,2.0,2.0,0.40625,16.0,0.0528827643679512,0.028768088668584824,0.41925325989723206,17752.0,16.0,1.0,284097.0,142016.0,0.49988560245268343,128.0,1.0,1.0,1.0,10.050032705068588,1.972483797798835e-08,37.26808834075928,34.821044921875,41.59536337852478,1584.0,0.0,69.13855910301208,,,,,,,,,,,,,,,,,
1585,1585.0,8.0,16.0,34.67441534996033,128.0,1.0,226150.0,822426.0,0.7843265533447266,2.0,2.0,2.0,0.421875,16.0,0.06885488618528147,0.032272789627313614,0.5844449400901794,14130.5,16.0,1.0,226150.0,113044.0,0.4998629228388238,128.0,1.0,1.0,1.0,8.000136911869049,1.9474415253220688e-08,34.294673442840576,32.267822265625,40.22292137145996,1585.0,0.0,74.97374081611633,,,,,,,,,,,,,,,,,
1586,1586.0,8.0,16.0,40.684186935424805,128.0,1.0,307005.0,741571.0,0.7072172164916992,2.0,2.0,2.0,0.3125,16.0,0.060575492303679326,0.032552652060985565,0.3837558925151825,19183.5,16.0,1.0,307005.0,153468.0,0.4998876239800655,128.0,1.0,1.0,1.0,10.860411375761032,1.922556078453025e-08,45.53930044174194,35.65380859375,43.965574741363525,1586.0,0.0,84.73429870605469,,,,,,,,,,,,,,,,,
1587,1587.0,8.0,16.0,37.397937297821045,128.0,1.0,315178.0,733398.0,0.6994228363037109,2.0,2.0,2.0,0.390625,16.0,0.051507035334598716,0.028466971591114998,0.32801875472068787,19694.375,16.0,1.0,315178.0,157555.0,0.4998921244503106,128.0,1.0,1.0,1.0,11.149534165859222,1.8978275384084917e-08,42.62866020202637,35.923095703125,44.284218072891235,1587.0,0.0,81.78026103973389,,,,,,,,,,,,,,,,,
1588,1588.0,8.0,16.0,35.0724835395813,128.0,1.0,272800.0,775776.0,0.739837646484375,2.0,2.0,2.0,0.4296875,16.0,0.03968343288325677,0.024055130779743195,0.30154433846473694,17045.875,16.0,1.0,272800.0,136367.0,0.4998790322580645,128.0,1.0,1.0,1.0,9.650397300720215,1.8732559858932018e-08,43.498891830444336,34.001220703125,44.39519381523132,1588.0,0.0,79.54285097122192,,,,,,,,,,,,,,,,,
1589,1589.0,8.0,16.0,39.8843047618866,128.0,1.0,337037.0,711539.0,0.6785764694213867,2.0,2.0,2.0,0.2265625,16.0,0.05466274775105518,0.033615320920944214,0.3063865602016449,21061.375,16.0,1.0,337037.0,168491.0,0.4999184065844403,128.0,1.0,1.0,1.0,11.922804087400436,1.848841501099524e-08,44.11546564102173,37.267822265625,47.109062910079956,1589.0,0.0,87.1031539440155,,,,,,,,,,,,,,,,,
1590,1590.0,8.0,16.0,34.7278573513031,128.0,1.0,195859.0,852717.0,0.8132143020629883,2.0,2.0,2.0,0.6171875,16.0,0.06576245817302839,0.02915814332664013,0.7058424949645996,12236.5,16.0,1.0,195859.0,97892.0,0.4998085357323381,128.0,1.0,1.0,1.0,6.928581982851028,1.8245841637072213e-08,38.92970085144043,30.021484375,37.70915913581848,1590.0,0.0,72.4890763759613,,,,,,,,,,,,,,,,,
1591,1591.0,8.0,16.0,36.74973154067993,128.0,1.0,255039.0,793537.0,0.7567758560180664,2.0,2.0,2.0,0.375,16.0,0.06674622823732033,0.03651817515492439,0.48084643483161926,15936.0,16.0,1.0,255039.0,127488.0,0.49987648947807983,128.0,1.0,1.0,1.0,9.02209559082985,1.8004840528831832e-08,40.816752433776855,32.987060546875,42.581257820129395,1591.0,0.0,79.40460801124573,,,,,,,,,,,,,,,,,
1592,1592.0,8.0,16.0,31.23256826400757,128.0,1.0,180586.0,867990.0,0.8277797698974609,2.0,2.0,2.0,0.5390625,16.0,0.042506793951567506,0.023949483409523964,0.4129998981952667,11282.625,16.0,1.0,180586.0,90261.0,0.4998227991095655,128.0,1.0,1.0,1.0,6.388294160366058,1.776541247281177e-08,42.75098943710327,29.16162109375,41.194793462753296,1592.0,0.0,72.48769855499268,,,,,,,,,,,,,,,,,
1593,1593.0,8.0,16.0,40.80515241622925,128.0,1.0,211029.0,837547.0,0.7987470626831055,2.0,2.0,2.0,0.6328125,16.0,0.0566095191100339,0.03190503641963005,0.4428302049636841,13184.875,16.0,1.0,211029.0,105479.0,0.4998317766752437,128.0,1.0,1.0,1.0,7.4652261435985565,1.7527558250415687e-08,41.83256530761719,30.873046875,38.729941606521606,1593.0,0.0,79.58697199821472,,,,,,,,,,,,,,,,,
1594,1594.0,8.0,16.0,23.39663028717041,128.0,1.0,310981.0,737595.0,0.703425407409668,2.0,2.0,2.0,0.3359375,16.0,0.04352318120031259,0.027622824534773827,0.35268059372901917,19432.0,16.0,1.0,310981.0,155456.0,0.4998890607464765,128.0,1.0,1.0,1.0,11.001063793897629,1.7291278637911023e-08,36.38464069366455,35.658935546875,40.20469665527344,1594.0,0.0,63.68647360801697,,,,,,,,,,,,,,,,,
1595,1595.0,8.0,16.0,41.10931038856506,128.0,1.0,361801.0,686775.0,0.6549596786499023,2.0,2.0,2.0,0.359375,16.0,0.05096348211474689,0.029169021174311638,0.31080934405326843,22608.75,16.0,1.0,361801.0,180870.0,0.4999156995143739,128.0,1.0,1.0,1.0,12.798839420080185,1.7056574406426216e-08,49.63045072555542,38.932861328125,50.786383390426636,1595.0,0.0,91.99166822433472,,,,,,,,,,,,,,,,,
1596,1596.0,8.0,16.0,19.933582305908203,128.0,1.0,243838.0,804738.0,0.7674579620361328,2.0,2.0,2.0,0.4375,16.0,0.05455992327518527,0.03248537704348564,0.3765302002429962,15236.375,16.0,1.0,243838.0,121891.0,0.49988516966182467,128.0,1.0,1.0,1.0,8.625856220722198,1.6823446321948208e-08,34.45139455795288,32.153076171875,39.0766966342926,1596.0,0.0,59.07769250869751,,,,,,,,,,,,,,,,,
1597,1597.0,8.0,16.0,24.175755977630615,128.0,1.0,236943.0,811633.0,0.7740335464477539,2.0,2.0,2.0,0.625,16.0,0.044029830937693235,0.02589382417500019,0.3728104531764984,14804.875,16.0,1.0,236943.0,118439.0,0.4998628362095525,128.0,1.0,1.0,1.0,8.381943136453629,1.659189514532e-08,35.45737171173096,31.87451171875,39.972078800201416,1597.0,0.0,64.21500277519226,,,,,,,,,,,,,,,,,
1598,1598.0,8.0,16.0,39.50509166717529,128.0,1.0,292660.0,755916.0,0.7208976745605469,2.0,2.0,2.0,0.5234375,16.0,0.042006116702368805,0.024814298376441002,0.3363340497016907,18287.75,16.0,1.0,292660.0,146302.0,0.49990432583885736,128.0,1.0,1.0,1.0,10.352951884269714,1.6361921632238262e-08,42.98541259765625,35.473388671875,40.22119903564453,1598.0,0.0,79.80016088485718,,,,,,,,,,,,,,,,,
1599,1599.0,8.0,16.0,35.52133297920227,128.0,1.0,274392.0,774184.0,0.7383193969726562,2.0,2.0,2.0,0.3671875,16.0,0.058320495498853084,0.034391265362501144,0.3651387393474579,17145.75,16.0,1.0,274392.0,137166.0,0.49989066736639554,128.0,1.0,1.0,1.0,9.706714868545532,1.6133526533250563e-08,42.803958892822266,33.883544921875,38.43922758102417,1599.0,0.0,74.03665828704834,,,,,,,,,,,,,,,,,
1600,1600.0,8.0,16.0,41.00702428817749,128.0,1.0,248789.0,799787.0,0.7627363204956055,2.0,2.0,2.0,0.421875,16.0,0.04766237134488054,0.02914959378540516,0.39574116468429565,15545.0,16.0,1.0,248789.0,124360.0,0.49986132827416,128.0,1.0,1.0,1.0,8.800999611616135,1.5906710593753312e-08,43.61175298690796,32.755859375,35.961923599243164,1600.0,0.0,303.43126249313354,,,,,,,,,,,,,,,,,
1601,1601.0,8.0,16.0,40.63230776786804,128.0,1.0,290359.0,758217.0,0.7230920791625977,2.0,2.0,2.0,0.4140625,16.0,0.04498448776924814,0.02593141980469227,0.3756319582462311,18143.25,16.0,1.0,290359.0,145146.0,0.4998846255841906,128.0,1.0,1.0,1.0,10.271553188562393,1.5681474553988938e-08,40.7906174659729,35.514892578125,45.007829427719116,1601.0,0.0,85.721360206604,,,,,,,,,,,,,,,,,
1602,1602.0,8.0,16.0,25.718841314315796,128.0,1.0,269676.0,778900.0,0.7428169250488281,2.0,2.0,2.0,0.3984375,16.0,0.05959686613627171,0.037812598049640656,0.4043717682361603,16850.5,16.0,1.0,269676.0,134804.0,0.4998739227814118,128.0,1.0,1.0,1.0,9.539884686470032,1.5457819149043815e-08,36.87977600097656,33.6552734375,41.28479504585266,1602.0,0.0,67.07683968544006,,,,,,,,,,,,,,,,,
1603,1603.0,8.0,16.0,39.3696973323822,128.0,1.0,215781.0,832795.0,0.794215202331543,2.0,2.0,2.0,0.4765625,16.0,0.06131210390637531,0.029624035581946373,0.48452308773994446,13482.0,16.0,1.0,215781.0,107856.0,0.499840115672835,128.0,1.0,1.0,1.0,7.633329838514328,1.5235745108845732e-08,40.72887086868286,31.459228515625,40.10972762107849,1603.0,0.0,79.53976798057556,,,,,,,,,,,,,,,,,
1604,1604.0,8.0,16.0,22.323887825012207,128.0,1.0,211962.0,836614.0,0.7978572845458984,2.0,2.0,2.0,0.6953125,16.0,0.04910000579708545,0.02552729658782482,0.4035604000091553,13243.75,16.0,1.0,211962.0,105950.0,0.4998537473698116,128.0,1.0,1.0,1.0,7.49823135137558,1.5015253158161377e-08,32.00543403625488,30.590087890625,42.844021797180176,1604.0,0.0,65.22916269302368,,,,,,,,,,,,,,,,,
1605,1605.0,8.0,16.0,40.045823097229004,128.0,1.0,241825.0,806751.0,0.7693777084350586,2.0,2.0,2.0,0.6171875,16.0,0.0529026870801105,0.023068867623806,0.3938326835632324,15110.625,16.0,1.0,241825.0,120885.0,0.49988628140184016,128.0,1.0,1.0,1.0,8.554645627737045,1.4796344016594131e-08,42.12590169906616,32.75537109375,42.92885994911194,1605.0,0.0,83.03637981414795,,,,,,,,,,,,,,,,,
1606,1606.0,8.0,16.0,41.472771883010864,128.0,1.0,380231.0,668345.0,0.6373834609985352,2.0,2.0,2.0,0.3828125,16.0,0.04693376503014248,0.02781151607632637,0.3480067253112793,23760.625,16.0,1.0,380231.0,190085.0,0.4999197856040144,128.0,1.0,1.0,1.0,13.450807243585587,1.4579018398581667e-08,44.85172462463379,39.87255859375,50.99118947982788,1606.0,0.0,92.56471586227417,,,,,,,,,,,,,,,,,
1607,1607.0,8.0,16.0,30.008545398712158,128.0,1.0,252402.0,796174.0,0.7592906951904297,2.0,2.0,2.0,0.3046875,16.0,0.06682844276607079,0.036917369812726974,0.4059416949748993,15771.25,16.0,1.0,252402.0,126170.0,0.4998771800540408,128.0,1.0,1.0,1.0,8.928810775279999,1.4363277013393682e-08,40.75602674484253,32.697509765625,40.80809187889099,1607.0,0.0,70.88501906394958,,,,,,,,,,,,,,,,,
1608,1608.0,8.0,16.0,15.754510641098022,128.0,1.0,185212.0,863364.0,0.8233680725097656,2.0,2.0,2.0,0.6875,16.0,0.05404925474426713,0.025624794885516167,0.43962377309799194,11571.875,16.0,1.0,185212.0,92575.0,0.4998326242360106,128.0,1.0,1.0,1.0,6.551940560340881,1.4149120565129568e-08,30.215909481048584,28.585693359375,33.32743692398071,1608.0,0.0,49.13356256484985,,,,,,,,,,,,,,,,,
1609,1609.0,8.0,16.0,25.11370539665222,128.0,1.0,224863.0,823713.0,0.7855539321899414,2.0,2.0,2.0,0.5859375,16.0,0.05490925883717084,0.03034653328359127,0.4023752808570862,14050.125,16.0,1.0,224863.0,112401.0,0.49986436185588556,128.0,1.0,1.0,1.0,7.954608827829361,1.3936549752715855e-08,34.26734447479248,31.225341796875,34.99171853065491,1609.0,0.0,60.17341423034668,,,,,,,,,,,,,,,,,
1610,1610.0,8.0,16.0,40.55191946029663,128.0,1.0,253603.0,794973.0,0.7581453323364258,2.0,2.0,2.0,0.53125,16.0,0.050051557145342186,0.02550736628472805,0.3962904214859009,15846.25,16.0,1.0,253603.0,126770.0,0.49987579011289296,128.0,1.0,1.0,1.0,8.971296578645706,1.3725565269904427e-08,40.32100057601929,33.670654296875,36.48112368583679,1610.0,0.0,77.10017395019531,,,,,,,,,,,,,,,,,
1611,1611.0,8.0,16.0,22.69622492790222,128.0,1.0,208541.0,840035.0,0.8011198043823242,2.0,2.0,2.0,0.3359375,16.0,0.06945126067111163,0.03778764232993126,0.46290871500968933,13029.125,16.0,1.0,208541.0,104233.0,0.49982017924532823,128.0,1.0,1.0,1.0,7.377212256193161,1.3516167805269818e-08,31.21209478378296,30.45556640625,34.44985485076904,1611.0,0.0,57.20386505126953,,,,,,,,,,,,,,,,,
1612,1612.0,8.0,16.0,39.65079665184021,128.0,1.0,267673.0,780903.0,0.7447271347045898,2.0,2.0,2.0,0.4765625,16.0,0.05211907143262996,0.029986053705215454,0.5197535753250122,16726.125,16.0,1.0,267673.0,133809.0,0.4998972627048675,128.0,1.0,1.0,1.0,9.46902784705162,1.3308358042207146e-08,38.36895990371704,33.968994140625,46.34161949157715,1612.0,0.0,86.0703113079071,,,,,,,,,,,,,,,,,
1613,1613.0,8.0,16.0,23.42359447479248,128.0,1.0,280094.0,768482.0,0.7328815460205078,2.0,2.0,2.0,0.3359375,16.0,0.060683310625110634,0.033135656267404556,0.3895719051361084,17501.75,16.0,1.0,280094.0,140014.0,0.4998821824101909,128.0,1.0,1.0,1.0,9.908425152301788,1.3102136658929953e-08,37.92230224609375,34.0078125,39.8382830619812,1613.0,0.0,63.35198760032654,,,,,,,,,,,,,,,,,
1614,1614.0,8.0,16.0,27.58834433555603,128.0,1.0,254692.0,793884.0,0.7571067810058594,2.0,2.0,2.0,0.4296875,16.0,0.05454022435926612,0.029292143881320953,0.40955302119255066,15914.125,16.0,1.0,254692.0,127313.0,0.49987043173715706,128.0,1.0,1.0,1.0,9.009820342063904,1.28975043284677e-08,41.02612113952637,32.633544921875,40.45515298843384,1614.0,0.0,68.11205291748047,,,,,,,,,,,,,,,,,
1615,1615.0,8.0,16.0,31.530768394470215,128.0,1.0,209716.0,838860.0,0.7999992370605469,2.0,2.0,2.0,0.4921875,16.0,0.048837789595199604,0.024655820801854134,0.416230171918869,13103.5,16.0,1.0,209716.0,104828.0,0.49985694939823383,128.0,1.0,1.0,1.0,7.418778300285339,1.2694461718664006e-08,37.684006214141846,30.230712890625,38.631192445755005,1615.0,0.0,70.21827530860901,,,,,,,,,,,,,,,,,
1616,1616.0,8.0,16.0,37.70028567314148,128.0,1.0,304314.0,744262.0,0.7097835540771484,2.0,2.0,2.0,0.484375,16.0,0.052750209945231614,0.030859408900141716,0.36747872829437256,19015.875,16.0,1.0,304314.0,152127.0,0.4999014176147006,128.0,1.0,1.0,1.0,10.765216290950775,1.2493009492174022e-08,45.8541464805603,35.43408203125,43.69189739227295,1616.0,0.0,81.47684288024902,,,,,,,,,,,,,,,,,
1617,1617.0,8.0,16.0,33.14419078826904,128.0,1.0,251492.0,797084.0,0.7601585388183594,2.0,2.0,2.0,0.3828125,16.0,0.055573186837144156,0.03073655255138874,0.3348691761493683,15714.375,16.0,1.0,251492.0,125715.0,0.4998767356416904,128.0,1.0,1.0,1.0,8.896619200706482,1.229314830646272e-08,36.42544364929199,33.09326171875,42.05951428413391,1617.0,0.0,75.27560114860535,,,,,,,,,,,,,,,,,
1618,1618.0,8.0,16.0,37.97088027000427,128.0,1.0,217181.0,831395.0,0.7928800582885742,2.0,2.0,2.0,0.3828125,16.0,0.055231458150688154,0.027751976624131203,0.4824516177177429,13569.875,16.0,1.0,217181.0,108559.0,0.4998549596880022,128.0,1.0,1.0,1.0,7.6828553378582,1.2094878813802334e-08,41.33643436431885,31.10107421875,40.55400514602661,1618.0,0.0,78.58005237579346,,,,,,,,,,,,,,,,,
1619,1619.0,8.0,16.0,23.736724138259888,128.0,1.0,224087.0,824489.0,0.7862939834594727,2.0,2.0,2.0,0.3046875,16.0,0.06635561227254248,0.03679995238780975,0.5293338298797607,14002.0,16.0,1.0,224087.0,112016.0,0.4998772798065037,128.0,1.0,1.0,1.0,7.927157551050186,1.1898201661270368e-08,35.872803688049316,31.3759765625,40.935328006744385,1619.0,0.0,64.75560927391052,,,,,,,,,,,,,,,,,
1620,1620.0,8.0,16.0,21.4233660697937,128.0,1.0,182725.0,865851.0,0.825739860534668,2.0,2.0,2.0,0.390625,16.0,0.06253083607653635,0.03437502682209015,0.5268806219100952,11416.25,16.0,1.0,182725.0,91330.0,0.49982213709125733,128.0,1.0,1.0,1.0,6.46396204829216,1.170311749074776e-08,32.3938307762146,29.195556640625,37.043243169784546,1620.0,0.0,58.54353141784668,,,,,,,,,,,,,,,,,
1621,1621.0,8.0,16.0,39.98572087287903,128.0,1.0,248121.0,800455.0,0.7633733749389648,2.0,2.0,2.0,0.5,16.0,0.04931941455888824,0.02962222695350647,0.36399003863334656,15503.375,16.0,1.0,248121.0,124027.0,0.49986498522898104,128.0,1.0,1.0,1.0,8.777368873357773,1.1509626938916272e-08,42.29999351501465,32.651123046875,41.24692916870117,1621.0,0.0,81.30294919013977,,,,,,,,,,,,,,,,,
1622,1622.0,8.0,16.0,24.778730154037476,128.0,1.0,227597.0,820979.0,0.7829465866088867,2.0,2.0,2.0,0.5390625,16.0,0.05819094828834502,0.028645450249314308,0.43324393033981323,14220.75,16.0,1.0,227597.0,113766.0,0.49985720374170134,128.0,1.0,1.0,1.0,8.051325052976608,1.1317730637256939e-08,33.86966896057129,31.673583984375,37.5035285949707,1622.0,0.0,62.3451509475708,,,,,,,,,,,,,,,,,
1623,1623.0,8.0,16.0,23.220237970352173,128.0,1.0,177156.0,871420.0,0.8310508728027344,2.0,2.0,2.0,0.3046875,16.0,0.058584344972376065,0.02828422747552395,0.5438251495361328,11068.375,16.0,1.0,177156.0,88547.0,0.4998250129829077,128.0,1.0,1.0,1.0,6.266956686973572,1.1127429212047512e-08,34.5374698638916,28.91162109375,33.89418172836304,1623.0,0.0,57.17180037498474,,,,,,,,,,,,,,,,,
1624,1624.0,8.0,16.0,34.415260791778564,128.0,1.0,271868.0,776708.0,0.7407264709472656,2.0,2.0,2.0,0.3125,16.0,0.05902424407242274,0.03141097351908684,0.44815903902053833,16987.25,16.0,1.0,271868.0,135898.0,0.49986758279753407,128.0,1.0,1.0,1.0,9.617427468299866,1.0938723284360796e-08,39.73145818710327,34.1083984375,36.99218201637268,1624.0,0.0,71.48389625549316,,,,,,,,,,,,,,,,,
1625,1625.0,8.0,16.0,40.233498334884644,128.0,1.0,304180.0,744396.0,0.7099113464355469,2.0,2.0,2.0,0.2890625,16.0,0.07716529580409688,0.03712276369333267,0.4936785399913788,19007.25,16.0,1.0,304180.0,152058.0,0.49989479913209284,128.0,1.0,1.0,1.0,10.760475993156433,1.0751613470062537e-08,48.641417026519775,35.4560546875,39.13643550872803,1625.0,0.0,79.45410084724426,,,,,,,,,,,,,,,,,
1626,1626.0,8.0,16.0,41.02366638183594,128.0,1.0,218879.0,829697.0,0.7912607192993164,2.0,2.0,2.0,0.5546875,16.0,0.04738722592280017,0.022619202733039856,0.4031285047531128,13676.5,16.0,1.0,218879.0,109412.0,0.4998743598061029,128.0,1.0,1.0,1.0,7.742922693490982,1.0566100379809261e-08,45.520859718322754,31.611328125,36.427664279937744,1626.0,0.0,77.5123302936554,,,,,,,,,,,,,,,,,
1627,1627.0,8.0,16.0,23.48923110961914,128.0,1.0,230342.0,818234.0,0.7803287506103516,2.0,2.0,2.0,0.3515625,16.0,0.06645115589961142,0.03860718011856079,0.46695569157600403,14392.125,16.0,1.0,230342.0,115137.0,0.4998523933976435,128.0,1.0,1.0,1.0,8.148430407047272,1.0382184619046496e-08,38.15853929519653,31.8232421875,35.09044551849365,1627.0,0.0,58.65810441970825,,,,,,,,,,,,,,,,,
1628,1628.0,8.0,16.0,31.277754068374634,128.0,1.0,213797.0,834779.0,0.796107292175293,2.0,2.0,2.0,0.578125,16.0,0.05135587898225016,0.027067922055721283,0.4632996916770935,13358.875,16.0,1.0,213797.0,106871.0,0.49987137331206705,128.0,1.0,1.0,1.0,7.563145130872726,1.0199866788006494e-08,34.413973808288574,31.274169921875,34.6104838848114,1628.0,0.0,65.94572257995605,,,,,,,,,,,,,,,,,
1629,1629.0,8.0,16.0,37.0556001663208,128.0,1.0,194239.0,854337.0,0.8147592544555664,2.0,2.0,2.0,0.78125,16.0,0.06737127235434497,0.036494288593530655,0.6739177107810974,12135.625,16.0,1.0,194239.0,97085.0,0.4998223837643316,128.0,1.0,1.0,1.0,6.871273905038834,1.0019147481706625e-08,32.15473651885986,30.465576171875,33.780608892440796,1629.0,0.0,70.89829635620117,,,,,,,,,,,,,,,,,
1630,1630.0,8.0,16.0,19.13975977897644,128.0,1.0,178505.0,870071.0,0.8297643661499023,2.0,2.0,2.0,0.453125,16.0,0.09798799636597191,0.040878694504499435,0.8470632433891296,11152.125,16.0,1.0,178505.0,89217.0,0.49980112601887905,128.0,1.0,1.0,1.0,6.31467804312706,9.840027289947206e-09,29.118634700775146,29.154052734375,32.57727336883545,1630.0,0.0,51.77282214164734,,,,,,,,,,,,,,,,,
1631,1631.0,8.0,16.0,36.32642102241516,128.0,1.0,228242.0,820334.0,0.7823314666748047,2.0,2.0,2.0,0.5859375,16.0,0.054096821734063466,0.02739323303103447,0.45966923236846924,14261.125,16.0,1.0,228242.0,114089.0,0.49985979793377205,128.0,1.0,1.0,1.0,8.074142158031464,9.662506797309678e-09,43.57451295852661,31.8935546875,36.0661563873291,1631.0,0.0,72.45442581176758,,,,,,,,,,,,,,,,,
1632,1632.0,8.0,16.0,27.13923192024231,128.0,1.0,301913.0,746663.0,0.7120733261108398,2.0,2.0,2.0,0.421875,16.0,0.04381733738998454,0.024008581414818764,0.4243866801261902,18865.0,16.0,1.0,301913.0,150920.0,0.4998791042452627,128.0,1.0,1.0,1.0,10.680280059576035,9.48658658315471e-09,39.35754346847534,34.818603515625,37.320990800857544,1632.0,0.0,64.53825306892395,,,,,,,,,,,,,,,,,
1633,1633.0,8.0,16.0,28.10711908340454,128.0,1.0,222464.0,826112.0,0.787841796875,2.0,2.0,2.0,0.5546875,16.0,0.060169731755343736,0.02832232601940632,0.4507983326911926,13899.625,16.0,1.0,222464.0,111197.0,0.49984267117376296,128.0,1.0,1.0,1.0,7.869743347167969,9.31226722162004e-09,34.87215805053711,32.0458984375,35.44453835487366,1633.0,0.0,63.62442874908447,,,,,,,,,,,,,,,,,
1634,1634.0,8.0,16.0,39.575571060180664,128.0,1.0,373098.0,675478.0,0.6441860198974609,2.0,2.0,2.0,0.296875,16.0,0.04643486882671928,0.0267617329955101,0.33627742528915405,23314.625,16.0,1.0,373098.0,186517.0,0.4999142316495934,128.0,1.0,1.0,1.0,13.198474824428558,9.139549281619085e-09,47.63565111160278,39.1474609375,41.75369739532471,1634.0,0.0,81.42070078849792,,,,,,,,,,,,,,,,,
1635,1635.0,8.0,16.0,28.441544771194458,128.0,1.0,297822.0,750754.0,0.7159748077392578,2.0,2.0,2.0,0.3359375,16.0,0.05758089717237268,0.03164859116077423,0.37013325095176697,18609.625,16.0,1.0,297822.0,148877.0,0.4998858378494537,128.0,1.0,1.0,1.0,10.535559475421906,8.968433326838775e-09,35.945650577545166,35.309814453125,38.73696279525757,1635.0,0.0,67.26336693763733,,,,,,,,,,,,,,,,,
1636,1636.0,8.0,16.0,38.17730093002319,128.0,1.0,297146.0,751430.0,0.7166194915771484,2.0,2.0,2.0,0.3671875,16.0,0.049891232881080425,0.03142884746193886,0.30861544609069824,18567.875,16.0,1.0,297146.0,148543.0,0.4998990395293896,128.0,1.0,1.0,1.0,10.51164573431015,8.7989199157375e-09,49.683849811553955,34.73095703125,40.703330278396606,1636.0,0.0,78.95758032798767,,,,,,,,,,,,,,,,,
1637,1637.0,8.0,16.0,38.94686198234558,128.0,1.0,218087.0,830489.0,0.7920160293579102,2.0,2.0,2.0,0.5703125,16.0,0.06010214128366015,0.029704848304390907,0.5313205718994141,13626.5,16.0,1.0,218087.0,109012.0,0.49985556222975236,128.0,1.0,1.0,1.0,7.71490541100502,8.631009601543838e-09,33.135626792907715,31.6669921875,34.03672432899475,1637.0,0.0,73.05402183532715,,,,,,,,,,,,,,,,,
1638,1638.0,8.0,16.0,33.41081666946411,128.0,1.0,272388.0,776188.0,0.7402305603027344,2.0,2.0,2.0,0.4609375,16.0,0.04325984976308862,0.02611970528960228,0.3062477707862854,17020.25,16.0,1.0,272388.0,136162.0,0.4998825205221963,128.0,1.0,1.0,1.0,9.635822653770447,8.46470293225432e-09,38.98689889907837,33.779052734375,39.01846933364868,1638.0,0.0,72.5191900730133,,,,,,,,,,,,,,,,,
1639,1639.0,8.0,16.0,36.66110444068909,128.0,1.0,279844.0,768732.0,0.7331199645996094,2.0,2.0,2.0,0.34375,16.0,0.0729148694761053,0.038587287068367004,0.4960806965827942,17486.375,16.0,1.0,279844.0,139891.0,0.4998892239962265,128.0,1.0,1.0,1.0,9.89958131313324,8.300000450631894e-09,45.08077144622803,35.146240234375,38.646167516708374,1639.0,0.0,75.38619327545166,,,,,,,,,,,,,,,,,
1640,1640.0,8.0,16.0,39.959667444229126,128.0,1.0,274895.0,773681.0,0.7378396987915039,2.0,2.0,2.0,0.578125,16.0,0.05398147231136146,0.02982628531754017,0.3846346139907837,17177.25,16.0,1.0,274895.0,137418.0,0.49989268629840483,128.0,1.0,1.0,1.0,9.724508672952652,8.136902694203918e-09,50.524226665496826,34.016357421875,40.15272331237793,1640.0,0.0,80.18734812736511,,,,,,,,,,,,,,,,,
1641,1641.0,8.0,16.0,27.947561502456665,128.0,1.0,313241.0,735335.0,0.7012701034545898,2.0,2.0,2.0,0.2578125,16.0,0.05153457410586697,0.03200437128543854,0.3631021976470947,19573.5,16.0,1.0,313241.0,156588.0,0.49989624602143395,128.0,1.0,1.0,1.0,11.081012099981308,7.97541019526049e-09,39.89770555496216,35.944580078125,36.80697011947632,1641.0,0.0,64.85290765762329,,,,,,,,,,,,,,,,,
1642,1642.0,8.0,16.0,25.06808853149414,128.0,1.0,245202.0,803374.0,0.7661571502685547,2.0,2.0,2.0,0.421875,16.0,0.05702126459770365,0.03390219807624817,0.4059515595436096,15321.875,16.0,1.0,245202.0,122575.0,0.49989396497581584,128.0,1.0,1.0,1.0,8.6741082072258,7.81552348085296e-09,39.82356643676758,31.96923828125,35.32158184051514,1642.0,0.0,60.45622515678406,,,,,,,,,,,,,,,,,
1643,1643.0,8.0,16.0,17.278589725494385,128.0,1.0,201165.0,847411.0,0.8081541061401367,2.0,2.0,2.0,0.6953125,16.0,0.04401915344244313,0.024046722799539566,0.44362375140190125,12568.75,16.0,1.0,201165.0,100550.0,0.4998384410807049,128.0,1.0,1.0,1.0,7.116283625364304,7.657243072791697e-09,30.780681133270264,29.94140625,33.3861403465271,1643.0,0.0,50.729445934295654,,,,,,,,,,,,,,,,,
1644,1644.0,8.0,16.0,24.379345178604126,128.0,1.0,206848.0,841728.0,0.802734375,2.0,2.0,2.0,0.3984375,16.0,0.06901845260647861,0.03543933108448982,0.5046320557594299,12924.125,16.0,1.0,206848.0,103393.0,0.4998501314975248,128.0,1.0,1.0,1.0,7.31732177734375,7.500569487645047e-09,33.38425064086914,30.643798828125,34.166364669799805,1644.0,0.0,58.60365319252014,,,,,,,,,,,,,,,,,
1645,1645.0,8.0,16.0,19.956456422805786,128.0,1.0,212579.0,835997.0,0.7972688674926758,2.0,2.0,2.0,0.421875,16.0,0.061396363210440896,0.03156533092260361,0.4645659029483795,13281.625,16.0,1.0,212579.0,106253.0,0.4998282991264424,128.0,1.0,1.0,1.0,7.520057946443558,7.345503236736939e-09,32.92809009552002,30.22900390625,33.77624559402466,1645.0,0.0,53.790472745895386,,,,,,,,,,,,,,,,,
1646,1646.0,8.0,16.0,27.831618309020996,128.0,1.0,291085.0,757491.0,0.7223997116088867,2.0,2.0,2.0,0.453125,16.0,0.05892655194899139,0.03143920376896858,0.3586045205593109,18188.75,16.0,1.0,291085.0,145510.0,0.4998883487641067,128.0,1.0,1.0,1.0,10.297235697507858,7.1920448261457715e-09,36.84308195114136,35.43359375,37.144410848617554,1646.0,0.0,65.05465197563171,,,,,,,,,,,,,,,,,
1647,1647.0,8.0,16.0,30.805604219436646,128.0,1.0,223070.0,825506.0,0.7872638702392578,2.0,2.0,2.0,0.59375,16.0,0.0493116453035243,0.029284605756402016,0.39418932795524597,13938.25,16.0,1.0,223070.0,111506.0,0.49986999596539206,128.0,1.0,1.0,1.0,7.8911808133125305,7.040194756702478e-09,40.93724584579468,31.431396484375,39.864036083221436,1647.0,0.0,70.72975611686707,,,,,,,,,,,,,,,,,
1648,1648.0,8.0,16.0,37.005385637283325,128.0,1.0,224994.0,823582.0,0.7854290008544922,2.0,2.0,2.0,0.484375,16.0,0.05350998534511416,0.03223951533436775,0.3996969163417816,14058.25,16.0,1.0,224994.0,112466.0,0.4998622185480502,128.0,1.0,1.0,1.0,7.95924299955368,6.889953523988967e-09,43.86665964126587,31.63037109375,35.76121425628662,1648.0,0.0,72.83939814567566,,,,,,,,,,,,,,,,,
1649,1649.0,8.0,16.0,39.168800354003906,128.0,1.0,382278.0,666298.0,0.6354312896728516,2.0,2.0,2.0,0.1953125,16.0,0.050951526230525096,0.03220129758119583,0.3121623694896698,23889.0,16.0,1.0,382278.0,191112.0,0.49992937077205596,128.0,1.0,1.0,1.0,13.523220598697662,6.741321618336626e-09,50.12506628036499,39.123291015625,42.90438175201416,1649.0,0.0,82.18358945846558,,,,,,,,,,,,,,,,,
1650,1650.0,8.0,16.0,40.60801935195923,128.0,1.0,288197.0,760379.0,0.725153923034668,2.0,2.0,2.0,0.5078125,16.0,0.04784445954791512,0.024119626730680466,0.47709915041923523,18009.375,16.0,1.0,288197.0,144075.0,0.4999184585543916,128.0,1.0,1.0,1.0,10.195071667432785,6.594299524824376e-09,52.27383279800415,34.410888671875,41.4522020816803,1650.0,0.0,304.38698172569275,,,,,,,,,,,,,,,,,
1651,1651.0,8.0,16.0,40.3592369556427,128.0,1.0,279119.0,769457.0,0.7338113784790039,2.0,2.0,2.0,0.40625,16.0,0.04352210835522455,0.025032369419932365,0.3411674201488495,17441.5,16.0,1.0,279119.0,139532.0,0.4999014757146593,128.0,1.0,1.0,1.0,9.873934179544449,6.4488877232774515e-09,42.89251184463501,34.421142578125,46.54938840866089,1651.0,0.0,87.00465846061707,,,,,,,,,,,,,,,,,
1652,1652.0,8.0,16.0,38.92400145530701,128.0,1.0,306150.0,742426.0,0.7080326080322266,2.0,2.0,2.0,0.421875,16.0,0.041001030412669316,0.024301661178469658,0.29020342230796814,19130.25,16.0,1.0,306150.0,153042.0,0.4998922097011269,128.0,1.0,1.0,1.0,10.830165445804596,6.3050866882656816e-09,43.647690296173096,36.176025390625,53.17695879936218,1652.0,0.0,92.19101476669312,,,,,,,,,,,,,,,,,
1653,1653.0,8.0,16.0,32.027177810668945,128.0,1.0,252294.0,796282.0,0.7593936920166016,2.0,2.0,2.0,0.3984375,16.0,0.05469014169551921,0.026326706632971764,0.4444136917591095,15764.625,16.0,1.0,252294.0,126117.0,0.49988109110799306,128.0,1.0,1.0,1.0,8.924990236759186,6.1628968891019315e-09,38.68186902999878,32.8095703125,40.70859169960022,1653.0,0.0,72.81921792030334,,,,,,,,,,,,,,,,,
1654,1654.0,8.0,16.0,34.31935715675354,128.0,1.0,248108.0,800468.0,0.7633857727050781,2.0,2.0,2.0,0.4609375,16.0,0.06776791029254801,0.03616677224636078,0.4480660855770111,15503.625,16.0,1.0,248108.0,124029.0,0.4998992374288616,128.0,1.0,1.0,1.0,8.776908993721008,6.022318789840664e-09,37.9862117767334,33.173583984375,42.104214906692505,1654.0,0.0,76.50744915008545,,,,,,,,,,,,,,,,,
1655,1655.0,8.0,16.0,27.711801767349243,128.0,1.0,190528.0,858048.0,0.81829833984375,2.0,2.0,2.0,0.53125,16.0,0.058546282411972704,0.03043539449572563,0.4744413197040558,11904.0,16.0,1.0,190528.0,95232.0,0.4998320456835741,128.0,1.0,1.0,1.0,6.739995956420898,5.883352849276269e-09,32.02132558822632,29.784423828125,37.46633505821228,1655.0,0.0,65.23178672790527,,,,,,,,,,,,,,,,,
1656,1656.0,8.0,16.0,22.352606773376465,128.0,1.0,155546.0,893030.0,0.8516597747802734,2.0,2.0,2.0,0.71875,16.0,0.05847915712124314,0.026780549436807632,0.5717450380325317,9717.75,16.0,1.0,155546.0,77742.0,0.4998007020431255,128.0,1.0,1.0,1.0,5.502495229244232,5.745999520941735e-09,32.70176696777344,27.527587890625,37.26610231399536,1656.0,0.0,59.67272710800171,,,,,,,,,,,,,,,,,
1657,1657.0,8.0,16.0,40.61196851730347,128.0,1.0,344326.0,704250.0,0.6716251373291016,2.0,2.0,2.0,0.40625,16.0,0.041052756807979485,0.02914745733141899,0.3027860224246979,21516.5,16.0,1.0,344326.0,172132.0,0.499909969040967,128.0,1.0,1.0,1.0,12.180655062198639,5.61025925310693e-09,46.490631103515625,37.995849609375,49.913835763931274,1657.0,0.0,90.61622095108032,,,,,,,,,,,,,,,,,
1658,1658.0,8.0,16.0,19.37371587753296,128.0,1.0,195965.0,852611.0,0.8131132125854492,2.0,2.0,2.0,0.671875,16.0,0.050728717122158914,0.029634203761816025,0.3793604373931885,12244.125,16.0,1.0,195965.0,97953.0,0.49984946291429594,128.0,1.0,1.0,1.0,6.932331770658493,5.47613248877754e-09,32.640990257263184,29.498046875,39.385650873184204,1658.0,0.0,58.820748805999756,,,,,,,,,,,,,,,,,
1659,1659.0,8.0,16.0,25.799142599105835,128.0,1.0,242639.0,805937.0,0.7686014175415039,2.0,2.0,2.0,0.3359375,16.0,0.07459585712288974,0.039327360689640045,0.45892202854156494,15160.875,16.0,1.0,242639.0,121287.0,0.49986605615750146,128.0,1.0,1.0,1.0,8.58344116806984,5.343619665693133e-09,35.32243013381958,32.362548828125,40.751097679138184,1659.0,0.0,66.62916350364685,,,,,,,,,,,,,,,,,
1660,1660.0,8.0,16.0,40.09062385559082,128.0,1.0,255611.0,792965.0,0.756230354309082,2.0,2.0,2.0,0.703125,16.0,0.04654598449576428,0.025325680151581764,0.37783581018447876,15971.875,16.0,1.0,255611.0,127775.0,0.49988067806158576,128.0,1.0,1.0,1.0,9.042330294847488,5.212721216326099e-09,45.3687629699707,34.313720703125,43.62339425086975,1660.0,0.0,83.7863256931305,,,,,,,,,,,,,,,,,
1661,1661.0,8.0,16.0,39.39095616340637,128.0,1.0,318387.0,730189.0,0.6963624954223633,2.0,2.0,2.0,0.125,16.0,0.07035000430229194,0.03884574770927429,0.3386838138103485,19895.5,16.0,1.0,318387.0,159164.0,0.49990734546322557,128.0,1.0,1.0,1.0,11.263053685426712,5.0834375678801e-09,46.331491470336914,36.2861328125,39.90927815437317,1661.0,0.0,79.38727593421936,,,,,,,,,,,,,,,,,
1662,1662.0,8.0,16.0,29.36994218826294,128.0,1.0,246699.0,801877.0,0.7647294998168945,2.0,2.0,2.0,0.4375,16.0,0.047699875674587854,0.0253165140748024,0.4391629695892334,15415.125,16.0,1.0,246699.0,123321.0,0.49988447460265345,128.0,1.0,1.0,1.0,8.727065116167068,4.955769142288791e-09,38.82167863845825,32.6943359375,37.16698932647705,1662.0,0.0,66.60299706459045,,,,,,,,,,,,,,,,,
1663,1663.0,8.0,16.0,25.023961782455444,128.0,1.0,226278.0,822298.0,0.7842044830322266,2.0,2.0,2.0,0.5859375,16.0,0.053469148163331114,0.026405472308397293,0.4641822278499603,14139.0,16.0,1.0,226278.0,113112.0,0.49988067775037787,128.0,1.0,1.0,1.0,8.004664957523346,4.829716356214042e-09,38.79487991333008,30.984130859375,34.91350507736206,1663.0,0.0,60.00605750083923,,,,,,,,,,,,,,,,,
1664,1664.0,8.0,16.0,40.40582895278931,128.0,1.0,361676.0,686900.0,0.6550788879394531,2.0,2.0,2.0,0.296875,16.0,0.049222199455770665,0.029718315228819847,0.2982189953327179,22601.375,16.0,1.0,361676.0,180811.0,0.4999253475486347,128.0,1.0,1.0,1.0,12.79441750049591,4.705279621045221e-09,49.04082918167114,38.74462890625,41.56683945655823,1664.0,0.0,82.0708658695221,,,,,,,,,,,,,,,,,
1665,1665.0,8.0,16.0,39.901259899139404,128.0,1.0,282927.0,765649.0,0.7301797866821289,2.0,2.0,2.0,0.4375,16.0,0.04950821002452167,0.02976636029779911,0.3424816429615021,17679.375,16.0,1.0,282927.0,141435.0,0.4998992673021663,128.0,1.0,1.0,1.0,10.00864353775978,4.58245934289736e-09,46.964205741882324,34.40380859375,39.28191781044006,1665.0,0.0,79.26797771453857,,,,,,,,,,,,,,,,,
1666,1666.0,8.0,16.0,35.1059775352478,128.0,1.0,247348.0,801228.0,0.7641105651855469,2.0,2.0,2.0,0.5390625,16.0,0.053861002438583855,0.02963349223136902,0.38731154799461365,15455.5,16.0,1.0,247348.0,123644.0,0.49987871339165874,128.0,1.0,1.0,1.0,8.75002372264862,4.461255922609985e-09,46.21726083755493,32.343017578125,36.56049466133118,1666.0,0.0,71.74632477760315,,,,,,,,,,,,,,,,,
1667,1667.0,8.0,16.0,39.270543336868286,128.0,1.0,277238.0,771338.0,0.7356052398681641,2.0,2.0,2.0,0.4921875,16.0,0.047039560417071094,0.026797374710440636,0.37267932295799255,17323.0,16.0,1.0,277238.0,138584.0,0.4998737546800944,128.0,1.0,1.0,1.0,9.80739313364029,4.341669755745736e-09,50.00846576690674,33.597900390625,38.077770709991455,1667.0,0.0,77.4373824596405,,,,,,,,,,,,,,,,,
1668,1668.0,8.0,16.0,20.41895365715027,128.0,1.0,177897.0,870679.0,0.8303442001342773,2.0,2.0,2.0,0.59375,16.0,0.05224532978151273,0.024427764117717743,0.5623958706855774,11114.5,16.0,1.0,177897.0,88916.0,0.49981731001647023,128.0,1.0,1.0,1.0,6.29316982626915,4.2237012325892495e-09,29.524075508117676,29.10400390625,33.351473808288574,1668.0,0.0,53.833274364471436,,,,,,,,,,,,,,,,,
1669,1669.0,8.0,16.0,40.569952964782715,128.0,1.0,289430.0,759146.0,0.7239780426025391,2.0,2.0,2.0,0.5703125,16.0,0.04433234433042381,0.028102083131670952,0.326600581407547,18085.125,16.0,1.0,289430.0,144681.0,0.4998825277269115,128.0,1.0,1.0,1.0,10.238689482212067,4.10735073814572e-09,40.82177209854126,35.6728515625,38.12365007400513,1669.0,0.0,78.77189588546753,,,,,,,,,,,,,,,,,
1670,1670.0,8.0,16.0,23.635284423828125,128.0,1.0,218578.0,829998.0,0.7915477752685547,2.0,2.0,2.0,0.4140625,16.0,0.06194486514944418,0.03129730373620987,0.4749434292316437,13657.25,16.0,1.0,218578.0,109258.0,0.4998581741986842,128.0,1.0,1.0,1.0,7.73227471113205,3.992618652139734e-09,38.36458206176758,30.666015625,35.10204577445984,1670.0,0.0,58.80033254623413,,,,,,,,,,,,,,,,,
1671,1671.0,8.0,16.0,32.56088900566101,128.0,1.0,201015.0,847561.0,0.8082971572875977,2.0,2.0,2.0,0.71875,16.0,0.058598006423905745,0.025962982326745987,0.7289050221443176,12558.75,16.0,1.0,201015.0,100470.0,0.49981344675770467,128.0,1.0,1.0,1.0,7.110977321863174,3.879505349013989e-09,37.51337385177612,30.23583984375,33.48542881011963,1671.0,0.0,66.11061763763428,,,,,,,,,,,,,,,,,
1672,1672.0,8.0,16.0,36.15005922317505,128.0,1.0,282652.0,765924.0,0.7304420471191406,2.0,2.0,2.0,0.4765625,16.0,0.054662718098762345,0.03324470296502113,0.3438739478588104,17661.75,16.0,1.0,282652.0,141294.0,0.4998867865785489,128.0,1.0,1.0,1.0,9.998915314674377,3.7680111979280785e-09,45.79675817489624,34.787109375,38.65058469772339,1672.0,0.0,74.872567653656,,,,,,,,,,,,,,,,,
1673,1673.0,8.0,16.0,22.383513689041138,128.0,1.0,225090.0,823486.0,0.7853374481201172,2.0,2.0,2.0,0.3671875,16.0,0.05687577863674675,0.025737065821886063,0.45486411452293396,14064.375,16.0,1.0,225090.0,112515.0,0.4998667199786752,128.0,1.0,1.0,1.0,7.962639033794403,3.658136562757208e-09,37.854161739349365,31.279541015625,34.32209277153015,1673.0,0.0,56.77121710777283,,,,,,,,,,,,,,,,,
1674,1674.0,8.0,16.0,31.49530029296875,128.0,1.0,256671.0,791905.0,0.7552194595336914,2.0,2.0,2.0,0.4140625,16.0,0.05464521773846369,0.032488610595464706,0.44175630807876587,16037.625,16.0,1.0,256671.0,128301.0,0.4998655866849001,128.0,1.0,1.0,1.0,9.079828172922134,3.5498818020912035e-09,37.26819086074829,33.4853515625,36.35142517089844,1674.0,0.0,67.92707848548889,,,,,,,,,,,,,,,,,
1675,1675.0,8.0,16.0,24.25575280189514,128.0,1.0,257849.0,790727.0,0.7540960311889648,2.0,2.0,2.0,0.453125,16.0,0.05253270605201033,0.027405740693211555,0.3771570026874542,16112.125,16.0,1.0,257849.0,128897.0,0.4998933484326098,128.0,1.0,1.0,1.0,9.121500343084335,3.443247269233174e-09,37.46272277832031,32.7021484375,34.63447451591492,1675.0,0.0,58.971967935562134,,,,,,,,,,,,,,,,,
1676,1676.0,8.0,16.0,24.33035922050476,128.0,1.0,224417.0,824159.0,0.7859792709350586,2.0,2.0,2.0,0.515625,16.0,0.0574753826068842,0.03150961548089981,0.4678237736225128,14022.25,16.0,1.0,224417.0,112178.0,0.49986409229247336,128.0,1.0,1.0,1.0,7.93883141875267,3.3382333121984575e-09,37.65759992599487,31.088623046875,35.30403113365173,1676.0,0.0,59.69368290901184,,,,,,,,,,,,,,,,,
1677,1677.0,8.0,16.0,30.301512002944946,128.0,1.0,245037.0,803539.0,0.7663145065307617,2.0,2.0,2.0,0.375,16.0,0.063113769370819,0.033947862684726715,0.4879276156425476,15310.875,16.0,1.0,245037.0,122487.0,0.4998714479854063,128.0,1.0,1.0,1.0,8.668271273374557,3.2348402737133463e-09,41.332823276519775,32.460205078125,36.91813659667969,1677.0,0.0,67.29437184333801,,,,,,,,,,,,,,,,,
1678,1678.0,8.0,16.0,33.27551031112671,128.0,1.0,287620.0,760956.0,0.7257041931152344,2.0,2.0,2.0,0.25,16.0,0.051475637505689856,0.02683858759701252,0.3401739001274109,17972.875,16.0,1.0,287620.0,143783.0,0.49990612613865515,128.0,1.0,1.0,1.0,10.174660086631775,3.1330684912141414e-09,42.175220012664795,34.7060546875,39.17828011512756,1678.0,0.0,72.55937170982361,,,,,,,,,,,,,,,,,
1679,1679.0,8.0,16.0,41.39140343666077,128.0,1.0,324456.0,724120.0,0.6905746459960938,2.0,2.0,2.0,0.34375,16.0,0.056483540227590875,0.02850423753261566,0.3798843324184418,20274.75,16.0,1.0,324456.0,162198.0,0.49990753753975886,128.0,1.0,1.0,1.0,11.477746725082397,3.032918296845932e-09,43.709654808044434,36.801513671875,46.217153787612915,1679.0,0.0,87.70732736587524,,,,,,,,,,,,,,,,,
1680,1680.0,8.0,16.0,40.016098499298096,128.0,1.0,203050.0,845526.0,0.8063564300537109,2.0,2.0,2.0,0.578125,16.0,0.05297650036086186,0.02631678245961666,0.4908287227153778,12686.75,16.0,1.0,203050.0,101494.0,0.4998473282442748,128.0,1.0,1.0,1.0,7.18296617269516,2.934390017461541e-09,41.7448034286499,30.726318359375,41.732028007507324,1680.0,0.0,81.80914402008057,,,,,,,,,,,,,,,,,
1681,1681.0,8.0,16.0,28.95442795753479,128.0,1.0,254260.0,794316.0,0.7575187683105469,2.0,2.0,2.0,0.5390625,16.0,0.0618663094829353,0.03129452466964722,0.6167594790458679,15887.25,16.0,1.0,254260.0,127098.0,0.4998741445764178,128.0,1.0,1.0,1.0,8.994538187980652,2.8374839746204693e-09,42.100098609924316,32.92431640625,43.44071888923645,1681.0,0.0,72.47015976905823,,,,,,,,,,,,,,,,,
1682,1682.0,8.0,16.0,36.5784330368042,128.0,1.0,248654.0,799922.0,0.7628650665283203,2.0,2.0,2.0,0.4765625,16.0,0.051662710917223874,0.029151592403650284,0.3700397312641144,15537.375,16.0,1.0,248654.0,124299.0,0.49988739372783064,128.0,1.0,1.0,1.0,8.796223938465118,2.7422004845878977e-09,41.2958345413208,32.816650390625,43.33130621910095,1682.0,0.0,79.98229646682739,,,,,,,,,,,,,,,,,
1683,1683.0,8.0,16.0,28.869669198989868,128.0,1.0,305583.0,742993.0,0.7085733413696289,2.0,2.0,2.0,0.40625,16.0,0.050495027813014993,0.032020337879657745,0.415025532245636,19095.375,16.0,1.0,305583.0,152763.0,0.4999067356495617,128.0,1.0,1.0,1.0,10.810107618570328,2.6485398583335204e-09,41.94779586791992,36.051513671875,46.5217125415802,1683.0,0.0,75.49172592163086,,,,,,,,,,,,,,,,,
1684,1684.0,8.0,16.0,35.87443137168884,128.0,1.0,261383.0,787193.0,0.7507257461547852,2.0,2.0,2.0,0.5078125,16.0,0.050349215504535964,0.0312705934047699,0.35292232036590576,16332.375,16.0,1.0,261383.0,130659.0,0.49987566138578254,128.0,1.0,1.0,1.0,9.246516853570938,2.556502401530658e-09,42.61061429977417,33.59375,44.39384698867798,1684.0,0.0,80.3600697517395,,,,,,,,,,,,,,,,,
1685,1685.0,8.0,16.0,41.57270789146423,128.0,1.0,324037.0,724539.0,0.690974235534668,2.0,2.0,2.0,0.15625,16.0,0.05699947632874422,0.03324902802705765,0.330989807844162,20248.375,16.0,1.0,324037.0,161987.0,0.49990278887904777,128.0,1.0,1.0,1.0,11.46292445063591,2.4660884145552008e-09,47.148157596588135,36.838134765625,50.817744970321655,1685.0,0.0,92.48105049133301,,,,,,,,,,,,,,,,,
1686,1686.0,8.0,16.0,39.85262680053711,128.0,1.0,306210.0,742366.0,0.7079753875732422,2.0,2.0,2.0,0.34375,16.0,0.03996454089210719,0.02422533743083477,0.29354187846183777,19134.5,16.0,1.0,306210.0,153076.0,0.4999052937526534,128.0,1.0,1.0,1.0,10.832287967205048,2.377298192484667e-09,43.95561647415161,35.5751953125,45.75061798095703,1686.0,0.0,85.69896364212036,,,,,,,,,,,,,,,,,
1687,1687.0,8.0,16.0,36.312788248062134,128.0,1.0,234387.0,814189.0,0.7764711380004883,2.0,2.0,2.0,0.6015625,16.0,0.06292500286761037,0.03633219003677368,0.5218350291252136,14645.125,16.0,1.0,234387.0,117161.0,0.4998613404327032,128.0,1.0,1.0,1.0,8.291523724794388,2.2901320250971466e-09,44.26680040359497,32.05517578125,42.453781843185425,1687.0,0.0,78.84462523460388,,,,,,,,,,,,,,,,,
1688,1688.0,8.0,16.0,37.96299719810486,128.0,1.0,275415.0,773161.0,0.7373437881469727,2.0,2.0,2.0,0.1953125,16.0,0.06680249769533339,0.0413435623049736,0.4221266210079193,17209.25,16.0,1.0,275415.0,137674.0,0.4998783653758873,128.0,1.0,1.0,1.0,9.742903858423233,2.204590196870526e-09,42.030911445617676,34.093994140625,42.65488123893738,1688.0,0.0,80.69110918045044,,,,,,,,,,,,,,,,,
1689,1689.0,8.0,16.0,21.032155513763428,128.0,1.0,171782.0,876794.0,0.8361759185791016,2.0,2.0,2.0,0.5390625,16.0,0.07642478683701788,0.0349588543176651,0.6610931754112244,10732.5,16.0,1.0,171782.0,85860.0,0.49981953871767704,128.0,1.0,1.0,1.0,6.076849520206451,2.12067298698132e-09,30.577117919921875,28.76416015625,38.4551842212677,1689.0,0.0,59.539385080337524,,,,,,,,,,,,,,,,,
1690,1690.0,8.0,16.0,19.447906017303467,128.0,1.0,222126.0,826450.0,0.7881641387939453,2.0,2.0,2.0,0.5859375,16.0,0.05914731148763247,0.03259972855448723,0.4139242172241211,13878.75,16.0,1.0,222126.0,111030.0,0.4998514356716458,128.0,1.0,1.0,1.0,7.857786476612091,2.038380669303952e-09,31.231494426727295,30.837158203125,40.067718267440796,1690.0,0.0,59.5771210193634,,,,,,,,,,,,,,,,,
1691,1691.0,8.0,16.0,40.36661648750305,128.0,1.0,207119.0,841457.0,0.8024759292602539,2.0,2.0,2.0,0.53125,16.0,0.04603813015808486,0.02235504798591137,0.5457195043563843,12941.125,16.0,1.0,207119.0,103529.0,0.49985274166059124,128.0,1.0,1.0,1.0,7.326908499002457,1.95771351240992e-09,43.02956819534302,30.4775390625,41.6813018321991,1691.0,0.0,82.10452127456665,,,,,,,,,,,,,,,,,
1692,1692.0,8.0,16.0,28.24289560317993,128.0,1.0,272988.0,775588.0,0.7396583557128906,2.0,2.0,2.0,0.3203125,16.0,0.07023748967766781,0.04115936905145645,0.3874727785587311,17057.875,16.0,1.0,272988.0,136463.0,0.49988644189488185,128.0,1.0,1.0,1.0,9.657047867774963,1.878671779566576e-09,35.38521432876587,34.1279296875,42.50852036476135,1692.0,0.0,70.850510597229,,,,,,,,,,,,,,,,,
1693,1693.0,8.0,16.0,33.49312734603882,128.0,1.0,285006.0,763570.0,0.7281970977783203,2.0,2.0,2.0,0.421875,16.0,0.04634806655576504,0.026042301207780838,0.37451013922691345,17809.0,16.0,1.0,285006.0,142472.0,0.4998912303600626,128.0,1.0,1.0,1.0,10.082188904285431,1.8012557287367391e-09,39.21120357513428,34.723388671875,45.34114193916321,1693.0,0.0,78.90614199638367,,,,,,,,,,,,,,,,,
1694,1694.0,8.0,16.0,24.292664051055908,128.0,1.0,259194.0,789382.0,0.7528133392333984,2.0,2.0,2.0,0.171875,16.0,0.07596008261695963,0.04302581027150154,0.41879406571388245,16195.625,16.0,1.0,259194.0,129565.0,0.49987654035201434,128.0,1.0,1.0,1.0,9.169080197811127,1.7254656125774703e-09,38.97132873535156,32.7197265625,42.53923058509827,1694.0,0.0,66.90610933303833,,,,,,,,,,,,,,,,,
1695,1695.0,8.0,16.0,32.799320459365845,128.0,1.0,220954.0,827622.0,0.7892818450927734,2.0,2.0,2.0,0.3671875,16.0,0.05520496014737355,0.030263422057032585,0.4551049768924713,13805.25,16.0,1.0,220954.0,110442.0,0.49984159598830524,128.0,1.0,1.0,1.0,7.816326558589935,1.6513016784392985e-09,38.353821754455566,31.1708984375,44.35233020782471,1695.0,0.0,77.21391010284424,,,,,,,,,,,,,,,,,
1696,1696.0,8.0,16.0,27.116077423095703,128.0,1.0,260081.0,788495.0,0.7519674301147461,2.0,2.0,2.0,0.3671875,16.0,0.05714958330126098,0.03128272294998169,0.36220523715019226,16251.125,16.0,1.0,260081.0,130009.0,0.4998788838861739,128.0,1.0,1.0,1.0,9.200458139181137,1.5787641683657204e-09,33.57491111755371,33.9111328125,41.52752757072449,1696.0,0.0,68.71449279785156,,,,,,,,,,,,,,,,,
1697,1697.0,8.0,16.0,31.4164981842041,128.0,1.0,235317.0,813259.0,0.7755842208862305,2.0,2.0,2.0,0.484375,16.0,0.05236750641431932,0.03208495303988457,0.3904481530189514,14703.125,16.0,1.0,235317.0,117625.0,0.49985763884462237,128.0,1.0,1.0,1.0,8.324422806501389,1.5078533190920895e-09,43.711181640625,31.818603515625,42.02641272544861,1697.0,0.0,73.51162528991699,,,,,,,,,,,,,,,,,
1698,1698.0,8.0,16.0,26.055315732955933,128.0,1.0,273141.0,775435.0,0.7395124435424805,2.0,2.0,2.0,0.484375,16.0,0.05773253085614705,0.03434401750564575,0.48299190402030945,17067.125,16.0,1.0,273141.0,136537.0,0.4998773527225865,128.0,1.0,1.0,1.0,9.662460297346115,1.438569362044839e-09,39.170103549957275,33.81982421875,43.416478872299194,1698.0,0.0,69.54523158073425,,,,,,,,,,,,,,,,,
1699,1699.0,8.0,16.0,31.765782117843628,128.0,1.0,243161.0,805415.0,0.7681035995483398,2.0,2.0,2.0,0.3515625,16.0,0.07661693418022746,0.0388454794883728,0.5245493650436401,15192.875,16.0,1.0,243161.0,121543.0,0.4998457811902402,128.0,1.0,1.0,1.0,8.601907104253769,1.370912523341039e-09,37.174296855926514,32.491943359375,42.56942629814148,1699.0,0.0,74.40946388244629,,,,,,,,,,,,,,,,,
1700,1700.0,8.0,16.0,33.24303722381592,128.0,1.0,208588.0,839988.0,0.8010749816894531,2.0,2.0,2.0,0.453125,16.0,0.07146941772627176,0.03624802082777023,0.4935849905014038,13032.25,16.0,1.0,208588.0,104258.0,0.4998274109728268,128.0,1.0,1.0,1.0,7.378874897956848,1.3048830237872842e-09,32.250656604766846,31.010009765625,40.063958406448364,1700.0,0.0,303.649765253067,,,,,,,,,,,,,,,,,
1701,1701.0,8.0,16.0,40.10214281082153,128.0,1.0,320889.0,727687.0,0.6939764022827148,2.0,2.0,2.0,0.46875,16.0,0.05282674491716905,0.029553916305303574,0.41593584418296814,20051.875,16.0,1.0,320889.0,160415.0,0.49990806789886844,128.0,1.0,1.0,1.0,11.351562827825546,1.2404810788792518e-09,51.82822847366333,35.72705078125,46.665271520614624,1701.0,0.0,86.85852265357971,,,,,,,,,,,,,,,,,
1702,1702.0,8.0,16.0,25.674856662750244,128.0,1.0,279357.0,769219.0,0.7335844039916992,2.0,2.0,2.0,0.390625,16.0,0.04381743215460688,0.02244793064892292,0.39328092336654663,17455.75,16.0,1.0,279357.0,139646.0,0.4998836614081623,128.0,1.0,1.0,1.0,9.882353514432907,1.1777068988007566e-09,39.68542766571045,33.749267578125,39.820343255996704,1702.0,0.0,65.58962440490723,,,,,,,,,,,,,,,,,
1703,1703.0,8.0,16.0,26.26375937461853,128.0,1.0,221738.0,826838.0,0.7885341644287109,2.0,2.0,2.0,0.546875,16.0,0.0509313036620957,0.027064405381679535,0.4135742485523224,13855.0,16.0,1.0,221738.0,110840.0,0.4998692150195275,128.0,1.0,1.0,1.0,7.844060838222504,1.116560688423418e-09,38.56352424621582,31.1494140625,35.73936367034912,1703.0,0.0,62.07148790359497,,,,,,,,,,,,,,,,,
1704,1704.0,8.0,16.0,35.8911509513855,128.0,1.0,262801.0,785775.0,0.7493734359741211,2.0,2.0,2.0,0.3828125,16.0,0.048895225192628775,0.027296898886561394,0.34144672751426697,16420.75,16.0,1.0,262801.0,131366.0,0.49986872196072313,128.0,1.0,1.0,1.0,9.296679109334946,1.0570426473055505e-09,37.32268285751343,34.26513671875,38.03602361679077,1704.0,0.0,74.0101466178894,,,,,,,,,,,,,,,,,
1705,1705.0,8.0,16.0,20.013927936553955,128.0,1.0,221620.0,826956.0,0.7886466979980469,2.0,2.0,2.0,0.375,16.0,0.0729778381898198,0.03859790414571762,0.5446451902389526,13847.0,16.0,1.0,221620.0,110776.0,0.49984658424329936,128.0,1.0,1.0,1.0,7.839886546134949,9.991529696917745e-10,34.46373653411865,30.96875,37.43267607688904,1705.0,0.0,57.52693152427673,,,,,,,,,,,,,,,,,
1706,1706.0,8.0,16.0,41.815308570861816,128.0,1.0,278369.0,770207.0,0.7345266342163086,2.0,2.0,2.0,0.375,16.0,0.055558259338865976,0.03186321258544922,0.37138107419013977,17394.375,16.0,1.0,278369.0,139155.0,0.4998940255560066,128.0,1.0,1.0,1.0,9.847402662038803,9.42891844512461e-10,55.915931701660156,33.2529296875,49.0138885974884,1706.0,0.0,90.91320753097534,,,,,,,,,,,,,,,,,
1707,1707.0,8.0,16.0,29.80580234527588,128.0,1.0,282835.0,765741.0,0.7302675247192383,2.0,2.0,2.0,0.453125,16.0,0.0662171012434192,0.03694065660238266,4.517663478851318,17673.25,16.0,1.0,282835.0,141386.0,0.49988862764509345,128.0,1.0,1.0,1.0,10.005389004945755,8.882594553829004e-10,39.926504135131836,34.22900390625,44.86901044845581,1707.0,0.0,74.76670145988464,,,,,,,,,,,,,,,,,
1708,1708.0,8.0,16.0,39.841811418533325,128.0,1.0,237069.0,811507.0,0.7739133834838867,2.0,2.0,2.0,0.46875,16.0,0.051809403461938616,0.026598066091537476,0.3889881670475006,14813.0,16.0,1.0,237069.0,118504.0,0.49987134547325884,128.0,1.0,1.0,1.0,8.386400431394577,8.352559806027448e-10,35.23732948303223,32.787841796875,40.90789842605591,1708.0,0.0,80.8266270160675,,,,,,,,,,,,,,,,,
1709,1709.0,8.0,16.0,29.2562358379364,128.0,1.0,251672.0,796904.0,0.7599868774414062,2.0,2.0,2.0,0.453125,16.0,0.05337351440484419,0.028750935569405556,0.4315219521522522,15725.75,16.0,1.0,251672.0,125806.0,0.4998807972281382,128.0,1.0,1.0,1.0,8.902986764907837,7.83881593155622e-10,38.40237283706665,32.875732421875,42.18124604225159,1709.0,0.0,71.50631928443909,,,,,,,,,,,,,,,,,
1710,1710.0,8.0,16.0,24.325695991516113,128.0,1.0,209547.0,839029.0,0.8001604080200195,2.0,2.0,2.0,0.5390625,16.0,0.0569736106177243,0.030780212953686714,0.480216920375824,13092.75,16.0,1.0,209547.0,104742.0,0.49984967572907274,128.0,1.0,1.0,1.0,7.4127998650074005,7.341364607083012e-10,35.271382331848145,30.76806640625,40.09381914138794,1710.0,0.0,64.4780261516571,,,,,,,,,,,,,,,,,
1711,1711.0,8.0,16.0,31.31011939048767,128.0,1.0,193422.0,855154.0,0.8155384063720703,2.0,2.0,2.0,0.5546875,16.0,0.060988940180106935,0.030439769849181175,0.5265083909034729,12084.75,16.0,1.0,193422.0,96678.0,0.49982938859074977,128.0,1.0,1.0,1.0,6.842372238636017,6.860207456103606e-10,33.97511672973633,30.5654296875,39.1799111366272,1711.0,0.0,70.54785585403442,,,,,,,,,,,,,,,,,
1712,1712.0,8.0,16.0,41.4235520362854,128.0,1.0,316347.0,732229.0,0.698307991027832,2.0,2.0,2.0,0.40625,16.0,0.0526124568947755,0.029725534841418266,0.3259066641330719,19767.625,16.0,1.0,316347.0,158141.0,0.49989726471248347,128.0,1.0,1.0,1.0,11.190887957811356,6.395346048935213e-10,43.97387886047363,37.2431640625,48.0703821182251,1712.0,0.0,89.57147407531738,,,,,,,,,,,,,,,,,
1713,1713.0,8.0,16.0,36.044151306152344,128.0,1.0,324502.0,724074.0,0.6905307769775391,2.0,2.0,2.0,0.3203125,16.0,0.051892479255216485,0.03243860602378845,0.3636123538017273,20277.0,16.0,1.0,324502.0,162216.0,0.4998921424213102,128.0,1.0,1.0,1.0,11.47937399148941,5.946781902711473e-10,45.12706279754639,36.550048828125,48.19961643218994,1713.0,0.0,84.33865809440613,,,,,,,,,,,,,,,,,
1714,1714.0,8.0,16.0,40.31767535209656,128.0,1.0,340940.0,707636.0,0.6748542785644531,2.0,2.0,2.0,0.359375,16.0,0.06725545364092453,0.04069899395108223,0.47420504689216614,21304.375,16.0,1.0,340940.0,170435.0,0.4998973426409339,128.0,1.0,1.0,1.0,12.060874104499817,5.514516481378573e-10,50.896177768707275,37.611572265625,53.45474720001221,1714.0,0.0,93.8759024143219,,,,,,,,,,,,,,,,,
1715,1715.0,8.0,16.0,32.316569566726685,128.0,1.0,210780.0,837796.0,0.7989845275878906,2.0,2.0,2.0,0.4921875,16.0,0.05883851799188861,0.028542008250951767,0.4804958701133728,13169.625,16.0,1.0,210780.0,105357.0,0.499843438656419,128.0,1.0,1.0,1.0,7.456417679786682,5.098551195689138e-10,35.389108657836914,30.9267578125,36.06937623023987,1715.0,0.0,68.4606282711029,,,,,,,,,,,,,,,,,
1716,1716.0,8.0,16.0,39.766714572906494,128.0,1.0,272991.0,775585.0,0.7396554946899414,2.0,2.0,2.0,0.3984375,16.0,0.06546044551537385,0.03657352924346924,0.4391977787017822,17058.125,16.0,1.0,272991.0,136465.0,0.4998882747050269,128.0,1.0,1.0,1.0,9.657153993844986,4.698887403199459e-10,43.87862586975098,34.7353515625,39.311760663986206,1716.0,0.0,79.18076872825623,,,,,,,,,,,,,,,,,
1717,1717.0,8.0,16.0,40.432233572006226,128.0,1.0,256683.0,791893.0,0.7552080154418945,2.0,2.0,2.0,0.34375,16.0,0.06500659854196383,0.03475538641214371,0.741651177406311,16038.75,16.0,1.0,256683.0,128310.0,0.4998772805366931,128.0,1.0,1.0,1.0,9.080252677202225,4.315526408261716e-10,49.29981470108032,33.21435546875,39.622511863708496,1717.0,0.0,80.28108525276184,,,,,,,,,,,,,,,,,
1718,1718.0,8.0,16.0,37.92181849479675,128.0,1.0,303735.0,744841.0,0.7103357315063477,2.0,2.0,2.0,0.5546875,16.0,0.053765950287750844,0.029461761936545372,0.3710670471191406,18979.625,16.0,1.0,303735.0,151837.0,0.49989958351852765,128.0,1.0,1.0,1.0,10.744733959436417,3.948469462023429e-10,50.21602249145508,35.372802734375,50.93289089202881,1718.0,0.0,88.95758295059204,,,,,,,,,,,,,,,,,
1719,1719.0,8.0,16.0,39.29980754852295,128.0,1.0,320696.0,727880.0,0.6941604614257812,2.0,2.0,2.0,0.2734375,16.0,0.05618702134733943,0.030260782688856125,0.3678414225578308,20039.875,16.0,1.0,320696.0,160319.0,0.49990957168159256,128.0,1.0,1.0,1.0,11.344735383987427,3.5977177624219035e-10,42.829341411590576,37.140625,48.16376519203186,1719.0,0.0,87.55516290664673,,,,,,,,,,,,,,,,,
1720,1720.0,8.0,16.0,26.471466541290283,128.0,1.0,266475.0,782101.0,0.7458696365356445,2.0,2.0,2.0,0.484375,16.0,0.04944886644404098,0.02486591972410679,0.4131660759449005,16651.125,16.0,1.0,266475.0,133209.0,0.49989304812834223,128.0,1.0,1.0,1.0,9.426648169755936,3.263272454179233e-10,35.90952014923096,33.42236328125,44.094685077667236,1720.0,0.0,70.63958096504211,,,,,,,,,,,,,,,,,
1721,1721.0,8.0,16.0,22.773707389831543,128.0,1.0,253145.0,795431.0,0.7585821151733398,2.0,2.0,2.0,0.5625,16.0,0.06680991096424976,0.03725538030266762,0.4233795702457428,15817.625,16.0,1.0,253145.0,126541.0,0.49987556538742617,128.0,1.0,1.0,1.0,8.955094665288925,2.9451346288000834e-10,38.47646951675415,32.518798828125,40.912312269210815,1721.0,0.0,63.75649976730347,,,,,,,,,,,,,,,,,
1722,1722.0,8.0,16.0,26.421297073364258,128.0,1.0,204885.0,843691.0,0.8046064376831055,2.0,2.0,2.0,0.4765625,16.0,0.059066844851985434,0.03117828257381916,0.4375458359718323,12800.875,16.0,1.0,204885.0,102407.0,0.4998267320692096,128.0,1.0,1.0,1.0,7.2478799521923065,2.643305324567802e-10,34.733067989349365,30.080078125,41.824493408203125,1722.0,0.0,68.31058263778687,,,,,,,,,,,,,,,,,
1723,1723.0,8.0,16.0,32.99926209449768,128.0,1.0,256197.0,792379.0,0.755671501159668,2.0,2.0,2.0,0.1953125,16.0,0.06111024093458325,0.03310583531856537,0.38371628522872925,16007.75,16.0,1.0,256197.0,128062.0,0.499857531508956,128.0,1.0,1.0,1.0,9.063060253858566,2.357785526539979e-10,42.58818292617798,33.000244140625,42.654847860336304,1723.0,0.0,75.7233498096466,,,,,,,,,,,,,,,,,
1724,1724.0,8.0,16.0,34.56301212310791,128.0,1.0,197681.0,850895.0,0.8114767074584961,2.0,2.0,2.0,0.7578125,16.0,0.04019162917028589,0.02025284245610237,0.3615156412124634,12351.375,16.0,1.0,197681.0,98811.0,0.49985076967437436,128.0,1.0,1.0,1.0,6.9930358827114105,2.0885761665473401e-10,35.887303829193115,30.820068359375,40.231711626052856,1724.0,0.0,74.85307502746582,,,,,,,,,,,,,,,,,
1725,1725.0,8.0,16.0,33.48793292045593,128.0,1.0,303107.0,745469.0,0.7109346389770508,2.0,2.0,2.0,0.359375,16.0,0.04547944150685311,0.026286426931619644,0.33322644233703613,18940.75,16.0,1.0,303107.0,151526.0,0.4999092729630131,128.0,1.0,1.0,1.0,10.722518235445023,1.835678123188189e-10,45.759735107421875,34.90966796875,44.69213080406189,1725.0,0.0,78.25712704658508,,,,,,,,,,,,,,,,,
1726,1726.0,8.0,16.0,39.96310067176819,128.0,1.0,255638.0,792938.0,0.7562046051025391,2.0,2.0,2.0,0.421875,16.0,0.06339729343595499,0.03294546529650688,0.5533031821250916,15972.75,16.0,1.0,255638.0,127782.0,0.4998552640843693,128.0,1.0,1.0,1.0,9.043285429477692,1.599092221827303e-10,39.318835735321045,33.481201171875,41.52619934082031,1726.0,0.0,81.58604288101196,,,,,,,,,,,,,,,,,
1727,1727.0,8.0,16.0,37.36167764663696,128.0,1.0,312336.0,736240.0,0.7021331787109375,2.0,2.0,2.0,0.4140625,16.0,0.05583239716228391,0.03309674561023712,0.4470760226249695,19516.875,16.0,1.0,312336.0,156135.0,0.4998943445520209,128.0,1.0,1.0,1.0,11.048997402191162,1.3788192345925985e-10,46.56014966964722,36.320068359375,44.15402579307556,1727.0,0.0,81.60019946098328,,,,,,,,,,,,,,,,,
1728,1728.0,8.0,16.0,39.78927493095398,128.0,1.0,256281.0,792295.0,0.7555913925170898,2.0,2.0,2.0,0.34375,16.0,0.05189046423240811,0.027695247903466225,0.41116994619369507,16014.125,16.0,1.0,256281.0,128113.0,0.4998926959080072,128.0,1.0,1.0,1.0,9.066031783819199,1.1748598803734688e-10,40.5865592956543,33.48583984375,36.31063389778137,1728.0,0.0,76.18851590156555,,,,,,,,,,,,,,,,,
1729,1729.0,8.0,16.0,23.296738386154175,128.0,1.0,268836.0,779740.0,0.7436180114746094,2.0,2.0,2.0,0.34375,16.0,0.07672070448829851,0.044207703322172165,0.47806498408317566,16798.125,16.0,1.0,268836.0,134385.0,0.4998772485827791,128.0,1.0,1.0,1.0,9.510169386863708,9.872148248168954e-11,37.89629364013672,34.106689453125,36.76134729385376,1729.0,0.0,60.14352989196777,,,,,,,,,,,,,,,,,
1730,1730.0,8.0,16.0,29.499770641326904,128.0,1.0,198891.0,849685.0,0.8103227615356445,2.0,2.0,2.0,0.375,16.0,0.07553930615597976,0.03526012599468231,0.5478488206863403,12426.25,16.0,1.0,198891.0,99410.0,0.49982151027447197,128.0,1.0,1.0,1.0,7.035840064287186,8.158846803257846e-11,34.34367322921753,30.6376953125,36.523317098617554,1730.0,0.0,66.08426213264465,,,,,,,,,,,,,,,,,
1731,1731.0,8.0,16.0,32.07544469833374,128.0,1.0,264221.0,784355.0,0.7480192184448242,2.0,2.0,2.0,0.53125,16.0,0.03917413269447577,0.022208459675312042,0.3371734619140625,16509.75,16.0,1.0,264221.0,132078.0,0.4998769969078915,128.0,1.0,1.0,1.0,9.346912115812302,6.608700060584116e-11,38.609352111816406,33.143798828125,37.35944080352783,1731.0,0.0,69.51938366889954,,,,,,,,,,,,,,,,,
1732,1732.0,8.0,16.0,32.24981093406677,128.0,1.0,252593.0,795983.0,0.7591085433959961,2.0,2.0,2.0,0.5625,16.0,0.058259894267675784,0.032076459378004074,0.4260619878768921,15783.125,16.0,1.0,252593.0,126265.0,0.4998752934562716,128.0,1.0,1.0,1.0,8.93556746840477,5.221713079245349e-11,36.58701848983765,32.982666015625,42.99737620353699,1732.0,0.0,75.3282082080841,,,,,,,,,,,,,,,,,
1733,1733.0,8.0,16.0,38.221068143844604,128.0,1.0,265631.0,782945.0,0.7466745376586914,2.0,2.0,2.0,0.4375,16.0,0.046280530222454985,0.02479209378361702,0.38513484597206116,16597.75,16.0,1.0,265631.0,132782.0,0.49987388520165194,128.0,1.0,1.0,1.0,9.396791368722916,3.9978903858428614e-11,49.12999248504639,33.326171875,46.513490438461304,1733.0,0.0,84.80774235725403,,,,,,,,,,,,,,,,,
1734,1734.0,8.0,16.0,36.87081003189087,128.0,1.0,279472.0,769104.0,0.7334747314453125,2.0,2.0,2.0,0.5546875,16.0,0.04823526735701063,0.02700776420533657,0.3742435574531555,17463.25,16.0,1.0,279472.0,139706.0,0.4998926547203298,128.0,1.0,1.0,1.0,9.88642168045044,2.937235974487251e-11,49.25324726104736,34.935791015625,45.01960039138794,1734.0,0.0,81.99043464660645,,,,,,,,,,,,,,,,,
1735,1735.0,8.0,16.0,36.24083185195923,128.0,1.0,238323.0,810253.0,0.7727174758911133,2.0,2.0,2.0,0.4140625,16.0,0.05160486000239579,0.032294321805238724,0.43066295981407166,14890.75,16.0,1.0,238323.0,119126.0,0.4998510424927514,128.0,1.0,1.0,1.0,8.430761128664017,2.0397533067484373e-11,37.248560428619385,32.5234375,40.84889769554138,1735.0,0.0,77.16487002372742,,,,,,,,,,,,,,,,,
1736,1736.0,8.0,16.0,40.78863549232483,128.0,1.0,276490.0,772086.0,0.7363185882568359,2.0,2.0,2.0,0.4453125,16.0,0.05176812324742717,0.02627643011510372,0.5379585027694702,17277.25,16.0,1.0,276490.0,138218.0,0.49990234728199934,128.0,1.0,1.0,1.0,9.780932366847992,1.3054453116834174e-11,47.6498646736145,35.027099609375,45.52305316925049,1736.0,0.0,86.40243434906006,,,,,,,,,,,,,,,,,
1737,1737.0,8.0,16.0,40.184643030166626,128.0,1.0,303973.0,744603.0,0.710108757019043,2.0,2.0,2.0,0.3828125,16.0,0.05192898154688878,0.0315670371055603,0.3362390697002411,18994.5,16.0,1.0,303973.0,151956.0,0.4998996621410454,128.0,1.0,1.0,1.0,10.753153294324875,7.343143857974077e-12,50.12887191772461,35.85205078125,49.32774519920349,1737.0,0.0,89.61832594871521,,,,,,,,,,,,,,,,,
1738,1738.0,8.0,16.0,30.33417797088623,128.0,1.0,328472.0,720104.0,0.6867446899414062,2.0,2.0,2.0,0.1171875,16.0,0.05309105637851243,0.03362951800227165,0.318879097700119,20525.75,16.0,1.0,328472.0,164206.0,0.4999086680143209,128.0,1.0,1.0,1.0,11.619814157485962,3.2636239304384415e-12,41.082576274871826,36.598876953125,47.07636260986328,1738.0,0.0,77.49551010131836,,,,,,,,,,,,,,,,,
1739,1739.0,8.0,16.0,40.180850982666016,128.0,1.0,288146.0,760430.0,0.7252025604248047,2.0,2.0,2.0,0.34375,16.0,0.06141700997098132,0.033361200243234634,0.4072389006614685,18005.25,16.0,1.0,288146.0,144042.0,0.49989241565039944,128.0,1.0,1.0,1.0,10.193267524242401,8.159066482993359e-13,51.39638090133667,34.10888671875,46.19225788116455,1739.0,0.0,313.4909625053406,,,,,,,,,,,,,,,,,
