global_step,step,rollout/prompts,rollout/samples_per_prompt,timing/generate_s,rollout/generated_sequences,opd/tool_mask/has_agent_mask,opd/tool_mask/llm_tokens,opd/tool_mask/tool_tokens,opd/tool_mask/tool_ratio,opd/num_turns/min,opd/num_turns/max,opd/num_turns/mean,opd/accuracy,opd/batch_size,opd/loss,opd/entropy,opd/grad_norm,opd/num_tokens,opd/valid_rows,tip/enabled,tip/global_response_tokens,tip/global_selected_tokens,tip/selected_fraction,tip/global_rollouts,tip/global_normalization,opd/lr,perf/max_memory_allocated_gb,timing/train_s,training/global_step,training/epoch,timing/step_s
1,1.0,8.0,16.0,53.16663670539856,128.0,1.0,222861.0,825715.0,0.7874631881713867,2.0,2.0,2.0,0.421875,16.0,0.07121293442298807,0.023464472964406013,1.1748902797698975,13924.875,16.0,1.0,222861.0,111399.0,0.49985865629248727,128.0,1.0,1e-06,17.310197353363037,88.21879863739014,1.0,0.0,141.4727520942688
2,2.0,8.0,16.0,32.65443444252014,128.0,1.0,255909.0,792667.0,0.755946159362793,2.0,2.0,2.0,0.5,16.0,0.06385315346140943,0.02418586239218712,1.0782047510147095,15989.5,16.0,1.0,255909.0,127916.0,0.4998495558968227,128.0,1.0,9.999991840933517e-07,19.880367755889893,72.33412623405457,2.0,0.0,105.05268335342407
3,3.0,8.0,16.0,33.598979473114014,128.0,1.0,285047.0,763529.0,0.7281579971313477,2.0,2.0,2.0,0.390625,16.0,0.06924271081940093,0.02808663807809353,1.0324838161468506,17811.125,16.0,1.0,285047.0,142489.0,0.499878967328195,128.0,1.0,9.999967363760695e-07,20.772708892822266,73.04941630363464,3.0,0.0,106.7206163406372
4,4.0,8.0,16.0,32.69316649436951,128.0,1.0,338072.0,710504.0,0.6775894165039062,2.0,2.0,2.0,0.296875,16.0,0.057543868788611695,0.025397034361958504,0.8918260931968689,21125.0,16.0,1.0,338072.0,169000.0,0.4998935138077096,128.0,1.0,9.99992656856142e-07,20.772708892822266,87.01222777366638,4.0,0.0,119.7855122089386
5,5.0,8.0,16.0,24.52818202972412,128.0,1.0,158756.0,889820.0,0.8485984802246094,2.0,2.0,2.0,0.546875,16.0,0.08277806354668589,0.029957320541143417,1.203036904335022,9918.0,16.0,1.0,158756.0,79344.0,0.4997858348660838,128.0,1.0,9.999869455468831e-07,20.772708892822266,68.67331290245056,5.0,0.0,93.24874663352966
6,6.0,8.0,16.0,19.724703550338745,128.0,1.0,240197.0,808379.0,0.770930290222168,2.0,2.0,2.0,0.5625,16.0,0.05799556961072959,0.02760806679725647,0.6604787707328796,15008.375,16.0,1.0,240197.0,120067.0,0.4998688576460156,128.0,1.0,9.999796024669325e-07,20.772708892822266,67.68062567710876,6.0,0.0,87.48009824752808
7,7.0,8.0,16.0,28.608545064926147,128.0,1.0,280832.0,767744.0,0.732177734375,2.0,2.0,2.0,0.3671875,16.0,0.06482762616508415,0.030538734048604965,0.6833441257476807,17548.25,16.0,1.0,280832.0,140386.0,0.4998931745670009,128.0,1.0,9.99970627640255e-07,20.772708892822266,74.61130118370056,7.0,0.0,103.28690767288208
8,8.0,8.0,16.0,20.9004807472229,128.0,1.0,174418.0,874158.0,0.8336620330810547,2.0,2.0,2.0,0.6328125,16.0,0.07866770154301302,0.028256310150027275,1.0393095016479492,10896.625,16.0,1.0,174418.0,87173.0,0.49979359928447753,128.0,1.0,9.999600210961415e-07,20.772708892822266,62.550249338150024,8.0,0.0,83.50542497634888
9,9.0,8.0,16.0,28.156758069992065,128.0,1.0,239294.0,809282.0,0.7717914581298828,2.0,2.0,2.0,0.4453125,16.0,0.07337529740443677,0.029126733541488647,0.7813428640365601,14952.0,16.0,1.0,239294.0,119616.0,0.4998704522470267,128.0,1.0,9.999477828692075e-07,20.772708892822266,71.27859401702881,9.0,0.0,99.49813556671143
10,10.0,8.0,16.0,25.321962118148804,128.0,1.0,198398.0,850178.0,0.8107929229736328,2.0,2.0,2.0,0.453125,16.0,0.06450623383825661,0.02267489768564701,0.813319206237793,12395.625,16.0,1.0,198398.0,99165.0,0.4998286273047107,128.0,1.0,9.999339129993942e-07,20.772708892822266,65.81465005874634,10.0,0.0,91.18967747688293
11,11.0,8.0,16.0,28.114214420318604,128.0,1.0,237948.0,810628.0,0.7730751037597656,2.0,2.0,2.0,0.453125,16.0,0.08478004526053702,0.03624795004725456,0.9429546594619751,14867.75,16.0,1.0,237948.0,118942.0,0.49986551683561115,128.0,1.0,9.999184115319675e-07,20.772708892822266,69.62923693656921,11.0,0.0,97.81070494651794
12,12.0,8.0,16.0,26.432535648345947,128.0,1.0,206650.0,841926.0,0.8029232025146484,2.0,2.0,2.0,0.578125,16.0,0.07039786870797199,0.028706198558211327,0.9833659529685974,12910.75,16.0,1.0,206650.0,103286.0,0.49981127510283085,128.0,1.0,9.999012785175182e-07,20.772708892822266,66.32895851135254,12.0,0.0,92.82652068138123
13,13.0,8.0,16.0,24.33879542350769,128.0,1.0,236860.0,811716.0,0.7741127014160156,2.0,2.0,2.0,0.3125,16.0,0.08896769876609599,0.03692173585295677,1.431261658668518,14800.375,16.0,1.0,236860.0,118403.0,0.4998860086126826,128.0,1.0,9.998825140119627e-07,20.772708892822266,71.77263975143433,13.0,0.0,96.17705297470093
14,14.0,8.0,16.0,21.080061197280884,128.0,1.0,214271.0,834305.0,0.7956552505493164,2.0,2.0,2.0,0.625,16.0,0.06884590378985517,0.03022569604218006,0.8377087116241455,13388.5,16.0,1.0,214271.0,107108.0,0.4998716578538393,128.0,1.0,9.998621180765408e-07,20.772708892822266,67.27812480926514,14.0,0.0,88.41473746299744
15,15.0,8.0,16.0,39.325807094573975,128.0,1.0,323340.0,725236.0,0.6916389465332031,2.0,2.0,2.0,0.375,16.0,0.054029122495842394,0.025490006431937218,0.7019370198249817,20203.875,16.0,1.0,323340.0,161631.0,0.49987938393022824,128.0,1.0,9.998400907778173e-07,22.150368213653564,97.85785460472107,15.0,0.0,137.26171708106995
16,16.0,8.0,16.0,32.98731255531311,128.0,1.0,292983.0,755593.0,0.7205896377563477,2.0,2.0,2.0,0.4765625,16.0,0.0564732057862462,0.02847415767610073,0.6685464382171631,18307.5,16.0,1.0,292983.0,146460.0,0.49989248522951846,128.0,1.0,9.998164321876812e-07,22.150368213653564,94.23868107795715,16.0,0.0,127.31327891349792
17,17.0,8.0,16.0,29.20895504951477,128.0,1.0,256321.0,792255.0,0.7555532455444336,2.0,2.0,2.0,0.15625,16.0,0.08123528477433867,0.032925065606832504,0.7880472540855408,16015.5,16.0,1.0,256321.0,128124.0,0.4998576004307099,128.0,1.0,9.99791142383345e-07,22.150368213653564,69.89201641082764,17.0,0.0,99.16548132896423
18,18.0,8.0,16.0,39.52509331703186,128.0,1.0,322831.0,725745.0,0.6921243667602539,2.0,2.0,2.0,0.328125,16.0,0.06053776132851512,0.031150398775935173,0.52140873670578,20173.75,16.0,1.0,322831.0,161390.0,0.49992101130312766,128.0,1.0,9.99764221447346e-07,22.150368213653564,83.41518640518188,18.0,0.0,123.01708054542542
19,19.0,8.0,16.0,38.50278353691101,128.0,1.0,268491.0,780085.0,0.7439470291137695,2.0,2.0,2.0,0.5,16.0,0.06591540513033665,0.033325307071208954,0.7062426209449768,16776.75,16.0,1.0,268491.0,134214.0,0.49988267763165245,128.0,1.0,9.997356694675432e-07,22.162225246429443,76.72364163398743,19.0,0.0,115.2925968170166
20,20.0,8.0,16.0,19.31787347793579,128.0,1.0,197465.0,851111.0,0.8116827011108398,2.0,2.0,2.0,0.4296875,16.0,0.07897401958656664,0.03271389380097389,0.7496834993362427,12337.375,16.0,1.0,197465.0,98699.0,0.4998303496822222,128.0,1.0,9.9970548653712e-07,22.162225246429443,61.88296842575073,20.0,0.0,81.25551295280457
21,21.0,8.0,16.0,30.574110746383667,128.0,1.0,253037.0,795539.0,0.7586851119995117,2.0,2.0,2.0,0.75,16.0,0.06389969799434865,0.029987040907144547,0.7559598088264465,15810.75,16.0,1.0,253037.0,126486.0,0.49987156028564994,128.0,1.0,9.99673672754582e-07,22.162225246429443,76.5289466381073,21.0,0.0,107.16624426841736
22,22.0,8.0,16.0,41.34943342208862,128.0,1.0,302512.0,746064.0,0.7115020751953125,2.0,2.0,2.0,0.3203125,16.0,0.06738879829939774,0.030942635610699654,0.5675920844078064,18903.5,16.0,1.0,302512.0,151228.0,0.4999074416882636,128.0,1.0,9.996402282237577e-07,22.162225246429443,83.77120757102966,22.0,0.0,125.19689440727234
23,23.0,8.0,16.0,23.612428188323975,128.0,1.0,234951.0,813625.0,0.7759332656860352,2.0,2.0,2.0,0.4140625,16.0,0.08967109824881017,0.042578499764204025,0.7739117741584778,14681.0,16.0,1.0,234951.0,117448.0,0.4998829543181344,128.0,1.0,9.996051530537977e-07,22.162225246429443,70.10296106338501,23.0,0.0,93.7727267742157
24,24.0,8.0,16.0,25.476088285446167,128.0,1.0,216707.0,831869.0,0.7933320999145508,2.0,2.0,2.0,0.40625,16.0,0.0710061460919018,0.031464237719774246,0.6269790530204773,13540.5,16.0,1.0,216707.0,108324.0,0.49986387149469097,128.0,1.0,9.995684473591739e-07,22.162225246429443,66.82108092308044,24.0,0.0,92.35026001930237
25,25.0,8.0,16.0,29.166181802749634,128.0,1.0,234184.0,814392.0,0.7766647338867188,2.0,2.0,2.0,0.4140625,16.0,0.08027603111186606,0.03419063612818718,0.7222244143486023,14632.75,16.0,1.0,234184.0,117062.0,0.49987189560345713,128.0,1.0,9.9953011125968e-07,22.162225246429443,68.69365620613098,25.0,0.0,97.93079853057861
26,26.0,8.0,16.0,20.804710626602173,128.0,1.0,224630.0,823946.0,0.7857761383056641,2.0,2.0,2.0,0.453125,16.0,0.07507265919210912,0.033454470336437225,0.6621265411376953,14035.75,16.0,1.0,224630.0,112286.0,0.4998708988113787,128.0,1.0,9.99490144880431e-07,22.162225246429443,65.86485314369202,26.0,0.0,86.73634576797485
27,27.0,8.0,16.0,27.43777108192444,128.0,1.0,197100.0,851476.0,0.8120307922363281,2.0,2.0,2.0,0.5234375,16.0,0.06641206334738639,0.027910953387618065,0.7135754227638245,12315.125,16.0,1.0,197100.0,98521.0,0.49985286656519534,128.0,1.0,9.994485483518622e-07,22.162225246429443,60.49353384971619,27.0,0.0,87.98456883430481
28,28.0,8.0,16.0,38.75149416923523,128.0,1.0,274068.0,774508.0,0.7386283874511719,2.0,2.0,2.0,0.453125,16.0,0.06709558566170068,0.031345438212156296,0.5107918977737427,17126.0,16.0,1.0,274068.0,137008.0,0.49990513303267803,128.0,1.0,9.994053218097288e-07,22.162225246429443,77.43088960647583,28.0,0.0,116.25241327285767
29,29.0,8.0,16.0,17.56052827835083,128.0,1.0,174371.0,874205.0,0.8337068557739258,2.0,2.0,2.0,0.59375,16.0,0.07222726676478783,0.03167261928319931,0.7231399416923523,10893.5,16.0,1.0,174371.0,87148.0,0.499784941303313,128.0,1.0,9.993604653951065e-07,22.162225246429443,59.14445376396179,29.0,0.0,76.75253343582153
30,30.0,8.0,16.0,39.66436553001404,128.0,1.0,272709.0,775867.0,0.739924430847168,2.0,2.0,2.0,0.3359375,16.0,0.05476060525370442,0.026195788756012917,0.5149840116500854,17040.0,16.0,1.0,272709.0,136320.0,0.4998734915239321,128.0,1.0,9.993139792543897e-07,22.16394567489624,83.90757942199707,30.0,0.0,123.65205764770508
31,31.0,8.0,16.0,31.38179349899292,128.0,1.0,292072.0,756504.0,0.7214584350585938,2.0,2.0,2.0,0.4296875,16.0,0.05225700806994137,0.02558349259197712,0.4234596788883209,18250.75,16.0,1.0,292072.0,146006.0,0.49989728560081076,128.0,1.0,9.992658635392917e-07,22.16394567489624,80.21072578430176,31.0,0.0,111.66493344306946
32,32.0,8.0,16.0,38.846142292022705,128.0,1.0,241825.0,806751.0,0.7693777084350586,2.0,2.0,2.0,0.3046875,16.0,0.07531241088322341,0.030943654477596283,0.6396604180335999,15110.125,16.0,1.0,241825.0,120881.0,0.4998697405148351,128.0,1.0,9.992161184068445e-07,22.16394567489624,79.16453242301941,32.0,0.0,118.07590174674988
33,33.0,8.0,16.0,21.925022840499878,128.0,1.0,179348.0,869228.0,0.8289604187011719,2.0,2.0,2.0,0.4140625,16.0,0.0834284641873265,0.03457626700401306,0.7806699275970459,11205.375,16.0,1.0,179348.0,89643.0,0.499827151682762,128.0,1.0,9.991647440193972e-07,22.16394567489624,63.35061192512512,33.0,0.0,85.32445812225342
34,34.0,8.0,16.0,36.178691148757935,128.0,1.0,253602.0,794974.0,0.7581462860107422,2.0,2.0,2.0,0.4609375,16.0,0.0734844597109389,0.03229020535945892,2.167278528213501,15846.125,16.0,1.0,253602.0,126769.0,0.4998738180298263,128.0,1.0,9.99111740544617e-07,22.16394567489624,70.43971753120422,34.0,0.0,106.68527913093567
35,35.0,8.0,16.0,28.814716339111328,128.0,1.0,240634.0,807942.0,0.7705135345458984,2.0,2.0,2.0,0.234375,16.0,0.06428793040670244,0.03371865302324295,0.5432636737823486,15035.375,16.0,1.0,240634.0,120283.0,0.49985870658344206,128.0,1.0,9.990571081554874e-07,22.16394567489624,72.65285897254944,35.0,0.0,101.52984738349915
36,36.0,8.0,16.0,28.890801429748535,128.0,1.0,216427.0,832149.0,0.7935991287231445,2.0,2.0,2.0,0.3125,16.0,0.08607268707672132,0.03831244260072708,0.6938853859901428,13522.375,16.0,1.0,216427.0,108179.0,0.4998405929019947,128.0,1.0,9.990008470303082e-07,22.16394567489624,77.81291890144348,36.0,0.0,106.76090359687805
37,37.0,8.0,16.0,34.049235343933105,128.0,1.0,189014.0,859562.0,0.8197422027587891,2.0,2.0,2.0,0.5,16.0,0.06247530642461641,0.027211682870984077,0.7284807562828064,11809.25,16.0,1.0,189014.0,94474.0,0.4998254097580073,128.0,1.0,9.989429573526943e-07,22.16394567489624,77.05258107185364,37.0,0.0,111.153146982193
38,38.0,8.0,16.0,34.72387456893921,128.0,1.0,257996.0,790580.0,0.7539558410644531,2.0,2.0,2.0,0.5546875,16.0,0.057440209120448345,0.028495384380221367,0.5879571437835693,16121.0,16.0,1.0,257996.0,128968.0,0.49988371912742835,128.0,1.0,9.988834393115767e-07,22.16394567489624,78.63908553123474,38.0,0.0,113.42700552940369
39,39.0,8.0,16.0,29.6009681224823,128.0,1.0,334226.0,714350.0,0.6812572479248047,2.0,2.0,2.0,0.28125,16.0,0.06277587902659089,0.03161861002445221,0.4950707256793976,20884.875,16.0,1.0,334226.0,167079.0,0.49989827242644197,128.0,1.0,9.988222931011992e-07,22.16394567489624,81.58432221412659,39.0,0.0,111.26782488822937
40,40.0,8.0,16.0,23.942464113235474,128.0,1.0,214101.0,834475.0,0.7958173751831055,2.0,2.0,2.0,0.453125,16.0,0.07043747665473793,0.03234120085835457,0.5333887338638306,13376.875,16.0,1.0,214101.0,107015.0,0.49983419040546284,128.0,1.0,9.987595189211206e-07,22.16394567489624,70.261545419693,40.0,0.0,94.26020693778992
41,41.0,8.0,16.0,25.30556035041809,128.0,1.0,200626.0,847950.0,0.8086681365966797,2.0,2.0,2.0,0.6796875,16.0,0.07930250573972084,0.03422559052705765,0.7030171751976013,12535.125,16.0,1.0,200626.0,100281.0,0.499840499237387,128.0,1.0,9.986951169762126e-07,22.16394567489624,72.85148072242737,41.0,0.0,98.2126567363739
42,42.0,8.0,16.0,35.05575609207153,128.0,1.0,265041.0,783535.0,0.7472372055053711,2.0,2.0,2.0,0.484375,16.0,0.07193556982816729,0.03200935199856758,0.6279422640800476,16560.375,16.0,1.0,265041.0,132483.0,0.4998585124565633,128.0,1.0,9.98629087476659e-07,22.16394567489624,73.56949305534363,42.0,0.0,108.69250178337097
43,43.0,8.0,16.0,18.649362564086914,128.0,1.0,185981.0,862595.0,0.8226346969604492,2.0,2.0,2.0,0.5703125,16.0,0.08587442346737854,0.03420865163207054,0.8824976682662964,11620.125,16.0,1.0,185981.0,92961.0,0.49984138164651226,128.0,1.0,9.98561430637955e-07,22.16394567489624,61.981666564941406,43.0,0.0,80.69188690185547
44,44.0,8.0,16.0,22.424710273742676,128.0,1.0,177562.0,871014.0,0.8306636810302734,2.0,2.0,2.0,0.71875,16.0,0.049633727534160114,0.02107214368879795,0.5513393878936768,11093.5,16.0,1.0,177562.0,88748.0,0.4998141494238632,128.0,1.0,9.98492146680908e-07,22.16394567489624,64.40925550460815,44.0,0.0,86.88229966163635
45,45.0,8.0,16.0,27.892672538757324,128.0,1.0,269950.0,778626.0,0.7425556182861328,2.0,2.0,2.0,0.4453125,16.0,0.05195116992853136,0.02311931736767292,0.43164125084877014,16867.125,16.0,1.0,269950.0,134937.0,0.49985923319133174,128.0,1.0,9.984212358316342e-07,22.16394567489624,76.4795434474945,45.0,0.0,104.43947577476501
46,46.0,8.0,16.0,29.24505352973938,128.0,1.0,194713.0,853863.0,0.8143072128295898,2.0,2.0,2.0,0.546875,16.0,0.06969978863813103,0.030601268634200096,0.8021910786628723,12165.625,16.0,1.0,194713.0,97325.0,0.49983822343654505,128.0,1.0,9.983486983215607e-07,22.16394567489624,69.50818204879761,46.0,0.0,98.80398559570312
47,47.0,8.0,16.0,35.83494210243225,128.0,1.0,300617.0,747959.0,0.7133092880249023,2.0,2.0,2.0,0.34375,16.0,0.054310478134835985,0.027474580332636833,0.422328382730484,18784.125,16.0,1.0,300617.0,150273.0,0.49988190953938066,128.0,1.0,9.982745343874227e-07,22.16394567489624,85.81004858016968,47.0,0.0,121.72081875801086
48,48.0,8.0,16.0,24.0813205242157,128.0,1.0,253128.0,795448.0,0.7585983276367188,2.0,2.0,2.0,0.6796875,16.0,0.056413174336282915,0.0257270485162735,0.48052236437797546,15816.375,16.0,1.0,253128.0,126531.0,0.49986963117474165,128.0,1.0,9.98198744271263e-07,22.16394567489624,75.61644864082336,48.0,0.0,99.76213431358337
49,49.0,8.0,16.0,21.06226873397827,128.0,1.0,192927.0,855649.0,0.8160104751586914,2.0,2.0,2.0,0.4609375,16.0,0.06160180327926651,0.025524338707327843,0.6317428350448608,12054.125,16.0,1.0,192927.0,96433.0,0.4998419091158832,128.0,1.0,9.981213282204334e-07,22.16394567489624,63.145310163497925,49.0,0.0,84.26317310333252
50,50.0,8.0,16.0,39.88181257247925,128.0,1.0,341691.0,706885.0,0.674138069152832,2.0,2.0,2.0,0.234375,16.0,0.06775121135236759,0.038309965282678604,0.4477055072784424,21351.625,16.0,1.0,341691.0,170813.0,0.499904884822837,128.0,1.0,9.9804228648759e-07,22.16394567489624,92.75356984138489,50.0,0.0,353.6185100078583
51,51.0,8.0,16.0,26.90457034111023,128.0,1.0,276207.0,772369.0,0.7365884780883789,2.0,2.0,2.0,0.328125,16.0,0.06203120548069291,0.027077769860625267,0.5188789963722229,17259.125,16.0,1.0,276207.0,138073.0,0.49988957557194424,128.0,1.0,9.97961619330696e-07,22.16394567489624,75.67176365852356,51.0,0.0,102.64829468727112
52,52.0,8.0,16.0,30.328614473342896,128.0,1.0,261613.0,786963.0,0.7505064010620117,2.0,2.0,2.0,0.3984375,16.0,0.059542154911539184,0.028708193451166153,0.41444095969200134,16346.5,16.0,1.0,261613.0,130772.0,0.49986812581943557,128.0,1.0,9.978793270130188e-07,22.16394567489624,75.38327598571777,52.0,0.0,105.78055191040039
53,53.0,8.0,16.0,25.144877672195435,128.0,1.0,225284.0,823292.0,0.7851524353027344,2.0,2.0,2.0,0.4375,16.0,0.06966064380545006,0.028765210881829262,0.8316037654876709,14076.625,16.0,1.0,225284.0,112613.0,0.4998712735924433,128.0,1.0,9.977954098031293e-07,22.16394567489624,64.24101972579956,53.0,0.0,89.44177627563477
54,54.0,8.0,16.0,39.38420867919922,128.0,1.0,321132.0,727444.0,0.6937446594238281,2.0,2.0,2.0,0.4609375,16.0,0.04699690030205894,0.02173122577369213,0.5643200278282166,20066.375,16.0,1.0,321132.0,160531.0,0.49989101055017876,128.0,1.0,9.977098679749028e-07,22.16394567489624,87.48295402526855,54.0,0.0,126.94451904296875
55,55.0,8.0,16.0,32.44852805137634,128.0,1.0,303580.0,744996.0,0.7104835510253906,2.0,2.0,2.0,0.1171875,16.0,0.07417655482360638,0.03323253616690636,0.7212100625038147,18969.5,16.0,1.0,303580.0,151756.0,0.49988800316226367,128.0,1.0,9.976227018075153e-07,22.16394567489624,78.75351595878601,55.0,0.0,111.28003144264221
56,56.0,8.0,16.0,35.52483558654785,128.0,1.0,305936.0,742640.0,0.7082366943359375,2.0,2.0,2.0,0.2890625,16.0,0.0603229733601494,0.02897823229432106,0.876205325126648,19117.125,16.0,1.0,305936.0,152937.0,0.4998986716175932,128.0,1.0,9.975339115854447e-07,22.16394567489624,85.20928359031677,56.0,0.0,120.81042313575745
57,57.0,8.0,16.0,31.26921534538269,128.0,1.0,274580.0,773996.0,0.7381401062011719,2.0,2.0,2.0,0.3125,16.0,0.07233742452981867,0.03365889936685562,0.5948424339294434,17157.375,16.0,1.0,274580.0,137259.0,0.4998871002986379,128.0,1.0,9.974434975984693e-07,22.16394567489624,75.86822175979614,57.0,0.0,107.21024441719055
58,58.0,8.0,16.0,26.853250980377197,128.0,1.0,227028.0,821548.0,0.7834892272949219,2.0,2.0,2.0,0.515625,16.0,0.056266284908132666,0.023167399689555168,0.5114436149597168,14185.5,16.0,1.0,227028.0,113484.0,0.49986785770918124,128.0,1.0,9.973514601416663e-07,22.16394567489624,59.1469943523407,58.0,0.0,86.0588686466217
59,59.0,8.0,16.0,31.497225522994995,128.0,1.0,268850.0,779726.0,0.7436046600341797,2.0,2.0,2.0,0.1484375,16.0,0.06181938125531209,0.02820306457579136,0.5086767077445984,16799.0,16.0,1.0,268850.0,134392.0,0.49987725497489305,128.0,1.0,9.97257799515412e-07,22.16394567489624,74.32321953773499,59.0,0.0,105.8861300945282
60,60.0,8.0,16.0,26.128471851348877,128.0,1.0,197484.0,851092.0,0.8116645812988281,2.0,2.0,2.0,0.5625,16.0,0.06252759817065114,0.02500835992395878,0.5792436003684998,12339.0,16.0,1.0,197484.0,98712.0,0.49984808895910554,128.0,1.0,9.971625160253796e-07,22.16394567489624,81.95824646949768,60.0,0.0,108.13939666748047
61,61.0,8.0,16.0,39.289339780807495,128.0,1.0,291258.0,757318.0,0.7222347259521484,2.0,2.0,2.0,0.390625,16.0,0.06320201623115361,0.030106861144304276,0.6241246461868286,18200.0,16.0,1.0,291258.0,145600.0,0.4999004319194666,128.0,1.0,9.970656099825383e-07,22.166049480438232,83.11216115951538,61.0,0.0,122.47521090507507
62,62.0,8.0,16.0,41.529794216156006,128.0,1.0,296427.0,752149.0,0.7173051834106445,2.0,2.0,2.0,0.40625,16.0,0.050192510690094595,0.021359654143452644,0.6134105324745178,18522.625,16.0,1.0,296427.0,148181.0,0.4998903608645636,128.0,1.0,9.96967081703154e-07,22.166049480438232,82.2663824558258,62.0,0.0,123.86954593658447
63,63.0,8.0,16.0,23.54352378845215,128.0,1.0,219130.0,829446.0,0.7910213470458984,2.0,2.0,2.0,0.6796875,16.0,0.06755215273328981,0.031033607199788094,0.6928993463516235,13692.0,16.0,1.0,219130.0,109536.0,0.4998676584675763,128.0,1.0,9.96866931508786e-07,22.166049480438232,68.6167721748352,63.0,0.0,92.21917676925659
64,64.0,8.0,16.0,38.92036461830139,128.0,1.0,276357.0,772219.0,0.736445426940918,2.0,2.0,2.0,0.484375,16.0,0.052210967110797514,0.024073556065559387,0.45586448907852173,17268.125,16.0,1.0,276357.0,138145.0,0.49987877998386143,128.0,1.0,9.967651597262866e-07,22.177906036376953,83.37795352935791,64.0,0.0,122.36814999580383
65,65.0,8.0,16.0,35.39611554145813,128.0,1.0,287906.0,760670.0,0.7254314422607422,2.0,2.0,2.0,0.5703125,16.0,0.05514009996237285,0.026422245427966118,0.48028653860092163,17989.875,16.0,1.0,287906.0,143919.0,0.4998819058998423,128.0,1.0,9.966617666878015e-07,22.177906036376953,88.30029249191284,65.0,0.0,123.76820635795593
66,66.0,8.0,16.0,38.89355993270874,128.0,1.0,329198.0,719378.0,0.6860523223876953,2.0,2.0,2.0,0.421875,16.0,0.06425379468589369,0.03347090631723404,0.46118345856666565,20570.875,16.0,1.0,329198.0,164567.0,0.4999027940631474,128.0,1.0,9.965567527307668e-07,22.177906036376953,88.92118287086487,66.0,0.0,127.90723633766174
67,67.0,8.0,16.0,33.10328221321106,128.0,1.0,247320.0,801256.0,0.7641372680664062,2.0,2.0,2.0,0.5859375,16.0,0.05527629818758661,0.027819616720080376,0.4618583619594574,15453.375,16.0,1.0,247320.0,123627.0,0.499866569626395,128.0,1.0,9.964501181979088e-07,22.177906036376953,74.81650280952454,67.0,0.0,107.98986959457397
68,68.0,8.0,16.0,26.946937799453735,128.0,1.0,196932.0,851644.0,0.8121910095214844,2.0,2.0,2.0,0.515625,16.0,0.07600806488400866,0.03013663738965988,0.6458838582038879,12303.875,16.0,1.0,196932.0,98431.0,0.49982227367822396,128.0,1.0,9.963418634372427e-07,22.177906036376953,65.52131748199463,68.0,0.0,92.52747297286987
69,69.0,8.0,16.0,35.10157608985901,128.0,1.0,185562.0,863014.0,0.8230342864990234,2.0,2.0,2.0,0.5625,16.0,0.0780224080880973,0.03287138789892197,0.7477381825447083,11593.5,16.0,1.0,185562.0,92748.0,0.49982216186503703,128.0,1.0,9.962319888020719e-07,22.177906036376953,61.48038864135742,69.0,0.0,96.63337779045105
70,70.0,8.0,16.0,38.69866895675659,128.0,1.0,234962.0,813614.0,0.7759227752685547,2.0,2.0,2.0,0.5078125,16.0,0.0671199460595228,0.03264966234564781,0.6990938186645508,14681.75,16.0,1.0,234962.0,117454.0,0.4998850878014317,128.0,1.0,9.96120494650986e-07,22.177906036376953,79.67644667625427,70.0,0.0,118.44372963905334
71,71.0,8.0,16.0,21.56426978111267,128.0,1.0,247154.0,801422.0,0.7642955780029297,2.0,2.0,2.0,0.453125,16.0,0.07086502055959715,0.03257071599364281,0.5179136395454407,15442.625,16.0,1.0,247154.0,123541.0,0.4998543418273627,128.0,1.0,9.960073813478602e-07,22.177906036376953,67.00796270370483,71.0,0.0,88.6366856098175
72,72.0,8.0,16.0,23.17355251312256,128.0,1.0,244481.0,804095.0,0.7668447494506836,2.0,2.0,2.0,0.4453125,16.0,0.05783554769063018,0.02759135700762272,0.4682437479496002,15276.125,16.0,1.0,244481.0,122209.0,0.49987115563172596,128.0,1.0,9.958926492618543e-07,22.177906036376953,74.89182233810425,72.0,0.0,98.12864589691162
73,73.0,8.0,16.0,39.85859656333923,128.0,1.0,276175.0,772401.0,0.7366189956665039,2.0,2.0,2.0,0.265625,16.0,0.06799289824265177,0.03195793926715851,0.5385817289352417,17256.625,16.0,1.0,276175.0,138053.0,0.4998750792070245,128.0,1.0,9.957762987674108e-07,22.177906036376953,80.1079466342926,73.0,0.0,120.05558037757874
74,74.0,8.0,16.0,38.77966833114624,128.0,1.0,304383.0,744193.0,0.7097177505493164,2.0,2.0,2.0,0.3125,16.0,0.06818908918211344,0.03591931238770485,0.5171789526939392,19020.625,16.0,1.0,304383.0,152165.0,0.4999129386332351,128.0,1.0,9.956583302442543e-07,22.177906036376953,81.38071608543396,74.0,0.0,120.25227665901184
75,75.0,8.0,16.0,33.942548513412476,128.0,1.0,219868.0,828708.0,0.7903175354003906,2.0,2.0,2.0,0.34375,16.0,0.07495105264238947,0.03482520580291748,0.6634113192558289,13737.625,16.0,1.0,219868.0,109901.0,0.49984990994596756,128.0,1.0,9.9553874407739e-07,22.177906036376953,73.1009681224823,75.0,0.0,107.10394787788391
76,76.0,8.0,16.0,20.555826902389526,128.0,1.0,191641.0,856935.0,0.8172369003295898,2.0,2.0,2.0,0.5546875,16.0,0.06487781681598541,0.028069136664271355,0.5571721792221069,11973.0,16.0,1.0,191641.0,95784.0,0.4998095397122745,128.0,1.0,9.954175406571027e-07,22.177906036376953,63.91108727455139,76.0,0.0,84.58678698539734
77,77.0,8.0,16.0,38.56899881362915,128.0,1.0,243601.0,804975.0,0.7676839828491211,2.0,2.0,2.0,0.3515625,16.0,0.05170557267978693,0.023183342069387436,0.5105381608009338,15220.875,16.0,1.0,243601.0,121767.0,0.4998624800390803,128.0,1.0,9.952947203789548e-07,22.177906036376953,72.85663270950317,77.0,0.0,111.49084281921387
78,78.0,8.0,16.0,24.511114835739136,128.0,1.0,237817.0,810759.0,0.7732000350952148,2.0,2.0,2.0,0.359375,16.0,0.07162879401282637,0.03315092623233795,0.5146558284759521,14859.875,16.0,1.0,237817.0,118879.0,0.49987595504106097,128.0,1.0,9.951702836437858e-07,22.177906036376953,80.8486008644104,78.0,0.0,105.42208290100098
79,79.0,8.0,16.0,37.9622540473938,128.0,1.0,328313.0,720263.0,0.6868963241577148,2.0,2.0,2.0,0.203125,16.0,0.06984639932250396,0.03918841853737831,0.8411731123924255,20515.625,16.0,1.0,328313.0,164125.0,0.4999040549719323,128.0,1.0,9.950442308577112e-07,22.177906036376953,82.88289904594421,79.0,0.0,120.93244743347168
80,80.0,8.0,16.0,24.010053634643555,128.0,1.0,230172.0,818404.0,0.7804908752441406,2.0,2.0,2.0,0.5859375,16.0,0.06517407415500218,0.028178812935948372,0.4755503535270691,14382.25,16.0,1.0,230172.0,115058.0,0.49987835184123175,128.0,1.0,9.9491656243212e-07,22.177906036376953,66.77135705947876,80.0,0.0,90.83834028244019
81,81.0,8.0,16.0,34.55185294151306,128.0,1.0,299592.0,748984.0,0.7142868041992188,2.0,2.0,2.0,0.3671875,16.0,0.059754219398300265,0.035227976739406586,0.39565956592559814,18721.125,16.0,1.0,299592.0,149769.0,0.4999098774333093,128.0,1.0,9.947872787836738e-07,22.177906036376953,80.61885142326355,81.0,0.0,115.24511480331421
82,82.0,8.0,16.0,39.65367245674133,128.0,1.0,383083.0,665493.0,0.6346635818481445,2.0,2.0,2.0,0.3515625,16.0,0.059376373510249734,0.030772924423217773,0.4405103921890259,23939.125,16.0,1.0,383083.0,191513.0,0.4999256035898226,128.0,1.0,9.94656380334307e-07,22.177906036376953,90.76747727394104,82.0,0.0,130.5056722164154
83,83.0,8.0,16.0,34.65130043029785,128.0,1.0,256187.0,792389.0,0.755681037902832,2.0,2.0,2.0,0.4453125,16.0,0.06612512009896232,0.029382135719060898,0.5321179628372192,16008.0,16.0,1.0,256187.0,128064.0,0.4998848497386675,128.0,1.0,9.945238675112223e-07,22.177906036376953,70.11554861068726,83.0,0.0,104.83448219299316
84,84.0,8.0,16.0,22.30197811126709,128.0,1.0,287756.0,760820.0,0.7255744934082031,2.0,2.0,2.0,0.3828125,16.0,0.06700661375049556,0.0347847118973732,0.4783385694026947,17980.0,16.0,1.0,287756.0,143840.0,0.499867943674502,128.0,1.0,9.943897407468931e-07,22.177906036376953,75.19061970710754,84.0,0.0,97.56462097167969
85,85.0,8.0,16.0,28.380640745162964,128.0,1.0,207554.0,841022.0,0.8020610809326172,2.0,2.0,2.0,0.515625,16.0,0.07328291945768814,0.03588075190782547,0.603762149810791,12967.75,16.0,1.0,207554.0,103742.0,0.4998313691858504,128.0,1.0,9.942540004790583e-07,22.177906036376953,66.60321044921875,85.0,0.0,95.0428409576416
86,86.0,8.0,16.0,38.303337812423706,128.0,1.0,217215.0,831361.0,0.7928476333618164,2.0,2.0,2.0,0.234375,16.0,0.07109738075723675,0.03206832706928253,0.6068719625473022,13572.25,16.0,1.0,217215.0,108578.0,0.4998641898579748,128.0,1.0,9.941166471507237e-07,22.177906036376953,65.96870017051697,86.0,0.0,104.33069443702698
87,87.0,8.0,16.0,17.232980489730835,128.0,1.0,219254.0,829322.0,0.7909030914306641,2.0,2.0,2.0,0.5078125,16.0,0.050180076503344134,0.022957423701882362,0.39557522535324097,13699.375,16.0,1.0,219254.0,109595.0,0.4998540505532396,128.0,1.0,9.939776812101592e-07,22.177906036376953,63.909416913986206,87.0,0.0,81.20142936706543
88,88.0,8.0,16.0,39.83062720298767,128.0,1.0,307796.0,740780.0,0.7064628601074219,2.0,2.0,2.0,0.3203125,16.0,0.07003133902287549,0.03267243504524231,0.5017188787460327,19233.375,16.0,1.0,307796.0,153867.0,0.4998992839413118,128.0,1.0,9.938371031108981e-07,22.177906036376953,105.16471552848816,88.0,0.0,145.08569383621216
89,89.0,8.0,16.0,34.274789810180664,128.0,1.0,243351.0,805225.0,0.7679224014282227,2.0,2.0,2.0,0.2890625,16.0,0.06851435129901909,0.03311258181929588,0.49524593353271484,15205.0,16.0,1.0,243351.0,121640.0,0.49985412018031566,128.0,1.0,9.936949133117344e-07,22.177906036376953,74.21485018730164,89.0,0.0,108.55941224098206
90,90.0,8.0,16.0,36.90291666984558,128.0,1.0,245023.0,803553.0,0.7663278579711914,2.0,2.0,2.0,0.6171875,16.0,0.07262805820103167,0.03674516826868057,0.5891994833946228,15310.25,16.0,1.0,245023.0,122482.0,0.49987960313929714,128.0,1.0,9.935511122767227e-07,22.177906036376953,73.1925117969513,90.0,0.0,110.15808534622192
91,91.0,8.0,16.0,29.281956911087036,128.0,1.0,217961.0,830615.0,0.7921361923217773,2.0,2.0,2.0,0.4765625,16.0,0.06341196619776239,0.028837086632847786,0.5525716543197632,13618.625,16.0,1.0,217961.0,108949.0,0.4998554787324338,128.0,1.0,9.934057004751758e-07,22.177906036376953,68.19774270057678,91.0,0.0,97.53928518295288
92,92.0,8.0,16.0,34.31687521934509,128.0,1.0,328785.0,719791.0,0.6864461898803711,2.0,2.0,2.0,0.2890625,16.0,0.06338872334846725,0.03184714540839195,0.4882065951824188,20545.375,16.0,1.0,328785.0,164363.0,0.4999102757120915,128.0,1.0,9.932586783816634e-07,22.177906036376953,80.23613452911377,92.0,0.0,114.63452982902527
93,93.0,8.0,16.0,39.3809289932251,128.0,1.0,346466.0,702110.0,0.6695842742919922,2.0,2.0,2.0,0.1328125,16.0,0.06217421054381828,0.032392799854278564,0.4795847535133362,21650.125,16.0,1.0,346466.0,173201.0,0.49990763884479283,128.0,1.0,9.93110046476011e-07,22.177906036376953,90.30631422996521,93.0,0.0,129.77021861076355
94,94.0,8.0,16.0,27.55500340461731,128.0,1.0,237580.0,810996.0,0.7734260559082031,2.0,2.0,2.0,0.484375,16.0,0.057469969318554776,0.02814340405166149,1.3223787546157837,14845.25,16.0,1.0,237580.0,118762.0,0.49988214496169714,128.0,1.0,9.929598052432976e-07,22.177906036376953,68.75169396400452,94.0,0.0,96.37806248664856
95,95.0,8.0,16.0,38.94624972343445,128.0,1.0,224454.0,824122.0,0.7859439849853516,2.0,2.0,2.0,0.5,16.0,0.08705748315965543,0.0401182621717453,0.8752880692481995,14024.625,16.0,1.0,224454.0,112197.0,0.49986634232403965,128.0,1.0,9.928079551738541e-07,22.177906036376953,74.43851161003113,95.0,0.0,113.4455554485321
96,96.0,8.0,16.0,39.36288928985596,128.0,1.0,241163.0,807413.0,0.7700090408325195,2.0,2.0,2.0,0.3515625,16.0,0.08593148763361809,0.04506009444594383,0.5870643258094788,15069.0,16.0,1.0,241163.0,120552.0,0.4998776760945916,128.0,1.0,9.92654496763263e-07,22.177906036376953,73.71964716911316,96.0,0.0,113.14595937728882
97,97.0,8.0,16.0,30.346571683883667,128.0,1.0,221298.0,827278.0,0.7889537811279297,2.0,2.0,2.0,0.390625,16.0,0.05823920947976832,0.027928434312343597,0.593241810798645,13826.875,16.0,1.0,221298.0,110615.0,0.4998463610154633,128.0,1.0,9.924994305123548e-07,22.177906036376953,83.61330318450928,97.0,0.0,114.01719832420349
98,98.0,8.0,16.0,22.431878566741943,128.0,1.0,169688.0,878888.0,0.8381729125976562,2.0,2.0,2.0,0.5546875,16.0,0.06773265500580658,0.0318698026239872,0.7053791880607605,10601.125,16.0,1.0,169688.0,84809.0,0.499793739097638,128.0,1.0,9.923427569272083e-07,22.177906036376953,60.41262197494507,98.0,0.0,82.8931155204773
99,99.0,8.0,16.0,27.508246660232544,128.0,1.0,229430.0,819146.0,0.7811985015869141,2.0,2.0,2.0,0.6640625,16.0,0.05082309914008069,0.02408987656235695,0.5677055716514587,14335.5,16.0,1.0,229430.0,114684.0,0.49986488253497796,128.0,1.0,9.921844765191471e-07,22.177906036376953,76.99616599082947,99.0,0.0,104.55936861038208
100,100.0,8.0,16.0,40.67666149139404,128.0,1.0,189876.0,858700.0,0.8189201354980469,2.0,2.0,2.0,0.65625,16.0,0.05201140116049104,0.021500132977962494,0.5810577869415283,11863.375,16.0,1.0,189876.0,94907.0,0.4998367355537298,128.0,1.0,9.920245898047395e-07,22.177906036376953,70.10246205329895,100.0,0.0,333.8160421848297
101,101.0,8.0,16.0,39.86025333404541,128.0,1.0,276025.0,772551.0,0.7367620468139648,2.0,2.0,2.0,0.3671875,16.0,0.06268908414204413,0.03419532626867294,0.4946877062320709,17247.875,16.0,1.0,276025.0,137983.0,0.4998931256226791,128.0,1.0,9.91863097305796e-07,22.177906036376953,94.401371717453,101.0,0.0,134.33665251731873
102,102.0,8.0,16.0,31.73989987373352,128.0,1.0,290232.0,758344.0,0.7232131958007812,2.0,2.0,2.0,0.3828125,16.0,0.05794319940787677,0.029557621106505394,0.4203808903694153,18135.0,16.0,1.0,290232.0,145080.0,0.49987596129992556,128.0,1.0,9.91699999549368e-07,22.177906036376953,77.05178713798523,102.0,0.0,108.86404919624329
103,103.0,8.0,16.0,32.46696090698242,128.0,1.0,293410.0,755166.0,0.7201824188232422,2.0,2.0,2.0,0.3515625,16.0,0.06478978012418125,0.03436904400587082,0.46890687942504883,18334.375,16.0,1.0,293410.0,146675.0,0.49989775399611464,128.0,1.0,9.915352970677457e-07,22.177906036376953,83.39457058906555,103.0,0.0,115.9351110458374
104,104.0,8.0,16.0,39.48424434661865,128.0,1.0,163538.0,885038.0,0.8440380096435547,2.0,2.0,2.0,0.546875,16.0,0.07368613366985428,0.032986387610435486,0.7159852385520935,10217.0,16.0,1.0,163538.0,81736.0,0.4997982120363463,128.0,1.0,9.91368990398456e-07,22.177906036376953,64.598464012146,104.0,0.0,104.12861251831055
105,105.0,8.0,16.0,14.055951833724976,128.0,1.0,157598.0,890978.0,0.8497028350830078,2.0,2.0,2.0,0.703125,16.0,0.06933460497953739,0.025180170312523842,0.6420001983642578,9845.75,16.0,1.0,157598.0,78766.0,0.4997906064797777,128.0,1.0,9.912010800842624e-07,22.177906036376953,59.307413816452026,105.0,0.0,73.4057776927948
106,106.0,8.0,16.0,39.54512405395508,128.0,1.0,256793.0,791783.0,0.7551031112670898,2.0,2.0,2.0,0.4296875,16.0,0.04841554995966573,0.023308780044317245,0.5223336815834045,16045.5,16.0,1.0,256793.0,128364.0,0.4998734389177275,128.0,1.0,9.910315666731613e-07,22.177906036376953,83.86293292045593,106.0,0.0,123.46893191337585
107,107.0,8.0,16.0,38.79306697845459,128.0,1.0,238218.0,810358.0,0.7728176116943359,2.0,2.0,2.0,0.53125,16.0,0.07565775756064555,0.040174588561058044,0.5558093786239624,14885.125,16.0,1.0,238218.0,119081.0,0.49988246060331293,128.0,1.0,9.90860450718381e-07,22.177906036376953,75.56732845306396,107.0,0.0,114.42960453033447
108,108.0,8.0,16.0,38.57504987716675,128.0,1.0,338169.0,710407.0,0.6774969100952148,2.0,2.0,2.0,0.28125,16.0,0.06690164455220338,0.03479696437716484,0.47789466381073,21131.625,16.0,1.0,338169.0,169053.0,0.4999068513080738,128.0,1.0,9.9068773277838e-07,22.177906036376953,85.87039422988892,108.0,0.0,124.52467250823975
109,109.0,8.0,16.0,25.122654914855957,128.0,1.0,246622.0,801954.0,0.7648029327392578,2.0,2.0,2.0,0.46875,16.0,0.05413275286587624,0.023718515411019325,0.45320481061935425,15409.875,16.0,1.0,246622.0,123279.0,0.4998702467744159,128.0,1.0,9.905134134168454e-07,22.177906036376953,72.86477518081665,109.0,0.0,98.0464677810669
110,110.0,8.0,16.0,30.994566440582275,128.0,1.0,187006.0,861570.0,0.8216571807861328,2.0,2.0,2.0,0.7421875,16.0,0.05821250562653776,0.025179855525493622,0.5715462565422058,11683.5,16.0,1.0,187006.0,93468.0,0.4998128402297253,128.0,1.0,9.903374932026901e-07,22.177906036376953,62.890411376953125,110.0,0.0,93.94047713279724
111,111.0,8.0,16.0,38.68736171722412,128.0,1.0,264654.0,783922.0,0.7476062774658203,2.0,2.0,2.0,0.46875,16.0,0.060540287719505405,0.033715710043907166,0.5287500619888306,16536.625,16.0,1.0,264654.0,132293.0,0.49987153037550913,128.0,1.0,9.901599727100526e-07,22.177906036376953,91.81209349632263,111.0,0.0,130.5661792755127
112,112.0,8.0,16.0,29.721596479415894,128.0,1.0,285751.0,762825.0,0.7274866104125977,2.0,2.0,2.0,0.3515625,16.0,0.05133684888682961,0.02634354867041111,0.42967280745506287,17855.25,16.0,1.0,285751.0,142842.0,0.4998827650646892,128.0,1.0,9.899808525182934e-07,22.177906036376953,79.16137266159058,112.0,0.0,108.95791006088257
113,113.0,8.0,16.0,41.48808526992798,128.0,1.0,322632.0,725944.0,0.6923141479492188,2.0,2.0,2.0,0.421875,16.0,0.058342793253776795,0.030684631317853928,0.4053410589694977,20160.125,16.0,1.0,322632.0,161281.0,0.49989151727045056,128.0,1.0,9.898001332119935e-07,22.177906036376953,84.89874458312988,113.0,0.0,126.46683526039124
114,114.0,8.0,16.0,27.075539112091064,128.0,1.0,266327.0,782249.0,0.7460107803344727,2.0,2.0,2.0,0.25,16.0,0.073967527730759,0.03572406247258186,0.6328047513961792,16642.0,16.0,1.0,266327.0,133136.0,0.49989674347700386,128.0,1.0,9.896178153809537e-07,22.177906036376953,72.69920802116394,114.0,0.0,99.84299087524414
115,115.0,8.0,16.0,41.1523642539978,128.0,1.0,261936.0,786640.0,0.7501983642578125,2.0,2.0,2.0,0.4765625,16.0,0.06724899467970949,0.03467298299074173,0.5146440267562866,16366.625,16.0,1.0,261936.0,130933.0,0.49986637957363633,128.0,1.0,9.894338996201908e-07,22.177906036376953,75.45845532417297,115.0,0.0,116.68539905548096
116,116.0,8.0,16.0,30.52965784072876,128.0,1.0,245046.0,803530.0,0.7663059234619141,2.0,2.0,2.0,0.390625,16.0,0.05298702936224692,0.024975093081593513,0.4679078459739685,15311.0,16.0,1.0,245046.0,122488.0,0.49985716967426524,128.0,1.0,9.892483865299374e-07,22.177906036376953,74.8319902420044,116.0,0.0,105.42416310310364
117,117.0,8.0,16.0,29.144367933273315,128.0,1.0,230941.0,817635.0,0.7797574996948242,2.0,2.0,2.0,0.515625,16.0,0.06811526140760542,0.030003096908330917,0.5612890720367432,14430.25,16.0,1.0,230941.0,115442.0,0.4998765918567946,128.0,1.0,9.890612767156392e-07,22.177906036376953,73.5343508720398,117.0,0.0,102.74939155578613
118,118.0,8.0,16.0,35.83068776130676,128.0,1.0,286449.0,762127.0,0.7268209457397461,2.0,2.0,2.0,0.296875,16.0,0.0571841852987186,0.029685115441679955,0.37364453077316284,17899.375,16.0,1.0,286449.0,143195.0,0.499897014826374,128.0,1.0,9.888725707879524e-07,22.177906036376953,78.88571429252625,118.0,0.0,114.79487991333008
119,119.0,8.0,16.0,40.58209276199341,128.0,1.0,261853.0,786723.0,0.7502775192260742,2.0,2.0,2.0,0.4296875,16.0,0.06485583242198578,0.03049401193857193,0.49437791109085083,16361.5,16.0,1.0,261853.0,130892.0,0.49986824668802726,128.0,1.0,9.88682269362743e-07,22.177906036376953,78.02124619483948,119.0,0.0,118.66996026039124
120,120.0,8.0,16.0,29.09850811958313,128.0,1.0,253283.0,795293.0,0.7584505081176758,2.0,2.0,2.0,0.1796875,16.0,0.06454657806192664,0.02979876473546028,0.46373751759529114,15826.0,16.0,1.0,253283.0,126608.0,0.49986773687930103,128.0,1.0,9.884903730610836e-07,22.177906036376953,74.00600862503052,120.0,0.0,103.17406368255615
121,121.0,8.0,16.0,25.984389543533325,128.0,1.0,228712.0,819864.0,0.7818832397460938,2.0,2.0,2.0,0.359375,16.0,0.07230100920285377,0.03191409260034561,0.6261852979660034,14290.5,16.0,1.0,228712.0,114324.0,0.49986008604708104,128.0,1.0,9.882968825092521e-07,22.177906036376953,67.70050573348999,121.0,0.0,93.74419069290161
122,122.0,8.0,16.0,22.591283321380615,128.0,1.0,192958.0,855618.0,0.8159809112548828,2.0,2.0,2.0,0.625,16.0,0.05470466691418209,0.02325410582125187,0.5450278520584106,12056.125,16.0,1.0,192958.0,96449.0,0.499844525751718,128.0,1.0,9.881017983387296e-07,22.177906036376953,68.23079061508179,122.0,0.0,90.8687071800232
123,123.0,8.0,16.0,39.73001503944397,128.0,1.0,298788.0,749788.0,0.7150535583496094,2.0,2.0,2.0,0.3671875,16.0,0.0633279228315582,0.032645221799612045,0.42567282915115356,18671.125,16.0,1.0,298788.0,149369.0,0.4999163286343494,128.0,1.0,9.879051211861977e-07,22.177906036376953,79.31515073776245,123.0,0.0,119.12295746803284
124,124.0,8.0,16.0,21.461627960205078,128.0,1.0,256816.0,791760.0,0.7550811767578125,2.0,2.0,2.0,0.4609375,16.0,0.07007126428729363,0.03510348126292229,0.6684983968734741,16047.125,16.0,1.0,256816.0,128377.0,0.4998792910099059,128.0,1.0,9.87706851693537e-07,22.177906036376953,77.9739887714386,124.0,0.0,99.50118207931519
125,125.0,8.0,16.0,17.12483501434326,128.0,1.0,168499.0,880077.0,0.8393068313598633,2.0,2.0,2.0,0.421875,16.0,0.06583063728358518,0.029597684741020203,0.5999500751495361,10527.5,16.0,1.0,168499.0,84220.0,0.49982492477700163,128.0,1.0,9.87506990507826e-07,22.177906036376953,57.78022384643555,125.0,0.0,74.95651841163635
126,126.0,8.0,16.0,33.97230863571167,128.0,1.0,254495.0,794081.0,0.7572946548461914,2.0,2.0,2.0,0.3359375,16.0,0.07180660641924773,0.03573868051171303,0.5458579659461975,15901.875,16.0,1.0,254495.0,127215.0,0.4998722961158372,128.0,1.0,9.87305538281336e-07,22.177906036376953,76.16862463951111,126.0,0.0,110.20973920822144
127,127.0,8.0,16.0,39.626678466796875,128.0,1.0,230858.0,817718.0,0.7798366546630859,2.0,2.0,2.0,0.4765625,16.0,0.07430000119682452,0.036539867520332336,0.5106738209724426,14425.375,16.0,1.0,230858.0,115403.0,0.49988737665577976,128.0,1.0,9.871024956715323e-07,22.177906036376953,75.19372391700745,127.0,0.0,114.91402077674866
128,128.0,8.0,16.0,27.91142225265503,128.0,1.0,248895.0,799681.0,0.7626352310180664,2.0,2.0,2.0,0.5078125,16.0,0.049524577014662494,0.022757569327950478,0.5525781512260437,15551.125,16.0,1.0,248895.0,124409.0,0.4998453162980373,128.0,1.0,9.8689786334107e-07,22.177906036376953,66.6102180480957,128.0,0.0,94.58506608009338
129,129.0,8.0,16.0,31.59454584121704,128.0,1.0,265074.0,783502.0,0.7472057342529297,2.0,2.0,2.0,0.4296875,16.0,0.05503914508819418,0.023338904604315758,0.4529939293861389,16563.25,16.0,1.0,265074.0,132506.0,0.4998830515252345,128.0,1.0,9.86691641957793e-07,22.177906036376953,81.5460934638977,129.0,0.0,113.20753693580627
130,130.0,8.0,16.0,36.05640149116516,128.0,1.0,240306.0,808270.0,0.7708263397216797,2.0,2.0,2.0,0.3671875,16.0,0.062353959874811966,0.030525317415595055,0.5375240445137024,15015.5,16.0,1.0,240306.0,120124.0,0.4998793205329871,128.0,1.0,9.864838321947301e-07,22.177906036376953,82.45193362236023,130.0,0.0,118.57326579093933
131,131.0,8.0,16.0,28.273970127105713,128.0,1.0,228379.0,820197.0,0.782200813293457,2.0,2.0,2.0,0.390625,16.0,0.08499800544742339,0.04278136044740677,0.5902061462402344,14269.875,16.0,1.0,228379.0,114159.0,0.4998664500676507,128.0,1.0,9.862744347300956e-07,22.177906036376953,74.28987121582031,131.0,0.0,102.63577365875244
132,132.0,8.0,16.0,23.919013023376465,128.0,1.0,258226.0,790350.0,0.7537364959716797,2.0,2.0,2.0,0.375,16.0,0.06655293816649657,0.03309401497244835,0.5147729516029358,16136.125,16.0,1.0,258226.0,129089.0,0.4999070581583574,128.0,1.0,9.86063450247284e-07,22.177906036376953,68.78578495979309,132.0,0.0,92.77228260040283
133,133.0,8.0,16.0,16.04298758506775,128.0,1.0,165499.0,883077.0,0.842167854309082,2.0,2.0,2.0,0.4140625,16.0,0.09606840935294482,0.04404349997639656,0.7637386322021484,10339.25,16.0,1.0,165499.0,82714.0,0.49978549719333654,128.0,1.0,9.858508794348705e-07,22.177906036376953,60.05011987686157,133.0,0.0,76.14066338539124
134,134.0,8.0,16.0,22.144609212875366,128.0,1.0,263060.0,785516.0,0.7491264343261719,2.0,2.0,2.0,0.359375,16.0,0.06297043319547493,0.031217696145176888,0.5397596955299377,16437.125,16.0,1.0,263060.0,131497.0,0.4998745533338402,128.0,1.0,9.856367229866063e-07,22.177906036376953,71.91700458526611,134.0,0.0,94.12888669967651
135,135.0,8.0,16.0,26.892053842544556,128.0,1.0,190757.0,857819.0,0.818079948425293,2.0,2.0,2.0,0.390625,16.0,0.06878092265042132,0.027158595621585846,0.575570821762085,11918.25,16.0,1.0,190757.0,95346.0,0.49982962617361354,128.0,1.0,9.854209816014183e-07,22.177906036376953,67.24474143981934,135.0,0.0,94.19094634056091
136,136.0,8.0,16.0,24.992392539978027,128.0,1.0,215823.0,832753.0,0.7941751480102539,2.0,2.0,2.0,0.6640625,16.0,0.06340003589313035,0.031047163531184196,0.5208929181098938,13484.875,16.0,1.0,215823.0,107879.0,0.49984941363988084,128.0,1.0,9.852036559834058e-07,22.177906036376953,68.24137878417969,136.0,0.0,93.30263948440552
137,137.0,8.0,16.0,37.52728199958801,128.0,1.0,268686.0,779890.0,0.7437610626220703,2.0,2.0,2.0,0.59375,16.0,0.056880958085038645,0.028110789135098457,0.5165929198265076,16788.5,16.0,1.0,268686.0,134308.0,0.49986973642095234,128.0,1.0,9.849847468418386e-07,22.177906036376953,93.75775933265686,137.0,0.0,131.35413765907288
138,138.0,8.0,16.0,26.38597345352173,128.0,1.0,223018.0,825558.0,0.7873134613037109,2.0,2.0,2.0,0.453125,16.0,0.05674128279772108,0.026871901005506516,0.4426792860031128,13934.75,16.0,1.0,223018.0,111478.0,0.4998609977669964,128.0,1.0,9.847642548911543e-07,22.177906036376953,67.33629751205444,138.0,0.0,93.783438205719
139,139.0,8.0,16.0,31.40204691886902,128.0,1.0,266030.0,782546.0,0.7462940216064453,2.0,2.0,2.0,0.53125,16.0,0.054606903093493704,0.02629867196083069,0.4334873855113983,16623.0,16.0,1.0,266030.0,132984.0,0.49988347178889597,128.0,1.0,9.845421808509562e-07,22.177906036376953,75.96284914016724,139.0,0.0,107.42808294296265
140,140.0,8.0,16.0,29.079771995544434,128.0,1.0,266154.0,782422.0,0.7461757659912109,2.0,2.0,2.0,0.328125,16.0,0.05606612321226254,0.02789340168237686,0.5816961526870728,16630.5,16.0,1.0,266154.0,133044.0,0.4998760116323632,128.0,1.0,9.84318525446011e-07,22.177906036376953,77.49731969833374,140.0,0.0,106.64021801948547
141,141.0,8.0,16.0,36.236807107925415,128.0,1.0,327890.0,720686.0,0.6872997283935547,2.0,2.0,2.0,0.28125,16.0,0.05462372412620713,0.030590921640396118,0.3789304196834564,20489.25,16.0,1.0,327890.0,163914.0,0.4999054560980817,128.0,1.0,9.840932894062467e-07,22.177906036376953,87.02762961387634,141.0,0.0,123.34466910362244
142,142.0,8.0,16.0,37.819289445877075,128.0,1.0,237838.0,810738.0,0.7731800079345703,2.0,2.0,2.0,0.453125,16.0,0.061598245006934185,0.030269179493188858,0.48244568705558777,14861.25,16.0,1.0,237838.0,118890.0,0.49987806826495346,128.0,1.0,9.838664734667495e-07,22.177906036376953,76.0777952671051,142.0,0.0,113.9573233127594
143,143.0,8.0,16.0,28.457584857940674,128.0,1.0,219998.0,828578.0,0.7901935577392578,2.0,2.0,2.0,0.5703125,16.0,0.03762682164951241,0.01737649366259575,0.6918386220932007,13745.75,16.0,1.0,219998.0,109966.0,0.49984999863635127,128.0,1.0,9.836380783677616e-07,22.177906036376953,65.14854979515076,143.0,0.0,93.65955328941345
144,144.0,8.0,16.0,24.133668661117554,128.0,1.0,222129.0,826447.0,0.7881612777709961,2.0,2.0,2.0,0.59375,16.0,0.08658557780080754,0.042721040546894073,0.6228558421134949,13878.875,16.0,1.0,222129.0,111031.0,0.4998491867338348,128.0,1.0,9.8340810485468e-07,22.177906036376953,67.15390276908875,144.0,0.0,91.34726977348328
145,145.0,8.0,16.0,19.511409521102905,128.0,1.0,236481.0,812095.0,0.7744741439819336,2.0,2.0,2.0,0.46875,16.0,0.05922686640283659,0.027631351724267006,0.5186457633972168,14775.625,16.0,1.0,236481.0,118205.0,0.49984988223155347,128.0,1.0,9.831765536780517e-07,22.177906036376953,66.85866236686707,145.0,0.0,86.42788195610046
146,146.0,8.0,16.0,19.52017116546631,128.0,1.0,201033.0,847543.0,0.8082799911499023,2.0,2.0,2.0,0.46875,16.0,0.0641750788277202,0.030547399073839188,0.5394587516784668,12560.0,16.0,1.0,201033.0,100480.0,0.4998184377689235,128.0,1.0,9.829434255935738e-07,22.177906036376953,60.572827100753784,146.0,0.0,80.15141463279724
147,147.0,8.0,16.0,27.014944314956665,128.0,1.0,236835.0,811741.0,0.7741365432739258,2.0,2.0,2.0,0.3828125,16.0,0.08035944436755116,0.04007001593708992,0.5760422945022583,14798.125,16.0,1.0,236835.0,118385.0,0.4998627736609876,128.0,1.0,9.82708721362089e-07,22.177906036376953,67.08619356155396,147.0,0.0,94.16358184814453
148,148.0,8.0,16.0,38.472055435180664,128.0,1.0,228916.0,819660.0,0.7816886901855469,2.0,2.0,2.0,0.671875,16.0,0.04963066860358488,0.02359074354171753,0.3997269868850708,14303.375,16.0,1.0,228916.0,114427.0,0.499864579146936,128.0,1.0,9.824724417495843e-07,22.177906036376953,86.95139861106873,148.0,0.0,125.48016738891602
149,149.0,8.0,16.0,25.104530096054077,128.0,1.0,286360.0,762216.0,0.7269058227539062,2.0,2.0,2.0,0.2734375,16.0,0.07256802691549448,0.03446140140295029,0.5145571827888489,17893.75,16.0,1.0,286360.0,143150.0,0.4998952367649113,128.0,1.0,9.822345875271883e-07,22.177906036376953,73.99266195297241,149.0,0.0,99.16531682014465
150,150.0,8.0,16.0,19.630143404006958,128.0,1.0,182289.0,866287.0,0.8261556625366211,2.0,2.0,2.0,0.4609375,16.0,0.07560543091444998,0.03245692327618599,0.6552062630653381,11389.75,16.0,1.0,182289.0,91118.0,0.49985462644482115,128.0,1.0,9.819951594711682e-07,22.177906036376953,68.61290001869202,150.0,0.0,311.15503120422363
151,151.0,8.0,16.0,24.00767683982849,128.0,1.0,231571.0,817005.0,0.7791566848754883,2.0,2.0,2.0,0.4453125,16.0,0.06355890402475858,0.03102133981883526,0.5547146797180176,14468.625,16.0,1.0,231571.0,115749.0,0.4998423809544373,128.0,1.0,9.817541583629278e-07,22.177906036376953,68.86647748947144,151.0,0.0,92.93564486503601
152,152.0,8.0,16.0,21.4185528755188,128.0,1.0,184573.0,864003.0,0.8239774703979492,2.0,2.0,2.0,0.40625,16.0,0.07336117966263081,0.03227083012461662,0.6341526508331299,11532.125,16.0,1.0,184573.0,92257.0,0.49984017163940553,128.0,1.0,9.815115849890047e-07,22.177906036376953,73.43688130378723,152.0,0.0,94.90401792526245
153,153.0,8.0,16.0,18.801891565322876,128.0,1.0,204540.0,844036.0,0.8049354553222656,2.0,2.0,2.0,0.1796875,16.0,0.08717866303060605,0.040254879742860794,0.5999259948730469,12780.25,16.0,1.0,204540.0,102242.0,0.4998631074606434,128.0,1.0,9.81267440141068e-07,22.177906036376953,64.6613461971283,153.0,0.0,83.52530217170715
154,154.0,8.0,16.0,27.793508529663086,128.0,1.0,240834.0,807742.0,0.7703227996826172,2.0,2.0,2.0,0.4765625,16.0,0.07488320680201205,0.035870566964149475,0.5934568047523499,15048.25,16.0,1.0,240834.0,120386.0,0.4998712806331332,128.0,1.0,9.81021724615915e-07,22.177906036376953,69.71223020553589,154.0,0.0,97.56490755081177
155,155.0,8.0,16.0,40.42340159416199,128.0,1.0,211633.0,836943.0,0.7981710433959961,2.0,2.0,2.0,0.5234375,16.0,0.06707871609090561,0.03128702566027641,0.5965069532394409,13223.0,16.0,1.0,211633.0,105784.0,0.4998464322671795,128.0,1.0,9.807744392154699e-07,22.177906036376953,77.84780025482178,155.0,0.0,118.32469320297241
156,156.0,8.0,16.0,35.931511640548706,128.0,1.0,241229.0,807347.0,0.7699460983276367,2.0,2.0,2.0,0.5234375,16.0,0.0645483233336607,0.03259337320923805,0.5889791250228882,15072.5,16.0,1.0,241229.0,120580.0,0.49985698236944975,128.0,1.0,9.805255847467792e-07,22.177906036376953,78.8568799495697,156.0,0.0,114.84841752052307
157,157.0,8.0,16.0,22.146125555038452,128.0,1.0,209829.0,838747.0,0.799891471862793,2.0,2.0,2.0,0.4375,16.0,0.06421486251013216,0.028789006173610687,0.6461490988731384,13109.875,16.0,1.0,209829.0,104879.0,0.4998308146157109,128.0,1.0,9.802751620220117e-07,22.177906036376953,70.67777824401855,157.0,0.0,92.88036918640137
158,158.0,8.0,16.0,28.33968997001648,128.0,1.0,311431.0,737145.0,0.7029962539672852,2.0,2.0,2.0,0.2890625,16.0,0.05225837871545201,0.029110386967658997,0.35725560784339905,19460.125,16.0,1.0,311431.0,155681.0,0.4998892210473588,128.0,1.0,9.80023171858453e-07,22.177906036376953,79.994952917099,158.0,0.0,108.40774941444397
159,159.0,8.0,16.0,21.306945323944092,128.0,1.0,225393.0,823183.0,0.7850484848022461,2.0,2.0,2.0,0.59375,16.0,0.06801992682287512,0.03078179620206356,0.5194613933563232,14083.125,16.0,1.0,225393.0,112665.0,0.49986024410695984,128.0,1.0,9.797696150785057e-07,22.177906036376953,70.32083988189697,159.0,0.0,91.68457984924316
160,160.0,8.0,16.0,26.82399320602417,128.0,1.0,234272.0,814304.0,0.776580810546875,2.0,2.0,2.0,0.4609375,16.0,0.05869899717251696,0.02698606811463833,0.48338401317596436,14638.0,16.0,1.0,234272.0,117104.0,0.49986340663843737,128.0,1.0,9.795144925096836e-07,22.177906036376953,68.50026512145996,160.0,0.0,95.38834929466248
161,161.0,8.0,16.0,33.8240020275116,128.0,1.0,183982.0,864594.0,0.8245410919189453,2.0,2.0,2.0,0.5859375,16.0,0.07817627947836449,0.03140302374958992,0.8154144287109375,11495.625,16.0,1.0,183982.0,91965.0,0.4998586818275701,128.0,1.0,9.792578049846122e-07,22.177906036376953,68.8309965133667,161.0,0.0,102.70324492454529
162,162.0,8.0,16.0,38.89708757400513,128.0,1.0,309657.0,738919.0,0.7046880722045898,2.0,2.0,2.0,0.421875,16.0,0.05584178020465962,0.030447082594037056,0.502794086933136,19350.125,16.0,1.0,309657.0,154801.0,0.4999111920608932,128.0,1.0,9.789995533410233e-07,22.177906036376953,84.93867230415344,162.0,0.0,123.91194224357605
163,163.0,8.0,16.0,28.396965980529785,128.0,1.0,235050.0,813526.0,0.7758388519287109,2.0,2.0,2.0,0.4765625,16.0,0.06642249239649055,0.03184838220477104,0.4596973657608032,14686.625,16.0,1.0,235050.0,117493.0,0.49986385875345674,128.0,1.0,9.787397384217538e-07,22.177906036376953,74.31946730613708,163.0,0.0,102.77676343917847
164,164.0,8.0,16.0,24.60020637512207,128.0,1.0,216554.0,832022.0,0.7934780120849609,2.0,2.0,2.0,0.3828125,16.0,0.06892814254307336,0.03067699819803238,0.6522217392921448,13530.5,16.0,1.0,216554.0,108244.0,0.4998476130664869,128.0,1.0,9.784783610747428e-07,22.177906036376953,65.52670001983643,164.0,0.0,90.18490791320801
165,165.0,8.0,16.0,20.755340099334717,128.0,1.0,240440.0,808136.0,0.7706985473632812,2.0,2.0,2.0,0.5,16.0,0.06711631595354417,0.036723047494888306,0.5087562203407288,15023.125,16.0,1.0,240440.0,120185.0,0.4998544335385127,128.0,1.0,9.782154221530284e-07,22.177906036376953,67.64412689208984,165.0,0.0,88.46544551849365
166,166.0,8.0,16.0,30.959973096847534,128.0,1.0,212254.0,836322.0,0.7975788116455078,2.0,2.0,2.0,0.7890625,16.0,0.056527516076974746,0.024928053840994835,0.5290836691856384,13261.375,16.0,1.0,212254.0,106091.0,0.4998303918889632,128.0,1.0,9.77950922514745e-07,22.177906036376953,74.0449914932251,166.0,0.0,105.06711769104004
167,167.0,8.0,16.0,31.247642278671265,128.0,1.0,284252.0,764324.0,0.7289161682128906,2.0,2.0,2.0,0.390625,16.0,0.06881787319903833,0.0375877320766449,0.4364352226257324,17762.25,16.0,1.0,284252.0,142098.0,0.4999014958557899,128.0,1.0,9.776848630231204e-07,22.177906036376953,84.6267580986023,167.0,0.0,115.94646000862122
168,168.0,8.0,16.0,29.16957187652588,128.0,1.0,222435.0,826141.0,0.7878694534301758,2.0,2.0,2.0,0.3359375,16.0,0.07463216574392813,0.03565848246216774,0.5914506316184998,13898.375,16.0,1.0,222435.0,111187.0,0.4998628812911637,128.0,1.0,9.774172445464737e-07,22.177906036376953,71.2688467502594,168.0,0.0,100.50201749801636
169,169.0,8.0,16.0,39.64740586280823,128.0,1.0,309644.0,738932.0,0.7047004699707031,2.0,2.0,2.0,0.609375,16.0,0.062205262507989564,0.03221392259001732,0.5263151526451111,19349.0,16.0,1.0,309644.0,154792.0,0.4999031145444446,128.0,1.0,9.771480679582116e-07,22.177906036376953,77.82987236976624,169.0,0.0,117.57067227363586
170,170.0,8.0,16.0,35.34077978134155,128.0,1.0,297729.0,750847.0,0.7160634994506836,2.0,2.0,2.0,0.421875,16.0,0.05785599624803788,0.032707929611206055,0.40112873911857605,18604.125,16.0,1.0,297729.0,148833.0,0.49989419908708926,128.0,1.0,9.768773341368262e-07,22.177906036376953,88.45583415031433,170.0,0.0,123.87362170219421
171,171.0,8.0,16.0,38.621583223342896,128.0,1.0,280985.0,767591.0,0.7320318222045898,2.0,2.0,2.0,0.5234375,16.0,0.05938934372236339,0.02977537177503109,0.43096813559532166,17557.5,16.0,1.0,280985.0,140460.0,0.49988433546274713,128.0,1.0,9.766050439658912e-07,22.177906036376953,85.8269145488739,171.0,0.0,124.51898169517517
172,172.0,8.0,16.0,41.693527936935425,128.0,1.0,375493.0,673083.0,0.641901969909668,2.0,2.0,2.0,0.265625,16.0,0.05990343466798212,0.030105166137218475,0.398402601480484,23464.125,16.0,1.0,375493.0,187713.0,0.4999107839560258,128.0,1.0,9.763311983340602e-07,22.177906036376953,87.75733757019043,172.0,0.0,129.53954005241394
173,173.0,8.0,16.0,22.17641043663025,128.0,1.0,153719.0,894857.0,0.8534021377563477,2.0,2.0,2.0,0.65625,16.0,0.07993151763766237,0.02998960204422474,1.0454257726669312,9603.125,16.0,1.0,153719.0,76825.0,0.49977556450406263,128.0,1.0,9.760557981350632e-07,22.177906036376953,64.18084001541138,173.0,0.0,86.40624356269836
174,174.0,8.0,16.0,33.36644148826599,128.0,1.0,322717.0,725859.0,0.6922330856323242,2.0,2.0,2.0,0.3515625,16.0,0.060453010755265844,0.028886742889881134,0.4482289254665375,20165.5,16.0,1.0,322717.0,161324.0,0.49989309518866376,128.0,1.0,9.757788442677034e-07,22.177906036376953,75.97017049789429,174.0,0.0,109.43340635299683
175,175.0,8.0,16.0,29.26069164276123,128.0,1.0,275382.0,773194.0,0.7373752593994141,2.0,2.0,2.0,0.4140625,16.0,0.06427537168926864,0.032393161207437515,0.535148024559021,17208.125,16.0,1.0,275382.0,137665.0,0.4999055856955066,128.0,1.0,9.75500337635855e-07,22.177906036376953,79.8649673461914,175.0,0.0,109.20097088813782
176,176.0,8.0,16.0,36.06779408454895,128.0,1.0,248571.0,800005.0,0.762944221496582,2.0,2.0,2.0,0.390625,16.0,0.059777291242016785,0.028191663324832916,1.326499342918396,15531.625,16.0,1.0,248571.0,124253.0,0.49986925264813675,128.0,1.0,9.752202791484596e-07,22.177906036376953,69.14627075195312,176.0,0.0,105.2792592048645
177,177.0,8.0,16.0,39.52230978012085,128.0,1.0,284133.0,764443.0,0.729029655456543,2.0,2.0,2.0,0.46875,16.0,0.05558105920930433,0.027282891795039177,0.44352900981903076,17754.25,16.0,1.0,284133.0,142034.0,0.4998856169469931,128.0,1.0,9.749386697195235e-07,22.177906036376953,81.49692344665527,177.0,0.0,121.09028267860413
178,178.0,8.0,16.0,34.962982177734375,128.0,1.0,208797.0,839779.0,0.8008756637573242,2.0,2.0,2.0,0.53125,16.0,0.058636482646616354,0.023145310580730438,0.6163345575332642,13045.5,16.0,1.0,208797.0,104364.0,0.49983476774091584,128.0,1.0,9.746555102681149e-07,22.177906036376953,67.49749064445496,178.0,0.0,102.51632905006409
179,179.0,8.0,16.0,30.21690011024475,128.0,1.0,199306.0,849270.0,0.8099269866943359,2.0,2.0,2.0,0.484375,16.0,0.058844543345230656,0.029743794351816177,0.5301179885864258,12452.5,16.0,1.0,199306.0,99620.0,0.4998344254563335,128.0,1.0,9.7437080171836e-07,22.177906036376953,67.0060601234436,179.0,0.0,97.27562308311462
180,180.0,8.0,16.0,24.33325719833374,128.0,1.0,252981.0,795595.0,0.7587385177612305,2.0,2.0,2.0,0.4609375,16.0,0.06375593132998252,0.0340886227786541,0.448390930891037,15807.5,16.0,1.0,252981.0,126460.0,0.4998794375862219,128.0,1.0,9.740845449994419e-07,22.177906036376953,69.50886821746826,180.0,0.0,93.90992474555969
181,181.0,8.0,16.0,24.200251579284668,128.0,1.0,251063.0,797513.0,0.7605676651000977,2.0,2.0,2.0,0.3984375,16.0,0.051617543543724984,0.02792799286544323,0.4516362249851227,15687.375,16.0,1.0,251063.0,125499.0,0.4998705504196158,128.0,1.0,9.73796741045595e-07,22.177906036376953,82.75325989723206,181.0,0.0,107.01945304870605
182,182.0,8.0,16.0,25.784525394439697,128.0,1.0,270359.0,778217.0,0.7421655654907227,2.0,2.0,2.0,0.21875,16.0,0.06115366178256381,0.030685191974043846,0.5496410727500916,16893.375,16.0,1.0,270359.0,135147.0,0.49987978946511863,128.0,1.0,9.735073907961042e-07,22.177906036376953,74.0925509929657,182.0,0.0,99.94433522224426
183,183.0,8.0,16.0,32.89149045944214,128.0,1.0,234133.0,814443.0,0.7767133712768555,2.0,2.0,2.0,0.3671875,16.0,0.06068747182113463,0.029671408236026764,0.4726158380508423,14629.125,16.0,1.0,234133.0,117033.0,0.49985691893069323,128.0,1.0,9.73216495195301e-07,22.177906036376953,74.62406873703003,183.0,0.0,107.57567000389099
184,184.0,8.0,16.0,38.65255880355835,128.0,1.0,258416.0,790160.0,0.7535552978515625,2.0,2.0,2.0,0.3203125,16.0,0.07126683637002515,0.03890817612409592,0.5649401545524597,16147.125,16.0,1.0,258416.0,129177.0,0.49988003838771594,128.0,1.0,9.729240551925595e-07,22.177906036376953,75.66260361671448,184.0,0.0,114.38200163841248
185,185.0,8.0,16.0,41.31119656562805,128.0,1.0,207071.0,841505.0,0.8025217056274414,2.0,2.0,2.0,0.53125,16.0,0.057443091940270204,0.02574513666331768,0.6738365292549133,12937.875,16.0,1.0,207071.0,103503.0,0.499843049002516,128.0,1.0,9.72630071742295e-07,22.177906036376953,74.97201609611511,185.0,0.0,116.33674240112305
186,186.0,8.0,16.0,40.94974875450134,128.0,1.0,279371.0,769205.0,0.7335710525512695,2.0,2.0,2.0,0.375,16.0,0.06612719185810133,0.03688103333115578,0.5008225440979004,17456.75,16.0,1.0,279371.0,139654.0,0.49988724670778284,128.0,1.0,9.723345458039593e-07,22.177906036376953,83.99264979362488,186.0,0.0,125.01557040214539
187,187.0,8.0,16.0,41.10633730888367,128.0,1.0,277293.0,771283.0,0.7355527877807617,2.0,2.0,2.0,0.3125,16.0,0.06308590200829213,0.03301254287362099,0.42921242117881775,17327.0,16.0,1.0,277293.0,138616.0,0.499890008042035,128.0,1.0,9.720374783420393e-07,22.177906036376953,86.09544634819031,187.0,0.0,127.27469491958618
188,188.0,8.0,16.0,19.852121114730835,128.0,1.0,213201.0,835375.0,0.7966756820678711,2.0,2.0,2.0,0.6484375,16.0,0.05208594327636687,0.023375751450657845,0.48086974024772644,13321.0,16.0,1.0,213201.0,106568.0,0.49984756169061123,128.0,1.0,9.71738870326052e-07,22.177906036376953,66.18017864227295,188.0,0.0,86.08794283866882
189,189.0,8.0,16.0,41.0623197555542,128.0,1.0,259537.0,789039.0,0.7524862289428711,2.0,2.0,2.0,0.3203125,16.0,0.06192129252994462,0.03233601525425911,0.5277299284934998,16217.5,16.0,1.0,259537.0,129740.0,0.49989018906745475,128.0,1.0,9.71438722730542e-07,22.177906036376953,87.11799192428589,189.0,0.0,128.24819159507751
190,190.0,8.0,16.0,26.635591983795166,128.0,1.0,212989.0,835587.0,0.7968778610229492,2.0,2.0,2.0,0.5,16.0,0.07444360610528053,0.030407777056097984,0.5409672260284424,13307.5,16.0,1.0,212989.0,106460.0,0.49983801980383963,128.0,1.0,9.711370365350798e-07,22.177906036376953,69.71508598327637,190.0,0.0,96.40566444396973
191,191.0,8.0,16.0,35.02894973754883,128.0,1.0,322319.0,726257.0,0.6926126480102539,2.0,2.0,2.0,0.2890625,16.0,0.04956799936995428,0.02594117633998394,0.4409774839878082,20141.625,16.0,1.0,322319.0,161133.0,0.499917783314046,128.0,1.0,9.708338127242559e-07,22.177906036376953,87.09893989562988,191.0,0.0,122.20149159431458
192,192.0,8.0,16.0,41.880603313446045,128.0,1.0,290137.0,758439.0,0.7233037948608398,2.0,2.0,2.0,0.453125,16.0,0.04970580610073005,0.02482783794403076,0.5460984110832214,18129.375,16.0,1.0,290137.0,145035.0,0.4998845373047905,128.0,1.0,9.705290522876797e-07,22.177906036376953,83.94194197654724,192.0,0.0,125.89193439483643
193,193.0,8.0,16.0,15.992271661758423,128.0,1.0,177259.0,871317.0,0.8309526443481445,2.0,2.0,2.0,0.5234375,16.0,0.06661933011684407,0.028497718274593353,0.6197851300239563,11075.0,16.0,1.0,177259.0,88600.0,0.4998335768564643,128.0,1.0,9.70222756219976e-07,22.177906036376953,58.756654024124146,193.0,0.0,74.79986214637756
194,194.0,8.0,16.0,24.925743103027344,128.0,1.0,197796.0,850780.0,0.8113670349121094,2.0,2.0,2.0,0.4296875,16.0,0.07195928906599494,0.03418516367673874,0.6640704870223999,12358.5,16.0,1.0,197796.0,98868.0,0.49984832858096223,128.0,1.0,9.699149255207798e-07,22.177906036376953,68.07993865013123,194.0,0.0,93.05747270584106
195,195.0,8.0,16.0,35.33053660392761,128.0,1.0,292570.0,756006.0,0.7209835052490234,2.0,2.0,2.0,0.546875,16.0,0.05773048154198682,0.02912190370261669,0.4420664608478546,18281.625,16.0,1.0,292570.0,146253.0,0.4998906244659398,128.0,1.0,9.696055611947364e-07,22.177906036376953,90.27776718139648,195.0,0.0,125.67837500572205
196,196.0,8.0,16.0,24.492541790008545,128.0,1.0,212863.0,835713.0,0.7969980239868164,2.0,2.0,2.0,0.375,16.0,0.06246737718041216,0.03159002959728241,0.6405951380729675,13300.0,16.0,1.0,212863.0,106400.0,0.4998520174948206,128.0,1.0,9.69294664251495e-07,22.177906036376953,64.82713770866394,196.0,0.0,89.37369513511658
197,197.0,8.0,16.0,34.31956100463867,128.0,1.0,234428.0,814148.0,0.7764320373535156,2.0,2.0,2.0,0.453125,16.0,0.04765680150850932,0.026058588176965714,0.38899800181388855,14647.875,16.0,1.0,234428.0,117183.0,0.4998677632364735,128.0,1.0,9.689822357057074e-07,22.177906036376953,79.49119234085083,197.0,0.0,113.86730623245239
198,198.0,8.0,16.0,26.97601294517517,128.0,1.0,242522.0,806054.0,0.7687129974365234,2.0,2.0,2.0,0.5859375,16.0,0.06580398980014045,0.028679830953478813,0.6809730529785156,15153.625,16.0,1.0,242522.0,121229.0,0.49986805320754407,128.0,1.0,9.686682765770235e-07,22.177906036376953,65.49937009811401,198.0,0.0,92.53492045402527
199,199.0,8.0,16.0,27.17591953277588,128.0,1.0,266244.0,782332.0,0.7460899353027344,2.0,2.0,2.0,0.390625,16.0,0.06358120809217832,0.03297082334756851,0.43968915939331055,16636.625,16.0,1.0,266244.0,133093.0,0.4998910773576118,128.0,1.0,9.683527878900888e-07,22.177906036376953,71.15678095817566,199.0,0.0,98.40141582489014
200,200.0,8.0,16.0,38.493070125579834,128.0,1.0,384389.0,664187.0,0.633418083190918,2.0,2.0,2.0,0.328125,16.0,0.04972195953139795,0.02869424782693386,0.3153439164161682,24020.5,16.0,1.0,384389.0,192164.0,0.49992065329653035,128.0,1.0,9.680357706745404e-07,22.177906036376953,85.71463513374329,200.0,0.0,345.40284395217896
201,201.0,8.0,16.0,29.764305353164673,128.0,1.0,261335.0,787241.0,0.7507715225219727,2.0,2.0,2.0,0.3515625,16.0,0.0574174813481868,0.029399849474430084,0.7495653033256531,16329.25,16.0,1.0,261335.0,130634.0,0.49987181204201503,128.0,1.0,9.677172259650043e-07,22.177906036376953,77.01945066452026,201.0,0.0,106.85333180427551
202,202.0,8.0,16.0,39.351033449172974,128.0,1.0,268814.0,779762.0,0.7436389923095703,2.0,2.0,2.0,0.578125,16.0,0.05235289141806667,0.029601532965898514,0.7493539452552795,16797.0,16.0,1.0,268814.0,134376.0,0.4998846786253692,128.0,1.0,9.673971548010912e-07,22.177906036376953,82.2082953453064,202.0,0.0,121.63036847114563
203,203.0,8.0,16.0,31.043362379074097,128.0,1.0,267156.0,781420.0,0.7452201843261719,2.0,2.0,2.0,0.4140625,16.0,0.061964071956592,0.0305864829570055,0.5308279395103455,16693.125,16.0,1.0,267156.0,133545.0,0.49987647666531915,128.0,1.0,9.670755582273943e-07,22.177906036376953,81.21412301063538,203.0,0.0,112.34324645996094
204,204.0,8.0,16.0,36.54790163040161,128.0,1.0,248204.0,800372.0,0.7632942199707031,2.0,2.0,2.0,0.4453125,16.0,0.06387960249333341,0.03153424337506294,0.5259150862693787,15508.25,16.0,1.0,248204.0,124066.0,0.49985495801840424,128.0,1.0,9.667524372934846e-07,22.177906036376953,69.24081659317017,204.0,0.0,105.86525535583496
205,205.0,8.0,16.0,24.762340784072876,128.0,1.0,232702.0,815874.0,0.7780780792236328,2.0,2.0,2.0,0.5390625,16.0,0.05873613477397672,0.02920834720134735,0.54793781042099,14539.875,16.0,1.0,232702.0,116319.0,0.4998624850667377,128.0,1.0,9.66427793053908e-07,22.177906036376953,74.8383276462555,205.0,0.0,99.66202902793884
206,206.0,8.0,16.0,23.849918365478516,128.0,1.0,229148.0,819428.0,0.7814674377441406,2.0,2.0,2.0,0.3515625,16.0,0.07887026392755632,0.03792451694607735,0.5190367102622986,14317.25,16.0,1.0,229148.0,114538.0,0.4998428962940981,128.0,1.0,9.66101626568182e-07,22.177906036376953,73.82957696914673,206.0,0.0,97.73765063285828
207,207.0,8.0,16.0,31.858872175216675,128.0,1.0,267287.0,781289.0,0.7450952529907227,2.0,2.0,2.0,0.328125,16.0,0.060281583443245,0.032134320586919785,0.5179870128631592,16701.25,16.0,1.0,267287.0,133610.0,0.499874666556922,128.0,1.0,9.657739389007925e-07,22.177906036376953,82.5290207862854,207.0,0.0,114.46474742889404
208,208.0,8.0,16.0,28.9630126953125,128.0,1.0,210712.0,837864.0,0.7990493774414062,2.0,2.0,2.0,0.3984375,16.0,0.06974153332073044,0.03258117660880089,0.597248911857605,13165.375,16.0,1.0,210712.0,105323.0,0.49984338813166784,128.0,1.0,9.654447311211895e-07,22.177906036376953,64.67520380020142,208.0,0.0,93.69180011749268
209,209.0,8.0,16.0,33.51098656654358,128.0,1.0,277075.0,771501.0,0.7357606887817383,2.0,2.0,2.0,0.34375,16.0,0.05690263300139042,0.03213069960474968,0.3852247893810272,17313.0,16.0,1.0,277075.0,138504.0,0.4998790941080935,128.0,1.0,9.651140043037844e-07,22.177906036376953,79.01711773872375,209.0,0.0,112.60571503639221
210,210.0,8.0,16.0,41.21123027801514,128.0,1.0,228731.0,819845.0,0.781865119934082,2.0,2.0,2.0,0.6328125,16.0,0.059306954224731714,0.030795108526945114,0.5268591642379761,14292.125,16.0,1.0,228731.0,114337.0,0.4998753994867333,128.0,1.0,9.647817595279458e-07,22.177906036376953,76.99205446243286,210.0,0.0,118.27493333816528
211,211.0,8.0,16.0,29.305663585662842,128.0,1.0,238247.0,810329.0,0.7727899551391602,2.0,2.0,2.0,0.4140625,16.0,0.07120654412114572,0.03768439218401909,0.4737944006919861,14886.125,16.0,1.0,238247.0,119089.0,0.4998551923004277,128.0,1.0,9.644479978779968e-07,22.177906036376953,75.88538789749146,211.0,0.0,105.25248980522156
212,212.0,8.0,16.0,40.43703842163086,128.0,1.0,285578.0,762998.0,0.7276515960693359,2.0,2.0,2.0,0.4140625,16.0,0.0636200354445673,0.03384144604206085,0.45609116554260254,17844.375,16.0,1.0,285578.0,142755.0,0.4998809432099111,128.0,1.0,9.641127204432108e-07,22.177906036376953,94.57262706756592,212.0,0.0,135.0814664363861
213,213.0,8.0,16.0,38.46200633049011,128.0,1.0,272780.0,775796.0,0.7398567199707031,2.0,2.0,2.0,0.4765625,16.0,0.0678491931666296,0.034886717796325684,0.4854077100753784,17044.875,16.0,1.0,272780.0,136359.0,0.4998863553046411,128.0,1.0,9.637759283178082e-07,22.177906036376953,83.56292414665222,213.0,0.0,122.09038043022156
214,214.0,8.0,16.0,38.950891971588135,128.0,1.0,259010.0,789566.0,0.7529888153076172,2.0,2.0,2.0,0.578125,16.0,0.057033127626344,0.029443904757499695,0.9177647829055786,16184.25,16.0,1.0,259010.0,129474.0,0.4998803135014092,128.0,1.0,9.634376226009524e-07,22.177906036376953,68.46927404403687,214.0,0.0,107.48208284378052
215,215.0,8.0,16.0,40.88296818733215,128.0,1.0,312079.0,736497.0,0.7023782730102539,2.0,2.0,2.0,0.2265625,16.0,0.05661056189001496,0.03148539364337921,0.4832773208618164,19500.875,16.0,1.0,312079.0,156007.0,0.4998958597021908,128.0,1.0,9.63097804396747e-07,22.177906036376953,84.93095326423645,215.0,0.0,125.88701581954956
216,216.0,8.0,16.0,25.532034873962402,128.0,1.0,214202.0,834374.0,0.7957210540771484,2.0,2.0,2.0,0.484375,16.0,0.05398100980758226,0.02510005049407482,0.4579935371875763,13383.5,16.0,1.0,214202.0,107068.0,0.4998459398138206,128.0,1.0,9.627564748142322e-07,22.177906036376953,64.4439709186554,216.0,0.0,90.02838468551636
217,217.0,8.0,16.0,30.45693302154541,128.0,1.0,273636.0,774940.0,0.7390403747558594,2.0,2.0,2.0,0.3046875,16.0,0.05671128696910111,0.026510197669267654,0.5207496881484985,17097.625,16.0,1.0,273636.0,136781.0,0.49986478387346694,128.0,1.0,9.6241363496738e-07,22.177906036376953,79.82797646522522,217.0,0.0,110.36072635650635
218,218.0,8.0,16.0,39.86844730377197,128.0,1.0,273678.0,774898.0,0.7390003204345703,2.0,2.0,2.0,0.40625,16.0,0.06048354636099659,0.030772747471928596,0.4408635199069977,17100.625,16.0,1.0,273678.0,136805.0,0.4998757664116224,128.0,1.0,9.620692859750916e-07,22.177906036376953,81.2717022895813,218.0,0.0,121.21489763259888
219,219.0,8.0,16.0,31.77994656562805,128.0,1.0,263086.0,785490.0,0.7491016387939453,2.0,2.0,2.0,0.3515625,16.0,0.058802811353315526,0.03205585852265358,0.4883151352405548,16439.125,16.0,1.0,263086.0,131513.0,0.4998859688466889,128.0,1.0,9.617234289611934e-07,22.177906036376953,80.48954606056213,219.0,0.0,112.33769059181213
220,220.0,8.0,16.0,22.22436261177063,128.0,1.0,199577.0,848999.0,0.8096685409545898,2.0,2.0,2.0,0.4921875,16.0,0.07185819100984656,0.03387397900223732,0.6865503191947937,12469.875,16.0,1.0,199577.0,99759.0,0.4998521873763009,128.0,1.0,9.613760650544338e-07,22.177906036376953,61.688241958618164,220.0,0.0,83.96893310546875
221,221.0,8.0,16.0,31.535401582717896,128.0,1.0,297239.0,751337.0,0.7165307998657227,2.0,2.0,2.0,0.171875,16.0,0.08440423715242096,0.03853163123130798,0.6199472546577454,18573.5,16.0,1.0,297239.0,148588.0,0.4998940246737474,128.0,1.0,9.610271953884788e-07,22.177906036376953,77.52042651176453,221.0,0.0,109.13082695007324
222,222.0,8.0,16.0,34.979020833969116,128.0,1.0,189918.0,858658.0,0.8188800811767578,2.0,2.0,2.0,0.703125,16.0,0.05653317047369153,0.02754811942577362,0.5585896372795105,11866.0,16.0,1.0,189918.0,94928.0,0.4998367716593477,128.0,1.0,9.606768211019087e-07,22.177906036376953,71.20793294906616,222.0,0.0,106.24040603637695
223,223.0,8.0,16.0,31.795194625854492,128.0,1.0,292620.0,755956.0,0.7209358215332031,2.0,2.0,2.0,0.4375,16.0,0.06459765617718016,0.03374505415558815,0.49952709674835205,18284.375,16.0,1.0,292620.0,146275.0,0.49988039095072107,128.0,1.0,9.603249433382144e-07,22.177906036376953,79.88340187072754,223.0,0.0,111.7515287399292
224,224.0,8.0,16.0,21.96461534500122,128.0,1.0,181830.0,866746.0,0.8265933990478516,2.0,2.0,2.0,0.609375,16.0,0.06685516592269491,0.03138811141252518,0.7192436456680298,11360.375,16.0,1.0,181830.0,90883.0,0.4998240114392564,128.0,1.0,9.599715632457935e-07,22.177906036376953,60.728341817855835,224.0,0.0,82.74364733695984
225,225.0,8.0,16.0,25.41370129585266,128.0,1.0,194795.0,853781.0,0.8142290115356445,2.0,2.0,2.0,0.5078125,16.0,0.051872571994509835,0.024630200117826462,0.44138845801353455,12170.75,16.0,1.0,194795.0,97366.0,0.4998382915372571,128.0,1.0,9.596166819779465e-07,22.177906036376953,59.36216473579407,225.0,0.0,84.8328742980957
226,226.0,8.0,16.0,39.12156438827515,128.0,1.0,248836.0,799740.0,0.7626914978027344,2.0,2.0,2.0,0.421875,16.0,0.06331706711791371,0.030204392969608307,0.6075606942176819,15548.75,16.0,1.0,248836.0,124390.0,0.49988747608866885,128.0,1.0,9.592603006928734e-07,22.177906036376953,67.54024720191956,226.0,0.0,106.7254900932312
227,227.0,8.0,16.0,33.467719078063965,128.0,1.0,233038.0,815538.0,0.7777576446533203,2.0,2.0,2.0,0.5625,16.0,0.0637706862927593,0.03116096369922161,0.48997214436531067,14560.5,16.0,1.0,233038.0,116484.0,0.4998498099022477,128.0,1.0,9.5890242055367e-07,22.177906036376953,80.45604181289673,227.0,0.0,113.98725056648254
228,228.0,8.0,16.0,19.981175184249878,128.0,1.0,194130.0,854446.0,0.8148632049560547,2.0,2.0,2.0,0.4375,16.0,0.08099937843688806,0.04121793434023857,0.6126516461372375,12128.625,16.0,1.0,194130.0,97029.0,0.4998145572554474,128.0,1.0,9.58543042728323e-07,22.177906036376953,56.67270469665527,228.0,0.0,76.70720052719116
229,229.0,8.0,16.0,20.179964065551758,128.0,1.0,225930.0,822646.0,0.7845363616943359,2.0,2.0,2.0,0.3984375,16.0,0.06741224345212593,0.028139639645814896,0.6522645950317383,14116.5,16.0,1.0,225930.0,112932.0,0.49985393706015135,128.0,1.0,9.581821683897077e-07,22.177906036376953,60.649288177490234,229.0,0.0,80.88804817199707
230,230.0,8.0,16.0,30.54195237159729,128.0,1.0,278100.0,770476.0,0.7347831726074219,2.0,2.0,2.0,0.4296875,16.0,0.056628029228187604,0.03104095719754696,0.810249388217926,17377.25,16.0,1.0,278100.0,139018.0,0.4998849334771665,128.0,1.0,9.57819798715583e-07,22.177906036376953,70.1870493888855,230.0,0.0,100.79944634437561
231,231.0,8.0,16.0,28.851147174835205,128.0,1.0,283384.0,765192.0,0.7297439575195312,2.0,2.0,2.0,0.5,16.0,0.05682771830373474,0.028578832745552063,0.43623897433280945,17707.625,16.0,1.0,283384.0,141661.0,0.4998906077971939,128.0,1.0,9.574559348885881e-07,22.177906036376953,74.52398180961609,231.0,0.0,103.46219849586487
232,232.0,8.0,16.0,38.97357773780823,128.0,1.0,232312.0,816264.0,0.7784500122070312,2.0,2.0,2.0,0.5078125,16.0,0.06196274180159184,0.030104881152510643,0.5319527983665466,14515.375,16.0,1.0,232312.0,116123.0,0.4998579496539137,128.0,1.0,9.570905780962393e-07,22.177906036376953,71.32437658309937,232.0,0.0,110.35856485366821
233,233.0,8.0,16.0,32.26005244255066,128.0,1.0,232676.0,815900.0,0.7781028747558594,2.0,2.0,2.0,0.3984375,16.0,0.08081754522820495,0.0428362637758255,0.5380155444145203,14538.25,16.0,1.0,232676.0,116306.0,0.49986246970035586,128.0,1.0,9.567237295309241e-07,22.177906036376953,69.11345911026001,233.0,0.0,101.43635177612305
234,234.0,8.0,16.0,30.962261199951172,128.0,1.0,287541.0,761035.0,0.7257795333862305,2.0,2.0,2.0,0.40625,16.0,0.06658734161047242,0.03337228670716286,0.41746440529823303,17967.75,16.0,1.0,287541.0,143742.0,0.49990088370006364,128.0,1.0,9.563553903898992e-07,22.177906036376953,71.15330576896667,234.0,0.0,102.18365812301636
235,235.0,8.0,16.0,33.14392066001892,128.0,1.0,290137.0,758439.0,0.7233037948608398,2.0,2.0,2.0,0.390625,16.0,0.05571961846458657,0.02912730909883976,0.38432982563972473,18128.5,16.0,1.0,290137.0,145028.0,0.49986041077146315,128.0,1.0,9.559855618752864e-07,22.177906036376953,75.93004012107849,235.0,0.0,109.14127731323242
236,236.0,8.0,16.0,17.93691611289978,128.0,1.0,163934.0,884642.0,0.8436603546142578,2.0,2.0,2.0,0.6328125,16.0,0.06454799211085435,0.025160763412714005,0.6940346956253052,10241.875,16.0,1.0,163934.0,81935.0,0.4998047994924787,128.0,1.0,9.556142451940679e-07,22.177906036376953,55.34948515892029,236.0,0.0,73.329421043396
237,237.0,8.0,16.0,20.06965446472168,128.0,1.0,207461.0,841115.0,0.802149772644043,2.0,2.0,2.0,0.421875,16.0,0.06735442633378673,0.027750594541430473,0.5638794302940369,12962.5,16.0,1.0,207461.0,103700.0,0.4998529844163481,128.0,1.0,9.552414415580823e-07,22.177906036376953,63.14970564842224,237.0,0.0,83.27102375030518
238,238.0,8.0,16.0,22.70365571975708,128.0,1.0,233101.0,815475.0,0.7776975631713867,2.0,2.0,2.0,0.4453125,16.0,0.05912672958963775,0.027774130925536156,0.5058010816574097,14564.25,16.0,1.0,233101.0,116514.0,0.499843415515163,128.0,1.0,9.548671521840217e-07,22.177906036376953,69.956218957901,238.0,0.0,92.71708083152771
239,239.0,8.0,16.0,18.543824672698975,128.0,1.0,216420.0,832156.0,0.7936058044433594,2.0,2.0,2.0,0.3984375,16.0,0.061175898578239685,0.022187715396285057,0.5184023976325989,13522.625,16.0,1.0,216420.0,108181.0,0.4998660012937806,128.0,1.0,9.544913782934268e-07,22.177906036376953,64.55383896827698,239.0,0.0,83.15391254425049
240,240.0,8.0,16.0,37.77673149108887,128.0,1.0,291705.0,756871.0,0.7218084335327148,2.0,2.0,2.0,0.3828125,16.0,0.05886602514082491,0.0316912941634655,0.4527129530906677,18227.875,16.0,1.0,291705.0,145823.0,0.4998988704341715,128.0,1.0,9.541141211126833e-07,22.177906036376953,86.79808950424194,240.0,0.0,124.64458990097046
241,241.0,8.0,16.0,22.303576707839966,128.0,1.0,306369.0,742207.0,0.7078237533569336,2.0,2.0,2.0,0.59375,16.0,0.061652008913678745,0.03340834006667137,0.4156944453716278,19143.75,16.0,1.0,306369.0,153150.0,0.49988739069553384,128.0,1.0,9.537353818730178e-07,22.177906036376953,79.68756198883057,241.0,0.0,102.0638177394867
242,242.0,8.0,16.0,31.944220542907715,128.0,1.0,281145.0,767431.0,0.7318792343139648,2.0,2.0,2.0,0.40625,16.0,0.04658461973530355,0.025148410350084305,0.3582060933113098,17567.625,16.0,1.0,281145.0,140541.0,0.49988795817105053,128.0,1.0,9.533551618104938e-07,22.177906036376953,80.89412927627563,242.0,0.0,112.90725541114807
243,243.0,8.0,16.0,23.118873119354248,128.0,1.0,222961.0,825615.0,0.7873678207397461,2.0,2.0,2.0,0.4296875,16.0,0.06869069768517007,0.02821294218301773,0.5931797623634338,13931.125,16.0,1.0,222961.0,111449.0,0.49985871968640255,128.0,1.0,9.529734621660073e-07,22.177906036376953,71.54056930541992,243.0,0.0,94.71659421920776
244,244.0,8.0,16.0,40.38686752319336,128.0,1.0,252097.0,796479.0,0.7595815658569336,2.0,2.0,2.0,0.390625,16.0,0.07173896908842609,0.037731386721134186,0.5985915064811707,15752.0,16.0,1.0,252097.0,126016.0,0.49987108136947284,128.0,1.0,9.525902841852838e-07,22.177906036376953,85.32960414886475,244.0,0.0,125.78581357002258
245,245.0,8.0,16.0,28.936676025390625,128.0,1.0,250148.0,798428.0,0.7614402770996094,2.0,2.0,2.0,0.3671875,16.0,0.055986167089909576,0.022684652358293533,0.4460008442401886,15630.125,16.0,1.0,250148.0,125041.0,0.4998680780977661,128.0,1.0,9.522056291188729e-07,22.177906036376953,74.41676545143127,245.0,0.0,103.41912817955017
246,246.0,8.0,16.0,38.868247509002686,128.0,1.0,336809.0,711767.0,0.6787939071655273,2.0,2.0,2.0,0.453125,16.0,0.04719927406569278,0.02619853988289833,0.4099160432815552,21046.5,16.0,1.0,336809.0,168372.0,0.49990350614146295,128.0,1.0,9.518194982221452e-07,22.177906036376953,82.278489112854,246.0,0.0,121.22291612625122
247,247.0,8.0,16.0,40.94072151184082,128.0,1.0,311696.0,736880.0,0.7027435302734375,2.0,2.0,2.0,0.3515625,16.0,0.05468178760406874,0.027412505820393562,0.46092867851257324,19477.375,16.0,1.0,311696.0,155819.0,0.4999069606283045,128.0,1.0,9.514318927552878e-07,22.177906036376953,80.8547933101654,247.0,0.0,121.88121747970581
248,248.0,8.0,16.0,40.75149464607239,128.0,1.0,252085.0,796491.0,0.7595930099487305,2.0,2.0,2.0,0.421875,16.0,0.07221042195217717,0.034147150814533234,0.4446328282356262,15750.5,16.0,1.0,252085.0,126004.0,0.49984727373703314,128.0,1.0,9.510428139833002e-07,22.177906036376953,75.32306003570557,248.0,0.0,116.14105248451233
249,249.0,8.0,16.0,35.38939571380615,128.0,1.0,261888.0,786688.0,0.750244140625,2.0,2.0,2.0,0.5390625,16.0,0.047172072814809535,0.026977119967341423,0.3672902584075928,16364.5,16.0,1.0,261888.0,130916.0,0.49989308406647115,128.0,1.0,9.506522631759902e-07,22.177906036376953,77.89183807373047,249.0,0.0,113.34592413902283
250,250.0,8.0,16.0,28.392280340194702,128.0,1.0,223989.0,824587.0,0.7863874435424805,2.0,2.0,2.0,0.4453125,16.0,0.0671199027139949,0.033315565437078476,0.5342745780944824,13995.0,16.0,1.0,223989.0,111960.0,0.4998459745791088,128.0,1.0,9.502602416079695e-07,22.177906036376953,63.64697575569153,250.0,0.0,314.769154548645
251,251.0,8.0,16.0,30.44765877723694,128.0,1.0,287975.0,760601.0,0.7253656387329102,2.0,2.0,2.0,0.46875,16.0,0.05849892231343751,0.031328119337558746,0.3943294286727905,17994.625,16.0,1.0,287975.0,143957.0,0.4998940880284747,128.0,1.0,9.498667505586506e-07,22.177906036376953,68.51289367675781,251.0,0.0,99.0388822555542
252,252.0,8.0,16.0,23.534348487854004,128.0,1.0,203741.0,844835.0,0.8056974411010742,2.0,2.0,2.0,0.4453125,16.0,0.06762112698576789,0.033920589834451675,0.5858830213546753,12730.125,16.0,1.0,203741.0,101841.0,0.4998552083282206,128.0,1.0,9.494717913122411e-07,22.177906036376953,67.22049617767334,252.0,0.0,90.8088846206665
253,253.0,8.0,16.0,29.43036413192749,128.0,1.0,366326.0,682250.0,0.6506443023681641,2.0,2.0,2.0,0.2890625,16.0,0.0735006649151693,0.03742842376232147,0.5026475191116333,22891.875,16.0,1.0,366326.0,183135.0,0.49992356534889687,128.0,1.0,9.490753651577406e-07,22.177906036376953,81.85935616493225,253.0,0.0,111.37935376167297
254,254.0,8.0,16.0,29.374651670455933,128.0,1.0,265939.0,782637.0,0.7463808059692383,2.0,2.0,2.0,0.359375,16.0,0.05333593653204181,0.028922012075781822,0.4152124226093292,16617.25,16.0,1.0,265939.0,132938.0,0.4998815517844318,128.0,1.0,9.48677473388936e-07,22.177906036376953,70.40036511421204,254.0,0.0,99.84264016151428
255,255.0,8.0,16.0,38.05510234832764,128.0,1.0,348852.0,699724.0,0.6673088073730469,2.0,2.0,2.0,0.53125,16.0,0.0487054071882129,0.02713106945157051,0.4479154944419861,21799.375,16.0,1.0,348852.0,174395.0,0.49991113710112023,128.0,1.0,9.482781173043974e-07,22.177906036376953,98.09394574165344,255.0,0.0,136.23449778556824
256,256.0,8.0,16.0,37.482714891433716,128.0,1.0,321477.0,727099.0,0.693415641784668,2.0,2.0,2.0,0.453125,16.0,0.054797335677924226,0.02838982455432415,0.38611727952957153,20088.625,16.0,1.0,321477.0,160709.0,0.499908236047991,128.0,1.0,9.478772982074739e-07,22.177906036376953,84.77954649925232,256.0,0.0,122.3547260761261
257,257.0,8.0,16.0,30.316946268081665,128.0,1.0,200082.0,848494.0,0.8091869354248047,2.0,2.0,2.0,0.4296875,16.0,0.06800010384316686,0.031230419874191284,0.5922373533248901,12501.375,16.0,1.0,200082.0,100011.0,0.4998500614747953,128.0,1.0,9.474750174062896e-07,22.177906036376953,71.92549538612366,257.0,0.0,102.29658317565918
258,258.0,8.0,16.0,39.54635834693909,128.0,1.0,300254.0,748322.0,0.7136554718017578,2.0,2.0,2.0,0.296875,16.0,0.07439571976518775,0.04045824706554413,0.4745255708694458,18762.25,16.0,1.0,300254.0,150098.0,0.4999034151085414,128.0,1.0,9.470712762137386e-07,22.177906036376953,85.83315587043762,258.0,0.0,125.45689868927002
259,259.0,8.0,16.0,30.263219356536865,128.0,1.0,258250.0,790326.0,0.7537136077880859,2.0,2.0,2.0,0.3984375,16.0,0.06735503834465299,0.034119054675102234,0.4614487290382385,16136.625,16.0,1.0,258250.0,129093.0,0.4998760890609874,128.0,1.0,9.466660759474815e-07,22.177906036376953,71.21625399589539,259.0,0.0,101.54450964927673
260,260.0,8.0,16.0,41.60353875160217,128.0,1.0,367925.0,680651.0,0.6491193771362305,2.0,2.0,2.0,0.2109375,16.0,0.058006317030031854,0.032242532819509506,0.4885132610797882,22990.375,16.0,1.0,367925.0,183923.0,0.4998926411632806,128.0,1.0,9.462594179299405e-07,22.177906036376953,104.54471325874329,260.0,0.0,146.24156641960144
261,261.0,8.0,16.0,25.219823837280273,128.0,1.0,207451.0,841125.0,0.802159309387207,2.0,2.0,2.0,0.5078125,16.0,0.056872820084418706,0.026637371629476547,0.4958237409591675,12961.5,16.0,1.0,207451.0,103692.0,0.4998385160833161,128.0,1.0,9.458513034882957e-07,22.177906036376953,66.84723448753357,261.0,0.0,92.12328219413757
262,262.0,8.0,16.0,29.4872465133667,128.0,1.0,289931.0,758645.0,0.7235002517700195,2.0,2.0,2.0,0.359375,16.0,0.06276116214126534,0.03200031444430351,0.5049151182174683,18116.125,16.0,1.0,289931.0,144929.0,0.4998741079774153,128.0,1.0,9.454417339544803e-07,22.177906036376953,69.76093363761902,262.0,0.0,99.33790326118469
263,263.0,8.0,16.0,25.794442176818848,128.0,1.0,211828.0,836748.0,0.7979850769042969,2.0,2.0,2.0,0.28125,16.0,0.08033322873033545,0.042962439358234406,0.6039354801177979,13235.25,16.0,1.0,211828.0,105882.0,0.4998489340408256,128.0,1.0,9.450307106651762e-07,22.177906036376953,62.22119736671448,263.0,0.0,88.07649564743042
264,264.0,8.0,16.0,28.360132694244385,128.0,1.0,193772.0,854804.0,0.8152046203613281,2.0,2.0,2.0,0.234375,16.0,0.07473291851877775,0.036436114460229874,0.6754790544509888,12106.5,16.0,1.0,193772.0,96852.0,0.49982453605268046,128.0,1.0,9.446182349618099e-07,22.177906036376953,59.67074394226074,264.0,0.0,88.08379364013672
265,265.0,8.0,16.0,28.679535627365112,128.0,1.0,246017.0,802559.0,0.7653799057006836,2.0,2.0,2.0,0.2578125,16.0,0.05409274489259197,0.029330989345908165,0.4558591842651367,15372.125,16.0,1.0,246017.0,122977.0,0.4998719600678002,128.0,1.0,9.442043081905482e-07,22.177906036376953,64.47174715995789,265.0,0.0,93.21599769592285
266,266.0,8.0,16.0,26.049837112426758,128.0,1.0,244282.0,804294.0,0.7670345306396484,2.0,2.0,2.0,0.5234375,16.0,0.04845832967955971,0.02282075583934784,0.48697778582572937,15263.375,16.0,1.0,244282.0,122107.0,0.49986081659721143,128.0,1.0,9.437889317022934e-07,22.177906036376953,63.708245515823364,266.0,0.0,89.81914043426514
267,267.0,8.0,16.0,24.95919632911682,128.0,1.0,242322.0,806254.0,0.7689037322998047,2.0,2.0,2.0,0.265625,16.0,0.06947333757615433,0.030441606417298317,0.6189475059509277,15141.25,16.0,1.0,242322.0,121130.0,0.49987207104596365,128.0,1.0,9.433721068526792e-07,22.177906036376953,69.82506847381592,267.0,0.0,94.85147333145142
268,268.0,8.0,16.0,29.77296495437622,128.0,1.0,263727.0,784849.0,0.7484903335571289,2.0,2.0,2.0,0.3828125,16.0,0.07278380186930371,0.034381672739982605,0.6339052319526672,16479.0,16.0,1.0,263727.0,131832.0,0.4998805583046104,128.0,1.0,9.429538350020665e-07,22.177906036376953,74.99041509628296,268.0,0.0,104.83047676086426
269,269.0,8.0,16.0,37.33985209465027,128.0,1.0,251958.0,796618.0,0.7597141265869141,2.0,2.0,2.0,0.3046875,16.0,0.06378276432642167,0.030940979719161987,0.7242220640182495,15743.75,16.0,1.0,251958.0,125950.0,0.4998849014518293,128.0,1.0,9.425341175155381e-07,22.177906036376953,82.01555967330933,269.0,0.0,119.41862106323242
270,270.0,8.0,16.0,34.93992757797241,128.0,1.0,241731.0,806845.0,0.7694673538208008,2.0,2.0,2.0,0.3984375,16.0,0.06365776071616669,0.030554888769984245,0.47318994998931885,15104.375,16.0,1.0,241731.0,120835.0,0.49987382669165314,128.0,1.0,9.421129557628955e-07,22.177906036376953,71.39333057403564,270.0,0.0,106.3993878364563
271,271.0,8.0,16.0,27.22290277481079,128.0,1.0,222563.0,826013.0,0.7877473831176758,2.0,2.0,2.0,0.4140625,16.0,0.05602444632276433,0.02823203057050705,0.5166242122650146,13906.625,16.0,1.0,222563.0,111253.0,0.49987194637024124,128.0,1.0,9.416903511186533e-07,22.177906036376953,67.29461693763733,271.0,0.0,94.57692193984985
272,272.0,8.0,16.0,30.976773738861084,128.0,1.0,285386.0,763190.0,0.7278347015380859,2.0,2.0,2.0,0.3828125,16.0,0.06450747335845178,0.03383518010377884,0.5000128746032715,17832.875,16.0,1.0,285386.0,142663.0,0.49989487921621945,128.0,1.0,9.412663049620351e-07,22.177906036376953,82.90846276283264,272.0,0.0,113.95692563056946
273,273.0,8.0,16.0,41.3844952583313,128.0,1.0,297517.0,751059.0,0.7162656784057617,2.0,2.0,2.0,0.671875,16.0,0.044380704250925385,0.023371443152427673,0.33730676770210266,18590.375,16.0,1.0,297517.0,148723.0,0.4998806790872454,128.0,1.0,9.408408186769693e-07,22.177906036376953,78.57602548599243,273.0,0.0,120.03416800498962
274,274.0,8.0,16.0,21.700331449508667,128.0,1.0,254676.0,793900.0,0.7571220397949219,2.0,2.0,2.0,0.3671875,16.0,0.06770440226417351,0.031072432175278664,0.4979303479194641,15913.375,16.0,1.0,254676.0,127307.0,0.4998782767123718,128.0,1.0,9.404138936520842e-07,22.177906036376953,68.75227737426758,274.0,0.0,90.52312803268433
275,275.0,8.0,16.0,22.821600437164307,128.0,1.0,193440.0,855136.0,0.815521240234375,2.0,2.0,2.0,0.6015625,16.0,0.05133135786433378,0.02478672005236149,0.4993651211261749,12086.25,16.0,1.0,193440.0,96690.0,0.49984491315136476,128.0,1.0,9.399855312807039e-07,22.177906036376953,70.77743077278137,275.0,0.0,93.65436029434204
276,276.0,8.0,16.0,39.00396370887756,128.0,1.0,241897.0,806679.0,0.7693090438842773,2.0,2.0,2.0,0.6171875,16.0,0.05852597877797913,0.026841461658477783,0.5478375554084778,15114.75,16.0,1.0,241897.0,120918.0,0.4998739132771386,128.0,1.0,9.395557329608431e-07,22.177906036376953,79.33032822608948,276.0,0.0,118.39950203895569
277,277.0,8.0,16.0,38.98087000846863,128.0,1.0,244529.0,804047.0,0.7667989730834961,2.0,2.0,2.0,0.4609375,16.0,0.06480080437998832,0.03293851763010025,0.5094716548919678,15279.5,16.0,1.0,244529.0,122236.0,0.49988344940681884,128.0,1.0,9.391245000952029e-07,22.177906036376953,68.70462656021118,277.0,0.0,107.75008654594421
278,278.0,8.0,16.0,41.250701904296875,128.0,1.0,297569.0,751007.0,0.7162160873413086,2.0,2.0,2.0,0.296875,16.0,0.056861908921469105,0.032875850796699524,0.42570236325263977,18594.5,16.0,1.0,297569.0,148756.0,0.49990422389429007,128.0,1.0,9.386918340911663e-07,22.177906036376953,82.374103307724,278.0,0.0,123.69984292984009
279,279.0,8.0,16.0,39.83526372909546,128.0,1.0,327380.0,721196.0,0.6877861022949219,2.0,2.0,2.0,0.359375,16.0,0.05774220714866348,0.031569719314575195,0.35293278098106384,20457.75,16.0,1.0,327380.0,163662.0,0.4999144724784654,128.0,1.0,9.382577363607938e-07,22.177906036376953,88.9897620677948,279.0,0.0,128.9065420627594
280,280.0,8.0,16.0,24.53078532218933,128.0,1.0,183378.0,865198.0,0.8251171112060547,2.0,2.0,2.0,0.5625,16.0,0.057421983967576196,0.029043907299637794,0.5151355862617493,11456.875,16.0,1.0,183378.0,91655.0,0.4998145906270109,128.0,1.0,9.378222083208183e-07,22.177906036376953,60.72730588912964,280.0,0.0,85.31088924407959
281,281.0,8.0,16.0,40.634355306625366,128.0,1.0,355646.0,692930.0,0.6608295440673828,2.0,2.0,2.0,0.3203125,16.0,0.06084404126570723,0.03300519287586212,0.3903169333934784,22224.125,16.0,1.0,355646.0,177793.0,0.4999156464574324,128.0,1.0,9.373852513926406e-07,22.177906036376953,84.94025373458862,281.0,0.0,125.66448450088501
282,282.0,8.0,16.0,41.482054710388184,128.0,1.0,289080.0,759496.0,0.7243118286132812,2.0,2.0,2.0,0.4609375,16.0,0.06727257527681821,0.03551490604877472,0.4221527576446533,18063.375,16.0,1.0,289080.0,144507.0,0.49988584474885844,128.0,1.0,9.369468670023247e-07,22.177906036376953,82.63521766662598,282.0,0.0,124.19691681861877
283,283.0,8.0,16.0,26.445876121520996,128.0,1.0,234921.0,813655.0,0.7759618759155273,2.0,2.0,2.0,0.46875,16.0,0.057629189968355685,0.026565255597233772,0.706977903842926,14678.875,16.0,1.0,234921.0,117431.0,0.49987442587082465,128.0,1.0,9.36507056580594e-07,22.177906036376953,65.04731345176697,283.0,0.0,91.56352424621582
284,284.0,8.0,16.0,34.34104871749878,128.0,1.0,269242.0,779334.0,0.7432308197021484,2.0,2.0,2.0,0.375,16.0,0.058025366542873526,0.025037003681063652,0.4609185457229614,16823.375,16.0,1.0,269242.0,134587.0,0.4998737195534129,128.0,1.0,9.360658215628254e-07,22.177906036376953,82.39727878570557,284.0,0.0,116.80601119995117
285,285.0,8.0,16.0,30.657379627227783,128.0,1.0,183803.0,864773.0,0.824711799621582,2.0,2.0,2.0,0.59375,16.0,0.06019312555854252,0.02919916808605194,0.5688197612762451,11483.375,16.0,1.0,183803.0,91867.0,0.49981229903755653,128.0,1.0,9.356231633890449e-07,22.177906036376953,60.640199184417725,285.0,0.0,91.3470549583435
286,286.0,8.0,16.0,27.136229753494263,128.0,1.0,243245.0,805331.0,0.7680234909057617,2.0,2.0,2.0,0.453125,16.0,0.07121790138451618,0.038682971149683,0.6108235120773315,15199.25,16.0,1.0,243245.0,121594.0,0.49988283417953094,128.0,1.0,9.351790835039239e-07,22.177906036376953,74.68012690544128,286.0,0.0,101.87804412841797
287,287.0,8.0,16.0,29.486069440841675,128.0,1.0,307614.0,740962.0,0.7066364288330078,2.0,2.0,2.0,0.2578125,16.0,0.051413794874812006,0.0286583062261343,0.40545427799224854,19222.125,16.0,1.0,307614.0,153777.0,0.4999024751799333,128.0,1.0,9.347335833567731e-07,22.177906036376953,73.93133783340454,287.0,0.0,103.48830509185791
288,288.0,8.0,16.0,34.92859935760498,128.0,1.0,254992.0,793584.0,0.7568206787109375,2.0,2.0,2.0,0.515625,16.0,0.06424329032651005,0.03301772102713585,0.4578789472579956,15932.75,16.0,1.0,254992.0,127462.0,0.4998666624835289,128.0,1.0,9.342866644015386e-07,22.177906036376953,73.63899111747742,288.0,0.0,108.63284683227539
289,289.0,8.0,16.0,34.72706055641174,128.0,1.0,244211.0,804365.0,0.7671022415161133,2.0,2.0,2.0,0.6015625,16.0,0.05813640749548489,0.02968014031648636,0.5309339761734009,15259.375,16.0,1.0,244211.0,122075.0,0.4998751080008681,128.0,1.0,9.338383280967971e-07,22.177906036376953,78.38553619384766,289.0,0.0,113.17220711708069
290,290.0,8.0,16.0,39.3181586265564,128.0,1.0,231614.0,816962.0,0.7791156768798828,2.0,2.0,2.0,0.28125,16.0,0.06930874654600336,0.036929525434970856,0.6125436425209045,14471.5,16.0,1.0,231614.0,115772.0,0.4998488865094511,128.0,1.0,9.333885759057508e-07,22.177906036376953,72.41988611221313,290.0,0.0,111.80105543136597
291,291.0,8.0,16.0,21.940837383270264,128.0,1.0,188003.0,860573.0,0.8207063674926758,2.0,2.0,2.0,0.515625,16.0,0.07585045717778235,0.03435873985290527,0.6560202240943909,11746.5,16.0,1.0,188003.0,93972.0,0.4998430876103041,128.0,1.0,9.32937409296223e-07,22.177906036376953,60.8980917930603,291.0,0.0,82.88967061042786
292,292.0,8.0,16.0,24.98187518119812,128.0,1.0,273694.0,774882.0,0.7389850616455078,2.0,2.0,2.0,0.484375,16.0,0.06148281057585769,0.02934509888291359,0.5224977731704712,17101.5,16.0,1.0,273694.0,136812.0,0.4998721199587861,128.0,1.0,9.32484829740653e-07,22.177906036376953,68.79258418083191,292.0,0.0,93.8438172340393
293,293.0,8.0,16.0,38.34719204902649,128.0,1.0,287718.0,760858.0,0.7256107330322266,2.0,2.0,2.0,0.421875,16.0,0.07931716108651832,0.03623562678694725,0.49409034848213196,17978.5,16.0,1.0,287718.0,143828.0,0.4998922556113973,128.0,1.0,9.320308387160915e-07,22.177906036376953,68.13933944702148,293.0,0.0,106.55840754508972
294,294.0,8.0,16.0,40.554219484329224,128.0,1.0,316098.0,732478.0,0.6985454559326172,2.0,2.0,2.0,0.5859375,16.0,0.04736949996270712,0.025117509067058563,0.5310491919517517,19752.5,16.0,1.0,316098.0,158020.0,0.4999082563002613,128.0,1.0,9.315754377041955e-07,22.177906036376953,85.3534767627716,294.0,0.0,125.98375940322876
295,295.0,8.0,16.0,28.98496651649475,128.0,1.0,292540.0,756036.0,0.7210121154785156,2.0,2.0,2.0,0.28125,16.0,0.054161998248479115,0.030672527849674225,0.38449159264564514,18279.75,16.0,1.0,292540.0,146238.0,0.49989061324947015,128.0,1.0,9.311186281912242e-07,22.177906036376953,75.5887975692749,295.0,0.0,104.64911007881165
296,296.0,8.0,16.0,34.6776762008667,128.0,1.0,283468.0,765108.0,0.7296638488769531,2.0,2.0,2.0,0.4453125,16.0,0.05270136177793948,0.0273455698043108,0.6660377383232117,17712.25,16.0,1.0,283468.0,141698.0,0.4998730015380925,128.0,1.0,9.30660411668033e-07,22.177906036376953,69.91631698608398,296.0,0.0,104.65874814987183
297,297.0,8.0,16.0,29.331366300582886,128.0,1.0,293314.0,755262.0,0.7202739715576172,2.0,2.0,2.0,0.40625,16.0,0.053205092441649435,0.028248367831110954,0.4751138687133789,18328.375,16.0,1.0,293314.0,146627.0,0.4998977205315805,128.0,1.0,9.302007896300697e-07,22.177906036376953,73.0792305469513,297.0,0.0,102.48598408699036
298,298.0,8.0,16.0,24.520124912261963,128.0,1.0,188080.0,860496.0,0.8206329345703125,2.0,2.0,2.0,0.46875,16.0,0.06973508070126941,0.03214374929666519,0.6253554821014404,11751.5,16.0,1.0,188080.0,94012.0,0.4998511271799234,128.0,1.0,9.297397635773687e-07,22.177906036376953,59.99614214897156,298.0,0.0,84.56831526756287
299,299.0,8.0,16.0,38.969780921936035,128.0,1.0,286358.0,762218.0,0.7269077301025391,2.0,2.0,2.0,0.5,16.0,0.045227731992737254,0.025100355967879295,0.39217013120651245,17894.125,16.0,1.0,286358.0,143153.0,0.49990920456212157,128.0,1.0,9.292773350145474e-07,22.177906036376953,71.27911710739136,299.0,0.0,110.32621884346008
300,300.0,8.0,16.0,39.461546421051025,128.0,1.0,354121.0,694455.0,0.6622838973999023,2.0,2.0,2.0,0.3046875,16.0,0.05526636270715286,0.03523385524749756,0.34592506289482117,22128.5,16.0,1.0,354121.0,177028.0,0.49990822346034264,128.0,1.0,9.288135054507995e-07,22.177906036376953,89.67191076278687,300.0,0.0,345.875203371048
301,301.0,8.0,16.0,36.010117292404175,128.0,1.0,224397.0,824179.0,0.7859983444213867,2.0,2.0,2.0,0.515625,16.0,0.06741601128292789,0.03322044387459755,0.47939521074295044,14021.375,16.0,1.0,224397.0,112171.0,0.4998774493420144,128.0,1.0,9.283482763998915e-07,22.177906036376953,73.2721860408783,301.0,0.0,109.3543860912323
302,302.0,8.0,16.0,27.3168466091156,128.0,1.0,253622.0,794954.0,0.7581272125244141,2.0,2.0,2.0,0.3828125,16.0,0.06639278624761745,0.03427774831652641,0.4716793894767761,15846.125,16.0,1.0,253622.0,126769.0,0.4998343992240421,128.0,1.0,9.278816493801578e-07,22.177906036376953,72.39683508872986,302.0,0.0,99.78089094161987
303,303.0,8.0,16.0,39.34011101722717,128.0,1.0,295966.0,752610.0,0.7177448272705078,2.0,2.0,2.0,0.390625,16.0,0.06274565464999429,0.03094428777694702,0.421274334192276,18493.875,16.0,1.0,295966.0,147951.0,0.49989187947264213,128.0,1.0,9.274136259144941e-07,22.177906036376953,77.29893589019775,303.0,0.0,116.71403670310974
304,304.0,8.0,16.0,28.53075861930847,128.0,1.0,324977.0,723599.0,0.6900777816772461,2.0,2.0,2.0,0.390625,16.0,0.057300797343702435,0.031147435307502747,0.3993927240371704,20307.125,16.0,1.0,324977.0,162457.0,0.4999030700634199,128.0,1.0,9.269442075303548e-07,22.177906036376953,74.38309621810913,304.0,0.0,102.99804902076721
305,305.0,8.0,16.0,40.67241168022156,128.0,1.0,282311.0,766265.0,0.7307672500610352,2.0,2.0,2.0,0.3984375,16.0,0.049996093913868,0.025969594717025757,0.37130069732666016,17640.25,16.0,1.0,282311.0,141122.0,0.49988133654019856,128.0,1.0,9.264733957597457e-07,22.177906036376953,80.98444747924805,305.0,0.0,121.72867918014526
306,306.0,8.0,16.0,37.46560740470886,128.0,1.0,298520.0,750056.0,0.7153091430664062,2.0,2.0,2.0,0.3671875,16.0,0.05255086562773469,0.029017936438322067,0.49347129464149475,18653.25,16.0,1.0,298520.0,149226.0,0.4998861047835991,128.0,1.0,9.26001192139221e-07,22.177906036376953,83.92844820022583,306.0,0.0,121.47290968894958
307,307.0,8.0,16.0,39.06517028808594,128.0,1.0,267640.0,780936.0,0.7447586059570312,2.0,2.0,2.0,0.3671875,16.0,0.062404799509171716,0.03560187295079231,0.46928146481513977,16723.375,16.0,1.0,267640.0,133787.0,0.49987670004483636,128.0,1.0,9.255275982098769e-07,22.177906036376953,78.77188467979431,307.0,0.0,117.90604209899902
308,308.0,8.0,16.0,22.562435150146484,128.0,1.0,218185.0,830391.0,0.7919225692749023,2.0,2.0,2.0,0.2734375,16.0,0.06852620571383494,0.03777081519365311,0.5421403646469116,13632.625,16.0,1.0,218185.0,109061.0,0.49985562710543807,128.0,1.0,9.250526155173472e-07,22.177906036376953,64.94274759292603,308.0,0.0,87.56382155418396
309,309.0,8.0,16.0,28.14368200302124,128.0,1.0,198433.0,850143.0,0.8107595443725586,2.0,2.0,2.0,0.734375,16.0,0.05940911303652428,0.027959752827882767,0.49006205797195435,12398.5,16.0,1.0,198433.0,99188.0,0.4998563746957411,128.0,1.0,9.245762456117978e-07,22.177906036376953,59.57217860221863,309.0,0.0,87.77430438995361
310,310.0,8.0,16.0,38.623915910720825,128.0,1.0,336755.0,711821.0,0.6788454055786133,2.0,2.0,2.0,0.375,16.0,0.053250115557671215,0.03029591403901577,0.5051349401473999,21042.5,16.0,1.0,336755.0,168340.0,0.49988864307879616,128.0,1.0,9.240984900479224e-07,22.177906036376953,75.43037056922913,310.0,0.0,114.13906168937683
311,311.0,8.0,16.0,35.487303018569946,128.0,1.0,229133.0,819443.0,0.7814817428588867,2.0,2.0,2.0,0.6953125,16.0,0.061133379619479955,0.029171684756875038,0.5099382400512695,14316.875,16.0,1.0,229133.0,114535.0,0.49986252525825614,128.0,1.0,9.236193503849368e-07,22.177906036376953,69.56322121620178,311.0,0.0,105.11515021324158
312,312.0,8.0,16.0,34.421815395355225,128.0,1.0,243070.0,805506.0,0.7681903839111328,2.0,2.0,2.0,0.4140625,16.0,0.06961615634861439,0.034707341343164444,0.5191543102264404,15187.125,16.0,1.0,243070.0,121497.0,0.49984366643353767,128.0,1.0,9.231388281865738e-07,22.177906036376953,74.87214183807373,312.0,0.0,109.35419464111328
313,313.0,8.0,16.0,32.39559817314148,128.0,1.0,202638.0,845938.0,0.8067493438720703,2.0,2.0,2.0,0.5625,16.0,0.05599149102115607,0.026379115879535675,0.48539024591445923,12661.0,16.0,1.0,202638.0,101288.0,0.49984701783475954,128.0,1.0,9.226569250210783e-07,22.177906036376953,67.01852464675903,313.0,0.0,99.4689712524414
314,314.0,8.0,16.0,32.21242022514343,128.0,1.0,218563.0,830013.0,0.7915620803833008,2.0,2.0,2.0,0.34375,16.0,0.05972371164363357,0.028103774413466454,0.552273690700531,13656.0,16.0,1.0,218563.0,109248.0,0.49984672611558223,128.0,1.0,9.221736424612027e-07,22.177906036376953,69.9483642578125,314.0,0.0,102.21834874153137
315,315.0,8.0,16.0,34.497485876083374,128.0,1.0,220320.0,828256.0,0.789886474609375,2.0,2.0,2.0,0.515625,16.0,0.061358887381513676,0.027606118470430374,0.5777454972267151,13766.0,16.0,1.0,220320.0,110128.0,0.4998547567175018,128.0,1.0,9.216889820842004e-07,22.177906036376953,62.19614362716675,315.0,0.0,96.7566454410553
316,316.0,8.0,16.0,21.493667364120483,128.0,1.0,240679.0,807897.0,0.7704706192016602,2.0,2.0,2.0,0.3828125,16.0,0.060339721947622535,0.028223853558301926,0.4881444573402405,15038.375,16.0,1.0,240679.0,120307.0,0.49986496536881075,128.0,1.0,9.212029454718223e-07,22.177906036376953,63.990652084350586,316.0,0.0,85.54574537277222
317,317.0,8.0,16.0,34.941441774368286,128.0,1.0,249529.0,799047.0,0.7620306015014648,2.0,2.0,2.0,0.375,16.0,0.057163668842845856,0.030496472492814064,0.6416077017784119,15592.0,16.0,1.0,249529.0,124736.0,0.49988578481859824,128.0,1.0,9.207155342103101e-07,22.177906036376953,69.77761507034302,317.0,0.0,104.78446078300476
318,318.0,8.0,16.0,38.7962441444397,128.0,1.0,314884.0,733692.0,0.6997032165527344,2.0,2.0,2.0,0.34375,16.0,0.05952830272935273,0.03362860903143883,0.42191433906555176,19676.25,16.0,1.0,314884.0,157410.0,0.4998983752747043,128.0,1.0,9.202267498903923e-07,22.177906036376953,73.34811019897461,318.0,0.0,112.22851085662842
319,319.0,8.0,16.0,20.223071098327637,128.0,1.0,187161.0,861415.0,0.8215093612670898,2.0,2.0,2.0,0.6171875,16.0,0.0664215541401084,0.029511474072933197,0.5262805223464966,11693.625,16.0,1.0,187161.0,93549.0,0.49983169570583613,128.0,1.0,9.197365941072783e-07,22.177906036376953,61.626373291015625,319.0,0.0,81.90267205238342
320,320.0,8.0,16.0,40.84434723854065,128.0,1.0,272995.0,775581.0,0.7396516799926758,2.0,2.0,2.0,0.5078125,16.0,0.058048418896840974,0.031870413571596146,0.43816983699798584,17057.625,16.0,1.0,272995.0,136461.0,0.4998662979175443,128.0,1.0,9.192450684606535e-07,22.18001079559326,68.7641031742096,320.0,0.0,109.69084572792053
321,321.0,8.0,16.0,40.42095470428467,128.0,1.0,281120.0,767456.0,0.731903076171875,2.0,2.0,2.0,0.3671875,16.0,0.05457845302219203,0.028410574421286583,0.44625669717788696,17565.875,16.0,1.0,281120.0,140527.0,0.4998826124075128,128.0,1.0,9.187521745546744e-07,22.18001079559326,86.6374864578247,321.0,0.0,127.13151001930237
322,322.0,8.0,16.0,35.228330850601196,128.0,1.0,205896.0,842680.0,0.8036422729492188,2.0,2.0,2.0,0.4140625,16.0,0.06588102002849668,0.02826601453125477,0.6129021644592285,12865.0,16.0,1.0,205896.0,102920.0,0.49986400901425965,128.0,1.0,9.182579139979622e-07,22.18001079559326,61.8299036026001,322.0,0.0,97.11177039146423
323,323.0,8.0,16.0,29.10243010520935,128.0,1.0,311946.0,736630.0,0.7025051116943359,2.0,2.0,2.0,0.40625,16.0,0.05228794081343603,0.02867104299366474,0.4136694669723511,19493.0,16.0,1.0,311946.0,155944.0,0.49990703519198837,128.0,1.0,9.177622884035992e-07,22.18001079559326,77.29168605804443,323.0,0.0,106.47554612159729
324,324.0,8.0,16.0,20.767980337142944,128.0,1.0,185431.0,863145.0,0.8231592178344727,2.0,2.0,2.0,0.59375,16.0,0.07229126758109618,0.030383512377738953,0.6416288614273071,11585.375,16.0,1.0,185431.0,92683.0,0.49982473264988053,128.0,1.0,9.172652993891221e-07,22.18001079559326,57.13420557975769,324.0,0.0,77.96300220489502
325,325.0,8.0,16.0,22.04187798500061,128.0,1.0,194322.0,854254.0,0.8146800994873047,2.0,2.0,2.0,0.3359375,16.0,0.07726105729125181,0.03498858958482742,0.5591302514076233,12140.625,16.0,1.0,194322.0,97125.0,0.4998147404822923,128.0,1.0,9.167669485765173e-07,22.18001079559326,57.6733193397522,325.0,0.0,79.76908826828003
326,326.0,8.0,16.0,38.978015661239624,128.0,1.0,254721.0,793855.0,0.7570791244506836,2.0,2.0,2.0,0.3203125,16.0,0.06798134530670637,0.039098069071769714,0.7364497780799866,15916.375,16.0,1.0,254721.0,127331.0,0.4998841870124568,128.0,1.0,9.162672375922161e-07,22.18001079559326,65.74770331382751,326.0,0.0,104.79150485992432
327,327.0,8.0,16.0,15.67919635772705,128.0,1.0,135458.0,913118.0,0.8708171844482422,2.0,2.0,2.0,0.609375,16.0,0.06608246191741797,0.024043573066592216,0.7508121132850647,8462.5,16.0,1.0,135458.0,67700.0,0.4997859115002436,128.0,1.0,9.157661680670883e-07,22.18001079559326,50.90493416786194,327.0,0.0,66.62397599220276
328,328.0,8.0,16.0,28.36824870109558,128.0,1.0,324153.0,724423.0,0.6908636093139648,2.0,2.0,2.0,0.34375,16.0,0.04508829530529783,0.024458788335323334,0.35409197211265564,20255.625,16.0,1.0,324153.0,162045.0,0.4999028236666019,128.0,1.0,9.152637416364379e-07,22.18001079559326,81.62698245048523,328.0,0.0,110.07941436767578
329,329.0,8.0,16.0,34.63690972328186,128.0,1.0,375495.0,673081.0,0.6419000625610352,2.0,2.0,2.0,0.421875,16.0,0.04586506229240531,0.02283565141260624,0.7438837289810181,23464.75,16.0,1.0,375495.0,187718.0,0.4999214370364452,128.0,1.0,9.14759959939997e-07,22.18001079559326,91.2314760684967,329.0,0.0,125.95830225944519
330,330.0,8.0,16.0,38.84470748901367,128.0,1.0,337099.0,711477.0,0.6785173416137695,2.0,2.0,2.0,0.3046875,16.0,0.06084992412930447,0.03386305645108223,0.40977102518081665,21064.625,16.0,1.0,337099.0,168517.0,0.49990358915333477,128.0,1.0,9.14254824621921e-07,22.18001079559326,89.42982006072998,330.0,0.0,128.36320877075195
331,331.0,8.0,16.0,17.55811095237732,128.0,1.0,249881.0,798695.0,0.7616949081420898,2.0,2.0,2.0,0.5546875,16.0,0.0511201612039001,0.021973222494125366,0.4805426299571991,15613.625,16.0,1.0,249881.0,124909.0,0.49987393999543783,128.0,1.0,9.13748337330783e-07,22.18001079559326,55.95213866233826,331.0,0.0,73.5721504688263
332,332.0,8.0,16.0,28.172529935836792,128.0,1.0,249420.0,799156.0,0.7621345520019531,2.0,2.0,2.0,0.484375,16.0,0.06227860647299057,0.031194735318422318,0.46946194767951965,15584.625,16.0,1.0,249420.0,124677.0,0.49986769304787104,128.0,1.0,9.132404997195684e-07,22.18001079559326,76.06417322158813,332.0,0.0,104.30036664009094
333,333.0,8.0,16.0,20.5526123046875,128.0,1.0,246236.0,802340.0,0.7651710510253906,2.0,2.0,2.0,0.328125,16.0,0.0596954342490692,0.030367769300937653,0.42488545179367065,15385.625,16.0,1.0,246236.0,123085.0,0.49986598222843126,128.0,1.0,9.127313134456696e-07,22.18001079559326,60.78221797943115,333.0,0.0,81.39861249923706
334,334.0,8.0,16.0,33.042564392089844,128.0,1.0,268697.0,779879.0,0.7437505722045898,2.0,2.0,2.0,0.4296875,16.0,0.05870423287950948,0.030843699350953102,0.44313493371009827,16789.875,16.0,1.0,268697.0,134319.0,0.49989021090670904,128.0,1.0,9.122207801708801e-07,22.18001079559326,81.68725872039795,334.0,0.0,114.79656457901001
335,335.0,8.0,16.0,27.00852108001709,128.0,1.0,223895.0,824681.0,0.7864770889282227,2.0,2.0,2.0,0.375,16.0,0.06229639996424508,0.032494548708200455,0.572091817855835,13989.0,16.0,1.0,223895.0,111912.0,0.49984144353379933,128.0,1.0,9.117089015613903e-07,22.18001079559326,63.10152792930603,335.0,0.0,90.1680257320404
336,336.0,8.0,16.0,28.881937980651855,128.0,1.0,216229.0,832347.0,0.793787956237793,2.0,2.0,2.0,0.5859375,16.0,0.05266172067685485,0.025251856073737144,0.5115294456481934,13510.125,16.0,1.0,216229.0,108081.0,0.4998450716601381,128.0,1.0,9.111956792877807e-07,22.18001079559326,61.907065629959106,336.0,0.0,90.84504866600037
337,337.0,8.0,16.0,35.03790807723999,128.0,1.0,245715.0,802861.0,0.7656679153442383,2.0,2.0,2.0,0.4296875,16.0,0.05875208412714735,0.030757669359445572,0.5702846050262451,15353.5,16.0,1.0,245715.0,122828.0,0.4998799422094703,128.0,1.0,9.106811150250171e-07,22.18001079559326,74.47625875473022,337.0,0.0,109.57967114448547
338,338.0,8.0,16.0,34.58223533630371,128.0,1.0,267373.0,781203.0,0.7450132369995117,2.0,2.0,2.0,0.4296875,16.0,0.06031915579245329,0.027003243565559387,0.6921823620796204,16706.0,16.0,1.0,267373.0,133648.0,0.49985600640303995,128.0,1.0,9.101652104524451e-07,22.18001079559326,80.15989708900452,338.0,0.0,114.82582068443298
339,339.0,8.0,16.0,30.653284549713135,128.0,1.0,241594.0,806982.0,0.7695980072021484,2.0,2.0,2.0,0.5390625,16.0,0.055396455790131284,0.02978295274078846,0.5194219946861267,15094.75,16.0,1.0,241594.0,120758.0,0.49983857214997063,128.0,1.0,9.096479672537847e-07,22.18001079559326,84.41853141784668,339.0,0.0,115.13660097122192
340,340.0,8.0,16.0,29.292741537094116,128.0,1.0,249764.0,798812.0,0.7618064880371094,2.0,2.0,2.0,0.40625,16.0,0.06518329377679247,0.035654596984386444,0.4816751480102539,15606.5,16.0,1.0,249764.0,124852.0,0.4998798866129626,128.0,1.0,9.091293871171244e-07,22.18001079559326,68.92029309272766,340.0,0.0,98.27462100982666
341,341.0,8.0,16.0,29.48881244659424,128.0,1.0,224063.0,824513.0,0.7863168716430664,2.0,2.0,2.0,0.5390625,16.0,0.07552471182809814,0.03455205261707306,0.6579601168632507,14000.125,16.0,1.0,224063.0,112001.0,0.49986387757014766,128.0,1.0,9.086094717349163e-07,22.18001079559326,65.78042888641357,341.0,0.0,95.32863545417786
342,342.0,8.0,16.0,28.54945182800293,128.0,1.0,255362.0,793214.0,0.7564678192138672,2.0,2.0,2.0,0.3984375,16.0,0.07131821207968371,0.03386553376913071,0.5435149669647217,15956.375,16.0,1.0,255362.0,127651.0,0.49988251971710745,128.0,1.0,9.0808822280397e-07,22.18001079559326,71.9838273525238,342.0,0.0,100.59548711776733
343,343.0,8.0,16.0,30.38762402534485,128.0,1.0,305991.0,742585.0,0.7081842422485352,2.0,2.0,2.0,0.46875,16.0,0.06093934200331727,0.03080885484814644,0.35943731665611267,19120.625,16.0,1.0,305991.0,152965.0,0.49990032386573463,128.0,1.0,9.075656420254474e-07,22.18001079559326,73.49467849731445,343.0,0.0,103.95927381515503
344,344.0,8.0,16.0,39.76436758041382,128.0,1.0,327781.0,720795.0,0.687403678894043,2.0,2.0,2.0,0.3828125,16.0,0.07002661638754866,0.0388081893324852,0.6873372793197632,20482.0,16.0,1.0,327781.0,163856.0,0.49989474679740437,128.0,1.0,9.070417311048568e-07,22.18001079559326,77.12368059158325,344.0,0.0,116.96566343307495
345,345.0,8.0,16.0,40.82618021965027,128.0,1.0,317762.0,730814.0,0.6969585418701172,2.0,2.0,2.0,0.265625,16.0,0.04969788244495331,0.02786206267774105,0.40149563550949097,19856.0,16.0,1.0,317762.0,158848.0,0.4998961486899,128.0,1.0,9.065164917520482e-07,22.18001079559326,87.6725070476532,345.0,0.0,128.57181906700134
346,346.0,8.0,16.0,38.86214733123779,128.0,1.0,210587.0,837989.0,0.799168586730957,2.0,2.0,2.0,0.5625,16.0,0.04772478267780165,0.021435121074318886,0.6673792004585266,13157.125,16.0,1.0,210587.0,105257.0,0.4998266749609425,128.0,1.0,9.059899256812063e-07,22.18001079559326,77.75064539909363,346.0,0.0,116.66462898254395
347,347.0,8.0,16.0,24.496347904205322,128.0,1.0,260924.0,787652.0,0.7511634826660156,2.0,2.0,2.0,0.53125,16.0,0.05934027615467817,0.029677066951990128,0.48302897810935974,16303.375,16.0,1.0,260924.0,130427.0,0.49986586132360383,128.0,1.0,9.054620346108466e-07,22.18001079559326,72.76970386505127,347.0,0.0,97.32760810852051
348,348.0,8.0,16.0,32.834755420684814,128.0,1.0,243507.0,805069.0,0.7677736282348633,2.0,2.0,2.0,0.4453125,16.0,0.05243593228436429,0.026157548651099205,0.4348512589931488,15215.0,16.0,1.0,243507.0,121720.0,0.49986242695281863,128.0,1.0,9.04932820263808e-07,22.18001079559326,70.36120009422302,348.0,0.0,103.26389575004578
349,349.0,8.0,16.0,25.359708547592163,128.0,1.0,170927.0,877649.0,0.8369913101196289,2.0,2.0,2.0,0.4296875,16.0,0.06367020855264247,0.026454279199242592,0.6232444643974304,10678.875,16.0,1.0,170927.0,85431.0,0.49980986034973995,128.0,1.0,9.044022843672487e-07,22.18001079559326,62.50964856147766,349.0,0.0,87.91404986381531
350,350.0,8.0,16.0,36.312265157699585,128.0,1.0,336159.0,712417.0,0.6794137954711914,2.0,2.0,2.0,0.3125,16.0,0.059552809491865394,0.03457682207226753,0.451591819524765,21006.0,16.0,1.0,336159.0,168048.0,0.4999062943428556,128.0,1.0,9.038704286526399e-07,22.18001079559326,75.8513433933258,350.0,0.0,339.3498845100403
351,351.0,8.0,16.0,30.98185133934021,128.0,1.0,273471.0,775105.0,0.7391977310180664,2.0,2.0,2.0,0.3125,16.0,0.04835464262125466,0.027281058952212334,0.39440640807151794,17088.375,16.0,1.0,273471.0,136707.0,0.49989578419649616,128.0,1.0,9.033372548557597e-07,22.18001079559326,68.860036611557,351.0,0.0,99.90826463699341
352,352.0,8.0,16.0,29.24510407447815,128.0,1.0,228977.0,819599.0,0.7816305160522461,2.0,2.0,2.0,0.53125,16.0,0.0562336526579291,0.02896387130022049,0.4518165588378906,14307.375,16.0,1.0,228977.0,114459.0,0.49987116609965193,128.0,1.0,9.028027647166887e-07,22.18001079559326,63.06203770637512,352.0,0.0,92.36751317977905
353,353.0,8.0,16.0,30.387948513031006,128.0,1.0,228708.0,819868.0,0.7818870544433594,2.0,2.0,2.0,0.4296875,16.0,0.06369793988492585,0.03170785307884216,0.6307596564292908,14290.25,16.0,1.0,228708.0,114322.0,0.49986008360004897,128.0,1.0,9.022669599798028e-07,22.18001079559326,66.52637100219727,353.0,0.0,96.98023223876953
354,354.0,8.0,16.0,21.163368225097656,128.0,1.0,230874.0,817702.0,0.7798213958740234,2.0,2.0,2.0,0.3125,16.0,0.055907890699856515,0.028494855388998985,0.43509653210639954,14425.25,16.0,1.0,230874.0,115402.0,0.49984840215875326,128.0,1.0,9.017298423937688e-07,22.18001079559326,61.36188721656799,354.0,0.0,82.58305382728577
355,355.0,8.0,16.0,25.357170343399048,128.0,1.0,267023.0,781553.0,0.7453470230102539,2.0,2.0,2.0,0.4296875,16.0,0.07234134162501159,0.0347059965133667,0.6521342992782593,16684.25,16.0,1.0,267023.0,133474.0,0.4998595626593964,128.0,1.0,9.011914137115379e-07,22.18001079559326,68.57288861274719,355.0,0.0,93.99814081192017
356,356.0,8.0,16.0,20.05961322784424,128.0,1.0,197626.0,850950.0,0.8115291595458984,2.0,2.0,2.0,0.4140625,16.0,0.0646118959728092,0.029716772958636284,0.797836422920227,12348.125,16.0,1.0,197626.0,98785.0,0.4998583182374789,128.0,1.0,9.006516756903401e-07,22.18001079559326,58.23462700843811,356.0,0.0,78.34723591804504
357,357.0,8.0,16.0,25.887951850891113,128.0,1.0,248748.0,799828.0,0.7627754211425781,2.0,2.0,2.0,0.3671875,16.0,0.0763189748048094,0.0370551161468029,0.6895412802696228,15542.875,16.0,1.0,248748.0,124343.0,0.49987537588241915,128.0,1.0,9.001106300916789e-07,22.18001079559326,65.42823553085327,357.0,0.0,91.38061857223511
358,358.0,8.0,16.0,29.941171169281006,128.0,1.0,285186.0,763390.0,0.7280254364013672,2.0,2.0,2.0,0.4296875,16.0,0.0632345925336773,0.031393736600875854,0.4874744117259979,17819.625,16.0,1.0,285186.0,142557.0,0.4998737665944331,128.0,1.0,8.99568278681325e-07,22.18001079559326,68.17571377754211,358.0,0.0,98.18870186805725
359,359.0,8.0,16.0,19.986273050308228,128.0,1.0,209941.0,838635.0,0.7997846603393555,2.0,2.0,2.0,0.4140625,16.0,0.06294606978158238,0.03132633864879608,0.4432394206523895,13117.75,16.0,1.0,209941.0,104942.0,0.4998642475743185,128.0,1.0,8.990246232293111e-07,22.18001079559326,59.380786418914795,359.0,0.0,79.42193484306335
360,360.0,8.0,16.0,39.98333120346069,128.0,1.0,299098.0,749478.0,0.7147579193115234,2.0,2.0,2.0,0.4296875,16.0,0.04629361888646896,0.024642297998070717,0.3777313828468323,18690.0,16.0,1.0,299098.0,149520.0,0.49990304181238254,128.0,1.0,8.984796655099255e-07,22.18001079559326,76.83391094207764,360.0,0.0,116.89257645606995
361,361.0,8.0,16.0,40.362133264541626,128.0,1.0,324802.0,723774.0,0.6902446746826172,2.0,2.0,2.0,0.328125,16.0,0.04632172750109733,0.02359306812286377,0.5363680720329285,20296.25,16.0,1.0,324802.0,162370.0,0.499904557237948,128.0,1.0,8.979334073017066e-07,22.18001079559326,90.61426711082458,361.0,0.0,131.0514600276947
362,362.0,8.0,16.0,20.641785383224487,128.0,1.0,238687.0,809889.0,0.7723703384399414,2.0,2.0,2.0,0.2734375,16.0,0.0666335237123736,0.033607691526412964,0.4827407896518707,14914.125,16.0,1.0,238687.0,119313.0,0.4998722175904008,128.0,1.0,8.973858503874372e-07,22.18001079559326,59.08985638618469,362.0,0.0,79.7921736240387
363,363.0,8.0,16.0,38.942835092544556,128.0,1.0,306203.0,742373.0,0.707982063293457,2.0,2.0,2.0,0.3828125,16.0,0.060465559127731175,0.03411933407187462,0.42058396339416504,19133.625,16.0,1.0,306203.0,153069.0,0.49989386126197327,128.0,1.0,8.968369965541388e-07,22.18001079559326,84.08855056762695,363.0,0.0,123.10360145568848
364,364.0,8.0,16.0,15.525126934051514,128.0,1.0,157594.0,890982.0,0.8497066497802734,2.0,2.0,2.0,0.5859375,16.0,0.06889954235651771,0.026707656681537628,0.6206981539726257,9845.125,16.0,1.0,157594.0,78761.0,0.4997715649072934,128.0,1.0,8.962868475930652e-07,22.18001079559326,54.597564935684204,364.0,0.0,70.16743874549866
365,365.0,8.0,16.0,27.465731382369995,128.0,1.0,265009.0,783567.0,0.7472677230834961,2.0,2.0,2.0,0.421875,16.0,0.06156705141435532,0.03627120330929756,0.4451983571052551,16560.125,16.0,1.0,265009.0,132481.0,0.49991132376636266,128.0,1.0,8.957354052996973e-07,22.18001079559326,71.6063621044159,365.0,0.0,99.14006018638611
366,366.0,8.0,16.0,36.45808553695679,128.0,1.0,237449.0,811127.0,0.7735509872436523,2.0,2.0,2.0,0.546875,16.0,0.05195794226841744,0.02811473049223423,0.40789395570755005,14836.625,16.0,1.0,237449.0,118693.0,0.49986733993404897,128.0,1.0,8.951826714737367e-07,22.18001079559326,63.09701180458069,366.0,0.0,99.61545419692993
367,367.0,8.0,16.0,25.966790914535522,128.0,1.0,192942.0,855634.0,0.8159961700439453,2.0,2.0,2.0,0.3515625,16.0,0.060656704057678576,0.031145432963967323,0.5542053580284119,12054.25,16.0,1.0,192942.0,96434.0,0.4998082325258368,128.0,1.0,8.946286479191003e-07,22.18001079559326,61.91429138183594,367.0,0.0,87.93513441085815
368,368.0,8.0,16.0,41.279797077178955,128.0,1.0,367857.0,680719.0,0.6491842269897461,2.0,2.0,2.0,0.390625,16.0,0.05480744484247442,0.03116997331380844,0.49054577946662903,22987.0,16.0,1.0,367857.0,183896.0,0.4999116504511264,128.0,1.0,8.940733364439142e-07,22.18727684020996,92.86888217926025,368.0,0.0,134.25679731369019
369,369.0,8.0,16.0,25.736483812332153,128.0,1.0,233379.0,815197.0,0.7774324417114258,2.0,2.0,2.0,0.390625,16.0,0.054306778019694316,0.02693498134613037,0.44154179096221924,14582.375,16.0,1.0,233379.0,116659.0,0.49986931129193285,128.0,1.0,8.935167388605074e-07,22.18727684020996,68.35146355628967,369.0,0.0,94.1474118232727
370,370.0,8.0,16.0,36.87119245529175,128.0,1.0,272095.0,776481.0,0.7405099868774414,2.0,2.0,2.0,0.34375,16.0,0.05541083655739983,0.029736436903476715,0.6379165053367615,17002.25,16.0,1.0,272095.0,136018.0,0.49989158198423345,128.0,1.0,8.929588569854067e-07,22.18727684020996,71.79227471351624,370.0,0.0,108.74371981620789
371,371.0,8.0,16.0,17.166487216949463,128.0,1.0,170727.0,877849.0,0.8371820449829102,2.0,2.0,2.0,0.6171875,16.0,0.057799493020824454,0.028187062591314316,0.6302055716514587,10665.625,16.0,1.0,170727.0,85325.0,0.4997744937824714,128.0,1.0,8.923996926393305e-07,22.18727684020996,52.2105131149292,371.0,0.0,69.42674016952515
372,372.0,8.0,16.0,30.224478244781494,128.0,1.0,275680.0,772896.0,0.737091064453125,2.0,2.0,2.0,0.421875,16.0,0.06223800575534516,0.03413355350494385,0.40817755460739136,17225.875,16.0,1.0,275680.0,137807.0,0.49988029599535694,128.0,1.0,8.918392476471821e-07,22.18727684020996,74.07094693183899,372.0,0.0,104.3655617237091
373,373.0,8.0,16.0,20.837913036346436,128.0,1.0,216804.0,831772.0,0.7932395935058594,2.0,2.0,2.0,0.390625,16.0,0.06021253499484942,0.02314688079059124,2.4903175830841064,13546.875,16.0,1.0,216804.0,108375.0,0.499875463552333,128.0,1.0,8.912775238380448e-07,22.18727684020996,62.55997180938721,373.0,0.0,83.45223951339722
374,374.0,8.0,16.0,26.018261432647705,128.0,1.0,208066.0,840510.0,0.8015727996826172,2.0,2.0,2.0,0.46875,16.0,0.05428045394952054,0.026293810456991196,0.5064722895622253,13000.625,16.0,1.0,208066.0,104005.0,0.4998654273163323,128.0,1.0,8.907145230451754e-07,22.18727684020996,66.41561675071716,374.0,0.0,92.49021363258362
375,375.0,8.0,16.0,30.13555932044983,128.0,1.0,271699.0,776877.0,0.7408876419067383,2.0,2.0,2.0,0.2421875,16.0,0.060924049109026636,0.03253181278705597,0.4342172145843506,16977.125,16.0,1.0,271699.0,135817.0,0.4998803823348632,128.0,1.0,8.90150247105998e-07,22.18727684020996,79.02764916419983,375.0,0.0,109.22877597808838
376,376.0,8.0,16.0,20.915855169296265,128.0,1.0,165957.0,882619.0,0.841731071472168,2.0,2.0,2.0,0.59375,16.0,0.06040997503825285,0.029004106298089027,0.5414246320724487,10367.75,16.0,1.0,165957.0,82942.0,0.4997800635104274,128.0,1.0,8.895846978620991e-07,22.18727684020996,51.2311737537384,376.0,0.0,72.19192576408386
377,377.0,8.0,16.0,25.140621662139893,128.0,1.0,205659.0,842917.0,0.803868293762207,2.0,2.0,2.0,0.5078125,16.0,0.07125422790416361,0.03299842029809952,0.557072639465332,12849.625,16.0,1.0,205659.0,102797.0,0.4998419714187077,128.0,1.0,8.890178771592197e-07,22.18727684020996,57.162169218063354,377.0,0.0,82.35535311698914
378,378.0,8.0,16.0,31.33048939704895,128.0,1.0,210196.0,838380.0,0.7995414733886719,2.0,2.0,2.0,0.453125,16.0,0.07578038866712349,0.03811464458703995,0.7218803763389587,13133.5,16.0,1.0,210196.0,105068.0,0.49985727606614777,128.0,1.0,8.884497868472513e-07,22.18727684020996,69.89250659942627,378.0,0.0,101.2841284275055
379,379.0,8.0,16.0,17.0708224773407,128.0,1.0,175549.0,873027.0,0.8325834274291992,2.0,2.0,2.0,0.484375,16.0,0.07777538982897257,0.03585261479020119,0.5655241012573242,10968.0,16.0,1.0,175549.0,87744.0,0.49982625933500047,128.0,1.0,8.878804287802283e-07,22.18727684020996,55.13277864456177,379.0,0.0,72.25514698028564
380,380.0,8.0,16.0,20.055786848068237,128.0,1.0,236232.0,812344.0,0.7747116088867188,2.0,2.0,2.0,0.3671875,16.0,0.051104105228860976,0.028429342433810234,0.5407807230949402,14760.5,16.0,1.0,236232.0,118084.0,0.4998645399437841,128.0,1.0,8.873098048163229e-07,22.18727684020996,65.2098937034607,380.0,0.0,85.32573819160461
381,381.0,8.0,16.0,33.2488157749176,128.0,1.0,320745.0,727831.0,0.6941137313842773,2.0,2.0,2.0,0.2109375,16.0,0.052324940532137,0.02980854921042919,0.3459399342536926,20042.875,16.0,1.0,320745.0,160343.0,0.4999080266255125,128.0,1.0,8.867379168178387e-07,22.18727684020996,72.97281551361084,381.0,0.0,106.31617617607117
382,382.0,8.0,16.0,17.54483675956726,128.0,1.0,188713.0,859863.0,0.8200292587280273,2.0,2.0,2.0,0.6875,16.0,0.04738131758267495,0.02204362489283085,0.5144470930099487,11791.125,16.0,1.0,188713.0,94329.0,0.4998542760700111,128.0,1.0,8.861647666512046e-07,22.18727684020996,55.750640630722046,382.0,0.0,73.34550499916077
383,383.0,8.0,16.0,40.10369873046875,128.0,1.0,226007.0,822569.0,0.7844629287719727,2.0,2.0,2.0,0.5234375,16.0,0.05287147723323984,0.027289407327771187,0.42990779876708984,14121.5,16.0,1.0,226007.0,112972.0,0.49986062378598894,128.0,1.0,8.855903561869687e-07,22.18727684020996,74.02752685546875,383.0,0.0,114.19290113449097
384,384.0,8.0,16.0,16.182007312774658,128.0,1.0,170975.0,877601.0,0.8369455337524414,2.0,2.0,2.0,0.671875,16.0,0.062237488476155164,0.026323463767766953,0.698847234249115,10681.25,16.0,1.0,170975.0,85450.0,0.49978066968855095,128.0,1.0,8.850146872997921e-07,22.18727684020996,53.36372375488281,384.0,0.0,69.59451365470886
385,385.0,8.0,16.0,40.86149525642395,128.0,1.0,276907.0,771669.0,0.7359209060668945,2.0,2.0,2.0,0.5859375,16.0,0.0562430531700478,0.02614949457347393,0.5136628746986389,17302.5,16.0,1.0,276907.0,138420.0,0.49987902075426044,128.0,1.0,8.844377618684433e-07,22.18727684020996,73.94968867301941,385.0,0.0,114.88071155548096
386,386.0,8.0,16.0,19.181817293167114,128.0,1.0,210552.0,838024.0,0.7992019653320312,2.0,2.0,2.0,0.609375,16.0,0.0520899642439473,0.02801140770316124,0.4419024884700775,13155.75,16.0,1.0,210552.0,105246.0,0.4998575173828793,128.0,1.0,8.838595817757914e-07,22.18727684020996,62.85006499290466,386.0,0.0,82.0953438282013
387,387.0,8.0,16.0,33.93396997451782,128.0,1.0,221614.0,826962.0,0.7886524200439453,2.0,2.0,2.0,0.609375,16.0,0.06370765162556624,0.030724668875336647,0.621240496635437,13846.875,16.0,1.0,221614.0,110775.0,0.4998556047903111,128.0,1.0,8.832801489088003e-07,22.18727684020996,61.51852750778198,387.0,0.0,95.51343941688538
388,388.0,8.0,16.0,22.87859559059143,128.0,1.0,216054.0,832522.0,0.7939548492431641,2.0,2.0,2.0,0.46875,16.0,0.05620507278195239,0.029796162620186806,0.490739107131958,13499.25,16.0,1.0,216054.0,107994.0,0.49984726040712046,128.0,1.0,8.826994651585226e-07,22.18727684020996,61.28153610229492,388.0,0.0,84.21593880653381
389,389.0,8.0,16.0,22.85879349708557,128.0,1.0,213337.0,835239.0,0.7965459823608398,2.0,2.0,2.0,0.390625,16.0,0.07737178864869755,0.04047298803925514,0.5651857852935791,13329.75,16.0,1.0,213337.0,106638.0,0.49985703370723317,128.0,1.0,8.821175324200931e-07,22.18727684020996,60.88853073120117,389.0,0.0,83.80696511268616
390,390.0,8.0,16.0,25.02697491645813,128.0,1.0,206437.0,842139.0,0.803126335144043,2.0,2.0,2.0,0.515625,16.0,0.06051117663376148,0.02996819093823433,0.6501909494400024,12898.75,16.0,1.0,206437.0,103190.0,0.49986194335317796,128.0,1.0,8.815343525927232e-07,22.18727684020996,62.81526470184326,390.0,0.0,87.89887619018555
391,391.0,8.0,16.0,34.29359316825867,128.0,1.0,243426.0,805150.0,0.7678508758544922,2.0,2.0,2.0,0.40625,16.0,0.05650059283449817,0.03130439668893814,0.44815388321876526,15211.125,16.0,1.0,243426.0,121689.0,0.4999014074092332,128.0,1.0,8.809499275796938e-07,22.18727684020996,73.4218852519989,391.0,0.0,107.78360176086426
392,392.0,8.0,16.0,29.82134461402893,128.0,1.0,225372.0,823204.0,0.7850685119628906,2.0,2.0,2.0,0.453125,16.0,0.06602597565900564,0.03193110600113869,0.5415012240409851,14081.75,16.0,1.0,225372.0,112654.0,0.4998580125303942,128.0,1.0,8.803642592883502e-07,22.18727684020996,67.91508364677429,392.0,0.0,97.79717969894409
393,393.0,8.0,16.0,28.62354564666748,128.0,1.0,253610.0,794966.0,0.7581386566162109,2.0,2.0,2.0,0.5390625,16.0,0.06285005369351235,0.031245894730091095,0.5734540820121765,15847.125,16.0,1.0,253610.0,126777.0,0.49988959425890145,128.0,1.0,8.797773496300946e-07,22.18727684020996,64.32344102859497,393.0,0.0,93.01210570335388
394,394.0,8.0,16.0,22.433876991271973,128.0,1.0,240145.0,808431.0,0.7709798812866211,2.0,2.0,2.0,0.390625,16.0,0.0625744665818833,0.03120824135839939,0.4763491451740265,15005.375,16.0,1.0,240145.0,120043.0,0.4998771575506465,128.0,1.0,8.791892005203813e-07,22.18727684020996,69.72848892211914,394.0,0.0,92.23968434333801
395,395.0,8.0,16.0,39.981682777404785,128.0,1.0,289996.0,758580.0,0.7234382629394531,2.0,2.0,2.0,0.4609375,16.0,0.05940346432833729,0.03367147222161293,0.497677206993103,18120.5,16.0,1.0,289996.0,144964.0,0.4998827570035449,128.0,1.0,8.785998138787095e-07,22.18727684020996,86.1632571220398,395.0,0.0,126.21918964385986
396,396.0,8.0,16.0,39.046680212020874,128.0,1.0,287550.0,761026.0,0.7257709503173828,2.0,2.0,2.0,0.28125,16.0,0.04952725056393136,0.022354640066623688,0.4969663918018341,17967.625,16.0,1.0,287550.0,143741.0,0.49988175969396625,128.0,1.0,8.780091916286167e-07,22.18727684020996,80.42443037033081,396.0,0.0,119.53820824623108
397,397.0,8.0,16.0,39.3001823425293,128.0,1.0,258242.0,790334.0,0.7537212371826172,2.0,2.0,2.0,0.6484375,16.0,0.053462353943424995,0.024186545982956886,0.4348447918891907,16136.25,16.0,1.0,258242.0,129090.0,0.4998799575591887,128.0,1.0,8.774173356976738e-07,22.18727684020996,75.07041025161743,397.0,0.0,114.434499502182
398,398.0,8.0,16.0,24.753761053085327,128.0,1.0,256052.0,792524.0,0.7558097839355469,2.0,2.0,2.0,0.5,16.0,0.05890068319941988,0.030084723606705666,0.5369760990142822,15999.25,16.0,1.0,256052.0,127994.0,0.4998750253854686,128.0,1.0,8.768242480174772e-07,22.18727684020996,70.864590883255,398.0,0.0,95.68285989761353
399,399.0,8.0,16.0,30.21208381652832,128.0,1.0,279122.0,769454.0,0.7338085174560547,2.0,2.0,2.0,0.46875,16.0,0.055134983171856916,0.026455221697688103,0.44245871901512146,17440.75,16.0,1.0,279122.0,139526.0,0.4998746068027601,128.0,1.0,8.762299305236438e-07,22.18727684020996,79.75160121917725,399.0,0.0,110.03485989570618
400,400.0,8.0,16.0,33.879401445388794,128.0,1.0,241122.0,807454.0,0.7700481414794922,2.0,2.0,2.0,0.46875,16.0,0.07243497046019853,0.03652453422546387,0.5176786780357361,15065.375,16.0,1.0,241122.0,120523.0,0.49984240343062847,128.0,1.0,8.75634385155804e-07,22.18727684020996,65.95467019081116,400.0,0.0,322.938818693161
401,401.0,8.0,16.0,40.42065238952637,128.0,1.0,277197.0,771379.0,0.7356443405151367,2.0,2.0,2.0,0.3203125,16.0,0.06177566537699621,0.03237934783101082,0.45563021302223206,17320.5,16.0,1.0,277197.0,138564.0,0.499875539778569,128.0,1.0,8.750376138575954e-07,22.18727684020996,77.0102334022522,401.0,0.0,117.50736141204834
402,402.0,8.0,16.0,39.303600788116455,128.0,1.0,311928.0,736648.0,0.7025222778320312,2.0,2.0,2.0,0.4296875,16.0,0.04614179481604111,0.02622160315513611,0.35541102290153503,19491.125,16.0,1.0,311928.0,155929.0,0.49988779461927113,128.0,1.0,8.744396185766569e-07,22.18727684020996,87.83958578109741,402.0,0.0,127.21935176849365
403,403.0,8.0,16.0,33.918819427490234,128.0,1.0,205281.0,843295.0,0.8042287826538086,2.0,2.0,2.0,0.6171875,16.0,0.0476212895380896,0.024419134482741356,0.4696863889694214,12826.0,16.0,1.0,205281.0,102608.0,0.49984168042829097,128.0,1.0,8.738404012646215e-07,22.18727684020996,69.49899506568909,403.0,0.0,103.47168684005737
404,404.0,8.0,16.0,40.99432897567749,128.0,1.0,339825.0,708751.0,0.6759176254272461,2.0,2.0,2.0,0.296875,16.0,0.054461160845683206,0.02692076377570629,0.4432620406150818,21234.875,16.0,1.0,339825.0,169879.0,0.49990141984845143,128.0,1.0,8.73239963877111e-07,22.18727684020996,88.32214164733887,404.0,0.0,129.3980052471161
405,405.0,8.0,16.0,33.02950572967529,128.0,1.0,318164.0,730412.0,0.6965751647949219,2.0,2.0,2.0,0.484375,16.0,0.05120927395879549,0.026667138561606407,0.43171924352645874,19881.625,16.0,1.0,318164.0,159053.0,0.4999088520385713,128.0,1.0,8.726383083737286e-07,22.18727684020996,71.11995196342468,405.0,0.0,104.24483823776245
406,406.0,8.0,16.0,39.74977493286133,128.0,1.0,297700.0,750876.0,0.7160911560058594,2.0,2.0,2.0,0.5,16.0,0.03154914744183678,0.015080406330525875,0.35765746235847473,18602.5,16.0,1.0,297700.0,148820.0,0.4998992274101444,128.0,1.0,8.720354367180533e-07,22.18727684020996,77.84731793403625,406.0,0.0,117.66778874397278
407,407.0,8.0,16.0,34.16813683509827,128.0,1.0,275804.0,772772.0,0.7369728088378906,2.0,2.0,2.0,0.484375,16.0,0.05669586945277743,0.030631672590970993,0.44306424260139465,17234.0,16.0,1.0,275804.0,137872.0,0.49989122710330525,128.0,1.0,8.714313508776332e-07,22.18727684020996,69.63277626037598,407.0,0.0,103.87131476402283
408,408.0,8.0,16.0,40.68579030036926,128.0,1.0,275003.0,773573.0,0.737736701965332,2.0,2.0,2.0,0.34375,16.0,0.05928669499285287,0.030102789402008057,0.4736231863498688,17183.5,16.0,1.0,275003.0,137468.0,0.4998781831470929,128.0,1.0,8.708260528239788e-07,22.18727684020996,73.23668551445007,408.0,0.0,114.00154638290405
409,409.0,8.0,16.0,41.30192494392395,128.0,1.0,314498.0,734078.0,0.7000713348388672,2.0,2.0,2.0,0.3359375,16.0,0.05984603488159184,0.03590449318289757,0.42534396052360535,19652.625,16.0,1.0,314498.0,157221.0,0.4999109692271493,128.0,1.0,8.702195445325568e-07,22.18727684020996,82.21539759635925,409.0,0.0,123.59883117675781
410,410.0,8.0,16.0,40.93876361846924,128.0,1.0,240812.0,807764.0,0.7703437805175781,2.0,2.0,2.0,0.5078125,16.0,0.05894718959809959,0.032393068075180054,0.46755754947662354,15046.875,16.0,1.0,240812.0,120375.0,0.4998712688736442,128.0,1.0,8.69611827982784e-07,22.18727684020996,85.6961030960083,410.0,0.0,126.72437191009521
411,411.0,8.0,16.0,33.80735111236572,128.0,1.0,249072.0,799504.0,0.7624664306640625,2.0,2.0,2.0,0.546875,16.0,0.06197285685469024,0.03330521658062935,0.5155692100524902,15562.875,16.0,1.0,249072.0,124503.0,0.49986750819040277,128.0,1.0,8.690029051580203e-07,22.18727684020996,69.47882342338562,411.0,0.0,103.36195826530457
412,412.0,8.0,16.0,37.32388687133789,128.0,1.0,286024.0,762552.0,0.7272262573242188,2.0,2.0,2.0,0.46875,16.0,0.0557407449596571,0.027479372918605804,0.4386177062988281,17872.375,16.0,1.0,286024.0,142979.0,0.499884625066428,128.0,1.0,8.683927780455622e-07,22.18727684020996,85.89326429367065,412.0,0.0,123.2886278629303
413,413.0,8.0,16.0,24.114657402038574,128.0,1.0,242699.0,805877.0,0.7685441970825195,2.0,2.0,2.0,0.65625,16.0,0.06375424513521355,0.02679327130317688,0.4787411391735077,15164.875,16.0,1.0,242699.0,121319.0,0.4998743299313141,128.0,1.0,8.677814486366369e-07,22.18727684020996,66.0463855266571,413.0,0.0,90.22287702560425
414,414.0,8.0,16.0,40.74076199531555,128.0,1.0,220612.0,827964.0,0.7896080017089844,2.0,2.0,2.0,0.5234375,16.0,0.06022486997825071,0.02749444730579853,0.564263105392456,13784.25,16.0,1.0,220612.0,110274.0,0.49985494896016536,128.0,1.0,8.671689189263953e-07,22.197221279144287,74.87942218780518,414.0,0.0,115.67780494689941
415,415.0,8.0,16.0,38.84211564064026,128.0,1.0,233216.0,815360.0,0.777587890625,2.0,2.0,2.0,0.5,16.0,0.05179612691000643,0.02627316489815712,0.4545533359050751,14572.125,16.0,1.0,233216.0,116577.0,0.49986707601536773,128.0,1.0,8.665551909139057e-07,22.197221279144287,67.63817739486694,415.0,0.0,106.54391050338745
416,416.0,8.0,16.0,27.723072290420532,128.0,1.0,265137.0,783439.0,0.7471456527709961,2.0,2.0,2.0,0.203125,16.0,0.07854225077799179,0.041843198239803314,0.5743175745010376,16567.0,16.0,1.0,265137.0,132536.0,0.49987742186115103,128.0,1.0,8.659402666021472e-07,22.197221279144287,69.35968947410583,416.0,0.0,97.14908027648926
417,417.0,8.0,16.0,26.687354564666748,128.0,1.0,288083.0,760493.0,0.7252626419067383,2.0,2.0,2.0,0.46875,16.0,0.05773066160104236,0.02917277254164219,0.3966897428035736,18001.25,16.0,1.0,288083.0,144010.0,0.4998906565121857,128.0,1.0,8.653241479980032e-07,22.197221279144287,66.91501498222351,417.0,0.0,93.67562007904053
418,418.0,8.0,16.0,28.400152683258057,128.0,1.0,266439.0,782137.0,0.7459039688110352,2.0,2.0,2.0,0.2734375,16.0,0.05951683490722807,0.029947321861982346,0.47762420773506165,16648.625,16.0,1.0,266439.0,133189.0,0.49988552726890584,128.0,1.0,8.647068371122543e-07,22.197221279144287,68.80546188354492,418.0,0.0,97.27402687072754
419,419.0,8.0,16.0,23.079894304275513,128.0,1.0,195388.0,853188.0,0.8136634826660156,2.0,2.0,2.0,0.6171875,16.0,0.05835416566174115,0.02954184077680111,0.45311689376831055,12208.125,16.0,1.0,195388.0,97665.0,0.49985157737425023,128.0,1.0,8.640883359595732e-07,22.197221279144287,62.68538308143616,419.0,0.0,85.81944727897644
420,420.0,8.0,16.0,35.97007894515991,128.0,1.0,275407.0,773169.0,0.7373514175415039,2.0,2.0,2.0,0.6796875,16.0,0.05186604649381425,0.02706042490899563,0.4283153712749481,17209.25,16.0,1.0,275407.0,137674.0,0.4998928858017407,128.0,1.0,8.634686465585166e-07,22.197221279144287,73.91045236587524,420.0,0.0,109.9487247467041
421,421.0,8.0,16.0,14.73673963546753,128.0,1.0,182204.0,866372.0,0.8262367248535156,2.0,2.0,2.0,0.5234375,16.0,0.049757409887600045,0.022135119885206223,0.5086243748664856,11383.25,16.0,1.0,182204.0,91066.0,0.49980241926631686,128.0,1.0,8.628477709315193e-07,22.197221279144287,53.14589738845825,421.0,0.0,67.93184900283813
422,422.0,8.0,16.0,23.668038845062256,128.0,1.0,237058.0,811518.0,0.7739238739013672,2.0,2.0,2.0,0.4296875,16.0,0.07431043026658883,0.03243817761540413,0.600845992565155,14811.75,16.0,1.0,237058.0,118494.0,0.49985235680719486,128.0,1.0,8.622257111048874e-07,22.197221279144287,63.03235960006714,422.0,0.0,86.77591133117676
423,423.0,8.0,16.0,26.427942752838135,128.0,1.0,288299.0,760277.0,0.7250566482543945,2.0,2.0,2.0,0.296875,16.0,0.05618585480950511,0.02843121998012066,0.8518515229225159,18015.125,16.0,1.0,288299.0,144121.0,0.49990114429810717,128.0,1.0,8.61602469108792e-07,22.197221279144287,72.20937061309814,423.0,0.0,98.71004629135132
424,424.0,8.0,16.0,37.31907558441162,128.0,1.0,289926.0,758650.0,0.7235050201416016,2.0,2.0,2.0,0.21875,16.0,0.05727244446447147,0.0315379723906517,0.4364154040813446,18116.625,16.0,1.0,289926.0,144933.0,0.49989652532025414,128.0,1.0,8.609780469772621e-07,22.197221279144287,77.06567430496216,424.0,0.0,114.45653200149536
425,425.0,8.0,16.0,37.54411745071411,128.0,1.0,220940.0,827636.0,0.7892951965332031,2.0,2.0,2.0,0.4375,16.0,0.06784972774775662,0.0314725898206234,0.6178432703018188,13804.75,16.0,1.0,220940.0,110438.0,0.4998551642979995,128.0,1.0,8.603524467481786e-07,22.197221279144287,72.9233763217926,425.0,0.0,110.52717971801758
426,426.0,8.0,16.0,38.39871311187744,128.0,1.0,258050.0,790526.0,0.7539043426513672,2.0,2.0,2.0,0.4140625,16.0,0.06929409839295204,0.034417517483234406,0.48790234327316284,16123.75,16.0,1.0,258050.0,128990.0,0.4998643673706646,128.0,1.0,8.59725670463267e-07,22.197221279144287,70.83684992790222,426.0,0.0,109.3029158115387
427,427.0,8.0,16.0,26.90479564666748,128.0,1.0,289583.0,758993.0,0.7238321304321289,2.0,2.0,2.0,0.171875,16.0,0.0634849967592482,0.03099372796714306,0.43336984515190125,18095.125,16.0,1.0,289583.0,144761.0,0.49989467613775673,128.0,1.0,8.590977201680911e-07,22.197221279144287,75.59938931465149,427.0,0.0,102.5761251449585
428,428.0,8.0,16.0,39.810948610305786,128.0,1.0,225116.0,823460.0,0.7853126525878906,2.0,2.0,2.0,0.3359375,16.0,0.07197121000122561,0.03500387817621231,0.615900456905365,14065.875,16.0,1.0,225116.0,112527.0,0.49986229321771886,128.0,1.0,8.584685979120458e-07,22.197221279144287,74.36641192436218,428.0,0.0,114.23936772346497
429,429.0,8.0,16.0,33.16817665100098,128.0,1.0,272892.0,775684.0,0.7397499084472656,2.0,2.0,2.0,0.3046875,16.0,0.07151751436799818,0.03962323069572449,0.4641023278236389,17051.5,16.0,1.0,272892.0,136412.0,0.49987540858654705,128.0,1.0,8.578383057483517e-07,22.197221279144287,72.43645405769348,429.0,0.0,105.67270970344543
430,430.0,8.0,16.0,25.06073546409607,128.0,1.0,303392.0,745184.0,0.710662841796875,2.0,2.0,2.0,0.203125,16.0,0.06729689435402145,0.035164572298526764,0.504125714302063,18957.375,16.0,1.0,303392.0,151659.0,0.49987804556481386,128.0,1.0,8.572068457340469e-07,22.197221279144287,69.84262824058533,430.0,0.0,94.97692680358887
431,431.0,8.0,16.0,33.954306840896606,128.0,1.0,296743.0,751833.0,0.7170038223266602,2.0,2.0,2.0,0.4765625,16.0,0.06760219023310012,0.034777238965034485,0.6041622757911682,18542.25,16.0,1.0,296743.0,148338.0,0.49988710769925493,128.0,1.0,8.565742199299809e-07,22.197221279144287,76.388592004776,431.0,0.0,110.42023396492004
432,432.0,8.0,16.0,33.17787218093872,128.0,1.0,264504.0,784072.0,0.7477493286132812,2.0,2.0,2.0,0.4609375,16.0,0.05068786498936493,0.029037870466709137,0.4080781638622284,16528.0,16.0,1.0,264504.0,132224.0,0.4998941414874633,128.0,1.0,8.559404304008083e-07,22.197221279144287,73.85835433006287,432.0,0.0,107.10019135475159
433,433.0,8.0,16.0,40.93276286125183,128.0,1.0,301193.0,747383.0,0.7127599716186523,2.0,2.0,2.0,0.609375,16.0,0.05597948333747943,0.03143612667918205,0.4142290949821472,18820.5,16.0,1.0,301193.0,150564.0,0.4998920957658379,128.0,1.0,8.553054792149816e-07,22.197221279144287,86.0089430809021,433.0,0.0,127.01544189453125
434,434.0,8.0,16.0,15.289775371551514,128.0,1.0,157579.0,890997.0,0.8497209548950195,2.0,2.0,2.0,0.671875,16.0,0.07687659644097158,0.03351244330406189,0.9174491167068481,9844.25,16.0,1.0,157579.0,78754.0,0.4997747161741095,128.0,1.0,8.546693684447439e-07,22.197221279144287,51.069138526916504,434.0,0.0,66.40237951278687
435,435.0,8.0,16.0,16.716222763061523,128.0,1.0,166262.0,882314.0,0.8414402008056641,2.0,2.0,2.0,0.578125,16.0,0.06910288627112286,0.03164137899875641,0.6323970556259155,10387.75,16.0,1.0,166262.0,83102.0,0.49982557649974135,128.0,1.0,8.540321001661237e-07,22.197221279144287,54.697304248809814,435.0,0.0,71.46093583106995
436,436.0,8.0,16.0,28.62152671813965,128.0,1.0,295221.0,753355.0,0.7184553146362305,2.0,2.0,2.0,0.2265625,16.0,0.05710943169280461,0.028461646288633347,0.4558749794960022,18447.5,16.0,1.0,295221.0,147580.0,0.49989668756626393,128.0,1.0,8.533936764589266e-07,22.197221279144287,63.26481103897095,436.0,0.0,91.96435475349426
437,437.0,8.0,16.0,28.56761360168457,128.0,1.0,218206.0,830370.0,0.7919025421142578,2.0,2.0,2.0,0.421875,16.0,0.06409355437652427,0.033170755952596664,0.445089727640152,13634.25,16.0,1.0,218206.0,109074.0,0.499867098063298,128.0,1.0,8.527540994067291e-07,22.197221279144287,69.29425621032715,437.0,0.0,97.91706895828247
438,438.0,8.0,16.0,34.507925271987915,128.0,1.0,336406.0,712170.0,0.6791782379150391,2.0,2.0,2.0,0.171875,16.0,0.05677256788034443,0.031052736565470695,0.3893585205078125,21020.625,16.0,1.0,336406.0,168165.0,0.4998870412537232,128.0,1.0,8.521133710968717e-07,22.197221279144287,75.92680144309998,438.0,0.0,110.53104019165039
439,439.0,8.0,16.0,16.40981388092041,128.0,1.0,161811.0,886765.0,0.8456850051879883,2.0,2.0,2.0,0.765625,16.0,0.06051843028159419,0.023436740040779114,0.6944453120231628,10109.25,16.0,1.0,161811.0,80874.0,0.4998053284387341,128.0,1.0,8.514714936204526e-07,22.197221279144287,54.37565565109253,439.0,0.0,70.82984614372253
440,440.0,8.0,16.0,31.330618858337402,128.0,1.0,206777.0,841799.0,0.8028020858764648,2.0,2.0,2.0,0.4296875,16.0,0.0604255036203931,0.02926054783165455,0.6377149224281311,12919.25,16.0,1.0,206777.0,103354.0,0.4998331535905831,128.0,1.0,8.508284690723202e-07,22.197221279144287,68.87001490592957,440.0,0.0,100.27634716033936
441,441.0,8.0,16.0,38.85468935966492,128.0,1.0,241094.0,807482.0,0.7700748443603516,2.0,2.0,2.0,0.5546875,16.0,0.051376836873906914,0.028880810365080833,0.43591660261154175,15064.625,16.0,1.0,241094.0,120517.0,0.49987556720615195,128.0,1.0,8.501842995510665e-07,22.197221279144287,65.04127383232117,441.0,0.0,103.96113300323486
442,442.0,8.0,16.0,25.341477394104004,128.0,1.0,243392.0,805184.0,0.76788330078125,2.0,2.0,2.0,0.359375,16.0,0.06238569656693789,0.031528372317552567,0.49074673652648926,15207.5,16.0,1.0,243392.0,121660.0,0.49985209045490403,128.0,1.0,8.495389871590202e-07,22.197221279144287,62.85552787780762,442.0,0.0,88.26565742492676
443,443.0,8.0,16.0,41.44398093223572,128.0,1.0,250555.0,798021.0,0.761052131652832,2.0,2.0,2.0,0.5546875,16.0,0.042557808747166116,0.01965547353029251,0.38296011090278625,15655.875,16.0,1.0,250555.0,125247.0,0.49987827024006704,128.0,1.0,8.488925340022401e-07,22.197221279144287,70.21875,443.0,0.0,111.74749708175659
444,444.0,8.0,16.0,37.18687868118286,128.0,1.0,258905.0,789671.0,0.7530889511108398,2.0,2.0,2.0,0.375,16.0,0.059197631133600825,0.03241913393139839,0.4542776346206665,16177.5,16.0,1.0,258905.0,129420.0,0.49987447133118323,128.0,1.0,8.482449421905078e-07,22.197221279144287,67.3416953086853,444.0,0.0,104.60124897956848
445,445.0,8.0,16.0,35.69331765174866,128.0,1.0,253839.0,794737.0,0.7579202651977539,2.0,2.0,2.0,0.375,16.0,0.06207722953304467,0.031449202448129654,0.6050357818603516,15861.125,16.0,1.0,253839.0,126889.0,0.4998798450986649,128.0,1.0,8.475962138373212e-07,22.197221279144287,74.04856085777283,445.0,0.0,109.82287096977234
446,446.0,8.0,16.0,39.025001764297485,128.0,1.0,294266.0,754310.0,0.7193660736083984,2.0,2.0,2.0,0.515625,16.0,0.05587524288287234,0.030383320525288582,0.4214995801448822,18387.375,16.0,1.0,294266.0,147099.0,0.49988445827924394,128.0,1.0,8.469463510598873e-07,22.197221279144287,82.01159167289734,446.0,0.0,121.11174058914185
447,447.0,8.0,16.0,21.58915638923645,128.0,1.0,190657.0,857919.0,0.8181753158569336,2.0,2.0,2.0,0.5625,16.0,0.06645254592689365,0.02768060937523842,0.6975154876708984,11912.125,16.0,1.0,190657.0,95297.0,0.4998347818333447,128.0,1.0,8.462953559791157e-07,22.197221279144287,60.27809119224548,447.0,0.0,81.92308115959167
448,448.0,8.0,16.0,18.653393030166626,128.0,1.0,166241.0,882335.0,0.8414602279663086,2.0,2.0,2.0,0.6875,16.0,0.052524954301366014,0.022488044574856758,1.0848350524902344,10386.375,16.0,1.0,166241.0,83091.0,0.49982254678448756,128.0,1.0,8.456432307196111e-07,22.197221279144287,57.41189908981323,448.0,0.0,76.11042714118958
449,449.0,8.0,16.0,22.924381732940674,128.0,1.0,199598.0,848978.0,0.8096485137939453,2.0,2.0,2.0,0.6484375,16.0,0.052333282588981025,0.026821518316864967,0.4515341818332672,12471.125,16.0,1.0,199598.0,99769.0,0.49984969789276446,128.0,1.0,8.449899774096672e-07,22.197221279144287,59.72604823112488,449.0,0.0,82.7047061920166
450,450.0,8.0,16.0,21.55160355567932,128.0,1.0,237087.0,811489.0,0.7738962173461914,2.0,2.0,2.0,0.5390625,16.0,0.0688078760283352,0.03123910166323185,0.4976595640182495,14814.375,16.0,1.0,237087.0,118515.0,0.4998797909628111,128.0,1.0,8.443355981812583e-07,22.197221279144287,62.60844302177429,450.0,0.0,301.3687148094177
451,451.0,8.0,16.0,27.974287033081055,128.0,1.0,272116.0,776460.0,0.7404899597167969,2.0,2.0,2.0,0.546875,16.0,0.04227221106347292,0.022132668644189835,0.516144871711731,17003.5,16.0,1.0,272116.0,136028.0,0.4998897528994987,128.0,1.0,8.436800951700344e-07,22.197221279144287,64.77848243713379,451.0,0.0,92.83454632759094
452,452.0,8.0,16.0,40.36149597167969,128.0,1.0,225125.0,823451.0,0.785304069519043,2.0,2.0,2.0,0.6953125,16.0,0.049043306989511225,0.022260580211877823,0.41830548644065857,14066.125,16.0,1.0,225125.0,112529.0,0.49985119378123266,128.0,1.0,8.430234705153123e-07,22.197221279144287,77.30590748786926,452.0,0.0,117.72913146018982
453,453.0,8.0,16.0,42.37638306617737,128.0,1.0,349409.0,699167.0,0.6667776107788086,2.0,2.0,2.0,0.3984375,16.0,0.04792794561727363,0.028289025649428368,0.35442811250686646,21834.0,16.0,1.0,349409.0,174672.0,0.49990698579601556,128.0,1.0,8.423657263600696e-07,22.197221279144287,92.37169003486633,453.0,0.0,134.86177945137024
454,454.0,8.0,16.0,32.80709195137024,128.0,1.0,193322.0,855254.0,0.8156337738037109,2.0,2.0,2.0,0.59375,16.0,0.06282663127900447,0.03433787822723389,0.578819215297699,12078.5,16.0,1.0,193322.0,96628.0,0.4998293003382957,128.0,1.0,8.417068648509379e-07,22.197221279144287,65.61633086204529,454.0,0.0,98.48042821884155
455,455.0,8.0,16.0,27.62081480026245,128.0,1.0,263374.0,785202.0,0.7488269805908203,2.0,2.0,2.0,0.3828125,16.0,0.052879865605216916,0.031323544681072235,0.3957076966762543,16457.125,16.0,1.0,263374.0,131657.0,0.499886093539985,128.0,1.0,8.410468881381947e-07,22.197221279144287,62.80560088157654,455.0,0.0,90.50234341621399
456,456.0,8.0,16.0,23.693347692489624,128.0,1.0,215688.0,832888.0,0.7943038940429688,2.0,2.0,2.0,0.40625,16.0,0.06398601667119004,0.028771018609404564,0.47968533635139465,13476.125,16.0,1.0,215688.0,107809.0,0.4998377285708987,128.0,1.0,8.403857983757581e-07,22.197221279144287,60.91392159461975,456.0,0.0,84.66986203193665
457,457.0,8.0,16.0,21.967649459838867,128.0,1.0,221494.0,827082.0,0.7887668609619141,2.0,2.0,2.0,0.6875,16.0,0.053349634888965936,0.026787076145410538,0.45474424958229065,13839.25,16.0,1.0,221494.0,110714.0,0.49985101176555574,128.0,1.0,8.397235977211779e-07,22.197221279144287,56.68752312660217,457.0,0.0,78.71762800216675
458,458.0,8.0,16.0,37.15683555603027,128.0,1.0,263103.0,785473.0,0.7490854263305664,2.0,2.0,2.0,0.4296875,16.0,0.05482063935393731,0.03094450756907463,0.4005368649959564,16440.625,16.0,1.0,263103.0,131525.0,0.49989927898959724,128.0,1.0,8.390602883356296e-07,22.197221279144287,77.13507914543152,458.0,0.0,114.36717963218689
459,459.0,8.0,16.0,20.5736186504364,128.0,1.0,175760.0,872816.0,0.8323822021484375,2.0,2.0,2.0,0.4609375,16.0,0.06659521826632911,0.031888362020254135,0.765406608581543,10980.875,16.0,1.0,175760.0,87847.0,0.4998122439690487,128.0,1.0,8.383958723839078e-07,22.197221279144287,60.006564140319824,459.0,0.0,80.63008713722229
460,460.0,8.0,16.0,31.615949630737305,128.0,1.0,307205.0,741371.0,0.707026481628418,2.0,2.0,2.0,0.3046875,16.0,0.05564852631002008,0.032144829630851746,0.3720826804637909,19196.625,16.0,1.0,307205.0,153573.0,0.4999039729171075,128.0,1.0,8.377303520344176e-07,22.197221279144287,71.00878858566284,460.0,0.0,102.70214200019836
461,461.0,8.0,16.0,24.837366104125977,128.0,1.0,221072.0,827504.0,0.7891693115234375,2.0,2.0,2.0,0.75,16.0,0.04577568910390903,0.020993346348404884,0.46776267886161804,13813.0,16.0,1.0,221072.0,110504.0,0.49985525077802706,128.0,1.0,8.370637294591694e-07,22.197221279144287,65.07723903656006,461.0,0.0,89.97689437866211
462,462.0,8.0,16.0,39.60083603858948,128.0,1.0,278652.0,769924.0,0.7342567443847656,2.0,2.0,2.0,0.359375,16.0,0.07471979420193771,0.03889021649956703,0.4985256791114807,17412.125,16.0,1.0,278652.0,139297.0,0.499895927536856,128.0,1.0,8.3639600683377e-07,22.197221279144287,79.8332531452179,462.0,0.0,119.51390409469604
463,463.0,8.0,16.0,25.12756657600403,128.0,1.0,246793.0,801783.0,0.7646398544311523,2.0,2.0,2.0,0.3359375,16.0,0.06952934830486097,0.035232141613960266,0.5374500751495361,15420.625,16.0,1.0,246793.0,123365.0,0.4998723626683091,128.0,1.0,8.357271863374169e-07,22.197221279144287,65.51880502700806,463.0,0.0,90.71340107917786
464,464.0,8.0,16.0,33.30724596977234,128.0,1.0,310243.0,738333.0,0.7041292190551758,2.0,2.0,2.0,0.1484375,16.0,0.06931513545647863,0.039168208837509155,0.5008561611175537,19386.375,16.0,1.0,310243.0,155091.0,0.49990168996560763,128.0,1.0,8.350572701528901e-07,22.197221279144287,73.7840301990509,464.0,0.0,107.20047950744629
465,465.0,8.0,16.0,40.27513289451599,128.0,1.0,242878.0,805698.0,0.7683734893798828,2.0,2.0,2.0,0.6015625,16.0,0.05761852627169045,0.030352048575878143,0.4600647985935211,15176.0,16.0,1.0,242878.0,121408.0,0.4998723639028648,128.0,1.0,8.343862604665466e-07,22.197221279144287,82.44951272010803,465.0,0.0,122.79768443107605
466,466.0,8.0,16.0,20.16219997406006,128.0,1.0,239698.0,808878.0,0.7714061737060547,2.0,2.0,2.0,0.4609375,16.0,0.05542208751418882,0.02753371000289917,0.4655081033706665,14977.5,16.0,1.0,239698.0,119820.0,0.4998790144264867,128.0,1.0,8.337141594683108e-07,22.197221279144287,60.475202560424805,466.0,0.0,80.70462560653687
467,467.0,8.0,16.0,23.099241733551025,128.0,1.0,183437.0,865139.0,0.8250608444213867,2.0,2.0,2.0,0.796875,16.0,0.04856282469466584,0.021283596754074097,0.5094622373580933,11460.5,16.0,1.0,183437.0,91684.0,0.4998119245299476,128.0,1.0,8.330409693516695e-07,22.197221279144287,54.70760250091553,467.0,0.0,77.88148474693298
468,468.0,8.0,16.0,41.147057056427,128.0,1.0,278369.0,770207.0,0.7345266342163086,2.0,2.0,2.0,0.3984375,16.0,0.06120596393486806,0.031358204782009125,0.4150928854942322,17393.875,16.0,1.0,278369.0,139151.0,0.4998796561398719,128.0,1.0,8.323666923136641e-07,22.197221279144287,85.93388605117798,468.0,0.0,127.15439462661743
469,469.0,8.0,16.0,35.51911234855652,128.0,1.0,236414.0,812162.0,0.7745380401611328,2.0,2.0,2.0,0.53125,16.0,0.05475966834274103,0.028049513697624207,0.4481632113456726,14772.0,16.0,1.0,236414.0,118176.0,0.4998688740937508,128.0,1.0,8.316913305548829e-07,22.197221279144287,70.66462635993958,469.0,0.0,106.2584502696991
470,470.0,8.0,16.0,37.26542901992798,128.0,1.0,278745.0,769831.0,0.7341680526733398,2.0,2.0,2.0,0.4453125,16.0,0.0492383867854163,0.025077782571315765,0.422983855009079,17417.125,16.0,1.0,278745.0,139337.0,0.499872643455488,128.0,1.0,8.310148862794546e-07,22.197221279144287,73.0811722278595,470.0,0.0,110.41874241828918
471,471.0,8.0,16.0,40.99769115447998,128.0,1.0,287567.0,761009.0,0.7257547378540039,2.0,2.0,2.0,0.3828125,16.0,0.04215758066101517,0.022664358839392662,0.3344500660896301,17969.5,16.0,1.0,287567.0,143756.0,0.49990437011200867,128.0,1.0,8.303373616950406e-07,22.197221279144287,90.8391625881195,471.0,0.0,131.91462087631226
472,472.0,8.0,16.0,33.477506160736084,128.0,1.0,292668.0,755908.0,0.7208900451660156,2.0,2.0,2.0,0.5078125,16.0,0.05670272405474216,0.03406192362308502,0.4637657403945923,18288.0,16.0,1.0,292668.0,146304.0,0.4998974947722334,128.0,1.0,8.296587590128283e-07,22.197221279144287,72.9837098121643,472.0,0.0,106.54203987121582
473,473.0,8.0,16.0,24.801143407821655,128.0,1.0,265979.0,782597.0,0.746342658996582,2.0,2.0,2.0,0.5,16.0,0.05683961416557966,0.02987206168472767,0.4304085969924927,16619.75,16.0,1.0,265979.0,132958.0,0.49988156959759983,128.0,1.0,8.289790804475235e-07,22.197221279144287,68.41015863418579,473.0,0.0,93.29502630233765
474,474.0,8.0,16.0,22.20277166366577,128.0,1.0,214095.0,834481.0,0.7958230972290039,2.0,2.0,2.0,0.4140625,16.0,0.05975667725745281,0.024730268865823746,0.5209088921546936,13377.0,16.0,1.0,214095.0,107016.0,0.4998528690534576,128.0,1.0,8.282983282173429e-07,22.197221279144287,62.418569803237915,474.0,0.0,84.68080878257751
475,475.0,8.0,16.0,40.59943890571594,128.0,1.0,305460.0,743116.0,0.7086906433105469,2.0,2.0,2.0,0.46875,16.0,0.05573105780516536,0.028872108086943626,0.5061931014060974,19086.875,16.0,1.0,305460.0,152695.0,0.4998854187127611,128.0,1.0,8.276165045440077e-07,22.197221279144287,83.38210463523865,475.0,0.0,124.05864834785461
476,476.0,8.0,16.0,22.473961114883423,128.0,1.0,222570.0,826006.0,0.7877407073974609,2.0,2.0,2.0,0.3671875,16.0,0.06439765566796518,0.03314582258462906,0.5674943327903748,13906.375,16.0,1.0,222570.0,111251.0,0.4998472390708541,128.0,1.0,8.269336116527362e-07,22.197221279144287,67.63879728317261,476.0,0.0,90.1882894039154
477,477.0,8.0,16.0,18.498087644577026,128.0,1.0,154502.0,894074.0,0.8526554107666016,2.0,2.0,2.0,0.703125,16.0,0.06315992222372935,0.02555611915886402,0.654061496257782,9652.375,16.0,1.0,154502.0,77219.0,0.49979288294002666,128.0,1.0,8.262496517722354e-07,22.197221279144287,56.42553973197937,477.0,0.0,74.96884083747864
478,478.0,8.0,16.0,17.055408239364624,128.0,1.0,197140.0,851436.0,0.8119926452636719,2.0,2.0,2.0,0.34375,16.0,0.059891352630578557,0.03103010728955269,0.5329069495201111,12317.5,16.0,1.0,197140.0,98540.0,0.4998478238815055,128.0,1.0,8.255646271346949e-07,22.197221279144287,57.599838972091675,478.0,0.0,74.7120943069458
479,479.0,8.0,16.0,32.08528208732605,128.0,1.0,246796.0,801780.0,0.7646369934082031,2.0,2.0,2.0,0.5625,16.0,0.05497284153959877,0.030289864167571068,0.40422603487968445,15420.125,16.0,1.0,246796.0,123361.0,0.49985007860743286,128.0,1.0,8.248785399757796e-07,22.197221279144287,65.3001298904419,479.0,0.0,97.44956541061401
480,480.0,8.0,16.0,25.992745637893677,128.0,1.0,289360.0,759216.0,0.7240447998046875,2.0,2.0,2.0,0.3359375,16.0,0.05458350007913761,0.02926039882004261,0.40898942947387695,18081.0,16.0,1.0,289360.0,144648.0,0.499889411114183,128.0,1.0,8.241913925346216e-07,22.197221279144287,64.50402522087097,480.0,0.0,90.57206416130066
481,481.0,8.0,16.0,26.883630514144897,128.0,1.0,263027.0,785549.0,0.7491579055786133,2.0,2.0,2.0,0.3828125,16.0,0.06301602113518452,0.03603784739971161,0.47565460205078125,16434.5,16.0,1.0,263027.0,131476.0,0.499857429085227,128.0,1.0,8.235031870538135e-07,22.197221279144287,62.00433325767517,481.0,0.0,88.96408009529114
482,482.0,8.0,16.0,40.865752935409546,128.0,1.0,282759.0,765817.0,0.7303400039672852,2.0,2.0,2.0,0.4375,16.0,0.05579720638091888,0.03204815462231636,0.4344101548194885,17668.25,16.0,1.0,282759.0,141346.0,0.4998815245491744,128.0,1.0,8.228139257794012e-07,22.197221279144287,87.31851983070374,482.0,0.0,128.2601499557495
483,483.0,8.0,16.0,32.709450244903564,128.0,1.0,296485.0,752091.0,0.717249870300293,2.0,2.0,2.0,0.234375,16.0,0.05962394899364572,0.03280237317085266,0.6575598120689392,18526.125,16.0,1.0,296485.0,148209.0,0.49988700946084963,128.0,1.0,8.22123610960876e-07,22.197221279144287,75.57051753997803,483.0,0.0,108.35271954536438
484,484.0,8.0,16.0,27.6416437625885,128.0,1.0,234778.0,813798.0,0.7760982513427734,2.0,2.0,2.0,0.1640625,16.0,0.06675821871047027,0.03107212670147419,0.559196412563324,14669.5,16.0,1.0,234778.0,117356.0,0.4998594416853368,128.0,1.0,8.214322448511678e-07,22.197221279144287,66.61621236801147,484.0,0.0,94.3209798336029
485,485.0,8.0,16.0,17.75099229812622,128.0,1.0,189374.0,859202.0,0.8193988800048828,2.0,2.0,2.0,0.6171875,16.0,0.06752543537182332,0.030939767137169838,0.7049014568328857,11832.125,16.0,1.0,189374.0,94657.0,0.4998415833218921,128.0,1.0,8.207398297066374e-07,22.197221279144287,61.27278733253479,485.0,0.0,79.08521723747253
486,486.0,8.0,16.0,39.81224846839905,128.0,1.0,221526.0,827050.0,0.7887363433837891,2.0,2.0,2.0,0.4765625,16.0,0.0621170564223266,0.029161933809518814,0.5841103792190552,13842.0,16.0,1.0,221526.0,110736.0,0.4998781181441456,128.0,1.0,8.200463677870693e-07,22.197221279144287,80.9324061870575,486.0,0.0,120.80547952651978
487,487.0,8.0,16.0,28.551629066467285,128.0,1.0,243840.0,804736.0,0.7674560546875,2.0,2.0,2.0,0.46875,16.0,0.07006766990105646,0.031323887407779694,0.5226876735687256,15236.125,16.0,1.0,243840.0,121889.0,0.4998728674540682,128.0,1.0,8.193518613556641e-07,22.197221279144287,66.49532675743103,487.0,0.0,95.11515283584595
488,488.0,8.0,16.0,26.236176013946533,128.0,1.0,271836.0,776740.0,0.7407569885253906,2.0,2.0,2.0,0.359375,16.0,0.0656180120766489,0.036165207624435425,0.4756050407886505,16986.125,16.0,1.0,271836.0,135889.0,0.49989331802998865,128.0,1.0,8.186563126790316e-07,22.197221279144287,70.00531053543091,488.0,0.0,96.31528973579407
489,489.0,8.0,16.0,23.41417384147644,128.0,1.0,206263.0,842313.0,0.8032922744750977,2.0,2.0,2.0,0.6875,16.0,0.06400165385305916,0.034708172082901,0.6256386637687683,12887.875,16.0,1.0,206263.0,103103.0,0.49986182689091113,128.0,1.0,8.179597240271829e-07,22.197221279144287,62.82752275466919,489.0,0.0,86.3092827796936
490,490.0,8.0,16.0,39.2292685508728,128.0,1.0,282789.0,765787.0,0.730311393737793,2.0,2.0,2.0,0.3203125,16.0,0.06492458690853986,0.03128527104854584,0.5232083201408386,17670.75,16.0,1.0,282789.0,141366.0,0.49989921814497734,128.0,1.0,8.172620976735234e-07,22.197221279144287,71.33474826812744,490.0,0.0,110.64201307296753
491,491.0,8.0,16.0,26.554503440856934,128.0,1.0,277765.0,770811.0,0.735102653503418,2.0,2.0,2.0,0.4765625,16.0,0.06307184432077513,0.027679510414600372,1.1524748802185059,17356.25,16.0,1.0,277765.0,138850.0,0.49988299461775243,128.0,1.0,8.165634358948447e-07,22.197221279144287,65.86143922805786,491.0,0.0,92.50368428230286
492,492.0,8.0,16.0,38.35190010070801,128.0,1.0,281522.0,767054.0,0.7315196990966797,2.0,2.0,2.0,0.5078125,16.0,0.060531537194473774,0.0320558063685894,0.577513575553894,17590.5,16.0,1.0,281522.0,140724.0,0.4998685715503584,128.0,1.0,8.158637409713183e-07,22.197221279144287,84.75749492645264,492.0,0.0,123.18541646003723
493,493.0,8.0,16.0,28.750368356704712,128.0,1.0,307735.0,740841.0,0.7065210342407227,2.0,2.0,2.0,0.21875,16.0,0.06147793604050534,0.03427506238222122,0.3959895968437195,19229.375,16.0,1.0,307735.0,153835.0,0.4998943896534356,128.0,1.0,8.15163015186487e-07,22.197221279144287,65.38972282409668,493.0,0.0,94.21863794326782
494,494.0,8.0,16.0,27.253440618515015,128.0,1.0,190572.0,858004.0,0.8182563781738281,2.0,2.0,2.0,0.4375,16.0,0.07513922340186249,0.034373342990875244,0.6457259058952332,11906.25,16.0,1.0,190572.0,95250.0,0.49981109501920534,128.0,1.0,8.144612608272581e-07,22.197221279144287,65.23142623901367,494.0,0.0,92.53978037834167
495,495.0,8.0,16.0,37.83307719230652,128.0,1.0,291611.0,756965.0,0.721898078918457,2.0,2.0,2.0,0.2734375,16.0,0.05503180006571362,0.027321740984916687,0.47154489159584045,18221.375,16.0,1.0,291611.0,145771.0,0.49988169170573127,128.0,1.0,8.137584801838957e-07,22.197221279144287,73.40368604660034,495.0,0.0,111.31563019752502
496,496.0,8.0,16.0,30.26950693130493,128.0,1.0,231956.0,816620.0,0.7787895202636719,2.0,2.0,2.0,0.484375,16.0,0.048934113058090804,0.0210129301995039,0.47658470273017883,14493.875,16.0,1.0,231956.0,115951.0,0.49988359861353016,128.0,1.0,8.130546755500137e-07,22.197221279144287,65.2304470539093,496.0,0.0,95.56284856796265
497,497.0,8.0,16.0,39.236292123794556,128.0,1.0,241815.0,806761.0,0.7693872451782227,2.0,2.0,2.0,0.3359375,16.0,0.0791717688907135,0.0393991619348526,0.611199676990509,15110.0,16.0,1.0,241815.0,120880.0,0.4998862766991295,128.0,1.0,8.123498492225674e-07,22.197221279144287,92.6069929599762,497.0,0.0,131.91278886795044
498,498.0,8.0,16.0,39.16744017601013,128.0,1.0,232189.0,816387.0,0.7785673141479492,2.0,2.0,2.0,0.5859375,16.0,0.0392793926882016,0.019752616062760353,0.40961864590644836,14508.75,16.0,1.0,232189.0,116070.0,0.49989448251209145,128.0,1.0,8.116440035018466e-07,22.197221279144287,75.46809482574463,498.0,0.0,114.69619631767273
499,499.0,8.0,16.0,24.435308694839478,128.0,1.0,216512.0,832064.0,0.79351806640625,2.0,2.0,2.0,0.6640625,16.0,0.05503649203670284,0.031440455466508865,0.40110498666763306,13528.0,16.0,1.0,216512.0,108224.0,0.4998522021874076,128.0,1.0,8.109371406914684e-07,22.197221279144287,67.25590682029724,499.0,0.0,91.7557144165039
500,500.0,8.0,16.0,40.43934464454651,128.0,1.0,227185.0,821391.0,0.7833395004272461,2.0,2.0,2.0,0.375,16.0,0.07692331746313097,0.03957926854491234,0.8181408047676086,14195.125,16.0,1.0,227185.0,113561.0,0.4998613464797412,128.0,1.0,8.102292630983692e-07,22.197221279144287,77.20314192771912,500.0,0.0,344.134400844574
501,501.0,8.0,16.0,25.73957920074463,128.0,1.0,267168.0,781408.0,0.745208740234375,2.0,2.0,2.0,0.375,16.0,0.07227754762181114,0.037409983575344086,0.6301506757736206,16694.125,16.0,1.0,267168.0,133553.0,0.499883968139897,128.0,1.0,8.095203730327968e-07,22.197221279144287,65.99342465400696,501.0,0.0,91.81643390655518
502,502.0,8.0,16.0,33.45628261566162,128.0,1.0,246452.0,802124.0,0.7649650573730469,2.0,2.0,2.0,0.421875,16.0,0.06522622167131162,0.035934336483478546,0.49992135167121887,15399.0,16.0,1.0,246452.0,123192.0,0.49986204210150453,128.0,1.0,8.088104728083038e-07,22.197221279144287,68.02399110794067,502.0,0.0,101.53940057754517
503,503.0,8.0,16.0,37.47806763648987,128.0,1.0,291991.0,756585.0,0.7215356826782227,2.0,2.0,2.0,0.5078125,16.0,0.052875762075092266,0.027818849310278893,0.41160106658935547,18245.75,16.0,1.0,291991.0,145966.0,0.4998989694887856,128.0,1.0,8.080995647417395e-07,22.197221279144287,71.86832880973816,503.0,0.0,109.4170548915863
504,504.0,8.0,16.0,28.172605514526367,128.0,1.0,201652.0,846924.0,0.8076896667480469,2.0,2.0,2.0,0.5078125,16.0,0.06741698565950995,0.03316367790102959,0.6140488982200623,12599.25,16.0,1.0,201652.0,100794.0,0.4998413107730149,128.0,1.0,8.073876511532422e-07,22.197221279144287,69.08291792869568,504.0,0.0,97.30796575546265
505,505.0,8.0,16.0,22.55952787399292,128.0,1.0,159537.0,889039.0,0.8478536605834961,2.0,2.0,2.0,0.6875,16.0,0.06601928867614142,0.03581264615058899,0.5916215777397156,9966.875,16.0,1.0,159537.0,79735.0,0.4997900173627434,128.0,1.0,8.066747343662324e-07,22.197221279144287,60.2334098815918,505.0,0.0,82.84283566474915
506,506.0,8.0,16.0,38.338473320007324,128.0,1.0,267349.0,781227.0,0.7450361251831055,2.0,2.0,2.0,0.578125,16.0,0.047589913767702746,0.02979772910475731,0.41070640087127686,16705.5,16.0,1.0,267349.0,133644.0,0.49988591691010625,128.0,1.0,8.05960816707404e-07,22.197221279144287,73.73780465126038,506.0,0.0,112.14438819885254
507,507.0,8.0,16.0,29.443612098693848,128.0,1.0,242367.0,806209.0,0.7688608169555664,2.0,2.0,2.0,0.4921875,16.0,0.04750608080860677,0.02485107071697712,0.4049598276615143,15144.0,16.0,1.0,242367.0,121152.0,0.49987003181126144,128.0,1.0,8.052459005067173e-07,22.197221279144287,67.74275708198547,507.0,0.0,97.25803899765015
508,508.0,8.0,16.0,28.384920835494995,128.0,1.0,286775.0,761801.0,0.7265100479125977,2.0,2.0,2.0,0.5625,16.0,0.06214116232755594,0.036234013736248016,0.42562413215637207,17919.375,16.0,1.0,286775.0,143355.0,0.4998866707348967,128.0,1.0,8.045299880973927e-07,22.197221279144287,72.18977689743042,508.0,0.0,100.66097140312195
509,509.0,8.0,16.0,39.789350748062134,128.0,1.0,342398.0,706178.0,0.6734638214111328,2.0,2.0,2.0,0.3984375,16.0,0.03564583372659674,0.02060643956065178,0.43986791372299194,21396.0,16.0,1.0,342398.0,171168.0,0.4999094620879795,128.0,1.0,8.038130818159003e-07,22.197221279144287,85.54192781448364,509.0,0.0,125.47026324272156
510,510.0,8.0,16.0,27.43598508834839,128.0,1.0,243292.0,805284.0,0.7679786682128906,2.0,2.0,2.0,0.3671875,16.0,0.05408378885750002,0.027660708874464035,0.418855220079422,15201.75,16.0,1.0,243292.0,121614.0,0.49986847080874014,128.0,1.0,8.030951840019546e-07,22.197221279144287,66.2021222114563,510.0,0.0,93.713791847229
511,511.0,8.0,16.0,22.25828719139099,128.0,1.0,121935.0,926641.0,0.8837137222290039,2.0,2.0,2.0,0.6953125,16.0,0.07932508062153494,0.031046045944094658,1.0480605363845825,7617.0,16.0,1.0,121935.0,60936.0,0.49974166564153033,128.0,1.0,8.023762969985064e-07,22.197221279144287,53.283485651016235,511.0,0.0,75.58052825927734
512,512.0,8.0,16.0,28.20611047744751,128.0,1.0,264986.0,783590.0,0.7472896575927734,2.0,2.0,2.0,0.4921875,16.0,0.05044227166756211,0.025672821328043938,0.4158068299293518,16557.625,16.0,1.0,264986.0,132461.0,0.49987923890318736,128.0,1.0,8.016564231517339e-07,22.197221279144287,70.0911545753479,512.0,0.0,98.37985420227051
513,513.0,8.0,16.0,29.643531560897827,128.0,1.0,255402.0,793174.0,0.7564296722412109,2.0,2.0,2.0,0.3984375,16.0,0.06373032203892581,0.034718334674835205,0.526771068572998,15959.0,16.0,1.0,255402.0,127672.0,0.4998864535125019,128.0,1.0,8.009355648110368e-07,22.197221279144287,72.95455980300903,513.0,0.0,102.68757772445679
514,514.0,8.0,16.0,25.74406909942627,128.0,1.0,317298.0,731278.0,0.6974010467529297,2.0,2.0,2.0,0.3046875,16.0,0.05833122545940475,0.030231518670916557,0.4317261576652527,19826.625,16.0,1.0,317298.0,158613.0,0.4998865419889189,128.0,1.0,8.002137243290277e-07,22.197221279144287,67.74463868141174,514.0,0.0,93.58837342262268
515,515.0,8.0,16.0,39.81631875038147,128.0,1.0,278606.0,769970.0,0.7343006134033203,2.0,2.0,2.0,0.5078125,16.0,0.053325936657232224,0.028291286900639534,0.41868117451667786,17409.125,16.0,1.0,278606.0,139273.0,0.4998923210555408,128.0,1.0,7.994909040615239e-07,22.197221279144287,87.77391982078552,515.0,0.0,127.66999912261963
516,516.0,8.0,16.0,28.00853157043457,128.0,1.0,242008.0,806568.0,0.7692031860351562,2.0,2.0,2.0,0.3671875,16.0,0.06019609134817245,0.03252022713422775,0.45280519127845764,15121.375,16.0,1.0,242008.0,120971.0,0.49986364087137614,128.0,1.0,7.987671063675414e-07,22.197221279144287,67.16553401947021,516.0,0.0,95.24214386940002
517,517.0,8.0,16.0,23.95449209213257,128.0,1.0,235056.0,813520.0,0.7758331298828125,2.0,2.0,2.0,0.3828125,16.0,0.06934852973604172,0.03474413603544235,0.5172881484031677,14687.0,16.0,1.0,235056.0,117496.0,0.4998638622285753,128.0,1.0,7.980423336092853e-07,22.197221279144287,64.27692723274231,517.0,0.0,88.2958664894104
518,518.0,8.0,16.0,23.782475471496582,128.0,1.0,259669.0,788907.0,0.7523603439331055,2.0,2.0,2.0,0.4375,16.0,0.05675980852180437,0.02883012406527996,0.46205416321754456,16225.125,16.0,1.0,259669.0,129801.0,0.4998709896059984,128.0,1.0,7.973165881521433e-07,22.197221279144287,72.48244619369507,518.0,0.0,96.33670496940613
519,519.0,8.0,16.0,20.481102228164673,128.0,1.0,208093.0,840483.0,0.8015470504760742,2.0,2.0,2.0,0.6171875,16.0,0.050924885528917954,0.026665525510907173,0.45190078020095825,13002.0,16.0,1.0,208093.0,104016.0,0.4998534309179069,128.0,1.0,7.965898723646776e-07,22.197221279144287,60.92874097824097,519.0,0.0,81.46622681617737
520,520.0,8.0,16.0,16.470213174819946,128.0,1.0,174084.0,874492.0,0.8339805603027344,2.0,2.0,2.0,0.7421875,16.0,0.04697799458487522,0.024929841980338097,0.5081486105918884,10876.25,16.0,1.0,174084.0,87010.0,0.49981618069437744,128.0,1.0,7.958621886186172e-07,22.197221279144287,53.865599632263184,520.0,0.0,70.44468832015991
521,521.0,8.0,16.0,24.4554181098938,128.0,1.0,271163.0,777413.0,0.741398811340332,2.0,2.0,2.0,0.5234375,16.0,0.05269202923351925,0.030736085027456284,0.4377290606498718,16944.0,16.0,1.0,271163.0,135552.0,0.4998912093464079,128.0,1.0,7.9513353928885e-07,22.197221279144287,71.81909441947937,521.0,0.0,96.3517336845398
522,522.0,8.0,16.0,32.45114278793335,128.0,1.0,209644.0,838932.0,0.8000679016113281,2.0,2.0,2.0,0.6484375,16.0,0.06466043311230497,0.03134886920452118,0.525912344455719,13098.5,16.0,1.0,209644.0,104788.0,0.4998378203048978,128.0,1.0,7.944039267534154e-07,22.197221279144287,69.19219970703125,522.0,0.0,101.72645950317383
523,523.0,8.0,16.0,39.707974672317505,128.0,1.0,329814.0,718762.0,0.6854648590087891,2.0,2.0,2.0,0.3203125,16.0,0.04894231345552106,0.03111286647617817,0.4805375933647156,20609.75,16.0,1.0,329814.0,164878.0,0.4999120716525072,128.0,1.0,7.936733533934963e-07,22.197221279144287,75.3012273311615,523.0,0.0,115.12460398674011
524,524.0,8.0,16.0,25.592444896697998,128.0,1.0,245970.0,802606.0,0.7654247283935547,2.0,2.0,2.0,0.3359375,16.0,0.08164813940748178,0.0469149611890316,0.5869994163513184,15369.125,16.0,1.0,245970.0,122953.0,0.4998699028336789,128.0,1.0,7.929418215934114e-07,22.197221279144287,65.13628888130188,524.0,0.0,90.801109790802
525,525.0,8.0,16.0,38.94432210922241,128.0,1.0,363004.0,685572.0,0.6538124084472656,2.0,2.0,2.0,0.25,16.0,0.04948022593486724,0.029587572440505028,0.35226503014564514,22683.75,16.0,1.0,363004.0,181470.0,0.49991184670141375,128.0,1.0,7.922093337406073e-07,22.197221279144287,83.56428337097168,525.0,0.0,122.60012698173523
526,526.0,8.0,16.0,31.05600070953369,128.0,1.0,261515.0,787061.0,0.7505998611450195,2.0,2.0,2.0,0.5078125,16.0,0.0654726482132637,0.03553132340312004,0.4372043311595917,16340.5,16.0,1.0,261515.0,130724.0,0.4998719002734069,128.0,1.0,7.914758922256507e-07,22.197221279144287,69.88857340812683,526.0,0.0,101.01688647270203
527,527.0,8.0,16.0,33.368736267089844,128.0,1.0,301471.0,747105.0,0.7124948501586914,2.0,2.0,2.0,0.4765625,16.0,0.05957774141179412,0.0366690456867218,0.4127763509750366,18838.125,16.0,1.0,301471.0,150705.0,0.4998988294064769,128.0,1.0,7.90741499442221e-07,22.197221279144287,71.86832237243652,527.0,0.0,105.31505680084229
528,528.0,8.0,16.0,35.26496076583862,128.0,1.0,237074.0,811502.0,0.7739086151123047,2.0,2.0,2.0,0.5390625,16.0,0.05684555952365219,0.028793444857001305,0.571437418460846,14813.25,16.0,1.0,237074.0,118506.0,0.4998692391405215,128.0,1.0,7.900061577871019e-07,22.197221279144287,80.89492583274841,528.0,0.0,116.22017908096313
529,529.0,8.0,16.0,39.941733598709106,128.0,1.0,317611.0,730965.0,0.6971025466918945,2.0,2.0,2.0,0.28125,16.0,0.055683893897816014,0.033659134060144424,0.35331428050994873,19846.625,16.0,1.0,317611.0,158773.0,0.49989767356924036,128.0,1.0,7.892698696601741e-07,22.197221279144287,79.14552736282349,529.0,0.0,119.17241549491882
530,530.0,8.0,16.0,24.97760272026062,128.0,1.0,241441.0,807135.0,0.7697439193725586,2.0,2.0,2.0,0.484375,16.0,0.04855259118782129,0.02264215052127838,0.4384906589984894,15086.0,16.0,1.0,241441.0,120688.0,0.4998653915449323,128.0,1.0,7.885326374644071e-07,22.197221279144287,74.05144143104553,530.0,0.0,99.10565257072449
531,531.0,8.0,16.0,29.449766159057617,128.0,1.0,231105.0,817471.0,0.7796010971069336,2.0,2.0,2.0,0.4453125,16.0,0.0577451505752391,0.031164908781647682,0.474147766828537,14440.25,16.0,1.0,231105.0,115522.0,0.4998680253564397,128.0,1.0,7.877944636058511e-07,22.197221279144287,75.03445410728455,531.0,0.0,104.54734134674072
532,532.0,8.0,16.0,15.530524015426636,128.0,1.0,173548.0,875028.0,0.8344917297363281,2.0,2.0,2.0,0.4765625,16.0,0.06812119113070009,0.03277807682752609,0.637794554233551,10842.875,16.0,1.0,173548.0,86743.0,0.49982137506626406,128.0,1.0,7.870553504936306e-07,22.197221279144287,59.009276151657104,532.0,0.0,74.59017133712769
533,533.0,8.0,16.0,25.16436004638672,128.0,1.0,245642.0,802934.0,0.7657375335693359,2.0,2.0,2.0,0.484375,16.0,0.07430340709670129,0.035859111696481705,0.5995283722877502,15348.5,16.0,1.0,245642.0,122788.0,0.4998656581529217,128.0,1.0,7.863153005399343e-07,22.197221279144287,61.297571659088135,533.0,0.0,86.52866101264954
534,534.0,8.0,16.0,35.94734287261963,128.0,1.0,235687.0,812889.0,0.7752313613891602,2.0,2.0,2.0,0.3828125,16.0,0.05448474411010162,0.024862073361873627,0.4227476716041565,14725.875,16.0,1.0,235687.0,117807.0,0.4998451335881911,128.0,1.0,7.855743161600092e-07,22.197221279144287,71.18155074119568,534.0,0.0,107.19322347640991
535,535.0,8.0,16.0,38.14812731742859,128.0,1.0,318404.0,730172.0,0.6963462829589844,2.0,2.0,2.0,0.2734375,16.0,0.04863492257968169,0.02917410619556904,0.31001266837120056,19895.75,16.0,1.0,318404.0,159166.0,0.49988693609376766,128.0,1.0,7.848323997721516e-07,22.197221279144287,78.52135992050171,535.0,0.0,116.75122547149658
536,536.0,8.0,16.0,26.87360119819641,128.0,1.0,240981.0,807595.0,0.7701826095581055,2.0,2.0,2.0,0.53125,16.0,0.053224206629757395,0.02802923694252968,0.3768276870250702,15057.125,16.0,1.0,240981.0,120457.0,0.499860984890925,128.0,1.0,7.840895537976995e-07,22.197221279144287,61.806883335113525,536.0,0.0,88.74792742729187
537,537.0,8.0,16.0,30.918688774108887,128.0,1.0,334354.0,714222.0,0.6811351776123047,2.0,2.0,2.0,0.1796875,16.0,0.05323722786842582,0.03004562295973301,0.33579713106155396,20893.75,16.0,1.0,334354.0,167150.0,0.49991924726487497,128.0,1.0,7.833457806610246e-07,22.197221279144287,80.19509935379028,537.0,0.0,111.20384907722473
538,538.0,8.0,16.0,22.614153146743774,128.0,1.0,243124.0,805452.0,0.7681388854980469,2.0,2.0,2.0,0.3984375,16.0,0.04784262539561549,0.02503375895321369,0.35223188996315,15191.25,16.0,1.0,243124.0,121530.0,0.499868379921357,128.0,1.0,7.82601082789525e-07,22.197221279144287,63.381030559539795,538.0,0.0,86.06364607810974
539,539.0,8.0,16.0,40.5186026096344,128.0,1.0,247136.0,801440.0,0.764312744140625,2.0,2.0,2.0,0.375,16.0,0.06389584600729706,0.02966865338385105,0.5193853378295898,15442.0,16.0,1.0,247136.0,123536.0,0.49987051663861193,128.0,1.0,7.818554626136163e-07,22.197221279144287,66.99376702308655,539.0,0.0,107.5772922039032
540,540.0,8.0,16.0,36.1369731426239,128.0,1.0,217437.0,831139.0,0.7926359176635742,2.0,2.0,2.0,0.546875,16.0,0.05994217863498892,0.031696826219558716,0.5395960211753845,13586.0,16.0,1.0,217437.0,108688.0,0.4998597294848623,128.0,1.0,7.811089225667242e-07,22.197221279144287,64.94464492797852,540.0,0.0,101.14199995994568
541,541.0,8.0,16.0,33.772313833236694,128.0,1.0,289066.0,759510.0,0.7243251800537109,2.0,2.0,2.0,0.421875,16.0,0.048925276194575366,0.027095787227153778,0.36209824681282043,18062.375,16.0,1.0,289066.0,144499.0,0.49988237980253647,128.0,1.0,7.803614650852769e-07,22.197221279144287,70.15498876571655,541.0,0.0,104.00305151939392
542,542.0,8.0,16.0,28.242506742477417,128.0,1.0,314362.0,734214.0,0.7002010345458984,2.0,2.0,2.0,0.5,16.0,0.05419992562605061,0.028789326548576355,0.4531724452972412,19643.5,16.0,1.0,314362.0,157148.0,0.4998950254801789,128.0,1.0,7.796130926086964e-07,22.197221279144287,74.30286240577698,542.0,0.0,102.62607455253601
543,543.0,8.0,16.0,36.210145711898804,128.0,1.0,292335.0,756241.0,0.7212076187133789,2.0,2.0,2.0,0.5234375,16.0,0.05303370004025937,0.027730513364076614,0.4003812074661255,18267.375,16.0,1.0,292335.0,146139.0,0.4999025091077018,128.0,1.0,7.788638075793909e-07,22.197221279144287,76.75266027450562,543.0,0.0,113.04206562042236
544,544.0,8.0,16.0,25.06217384338379,128.0,1.0,196859.0,851717.0,0.812260627746582,2.0,2.0,2.0,0.671875,16.0,0.04583275906069628,0.020130544900894165,0.4405740797519684,12300.0,16.0,1.0,196859.0,98400.0,0.49985014655159277,128.0,1.0,7.781136124427475e-07,22.197221279144287,63.65498352050781,544.0,0.0,88.81423830986023
545,545.0,8.0,16.0,30.204187870025635,128.0,1.0,235770.0,812806.0,0.7751522064208984,2.0,2.0,2.0,0.4375,16.0,0.06968997774105497,0.030909858644008636,0.573848307132721,14730.875,16.0,1.0,235770.0,117847.0,0.49983882597446666,128.0,1.0,7.773625096471222e-07,22.197221279144287,69.09183502197266,545.0,0.0,99.35885691642761
546,546.0,8.0,16.0,40.764549255371094,128.0,1.0,248463.0,800113.0,0.7630472183227539,2.0,2.0,2.0,0.3125,16.0,0.06273040975679918,0.04033155366778374,0.4887331426143646,15524.875,16.0,1.0,248463.0,124199.0,0.499869195815876,128.0,1.0,7.766105016438347e-07,22.197221279144287,66.45898246765137,546.0,0.0,107.29260087013245
547,547.0,8.0,16.0,26.44985818862915,128.0,1.0,280085.0,768491.0,0.7328901290893555,2.0,2.0,2.0,0.109375,16.0,0.05456422137663164,0.030992090702056885,0.39382243156433105,17501.75,16.0,1.0,280085.0,140014.0,0.4998982451755717,128.0,1.0,7.758575908871577e-07,22.197221279144287,63.776695728302,547.0,0.0,90.29508471488953
548,548.0,8.0,16.0,18.782227754592896,128.0,1.0,206327.0,842249.0,0.8032312393188477,2.0,2.0,2.0,0.5859375,16.0,0.06055117143130897,0.02938917465507984,0.5839146971702576,12890.5,16.0,1.0,206327.0,103124.0,0.49980855632079174,128.0,1.0,7.751037798343114e-07,22.197221279144287,58.00666284561157,548.0,0.0,76.8544614315033
549,549.0,8.0,16.0,27.449637174606323,128.0,1.0,321688.0,726888.0,0.6932144165039062,2.0,2.0,2.0,0.328125,16.0,0.05751571255775764,0.030118759721517563,0.39251062273979187,20101.625,16.0,1.0,321688.0,160813.0,0.49990363333416227,128.0,1.0,7.743490709454534e-07,22.197221279144287,72.30044317245483,549.0,0.0,99.82770824432373
550,550.0,8.0,16.0,28.48139262199402,128.0,1.0,268178.0,780398.0,0.7442455291748047,2.0,2.0,2.0,0.3828125,16.0,0.06285280584699049,0.03512757644057274,0.45554032921791077,16757.25,16.0,1.0,268178.0,134058.0,0.4998844051339036,128.0,1.0,7.735934666836714e-07,22.197221279144287,70.95528268814087,550.0,0.0,330.82086300849915
551,551.0,8.0,16.0,25.17897939682007,128.0,1.0,221402.0,827174.0,0.7888545989990234,2.0,2.0,2.0,0.46875,16.0,0.05395765586584847,0.02594485506415367,0.5365687012672424,13834.125,16.0,1.0,221402.0,110673.0,0.4998735332110821,128.0,1.0,7.728369695149759e-07,22.197221279144287,64.56780576705933,551.0,0.0,89.82728958129883
552,552.0,8.0,16.0,28.30118751525879,128.0,1.0,303464.0,745112.0,0.7105941772460938,2.0,2.0,2.0,0.3046875,16.0,0.06002612203028683,0.030191045254468918,0.38508671522140503,18963.0,16.0,1.0,303464.0,151704.0,0.4999077320538845,128.0,1.0,7.72079581908291e-07,22.197221279144287,73.78020405769348,552.0,0.0,102.16402840614319
553,553.0,8.0,16.0,35.937010288238525,128.0,1.0,288347.0,760229.0,0.725010871887207,2.0,2.0,2.0,0.359375,16.0,0.05137710882848224,0.026741566136479378,0.5351776480674744,18017.625,16.0,1.0,288347.0,144141.0,0.49988728857938525,128.0,1.0,7.713213063354471e-07,22.197221279144287,81.4421923160553,553.0,0.0,117.45335912704468
554,554.0,8.0,16.0,21.554880380630493,128.0,1.0,204362.0,844214.0,0.8051052093505859,2.0,2.0,2.0,0.6796875,16.0,0.05514331329281687,0.02881661430001259,0.49353867769241333,12768.5,16.0,1.0,204362.0,102148.0,0.499838521838698,128.0,1.0,7.705621452711726e-07,22.197221279144287,61.43608903884888,554.0,0.0,83.04440259933472
555,555.0,8.0,16.0,31.271975994110107,128.0,1.0,206238.0,842338.0,0.8033161163330078,2.0,2.0,2.0,0.5,16.0,0.07116035115846608,0.03622720390558243,0.6344732046127319,12885.875,16.0,1.0,206238.0,103087.0,0.499844839457326,128.0,1.0,7.698021011930857e-07,22.197221279144287,61.252458810806274,555.0,0.0,92.57853746414185
556,556.0,8.0,16.0,27.164771556854248,128.0,1.0,223165.0,825411.0,0.7871732711791992,2.0,2.0,2.0,0.5,16.0,0.052926701953336666,0.029710857197642326,0.44802945852279663,13944.0,16.0,1.0,223165.0,111552.0,0.49986332982322496,128.0,1.0,7.690411765816864e-07,22.197221279144287,65.50502276420593,556.0,0.0,92.7296290397644
557,557.0,8.0,16.0,25.461544513702393,128.0,1.0,221207.0,827369.0,0.7890405654907227,2.0,2.0,2.0,0.3984375,16.0,0.06624766892311033,0.03269743174314499,0.566716194152832,13821.75,16.0,1.0,221207.0,110574.0,0.49986664074825843,128.0,1.0,7.682793739203484e-07,22.197221279144287,60.334492206573486,557.0,0.0,85.85412359237671
558,558.0,8.0,16.0,32.137341260910034,128.0,1.0,247185.0,801391.0,0.7642660140991211,2.0,2.0,2.0,0.421875,16.0,0.06773131046642863,0.03567347675561905,0.5144218802452087,15445.0,16.0,1.0,247185.0,123560.0,0.49986851952990674,128.0,1.0,7.675166956953113e-07,22.197221279144287,69.29937958717346,558.0,0.0,101.50340580940247
559,559.0,8.0,16.0,27.45173168182373,128.0,1.0,251718.0,796858.0,0.7599430084228516,2.0,2.0,2.0,0.2265625,16.0,0.06952526883031825,0.034188225865364075,0.43031659722328186,15728.5,16.0,1.0,251718.0,125828.0,0.49987684631214296,128.0,1.0,7.66753144395672e-07,22.197221279144287,65.88878679275513,559.0,0.0,93.40364336967468
560,560.0,8.0,16.0,23.077490091323853,128.0,1.0,218994.0,829582.0,0.7911510467529297,2.0,2.0,2.0,0.453125,16.0,0.04003847354289195,0.020303376019001007,0.460218220949173,13683.375,16.0,1.0,218994.0,109467.0,0.49986300994547794,128.0,1.0,7.659887225133768e-07,22.197221279144287,62.33009314537048,560.0,0.0,85.46413898468018
561,561.0,8.0,16.0,32.4999053478241,128.0,1.0,266865.0,781711.0,0.7454977035522461,2.0,2.0,2.0,0.265625,16.0,0.07008386089920306,0.03518087416887283,0.5053186416625977,16675.0,16.0,1.0,266865.0,133400.0,0.4998782155771645,128.0,1.0,7.652234325432134e-07,22.197221279144287,76.44825291633606,561.0,0.0,109.02188849449158
562,562.0,8.0,16.0,39.25817275047302,128.0,1.0,262673.0,785903.0,0.7494955062866211,2.0,2.0,2.0,0.21875,16.0,0.06702828345754076,0.03255051374435425,0.43526822328567505,16413.375,16.0,1.0,262673.0,131307.0,0.4998876930632383,128.0,1.0,7.644572769828023e-07,22.197221279144287,75.69315981864929,562.0,0.0,115.029536485672
563,563.0,8.0,16.0,13.060550212860107,128.0,1.0,201537.0,847039.0,0.8077993392944336,2.0,2.0,2.0,0.46875,16.0,0.05802908870235489,0.02895181253552437,0.48187926411628723,12592.0,16.0,1.0,201537.0,100736.0,0.49983873928856737,128.0,1.0,7.636902583325892e-07,22.197221279144287,53.938170433044434,563.0,0.0,67.06323790550232
564,564.0,8.0,16.0,38.88385272026062,128.0,1.0,261889.0,786687.0,0.7502431869506836,2.0,2.0,2.0,0.28125,16.0,0.06335833507511653,0.03455432131886482,0.4926045536994934,16364.875,16.0,1.0,261889.0,130919.0,0.49990263050376305,128.0,1.0,7.629223790958368e-07,22.197221279144287,84.65364670753479,564.0,0.0,123.60189914703369
565,565.0,8.0,16.0,40.01537871360779,128.0,1.0,264913.0,783663.0,0.7473592758178711,2.0,2.0,2.0,0.2734375,16.0,0.06323250985972527,0.03642062470316887,0.4446099102497101,16553.375,16.0,1.0,264913.0,132427.0,0.4998886426864669,128.0,1.0,7.621536417786158e-07,22.197221279144287,72.3860216140747,565.0,0.0,112.47246313095093
566,566.0,8.0,16.0,40.06083655357361,128.0,1.0,218683.0,829893.0,0.791447639465332,2.0,2.0,2.0,0.609375,16.0,0.04678564197012853,0.02305472642183304,0.4008278548717499,13663.5,16.0,1.0,218683.0,109308.0,0.49984681022301686,128.0,1.0,7.613840488897981e-07,22.197221279144287,71.02226090431213,566.0,0.0,111.13918232917786
567,567.0,8.0,16.0,33.79555606842041,128.0,1.0,247082.0,801494.0,0.7643642425537109,2.0,2.0,2.0,0.5625,16.0,0.0655881899900974,0.03136609494686127,0.517885684967041,15438.5,16.0,1.0,247082.0,123508.0,0.4998664411005253,128.0,1.0,7.606136029410473e-07,22.197221279144287,72.82129001617432,567.0,0.0,106.67840576171875
568,568.0,8.0,16.0,40.67535734176636,128.0,1.0,312970.0,735606.0,0.7015285491943359,2.0,2.0,2.0,0.34375,16.0,0.060305080821975166,0.03210190311074257,0.44870397448539734,19556.25,16.0,1.0,312970.0,156450.0,0.4998881681950347,128.0,1.0,7.598423064468114e-07,22.197221279144287,74.79473805427551,568.0,0.0,115.55355477333069
569,569.0,8.0,16.0,27.57502293586731,128.0,1.0,276735.0,771841.0,0.7360849380493164,2.0,2.0,2.0,0.4296875,16.0,0.04832022331395973,0.025707388296723366,0.4160202145576477,17292.5,16.0,1.0,276735.0,138340.0,0.4999006269535837,128.0,1.0,7.590701619243143e-07,22.197221279144287,63.34505748748779,569.0,0.0,90.98699569702148
570,570.0,8.0,16.0,25.150309085845947,128.0,1.0,213265.0,835311.0,0.7966146469116211,2.0,2.0,2.0,0.53125,16.0,0.07678424661661955,0.04274899140000343,0.5426433682441711,13324.875,16.0,1.0,213265.0,106599.0,0.49984291843481116,128.0,1.0,7.58297171893547e-07,22.197221279144287,63.23178219795227,570.0,0.0,88.44244980812073
571,571.0,8.0,16.0,29.00903010368347,128.0,1.0,194989.0,853587.0,0.8140439987182617,2.0,2.0,2.0,0.5078125,16.0,0.06440279424088391,0.031792011111974716,0.5225569009780884,12182.875,16.0,1.0,194989.0,97463.0,0.49983845242552144,128.0,1.0,7.575233388772606e-07,22.197221279144287,66.92523956298828,571.0,0.0,95.98583459854126
572,572.0,8.0,16.0,40.81079363822937,128.0,1.0,250599.0,797977.0,0.7610101699829102,2.0,2.0,2.0,0.515625,16.0,0.06347893009931714,0.027024811133742332,0.5619898438453674,15658.375,16.0,1.0,250599.0,125267.0,0.4998703107354778,128.0,1.0,7.567486654009572e-07,22.197221279144287,78.01278710365295,572.0,0.0,118.88965559005737
573,573.0,8.0,16.0,29.281158924102783,128.0,1.0,264401.0,784175.0,0.7478475570678711,2.0,2.0,2.0,0.3515625,16.0,0.06001679326104781,0.033220767974853516,0.39759424328804016,16521.0,16.0,1.0,264401.0,132168.0,0.4998770806464423,128.0,1.0,7.559731539928814e-07,22.197221279144287,73.52443790435791,573.0,0.0,102.90178775787354
574,574.0,8.0,16.0,17.797125816345215,128.0,1.0,177802.0,870774.0,0.8304347991943359,2.0,2.0,2.0,0.609375,16.0,0.05815686432644536,0.03005152940750122,0.5577343702316284,11108.875,16.0,1.0,177802.0,88871.0,0.4998312729890552,128.0,1.0,7.551968071840131e-07,22.197221279144287,53.58479452133179,574.0,0.0,71.43314099311829
575,575.0,8.0,16.0,35.98284959793091,128.0,1.0,315582.0,732994.0,0.6990375518798828,2.0,2.0,2.0,0.5625,16.0,0.04878316894080345,0.02999187633395195,0.3802586495876312,19719.375,16.0,1.0,315582.0,157755.0,0.49988592505275964,128.0,1.0,7.544196275080584e-07,22.197221279144287,73.60836839675903,575.0,0.0,109.68854999542236
576,576.0,8.0,16.0,20.82051110267639,128.0,1.0,218363.0,830213.0,0.791752815246582,2.0,2.0,2.0,0.578125,16.0,0.057255324322914365,0.024884747341275215,0.4490620195865631,13643.625,16.0,1.0,218363.0,109149.0,0.4998511652615141,128.0,1.0,7.536416175014416e-07,22.197221279144287,58.334304332733154,576.0,0.0,79.2193295955658
577,577.0,8.0,16.0,41.160680532455444,128.0,1.0,200582.0,847994.0,0.8087100982666016,2.0,2.0,2.0,0.6171875,16.0,0.052929992513691494,0.024522272869944572,0.5406193137168884,12532.625,16.0,1.0,200582.0,100261.0,0.4998504352334706,128.0,1.0,7.528627797032968e-07,22.197221279144287,64.1063768863678,577.0,0.0,105.32164311408997
578,578.0,8.0,16.0,27.586277723312378,128.0,1.0,167702.0,880874.0,0.8400669097900391,2.0,2.0,2.0,0.546875,16.0,0.05240751816274315,0.02456488646566868,0.5634406805038452,10477.625,16.0,1.0,167702.0,83821.0,0.4998211112568723,128.0,1.0,7.520831166554595e-07,22.197221279144287,65.85325884819031,578.0,0.0,93.49091625213623
579,579.0,8.0,16.0,25.605804920196533,128.0,1.0,254737.0,793839.0,0.7570638656616211,2.0,2.0,2.0,0.453125,16.0,0.07226417512377394,0.03483305871486664,0.47814011573791504,15916.875,16.0,1.0,254737.0,127335.0,0.4998684918170505,128.0,1.0,7.51302630902459e-07,22.197221279144287,70.34046745300293,579.0,0.0,96.02316808700562
580,580.0,8.0,16.0,40.88172173500061,128.0,1.0,346463.0,702113.0,0.6695871353149414,2.0,2.0,2.0,0.4765625,16.0,0.039460871383718774,0.020941559225320816,0.35775506496429443,21650.0,16.0,1.0,346463.0,173200.0,0.49990908120058997,128.0,1.0,7.505213249915095e-07,22.197221279144287,96.45684361457825,580.0,0.0,137.42190074920654
581,581.0,8.0,16.0,39.65092062950134,128.0,1.0,332877.0,715699.0,0.6825437545776367,2.0,2.0,2.0,0.2890625,16.0,0.057279934467403704,0.03433062508702278,0.350117027759552,20800.75,16.0,1.0,332877.0,166406.0,0.4999023663395188,128.0,1.0,7.497392014725012e-07,22.197221279144287,78.48003578186035,581.0,0.0,118.22703242301941
582,582.0,8.0,16.0,24.441888093948364,128.0,1.0,288826.0,759750.0,0.7245540618896484,2.0,2.0,2.0,0.34375,16.0,0.0711008773352417,0.03997385874390602,0.46624088287353516,18047.75,16.0,1.0,288826.0,144382.0,0.49989266894254675,128.0,1.0,7.48956262897994e-07,22.197221279144287,66.91068196296692,582.0,0.0,91.43357563018799
583,583.0,8.0,16.0,28.944610595703125,128.0,1.0,314245.0,734331.0,0.700312614440918,2.0,2.0,2.0,0.265625,16.0,0.06372667845167652,0.03940919041633606,0.5139694213867188,19636.5,16.0,1.0,314245.0,157092.0,0.49990294197202817,128.0,1.0,7.481725118232066e-07,22.197221279144287,70.03319835662842,583.0,0.0,99.06317329406738
584,584.0,8.0,16.0,36.2261962890625,128.0,1.0,277884.0,770692.0,0.7349891662597656,2.0,2.0,2.0,0.3125,16.0,0.05994669354853433,0.03592749685049057,0.4120735824108124,17363.875,16.0,1.0,277884.0,138911.0,0.499888442659527,128.0,1.0,7.473879508060098e-07,22.197221279144287,79.18224573135376,584.0,0.0,115.48849034309387
585,585.0,8.0,16.0,21.60532283782959,128.0,1.0,210538.0,838038.0,0.7992153167724609,2.0,2.0,2.0,0.4609375,16.0,0.059563221283935236,0.02754887379705906,0.4608875513076782,13155.0,16.0,1.0,210538.0,105240.0,0.4998622576447007,128.0,1.0,7.466025824069178e-07,22.197221279144287,59.35586977005005,585.0,0.0,81.02165174484253
586,586.0,8.0,16.0,17.840373039245605,128.0,1.0,239142.0,809434.0,0.7719364166259766,2.0,2.0,2.0,0.3984375,16.0,0.06546471464998181,0.033241938799619675,0.4891560673713684,14942.5,16.0,1.0,239142.0,119540.0,0.4998703699057464,128.0,1.0,7.4581640918908e-07,22.197221279144287,58.81991767883301,586.0,0.0,76.73420023918152
587,587.0,8.0,16.0,24.16846990585327,128.0,1.0,276781.0,771795.0,0.7360410690307617,2.0,2.0,2.0,0.203125,16.0,0.05996623401395852,0.036153294146060944,0.4143783152103424,17294.75,16.0,1.0,276781.0,138358.0,0.49988257864521046,128.0,1.0,7.450294337182721e-07,22.197221279144287,64.88651537895203,587.0,0.0,89.1357057094574
588,588.0,8.0,16.0,38.914766788482666,128.0,1.0,290532.0,758044.0,0.7229270935058594,2.0,2.0,2.0,0.1953125,16.0,0.06139308343427258,0.03169902041554451,0.43460872769355774,18154.5,16.0,1.0,290532.0,145236.0,0.49989674115071664,128.0,1.0,7.442416585628883e-07,22.197221279144287,73.92063307762146,588.0,0.0,112.91197562217712
589,589.0,8.0,16.0,40.41397762298584,128.0,1.0,301502.0,747074.0,0.7124652862548828,2.0,2.0,2.0,0.5078125,16.0,0.04691763954183579,0.02450818568468094,0.4161742627620697,18839.625,16.0,1.0,301502.0,150717.0,0.4998872312621475,128.0,1.0,7.434530862939322e-07,22.197221279144287,93.56273746490479,589.0,0.0,134.0655791759491
590,590.0,8.0,16.0,40.25618243217468,128.0,1.0,225632.0,822944.0,0.784820556640625,2.0,2.0,2.0,0.3359375,16.0,0.05473904159432425,0.028738413006067276,0.6247884631156921,14097.75,16.0,1.0,225632.0,112782.0,0.49984931215430434,128.0,1.0,7.426637194850096e-07,22.197221279144287,75.1172034740448,590.0,0.0,115.43495798110962
591,591.0,8.0,16.0,41.156012535095215,128.0,1.0,378880.0,669696.0,0.638671875,2.0,2.0,2.0,0.3125,16.0,0.04894739462841454,0.029069090262055397,0.37736615538597107,23676.0,16.0,1.0,378880.0,189408.0,0.49991554054054055,128.0,1.0,7.418735607123189e-07,22.197221279144287,87.51869177818298,591.0,0.0,128.78122806549072
592,592.0,8.0,16.0,29.598154306411743,128.0,1.0,213371.0,835205.0,0.796513557434082,2.0,2.0,2.0,0.609375,16.0,0.0572050628149767,0.029467089101672173,0.5547907948493958,13331.625,16.0,1.0,213371.0,106653.0,0.49984768314344497,128.0,1.0,7.41082612554643e-07,22.197221279144287,61.20446157455444,592.0,0.0,90.86322736740112
593,593.0,8.0,16.0,40.766167640686035,128.0,1.0,229471.0,819105.0,0.7811594009399414,2.0,2.0,2.0,0.359375,16.0,0.0817978903031238,0.03754778206348419,0.7922720909118652,14337.875,16.0,1.0,229471.0,114703.0,0.4998583699029507,128.0,1.0,7.402908775933419e-07,22.197221279144287,67.07200789451599,593.0,0.0,107.90010929107666
594,594.0,8.0,16.0,35.63478922843933,128.0,1.0,280183.0,768393.0,0.7327966690063477,2.0,2.0,2.0,0.328125,16.0,0.04894980673058672,0.025694604963064194,0.3895936906337738,17507.75,16.0,1.0,280183.0,140062.0,0.49989471167058674,128.0,1.0,7.394983584123425e-07,22.197221279144287,82.0841600894928,594.0,0.0,117.79315733909607
595,595.0,8.0,16.0,36.82842445373535,128.0,1.0,346153.0,702423.0,0.6698827743530273,2.0,2.0,2.0,0.25,16.0,0.04669982342729134,0.02935722842812538,0.34679219126701355,21630.0,16.0,1.0,346153.0,173040.0,0.49989455529780186,128.0,1.0,7.387050575981314e-07,22.197221279144287,86.55983018875122,595.0,0.0,123.52165603637695
596,596.0,8.0,16.0,24.933411836624146,128.0,1.0,193086.0,855490.0,0.8158588409423828,2.0,2.0,2.0,0.546875,16.0,0.07165339382379261,0.03412146866321564,0.5576010346412659,12063.875,16.0,1.0,193086.0,96511.0,0.49983427073946324,128.0,1.0,7.379109777397466e-07,22.197221279144287,60.22005105018616,596.0,0.0,85.21986961364746
597,597.0,8.0,16.0,27.031320571899414,128.0,1.0,243029.0,805547.0,0.7682294845581055,2.0,2.0,2.0,0.5,16.0,0.05296494875583815,0.025997374206781387,0.46861106157302856,15185.5,16.0,1.0,243029.0,121484.0,0.49987450057400556,128.0,1.0,7.371161214287678e-07,22.197221279144287,70.46835994720459,597.0,0.0,97.5792384147644
598,598.0,8.0,16.0,40.540998458862305,128.0,1.0,262383.0,786193.0,0.7497720718383789,2.0,2.0,2.0,0.234375,16.0,0.06573135656321905,0.03622646629810333,0.4923034608364105,16394.875,16.0,1.0,262383.0,131159.0,0.49987613526790986,128.0,1.0,7.363204912593094e-07,22.197221279144287,74.3817069530487,598.0,0.0,115.01732206344604
599,599.0,8.0,16.0,40.71967673301697,128.0,1.0,329458.0,719118.0,0.6858043670654297,2.0,2.0,2.0,0.046875,16.0,0.073664483333961,0.04187110811471939,0.42085960507392883,20587.25,16.0,1.0,329458.0,164698.0,0.4999059060638989,128.0,1.0,7.355240898280113e-07,22.197221279144287,88.4375114440918,599.0,0.0,129.28625869750977
600,600.0,8.0,16.0,39.943923473358154,128.0,1.0,291986.0,756590.0,0.7215404510498047,2.0,2.0,2.0,0.4765625,16.0,0.04327758035441706,0.021192654967308044,0.512369692325592,18245.375,16.0,1.0,291986.0,145963.0,0.49989725534785917,128.0,1.0,7.347269197340302e-07,22.197221279144287,80.42086267471313,600.0,0.0,347.9984679222107
601,601.0,8.0,16.0,39.32166647911072,128.0,1.0,256428.0,792148.0,0.7554512023925781,2.0,2.0,2.0,0.4375,16.0,0.04677818401119029,0.023734720423817635,0.4260636568069458,16023.125,16.0,1.0,256428.0,128185.0,0.49988690782597844,128.0,1.0,7.339289835790318e-07,22.197221279144287,72.59099340438843,601.0,0.0,111.9892168045044
602,602.0,8.0,16.0,28.48295783996582,128.0,1.0,247521.0,801055.0,0.7639455795288086,2.0,2.0,2.0,0.546875,16.0,0.06836989137562641,0.03607653081417084,0.5412908792495728,15465.75,16.0,1.0,247521.0,123726.0,0.4998606178869672,128.0,1.0,7.331302839671817e-07,22.197221279144287,67.18972754478455,602.0,0.0,95.746910572052
603,603.0,8.0,16.0,31.937584400177002,128.0,1.0,226568.0,822008.0,0.7839279174804688,2.0,2.0,2.0,0.34375,16.0,0.057332840618945384,0.027958067134022713,0.5263909697532654,14157.0,16.0,1.0,226568.0,113256.0,0.49987641679319234,128.0,1.0,7.323308235051371e-07,22.197221279144287,67.42397665977478,603.0,0.0,99.42987418174744
604,604.0,8.0,16.0,30.679016828536987,128.0,1.0,271760.0,776816.0,0.7408294677734375,2.0,2.0,2.0,0.59375,16.0,0.04549861652876004,0.02142457664012909,0.4071540832519531,16981.25,16.0,1.0,271760.0,135850.0,0.4998896084780689,128.0,1.0,7.315306048020383e-07,22.197221279144287,74.0786497592926,604.0,0.0,104.82806587219238
605,605.0,8.0,16.0,39.65912437438965,128.0,1.0,312932.0,735644.0,0.7015647888183594,2.0,2.0,2.0,0.2578125,16.0,0.055090914138211225,0.02927464246749878,0.4337374269962311,19554.125,16.0,1.0,312932.0,156433.0,0.4998945457799138,128.0,1.0,7.307296304695007e-07,22.197221279144287,73.78605484962463,605.0,0.0,113.52874970436096
606,606.0,8.0,16.0,27.687654972076416,128.0,1.0,277458.0,771118.0,0.7353954315185547,2.0,2.0,2.0,0.4765625,16.0,0.04932714022233765,0.024519488215446472,0.3785282373428345,17336.875,16.0,1.0,277458.0,138695.0,0.49987745893072105,128.0,1.0,7.299279031216052e-07,22.197221279144287,72.3488872051239,606.0,0.0,100.10467600822449
607,607.0,8.0,16.0,35.35859227180481,128.0,1.0,300415.0,748161.0,0.7135019302368164,2.0,2.0,2.0,0.359375,16.0,0.051179538041621044,0.0273069329559803,0.3404535949230194,18771.5,16.0,1.0,300415.0,150172.0,0.49988183013497994,128.0,1.0,7.291254253748905e-07,22.197221279144287,84.6458306312561,607.0,0.0,120.08926916122437
608,608.0,8.0,16.0,23.537691116333008,128.0,1.0,185973.0,862603.0,0.8226423263549805,2.0,2.0,2.0,0.53125,16.0,0.05731587209022678,0.024919675663113594,0.7081589698791504,11619.375,16.0,1.0,185973.0,92955.0,0.4998306205739543,128.0,1.0,7.283221998483444e-07,22.197221279144287,59.853310108184814,608.0,0.0,83.4426863193512
609,609.0,8.0,16.0,30.89721131324768,128.0,1.0,267937.0,780639.0,0.7444753646850586,2.0,2.0,2.0,0.3828125,16.0,0.06661824064144056,0.03443991765379906,0.4312828481197357,16742.25,16.0,1.0,267937.0,133938.0,0.49988616727066437,128.0,1.0,7.27518229163395e-07,22.197221279144287,75.69255900382996,609.0,0.0,106.67453336715698
610,610.0,8.0,16.0,20.83757472038269,128.0,1.0,164862.0,883714.0,0.8427753448486328,2.0,2.0,2.0,0.6484375,16.0,0.0563289871316994,0.02041143923997879,0.5552144050598145,10299.5,16.0,1.0,164862.0,82396.0,0.4997877012289066,128.0,1.0,7.267135159439024e-07,22.197221279144287,59.427783250808716,610.0,0.0,80.31357049942017
611,611.0,8.0,16.0,39.2295126914978,128.0,1.0,274254.0,774322.0,0.7384510040283203,2.0,2.0,2.0,0.40625,16.0,0.052178781247267436,0.027684075757861137,0.4501376450061798,17137.375,16.0,1.0,274254.0,137099.0,0.4998979048619163,128.0,1.0,7.259080628161503e-07,22.197221279144287,67.28062987327576,611.0,0.0,106.60030174255371
612,612.0,8.0,16.0,27.159421682357788,128.0,1.0,241439.0,807137.0,0.7697458267211914,2.0,2.0,2.0,0.5078125,16.0,0.05061455819524544,0.027786431834101677,0.3868046700954437,15086.5,16.0,1.0,241439.0,120692.0,0.4998860995945146,128.0,1.0,7.251018724088366e-07,22.197221279144287,71.00643301010132,612.0,0.0,98.23087215423584
613,613.0,8.0,16.0,25.366883754730225,128.0,1.0,281723.0,766853.0,0.731328010559082,2.0,2.0,2.0,0.5234375,16.0,0.04099261563037995,0.022096863016486168,0.4086187779903412,17603.375,16.0,1.0,281723.0,140827.0,0.4998775392850424,128.0,1.0,7.242949473530661e-07,22.197221279144287,68.02604866027832,613.0,0.0,93.48329997062683
614,614.0,8.0,16.0,23.603622913360596,128.0,1.0,217197.0,831379.0,0.7928647994995117,2.0,2.0,2.0,0.640625,16.0,0.06339883610680998,0.02881767228245735,0.5392547845840454,13570.625,16.0,1.0,217197.0,108565.0,0.4998457621422027,128.0,1.0,7.234872902823404e-07,22.197221279144287,60.83782958984375,614.0,0.0,84.50564980506897
615,615.0,8.0,16.0,23.457863092422485,128.0,1.0,173298.0,875278.0,0.8347301483154297,2.0,2.0,2.0,0.6875,16.0,0.04847365565764629,0.02358764037489891,0.5390377044677734,10827.0,16.0,1.0,173298.0,86616.0,0.49980957656753106,128.0,1.0,7.22678903832551e-07,22.197221279144287,59.43884992599487,615.0,0.0,82.94528818130493
616,616.0,8.0,16.0,26.789617776870728,128.0,1.0,238592.0,809984.0,0.7724609375,2.0,2.0,2.0,0.1796875,16.0,0.08276976971228645,0.042698707431554794,0.5562463402748108,14908.375,16.0,1.0,238592.0,119267.0,0.4998784535944206,128.0,1.0,7.218697906419693e-07,22.197221279144287,64.5109965801239,616.0,0.0,91.39487886428833
617,617.0,8.0,16.0,40.421308755874634,128.0,1.0,343220.0,705356.0,0.6726799011230469,2.0,2.0,2.0,0.2734375,16.0,0.06512403742733892,0.03627223148941994,0.4230841398239136,21446.875,16.0,1.0,343220.0,171575.0,0.4998980245906416,128.0,1.0,7.210599533512387e-07,22.197221279144287,77.57509279251099,617.0,0.0,118.11091136932373
618,618.0,8.0,16.0,15.461298704147339,128.0,1.0,143761.0,904815.0,0.8628988265991211,2.0,2.0,2.0,0.5859375,16.0,0.058604077380541734,0.023938966915011406,0.626715898513794,8981.625,16.0,1.0,143761.0,71853.0,0.4998087102899952,128.0,1.0,7.202493946033655e-07,22.197221279144287,49.75085926055908,618.0,0.0,65.25989007949829
619,619.0,8.0,16.0,40.558727741241455,128.0,1.0,248504.0,800072.0,0.7630081176757812,2.0,2.0,2.0,0.5234375,16.0,0.056483206996508786,0.02921304665505886,0.4208536446094513,15527.75,16.0,1.0,248504.0,124222.0,0.4998792775971413,128.0,1.0,7.194381170437111e-07,22.197221279144287,65.64892172813416,619.0,0.0,106.28220701217651
620,620.0,8.0,16.0,33.28926920890808,128.0,1.0,300666.0,747910.0,0.7132625579833984,2.0,2.0,2.0,0.265625,16.0,0.04939650157268058,0.02715180441737175,0.3671371638774872,18787.375,16.0,1.0,300666.0,150299.0,0.4998869177093519,128.0,1.0,7.18626123319982e-07,22.197221279144287,74.09405875205994,620.0,0.0,107.47240376472473
621,621.0,8.0,16.0,34.795859813690186,128.0,1.0,182847.0,865729.0,0.8256235122680664,2.0,2.0,2.0,0.65625,16.0,0.06544299588235195,0.03131173178553581,0.6545937061309814,11424.0,16.0,1.0,182847.0,91392.0,0.4998277248191111,128.0,1.0,7.178134160822231e-07,22.197221279144287,67.27506732940674,621.0,0.0,102.13654136657715
622,622.0,8.0,16.0,36.96281933784485,128.0,1.0,274523.0,774053.0,0.738194465637207,2.0,2.0,2.0,0.3359375,16.0,0.0406763159226642,0.023454699665308,0.3271970748901367,17154.5,16.0,1.0,274523.0,137236.0,0.49990711160813484,128.0,1.0,7.169999979828072e-07,22.197221279144287,67.56716632843018,622.0,0.0,104.6100537776947
623,623.0,8.0,16.0,28.55048394203186,128.0,1.0,277837.0,770739.0,0.7350339889526367,2.0,2.0,2.0,0.3828125,16.0,0.06892219890936517,0.03803468868136406,0.46668386459350586,17360.875,16.0,1.0,277837.0,138887.0,0.4998866241717266,128.0,1.0,7.16185871676427e-07,22.197221279144287,68.80384993553162,623.0,0.0,97.43528532981873
624,624.0,8.0,16.0,21.09948205947876,128.0,1.0,223303.0,825273.0,0.7870416641235352,2.0,2.0,2.0,0.4921875,16.0,0.07704104040570608,0.04031310975551605,0.5058327913284302,13952.625,16.0,1.0,223303.0,111621.0,0.4998634142846267,128.0,1.0,7.15371039820087e-07,22.197221279144287,62.203747510910034,624.0,0.0,83.3712785243988
625,625.0,8.0,16.0,24.364702224731445,128.0,1.0,220004.0,828572.0,0.7901878356933594,2.0,2.0,2.0,0.5859375,16.0,0.055244404970556216,0.030801570042967796,0.5886600017547607,13746.25,16.0,1.0,220004.0,109970.0,0.4998545480991255,128.0,1.0,7.145555050730939e-07,22.197221279144287,66.15714263916016,625.0,0.0,90.59262919425964
626,626.0,8.0,16.0,21.315114498138428,128.0,1.0,218617.0,829959.0,0.7915105819702148,2.0,2.0,2.0,0.4296875,16.0,0.0666769481147762,0.029360229149460793,0.5271090269088745,13659.375,16.0,1.0,218617.0,109275.0,0.49984676397535416,128.0,1.0,7.137392700970488e-07,22.197221279144287,58.660690784454346,626.0,0.0,80.0497317314148
627,627.0,8.0,16.0,25.755879640579224,128.0,1.0,201911.0,846665.0,0.8074426651000977,2.0,2.0,2.0,0.5,16.0,0.05439913125267529,0.030535725876688957,0.5545436143875122,12615.5,16.0,1.0,201911.0,100924.0,0.4998439906691562,128.0,1.0,7.129223375558376e-07,22.197221279144287,60.671027183532715,627.0,0.0,86.49907422065735
628,628.0,8.0,16.0,31.232000589370728,128.0,1.0,262120.0,786456.0,0.7500228881835938,2.0,2.0,2.0,0.328125,16.0,0.05103687327102969,0.027978384867310524,0.4002920985221863,16379.0,16.0,1.0,262120.0,131032.0,0.4998931786967801,128.0,1.0,7.121047101156236e-07,22.197221279144287,67.19927525520325,628.0,0.0,98.52545666694641
629,629.0,8.0,16.0,25.20627188682556,128.0,1.0,239139.0,809437.0,0.7719392776489258,2.0,2.0,2.0,0.65625,16.0,0.049090740469751655,0.028608223423361778,0.4186805784702301,14942.5,16.0,1.0,239139.0,119540.0,0.4998766407821393,128.0,1.0,7.112863904448369e-07,22.197221279144287,60.787243127822876,629.0,0.0,86.07532811164856
630,630.0,8.0,16.0,23.917420864105225,128.0,1.0,186166.0,862410.0,0.8224582672119141,2.0,2.0,2.0,0.6640625,16.0,0.05881627843966509,0.026354217901825905,0.5394484996795654,11631.875,16.0,1.0,186166.0,93055.0,0.49984959659658584,128.0,1.0,7.104673812141675e-07,22.197221279144287,60.35851502418518,630.0,0.0,84.3489019870758
631,631.0,8.0,16.0,22.412474393844604,128.0,1.0,238235.0,810341.0,0.772801399230957,2.0,2.0,2.0,0.46875,16.0,0.059763090650443246,0.03196423128247261,0.4354856610298157,14885.875,16.0,1.0,238235.0,119087.0,0.4998719751505866,128.0,1.0,7.096476850965559e-07,22.197221279144287,60.9897243976593,631.0,0.0,83.47774624824524
632,632.0,8.0,16.0,35.783859968185425,128.0,1.0,231565.0,817011.0,0.7791624069213867,2.0,2.0,2.0,0.46875,16.0,0.05557381303086948,0.027336232364177704,0.4531920254230499,14469.125,16.0,1.0,231565.0,115753.0,0.49987260596376826,128.0,1.0,7.088273047671837e-07,22.197221279144287,70.11354374885559,632.0,0.0,105.97741341590881
633,633.0,8.0,16.0,37.0399374961853,128.0,1.0,291987.0,756589.0,0.7215394973754883,2.0,2.0,2.0,0.2890625,16.0,0.05643991490997778,0.032803505659103394,0.4130171835422516,18245.0,16.0,1.0,291987.0,145960.0,0.49988526886470974,128.0,1.0,7.080062429034665e-07,22.197221279144287,73.52185440063477,633.0,0.0,110.64684963226318
634,634.0,8.0,16.0,27.471202850341797,128.0,1.0,173527.0,875049.0,0.8345117568969727,2.0,2.0,2.0,0.46875,16.0,0.07462425878527643,0.03368717432022095,0.6000759601593018,10841.625,16.0,1.0,173527.0,86733.0,0.49982423484529787,128.0,1.0,7.071845021850434e-07,22.197221279144287,53.787047147750854,634.0,0.0,81.31399846076965
635,635.0,8.0,16.0,23.100469827651978,128.0,1.0,254902.0,793674.0,0.7569065093994141,2.0,2.0,2.0,0.203125,16.0,0.06680728878942556,0.031128467991948128,0.5238321423530579,15927.5,16.0,1.0,254902.0,127420.0,0.4998783846340947,128.0,1.0,7.063620852937693e-07,22.197221279144287,62.886879682540894,635.0,0.0,86.05356216430664
636,636.0,8.0,16.0,39.12050461769104,128.0,1.0,289491.0,759085.0,0.7239198684692383,2.0,2.0,2.0,0.484375,16.0,0.05373334693709492,0.032752204686403275,0.39385440945625305,18089.75,16.0,1.0,289491.0,144718.0,0.4999050056823874,128.0,1.0,7.055389949137057e-07,22.197221279144287,79.87393999099731,636.0,0.0,119.08287382125854
637,637.0,8.0,16.0,39.38126087188721,128.0,1.0,371968.0,676608.0,0.645263671875,2.0,2.0,2.0,0.3359375,16.0,0.05033604612560509,0.032998666167259216,0.2725151479244232,23244.375,16.0,1.0,371968.0,185955.0,0.49992203630419824,128.0,1.0,7.047152337311124e-07,22.197221279144287,83.64095187187195,637.0,0.0,123.11639904975891
638,638.0,8.0,16.0,25.821720361709595,128.0,1.0,219581.0,828995.0,0.7905912399291992,2.0,2.0,2.0,0.5078125,16.0,0.04477106287499746,0.0246935673058033,0.36469539999961853,13719.875,16.0,1.0,219581.0,109759.0,0.49985654496518367,128.0,1.0,7.038908044344381e-07,22.197221279144287,68.93728399276733,638.0,0.0,94.81794691085815
639,639.0,8.0,16.0,36.00450921058655,128.0,1.0,250668.0,797908.0,0.7609443664550781,2.0,2.0,2.0,0.5546875,16.0,0.05962136629279564,0.03295479714870453,0.48637160658836365,15662.375,16.0,1.0,250668.0,125299.0,0.4998603730831219,128.0,1.0,7.030657097143124e-07,22.197221279144287,67.84079909324646,639.0,0.0,103.913893699646
640,640.0,8.0,16.0,21.95971393585205,128.0,1.0,223598.0,824978.0,0.7867603302001953,2.0,2.0,2.0,0.4609375,16.0,0.05752303464191929,0.026074981316924095,1.8650922775268555,13971.0,16.0,1.0,223598.0,111768.0,0.49986135833057543,128.0,1.0,7.022399522635364e-07,22.197221279144287,60.7079336643219,640.0,0.0,82.73841524124146
641,641.0,8.0,16.0,27.38641858100891,128.0,1.0,217676.0,830900.0,0.7924079895019531,2.0,2.0,2.0,0.578125,16.0,0.04904749219564213,0.024861574172973633,0.4725761413574219,13600.875,16.0,1.0,217676.0,108807.0,0.4998575865047134,128.0,1.0,7.014135347770739e-07,22.197221279144287,61.8721239566803,641.0,0.0,89.31705522537231
642,642.0,8.0,16.0,19.058156728744507,128.0,1.0,155534.0,893042.0,0.8516712188720703,2.0,2.0,2.0,0.5546875,16.0,0.0753755065681422,0.03292444348335266,0.827627420425415,9716.625,16.0,1.0,155534.0,77733.0,0.4997813982794759,128.0,1.0,7.005864599520431e-07,22.197221279144287,51.80773591995239,642.0,0.0,70.91136407852173
643,643.0,8.0,16.0,38.04681181907654,128.0,1.0,253330.0,795246.0,0.7584056854248047,2.0,2.0,2.0,0.4296875,16.0,0.053718215476350056,0.02865864336490631,0.4530855119228363,15828.875,16.0,1.0,253330.0,126631.0,0.499865787707733,128.0,1.0,6.997587304877072e-07,22.197221279144287,74.91282558441162,643.0,0.0,113.02743029594421
644,644.0,8.0,16.0,22.257117986679077,128.0,1.0,244932.0,803644.0,0.7664146423339844,2.0,2.0,2.0,0.2734375,16.0,0.05741333480840268,0.03134441003203392,0.4201500415802002,15304.25,16.0,1.0,244932.0,122434.0,0.4998693514934757,128.0,1.0,6.989303490854664e-07,22.197221279144287,69.9890022277832,644.0,0.0,92.3120710849762
645,645.0,8.0,16.0,29.537604331970215,128.0,1.0,154586.0,893990.0,0.8525753021240234,2.0,2.0,2.0,0.6484375,16.0,0.060228063220156246,0.027709754183888435,0.583322286605835,9657.25,16.0,1.0,154586.0,77258.0,0.49977358881140593,128.0,1.0,6.98101318448848e-07,22.197221279144287,67.1847882270813,645.0,0.0,96.77029252052307
646,646.0,8.0,16.0,40.84538269042969,128.0,1.0,220231.0,828345.0,0.7899713516235352,2.0,2.0,2.0,0.5078125,16.0,0.06840459977973687,0.03229837492108345,0.6754456758499146,13760.625,16.0,1.0,220231.0,110085.0,0.49986150905185917,128.0,1.0,6.972716412834987e-07,22.197221279144287,75.41270589828491,646.0,0.0,116.31443929672241
647,647.0,8.0,16.0,36.80864858627319,128.0,1.0,274831.0,773745.0,0.7379007339477539,2.0,2.0,2.0,0.4375,16.0,0.05200725575526408,0.02852807380259037,0.38196468353271484,17173.375,16.0,1.0,274831.0,137387.0,0.49989629990794343,128.0,1.0,6.964413202971747e-07,22.197221279144287,79.40603542327881,647.0,0.0,116.28263664245605
648,648.0,8.0,16.0,26.795191049575806,128.0,1.0,260480.0,788096.0,0.7515869140625,2.0,2.0,2.0,0.4765625,16.0,0.058978762834750134,0.03247867897152901,0.4209645688533783,16276.0,16.0,1.0,260480.0,130208.0,0.4998771498771499,128.0,1.0,6.956103581997338e-07,22.197221279144287,67.80118703842163,648.0,0.0,94.6774525642395
649,649.0,8.0,16.0,32.824097633361816,128.0,1.0,307575.0,741001.0,0.7066736221313477,2.0,2.0,2.0,0.34375,16.0,0.053288389743183645,0.028482921421527863,0.3684110939502716,19219.75,16.0,1.0,307575.0,153758.0,0.49990408843371537,128.0,1.0,6.947787577031259e-07,22.197221279144287,86.33345198631287,649.0,0.0,119.2355580329895
650,650.0,8.0,16.0,27.012089014053345,128.0,1.0,255111.0,793465.0,0.7567071914672852,2.0,2.0,2.0,0.28125,16.0,0.058884305917437665,0.033579181879758835,0.41442570090293884,15939.5,16.0,1.0,255111.0,127516.0,0.49984516543778984,128.0,1.0,6.939465215213847e-07,22.197221279144287,70.72145342826843,650.0,0.0,313.7365472316742
651,651.0,8.0,16.0,24.77838373184204,128.0,1.0,254449.0,794127.0,0.7573385238647461,2.0,2.0,2.0,0.3125,16.0,0.07077719899040272,0.0402403362095356,0.5608131289482117,15899.125,16.0,1.0,254449.0,127193.0,0.4998762030898137,128.0,1.0,6.93113652370618e-07,22.197221279144287,62.276202917099,651.0,0.0,87.13765454292297
652,652.0,8.0,16.0,41.00426506996155,128.0,1.0,342520.0,706056.0,0.6733474731445312,2.0,2.0,2.0,0.390625,16.0,0.05275683825461129,0.02885160781443119,0.5121172666549683,21403.625,16.0,1.0,342520.0,171229.0,0.49990949433609716,128.0,1.0,6.922801529690001e-07,22.197221279144287,81.63474130630493,652.0,0.0,122.72153282165527
653,653.0,8.0,16.0,24.773144721984863,128.0,1.0,218672.0,829904.0,0.7914581298828125,2.0,2.0,2.0,0.5625,16.0,0.04534864086500675,0.022958945482969284,0.4174327254295349,13662.625,16.0,1.0,218672.0,109301.0,0.49983994292822126,128.0,1.0,6.914460260367615e-07,22.197221279144287,66.74565243721008,653.0,0.0,91.57899451255798
654,654.0,8.0,16.0,36.221718072891235,128.0,1.0,339495.0,709081.0,0.6762323379516602,2.0,2.0,2.0,0.4765625,16.0,0.044443360419692234,0.026560038328170776,0.33598145842552185,21214.125,16.0,1.0,339495.0,169713.0,0.4998983784739098,128.0,1.0,6.906112742961812e-07,22.197221279144287,73.95891833305359,654.0,0.0,110.27424192428589
655,655.0,8.0,16.0,31.66001296043396,128.0,1.0,247478.0,801098.0,0.7639865875244141,2.0,2.0,2.0,0.3671875,16.0,0.07489708630461196,0.040413759648799896,0.6394248008728027,15463.25,16.0,1.0,247478.0,123706.0,0.49986665481376125,128.0,1.0,6.897759004715771e-07,22.197221279144287,62.33256268501282,655.0,0.0,94.05845904350281
656,656.0,8.0,16.0,22.790754318237305,128.0,1.0,237030.0,811546.0,0.7739505767822266,2.0,2.0,2.0,0.5390625,16.0,0.05256753087082057,0.02616056613624096,0.4337334930896759,14810.75,16.0,1.0,237030.0,118486.0,0.4998776526178121,128.0,1.0,6.889399072892973e-07,22.197221279144287,59.01654601097107,656.0,0.0,81.86989831924438
657,657.0,8.0,16.0,20.47107243537903,128.0,1.0,203658.0,844918.0,0.8057765960693359,2.0,2.0,2.0,0.6328125,16.0,0.061494928554962094,0.02741362899541855,0.7253031730651855,12724.75,16.0,1.0,203658.0,101798.0,0.49984778403008967,128.0,1.0,6.881032974777117e-07,22.197221279144287,59.44523882865906,657.0,0.0,79.9822027683258
658,658.0,8.0,16.0,24.816746711730957,128.0,1.0,186643.0,861933.0,0.8220033645629883,2.0,2.0,2.0,0.4765625,16.0,0.07600378654380849,0.03696581721305847,0.704351007938385,11660.375,16.0,1.0,186643.0,93283.0,0.4997937238471306,128.0,1.0,6.872660737672022e-07,22.197221279144287,63.67056083679199,658.0,0.0,88.54325485229492
659,659.0,8.0,16.0,34.2736930847168,128.0,1.0,267724.0,780852.0,0.7446784973144531,2.0,2.0,2.0,0.4765625,16.0,0.05525664269424786,0.030490228906273842,0.7944865822792053,16728.75,16.0,1.0,267724.0,133830.0,0.4998804739209036,128.0,1.0,6.864282388901543e-07,22.197221279144287,70.43888092041016,659.0,0.0,104.79298830032349
660,660.0,8.0,16.0,40.80324912071228,128.0,1.0,345234.0,703342.0,0.6707592010498047,2.0,2.0,2.0,0.3125,16.0,0.04829041576109239,0.029340041801333427,0.34654873609542847,21573.25,16.0,1.0,345234.0,172586.0,0.4999102058314071,128.0,1.0,6.855897955809483e-07,22.197221279144287,77.64900088310242,660.0,0.0,118.54097437858582
661,661.0,8.0,16.0,24.91832971572876,128.0,1.0,179343.0,869233.0,0.8289651870727539,2.0,2.0,2.0,0.328125,16.0,0.06919905925415634,0.033035069704055786,0.5504443049430847,11204.0,16.0,1.0,179343.0,89632.0,0.4997797516490747,128.0,1.0,6.847507465759497e-07,22.197221279144287,55.783039808273315,661.0,0.0,80.75516057014465
662,662.0,8.0,16.0,27.59428644180298,128.0,1.0,253669.0,794907.0,0.758082389831543,2.0,2.0,2.0,0.3203125,16.0,0.07075415111350253,0.03726764768362045,0.5191720128059387,15850.5,16.0,1.0,253669.0,126804.0,0.4998797645750959,128.0,1.0,6.839110946135019e-07,22.197221279144287,63.68335771560669,662.0,0.0,91.34801483154297
663,663.0,8.0,16.0,33.16465902328491,128.0,1.0,298966.0,749610.0,0.7148838043212891,2.0,2.0,2.0,0.375,16.0,0.05013042718158613,0.025977976620197296,0.37578120827674866,18681.875,16.0,1.0,298966.0,149455.0,0.4999063438651887,128.0,1.0,6.830708424339145e-07,22.197221279144287,69.51394867897034,663.0,0.0,102.75146269798279
664,664.0,8.0,16.0,31.51637291908264,128.0,1.0,302452.0,746124.0,0.7115592956542969,2.0,2.0,2.0,0.484375,16.0,0.05949622194868946,0.03356470167636871,0.5709326267242432,18899.75,16.0,1.0,302452.0,151198.0,0.49990742332667665,128.0,1.0,6.822299927794576e-07,22.197221279144287,74.41874027252197,664.0,0.0,106.01731371879578
665,665.0,8.0,16.0,30.548560619354248,128.0,1.0,285513.0,763063.0,0.7277135848999023,2.0,2.0,2.0,0.421875,16.0,0.041583810683498396,0.020861024037003517,0.39056944847106934,17840.625,16.0,1.0,285513.0,142725.0,0.4998896722741171,128.0,1.0,6.8138854839435e-07,22.197221279144287,67.41543555259705,665.0,0.0,98.03498840332031
666,666.0,8.0,16.0,26.236273288726807,128.0,1.0,267524.0,781052.0,0.7448692321777344,2.0,2.0,2.0,0.3515625,16.0,0.051032117499956973,0.025966821238398552,0.47600075602531433,16716.0,16.0,1.0,267524.0,133728.0,0.4998729085988547,128.0,1.0,6.805465120247523e-07,22.197221279144287,67.70198678970337,666.0,0.0,94.01395750045776
667,667.0,8.0,16.0,40.82458448410034,128.0,1.0,282156.0,766420.0,0.7309150695800781,2.0,2.0,2.0,0.5703125,16.0,0.039896658148421,0.020117565989494324,0.38570430874824524,17631.0,16.0,1.0,282156.0,141048.0,0.49989367583889766,128.0,1.0,6.797038864187563e-07,22.197221279144287,83.72740387916565,667.0,0.0,124.62915897369385
668,668.0,8.0,16.0,18.383837461471558,128.0,1.0,225899.0,822677.0,0.7845659255981445,2.0,2.0,2.0,0.5234375,16.0,0.05108737722507037,0.02866404317319393,0.39773499965667725,14114.75,16.0,1.0,225899.0,112918.0,0.4998605571516474,128.0,1.0,6.788606743263779e-07,22.197221279144287,62.81124925613403,668.0,0.0,81.2523283958435
669,669.0,8.0,16.0,27.7746798992157,128.0,1.0,196438.0,852138.0,0.8126621246337891,2.0,2.0,2.0,0.40625,16.0,0.06412500785513188,0.03243674710392952,0.4979538321495056,12272.875,16.0,1.0,196438.0,98183.0,0.4998167360693959,128.0,1.0,6.780168784995464e-07,22.197221279144287,59.18097996711731,669.0,0.0,87.00877094268799
670,670.0,8.0,16.0,40.15795660018921,128.0,1.0,245300.0,803276.0,0.7660636901855469,2.0,2.0,2.0,0.609375,16.0,0.056092676581534925,0.025942256674170494,0.6120274662971497,15326.625,16.0,1.0,245300.0,122613.0,0.4998491642886262,128.0,1.0,6.771725016920959e-07,22.197221279144287,78.53621578216553,670.0,0.0,118.7602207660675
671,671.0,8.0,16.0,35.44702076911926,128.0,1.0,273102.0,775474.0,0.7395496368408203,2.0,2.0,2.0,0.4765625,16.0,0.055478533105208915,0.03321107104420662,0.4295077621936798,17065.125,16.0,1.0,273102.0,136521.0,0.49989015093261857,128.0,1.0,6.763275466597575e-07,22.197221279144287,84.16026186943054,671.0,0.0,119.69134759902954
672,672.0,8.0,16.0,27.878937482833862,128.0,1.0,300229.0,748347.0,0.713679313659668,2.0,2.0,2.0,0.328125,16.0,0.05484341756756774,0.029204126447439194,0.3898485004901886,18760.5,16.0,1.0,300229.0,150084.0,0.49989841087969517,128.0,1.0,6.754820161601486e-07,22.197221279144287,71.41883301734924,672.0,0.0,99.37970876693726
673,673.0,8.0,16.0,26.41529107093811,128.0,1.0,233334.0,815242.0,0.7774753570556641,2.0,2.0,2.0,0.484375,16.0,0.06742603996883882,0.032876402139663696,0.525168240070343,14579.125,16.0,1.0,233334.0,116633.0,0.49985428613061106,128.0,1.0,6.746359129527652e-07,22.197221279144287,65.97297191619873,673.0,0.0,92.45323443412781
674,674.0,8.0,16.0,39.337124824523926,128.0,1.0,330370.0,718206.0,0.6849346160888672,2.0,2.0,2.0,0.375,16.0,0.04626166219393095,0.02484414353966713,0.3352760374546051,20643.625,16.0,1.0,330370.0,165149.0,0.4998910312679723,128.0,1.0,6.73789239798972e-07,22.197221279144287,82.67270851135254,674.0,0.0,122.1025059223175
675,675.0,8.0,16.0,31.317447900772095,128.0,1.0,294003.0,754573.0,0.7196168899536133,2.0,2.0,2.0,0.3515625,16.0,0.04610891066889148,0.02803683653473854,0.35145923495292664,18371.375,16.0,1.0,294003.0,146971.0,0.49989625956197725,128.0,1.0,6.729419994619945e-07,22.197221279144287,68.60868906974792,675.0,0.0,100.01356363296509
676,676.0,8.0,16.0,26.19484782218933,128.0,1.0,274174.0,774402.0,0.7385272979736328,2.0,2.0,2.0,0.5078125,16.0,0.0507265175719749,0.03371012210845947,0.3837311565876007,17131.375,16.0,1.0,274174.0,137051.0,0.49986869652118726,128.0,1.0,6.720941947069081e-07,22.197221279144287,69.93960642814636,676.0,0.0,96.20954418182373
677,677.0,8.0,16.0,36.11120319366455,128.0,1.0,336147.0,712429.0,0.6794252395629883,2.0,2.0,2.0,0.34375,16.0,0.05805412595887172,0.033409085124731064,0.3926084637641907,21004.875,16.0,1.0,336147.0,168039.0,0.49989736633080173,128.0,1.0,6.712458283006315e-07,22.197221279144287,79.31471610069275,677.0,0.0,115.51606488227844
678,678.0,8.0,16.0,32.038443088531494,128.0,1.0,283270.0,765306.0,0.7298526763916016,2.0,2.0,2.0,0.5546875,16.0,0.047455707452444665,0.02451753430068493,0.33997663855552673,17700.5,16.0,1.0,283270.0,141604.0,0.49989056377307867,128.0,1.0,6.703969030119155e-07,22.197221279144287,66.52040815353394,678.0,0.0,98.62751960754395
679,679.0,8.0,16.0,22.13262701034546,128.0,1.0,197486.0,851090.0,0.8116626739501953,2.0,2.0,2.0,0.2421875,16.0,0.08338145560189356,0.044109806418418884,0.5775052905082703,12338.75,16.0,1.0,197486.0,98710.0,0.4998328995473097,128.0,1.0,6.695474216113355e-07,22.197221279144287,55.44212460517883,679.0,0.0,77.6351170539856
680,680.0,8.0,16.0,39.11535096168518,128.0,1.0,272723.0,775853.0,0.7399110794067383,2.0,2.0,2.0,0.4921875,16.0,0.057081415545164466,0.033820461481809616,0.4294065833091736,17041.25,16.0,1.0,272723.0,136330.0,0.49988449819047165,128.0,1.0,6.686973868712816e-07,22.197221279144287,72.94606518745422,680.0,0.0,112.1401891708374
681,681.0,8.0,16.0,38.01188349723816,128.0,1.0,343589.0,704987.0,0.672327995300293,2.0,2.0,2.0,0.3046875,16.0,0.05100313394311671,0.030261289328336716,0.37672585248947144,21470.75,16.0,1.0,343589.0,171766.0,0.49991705205929177,128.0,1.0,6.678468015659496e-07,22.197221279144287,78.99800682067871,681.0,0.0,117.12645435333252
682,682.0,8.0,16.0,38.28625822067261,128.0,1.0,254239.0,794337.0,0.7575387954711914,2.0,2.0,2.0,0.515625,16.0,0.04881524654319422,0.028042759746313095,0.36287084221839905,15885.875,16.0,1.0,254239.0,127087.0,0.4998721675274053,128.0,1.0,6.669956684713325e-07,22.197221279144287,77.75387144088745,682.0,0.0,116.11127996444702
683,683.0,8.0,16.0,31.129854202270508,128.0,1.0,206597.0,841979.0,0.802973747253418,2.0,2.0,2.0,0.5546875,16.0,0.06293299028988279,0.031780313700437546,0.4838287830352783,12908.625,16.0,1.0,206597.0,103269.0,0.4998572099304443,128.0,1.0,6.661439903652107e-07,22.197221279144287,69.71610164642334,683.0,0.0,100.91392612457275
684,684.0,8.0,16.0,23.09631037712097,128.0,1.0,258112.0,790464.0,0.75384521484375,2.0,2.0,2.0,0.296875,16.0,0.05046035430304728,0.02877463959157467,0.3868532180786133,16129.0,16.0,1.0,258112.0,129032.0,0.499907017108852,128.0,1.0,6.652917700271436e-07,22.197221279144287,63.34244513511658,684.0,0.0,86.50806522369385
685,685.0,8.0,16.0,27.69051432609558,128.0,1.0,266224.0,782352.0,0.7461090087890625,2.0,2.0,2.0,0.28125,16.0,0.06355756652285074,0.034610580652952194,0.4037132263183594,16634.25,16.0,1.0,266224.0,133074.0,0.4998572630566741,128.0,1.0,6.644390102384604e-07,22.197221279144287,65.54400038719177,685.0,0.0,93.30497527122498
686,686.0,8.0,16.0,39.448418378829956,128.0,1.0,313608.0,734968.0,0.7009201049804688,2.0,2.0,2.0,0.46875,16.0,0.041928517083054874,0.024475207552313805,0.3762761652469635,19596.125,16.0,1.0,313608.0,156769.0,0.49988839570419125,128.0,1.0,6.635857137822502e-07,22.197221279144287,81.70254755020142,686.0,0.0,121.23246574401855
687,687.0,8.0,16.0,32.19796347618103,128.0,1.0,231510.0,817066.0,0.7792148590087891,2.0,2.0,2.0,0.6328125,16.0,0.05323402252266533,0.027797168120741844,0.48519888520240784,14466.125,16.0,1.0,231510.0,115729.0,0.4998876938361194,128.0,1.0,6.627318834433544e-07,22.197221279144287,64.6347165107727,687.0,0.0,96.89469528198242
688,688.0,8.0,16.0,40.796451807022095,128.0,1.0,290897.0,757679.0,0.7225790023803711,2.0,2.0,2.0,0.3984375,16.0,0.0604301580329627,0.03324040398001671,0.4055308699607849,18177.25,16.0,1.0,290897.0,145418.0,0.49989515189225053,128.0,1.0,6.618775220083561e-07,22.197221279144287,72.59751629829407,688.0,0.0,113.47627091407776
689,689.0,8.0,16.0,29.485519647598267,128.0,1.0,267738.0,780838.0,0.7446651458740234,2.0,2.0,2.0,0.3671875,16.0,0.05225824029615443,0.029942641034722328,0.37004971504211426,16729.625,16.0,1.0,267738.0,133837.0,0.49988048017091335,128.0,1.0,6.610226322655721e-07,22.197221279144287,77.04254055023193,689.0,0.0,106.59679436683655
690,690.0,8.0,16.0,38.26675629615784,128.0,1.0,327871.0,720705.0,0.6873178482055664,2.0,2.0,2.0,0.5078125,16.0,0.0445334024325948,0.025297699496150017,0.377907931804657,20488.0,16.0,1.0,327871.0,163904.0,0.49990392562928715,128.0,1.0,6.601672170050434e-07,22.197221279144287,88.13368439674377,690.0,0.0,126.48612928390503
691,691.0,8.0,16.0,31.239113330841064,128.0,1.0,262901.0,785675.0,0.7492780685424805,2.0,2.0,2.0,0.328125,16.0,0.053356457683466745,0.03084106370806694,0.42855584621429443,16427.25,16.0,1.0,262901.0,131418.0,0.49987637932149365,128.0,1.0,6.593112790185259e-07,22.197221279144287,70.33941674232483,691.0,0.0,101.64668345451355
692,692.0,8.0,16.0,26.6952862739563,128.0,1.0,238668.0,809908.0,0.7723884582519531,2.0,2.0,2.0,0.453125,16.0,0.05647155609605087,0.02550548128783703,0.46792471408843994,14912.625,16.0,1.0,238668.0,119301.0,0.4998617326160189,128.0,1.0,6.584548210994816e-07,22.197221279144287,67.74314451217651,692.0,0.0,94.50488638877869
693,693.0,8.0,16.0,39.00322937965393,128.0,1.0,279971.0,768605.0,0.7329988479614258,2.0,2.0,2.0,0.390625,16.0,0.060362971746695616,0.03688320517539978,0.6013591885566711,17493.5,16.0,1.0,279971.0,139948.0,0.49986605755596114,128.0,1.0,6.575978460430694e-07,22.197221279144287,77.4545726776123,693.0,0.0,116.52867364883423
694,694.0,8.0,16.0,40.18091320991516,128.0,1.0,301726.0,746850.0,0.7122516632080078,2.0,2.0,2.0,0.2265625,16.0,0.06839496560546607,0.04080073907971382,0.47271475195884705,18854.25,16.0,1.0,301726.0,150834.0,0.4999038863074445,128.0,1.0,6.567403566461355e-07,22.197221279144287,92.61830806732178,694.0,0.0,132.87495732307434
695,695.0,8.0,16.0,38.03677535057068,128.0,1.0,291571.0,757005.0,0.7219362258911133,2.0,2.0,2.0,0.484375,16.0,0.04395892041791542,0.024281736463308334,0.3987914025783539,18219.25,16.0,1.0,291571.0,145754.0,0.4998919645643771,128.0,1.0,6.558823557072057e-07,22.197221279144287,78.39658641815186,695.0,0.0,116.51131892204285
696,696.0,8.0,16.0,21.73888874053955,128.0,1.0,195366.0,853210.0,0.8136844635009766,2.0,2.0,2.0,0.5546875,16.0,0.06686219208459655,0.03076973743736744,0.7249992489814758,12205.875,16.0,1.0,195366.0,97647.0,0.49981573047510824,128.0,1.0,6.550238460264743e-07,22.197221279144287,61.5221688747406,696.0,0.0,83.31441760063171
697,697.0,8.0,16.0,32.85630011558533,128.0,1.0,271633.0,776943.0,0.7409505844116211,2.0,2.0,2.0,0.421875,16.0,0.06728577373039135,0.03810984268784523,0.5104275941848755,16972.875,16.0,1.0,271633.0,135783.0,0.4998766718329511,128.0,1.0,6.541648304057965e-07,22.197221279144287,74.99445056915283,697.0,0.0,107.93204736709595
698,698.0,8.0,16.0,18.87091088294983,128.0,1.0,173395.0,875181.0,0.8346376419067383,2.0,2.0,2.0,0.5859375,16.0,0.06660942276117125,0.03042428195476532,0.5405153036117554,10833.125,16.0,1.0,173395.0,86665.0,0.499812566683007,128.0,1.0,6.533053116486784e-07,22.197221279144287,61.46635603904724,698.0,0.0,80.39526200294495
699,699.0,8.0,16.0,40.22497630119324,128.0,1.0,248932.0,799644.0,0.7625999450683594,2.0,2.0,2.0,0.390625,16.0,0.06755686413252979,0.038207534700632095,0.7282537817955017,15554.25,16.0,1.0,248932.0,124434.0,0.49987145083797985,128.0,1.0,6.524452925602682e-07,22.197221279144287,80.49058747291565,699.0,0.0,120.78183722496033
700,700.0,8.0,16.0,37.97668790817261,128.0,1.0,306968.0,741608.0,0.7072525024414062,2.0,2.0,2.0,0.5625,16.0,0.042556462729474845,0.027508357539772987,0.47969499230384827,19181.125,16.0,1.0,306968.0,153449.0,0.49988598160068803,128.0,1.0,6.515847759473473e-07,22.197221279144287,87.39532256126404,700.0,0.0,354.12965154647827
701,701.0,8.0,16.0,32.96739959716797,128.0,1.0,253400.0,795176.0,0.7583389282226562,2.0,2.0,2.0,0.5859375,16.0,0.042744586127897485,0.02323111705482006,0.41494208574295044,15833.875,16.0,1.0,253400.0,126671.0,0.49988555643251775,128.0,1.0,6.507237646183205e-07,22.197221279144287,74.20694327354431,701.0,0.0,107.24222683906555
702,702.0,8.0,16.0,38.52204489707947,128.0,1.0,303118.0,745458.0,0.7109241485595703,2.0,2.0,2.0,0.46875,16.0,0.0481454466228762,0.02519657276570797,0.43705523014068604,18940.75,16.0,1.0,303118.0,151526.0,0.499891131506542,128.0,1.0,6.498622613832073e-07,22.197221279144287,80.11325120925903,702.0,0.0,118.70833826065063
703,703.0,8.0,16.0,24.093745470046997,128.0,1.0,234516.0,814060.0,0.7763481140136719,2.0,2.0,2.0,0.578125,16.0,0.07008024471497992,0.030524199828505516,0.6379556655883789,14652.875,16.0,1.0,234516.0,117223.0,0.4998507564515854,128.0,1.0,6.490002690536323e-07,22.197221279144287,73.07481789588928,703.0,0.0,97.2322564125061
704,704.0,8.0,16.0,21.519198417663574,128.0,1.0,179000.0,869576.0,0.8292922973632812,2.0,2.0,2.0,0.46875,16.0,0.0706708858650881,0.03499926999211311,0.6200142502784729,11183.5,16.0,1.0,179000.0,89468.0,0.4998212290502793,128.0,1.0,6.48137790442817e-07,22.197221279144287,59.50229835510254,704.0,0.0,81.07213187217712
705,705.0,8.0,16.0,38.058154821395874,128.0,1.0,255665.0,792911.0,0.7561788558959961,2.0,2.0,2.0,0.46875,16.0,0.059097829476529154,0.029882414266467094,0.531339168548584,15975.25,16.0,1.0,255665.0,127802.0,0.49988070326403694,128.0,1.0,6.472748283655694e-07,22.197221279144287,79.3493447303772,705.0,0.0,117.47425103187561
706,706.0,8.0,16.0,29.315592765808105,128.0,1.0,223143.0,825433.0,0.7871942520141602,2.0,2.0,2.0,0.6953125,16.0,0.05702687971384835,0.026925640180706978,0.5818948149681091,13942.875,16.0,1.0,223143.0,111543.0,0.49987227921108884,128.0,1.0,6.464113856382751e-07,22.197221279144287,76.82290506362915,706.0,0.0,106.20158767700195
707,707.0,8.0,16.0,41.067651987075806,128.0,1.0,252925.0,795651.0,0.7587919235229492,2.0,2.0,2.0,0.40625,16.0,0.06981915363185855,0.03324019908905029,0.5714359283447266,15804.0,16.0,1.0,252925.0,126432.0,0.4998794108925571,128.0,1.0,6.455474650788894e-07,22.197221279144287,85.14874815940857,707.0,0.0,126.29456162452698
708,708.0,8.0,16.0,33.12208008766174,128.0,1.0,286006.0,762570.0,0.7272434234619141,2.0,2.0,2.0,0.34375,16.0,0.0521877723793502,0.03093861974775791,0.36503419280052185,17871.5,16.0,1.0,286006.0,142972.0,0.4998916106655105,128.0,1.0,6.446830695069259e-07,22.197221279144287,73.4284553527832,708.0,0.0,106.63229870796204
709,709.0,8.0,16.0,23.40761685371399,128.0,1.0,193741.0,854835.0,0.8152341842651367,2.0,2.0,2.0,0.515625,16.0,0.05924126027085064,0.02756577916443348,0.5661802291870117,12104.875,16.0,1.0,193741.0,96839.0,0.4998374118023547,128.0,1.0,6.438182017434492e-07,22.197221279144287,62.46618938446045,709.0,0.0,85.93149328231812
710,710.0,8.0,16.0,37.01702260971069,128.0,1.0,248531.0,800045.0,0.7629823684692383,2.0,2.0,2.0,0.375,16.0,0.04648664952906986,0.02427845634520054,0.44199129939079285,15528.875,16.0,1.0,248531.0,124231.0,0.4998611843190588,128.0,1.0,6.429528646110647e-07,22.197221279144287,83.30863738059998,710.0,0.0,120.39779663085938
711,711.0,8.0,16.0,24.649816036224365,128.0,1.0,183151.0,865425.0,0.8253335952758789,2.0,2.0,2.0,0.6484375,16.0,0.07347260175079037,0.033009547740221024,0.9012479782104492,11443.0,16.0,1.0,183151.0,91544.0,0.499828010767072,128.0,1.0,6.420870609339099e-07,22.197221279144287,63.73880648612976,711.0,0.0,88.4424741268158
712,712.0,8.0,16.0,38.98307943344116,128.0,1.0,195567.0,853009.0,0.8134927749633789,2.0,2.0,2.0,0.484375,16.0,0.06730389816324585,0.03719581663608551,0.52114337682724,12218.375,16.0,1.0,195567.0,97747.0,0.49981336319522207,128.0,1.0,6.412207935376442e-07,22.197221279144287,65.55400443077087,712.0,0.0,104.59106540679932
713,713.0,8.0,16.0,33.639434814453125,128.0,1.0,257851.0,790725.0,0.754094123840332,2.0,2.0,2.0,0.6484375,16.0,0.050035124817684955,0.03082938864827156,0.3737436830997467,16112.0,16.0,1.0,257851.0,128896.0,0.49988559284237793,128.0,1.0,6.403540652494412e-07,22.197221279144287,80.95200824737549,713.0,0.0,114.66929459571838
714,714.0,8.0,16.0,24.842811822891235,128.0,1.0,246286.0,802290.0,0.7651233673095703,2.0,2.0,2.0,0.5078125,16.0,0.05187371388763424,0.0262594111263752,0.44150489568710327,15388.75,16.0,1.0,246286.0,123110.0,0.4998660094361839,128.0,1.0,6.394868788979785e-07,22.197221279144287,70.82119917869568,714.0,0.0,95.7306706905365
715,715.0,8.0,16.0,38.10532593727112,128.0,1.0,204729.0,843847.0,0.8047552108764648,2.0,2.0,2.0,0.53125,16.0,0.07496204132322162,0.03521842136979103,0.6968021988868713,12791.5,16.0,1.0,204729.0,102332.0,0.49984125355958364,128.0,1.0,6.386192373134283e-07,22.197221279144287,66.06086778640747,715.0,0.0,104.22369408607483
716,716.0,8.0,16.0,32.03429913520813,128.0,1.0,207078.0,841498.0,0.8025150299072266,2.0,2.0,2.0,0.328125,16.0,0.06461090592431806,0.028858894482254982,0.5550860166549683,12938.125,16.0,1.0,207078.0,103505.0,0.4998358106607172,128.0,1.0,6.377511433274489e-07,22.197221279144287,71.07119631767273,716.0,0.0,103.16703915596008
717,717.0,8.0,16.0,39.284982204437256,128.0,1.0,265455.0,783121.0,0.7468423843383789,2.0,2.0,2.0,0.328125,16.0,0.05724226939823728,0.031700365245342255,0.48832643032073975,16586.875,16.0,1.0,265455.0,132695.0,0.4998775687027933,128.0,1.0,6.36882599773175e-07,22.197221279144287,80.78416156768799,717.0,0.0,120.13830828666687
718,718.0,8.0,16.0,39.743802070617676,128.0,1.0,280758.0,767818.0,0.7322483062744141,2.0,2.0,2.0,0.4765625,16.0,0.05297034382134242,0.028859522193670273,0.42179644107818604,17543.25,16.0,1.0,280758.0,140346.0,0.49988246105186673,128.0,1.0,6.360136094852082e-07,22.197221279144287,86.27080178260803,718.0,0.0,126.09459519386292
719,719.0,8.0,16.0,27.7962863445282,128.0,1.0,221099.0,827477.0,0.7891435623168945,2.0,2.0,2.0,0.6875,16.0,0.05921887895811259,0.02787679247558117,0.6017402410507202,13814.875,16.0,1.0,221099.0,110519.0,0.49986205274560264,128.0,1.0,6.351441752996084e-07,22.197221279144287,66.67385673522949,719.0,0.0,94.53719663619995
720,720.0,8.0,16.0,31.78519058227539,128.0,1.0,268989.0,779587.0,0.7434720993041992,2.0,2.0,2.0,0.3046875,16.0,0.06285313036747471,0.03410089388489723,0.4064459204673767,16807.375,16.0,1.0,268989.0,134459.0,0.49986802434300287,128.0,1.0,6.342743000538844e-07,22.197221279144287,78.83526539802551,720.0,0.0,110.73542308807373
721,721.0,8.0,16.0,39.361382246017456,128.0,1.0,330599.0,717977.0,0.6847162246704102,2.0,2.0,2.0,0.2265625,16.0,0.05420731969296782,0.028576824814081192,0.701399564743042,20658.875,16.0,1.0,330599.0,165271.0,0.49991379284268855,128.0,1.0,6.334039865869837e-07,22.197221279144287,82.18891382217407,721.0,0.0,121.64099907875061
722,722.0,8.0,16.0,41.14274787902832,128.0,1.0,247987.0,800589.0,0.7635011672973633,2.0,2.0,2.0,0.2890625,16.0,0.061460388327578205,0.02809213288128376,0.4410911798477173,15495.0,16.0,1.0,247987.0,123960.0,0.4998649122736272,128.0,1.0,6.325332377392849e-07,22.197221279144287,74.71788668632507,722.0,0.0,115.95831727981567
723,723.0,8.0,16.0,25.781432151794434,128.0,1.0,228646.0,819930.0,0.7819461822509766,2.0,2.0,2.0,0.3515625,16.0,0.08297690961191215,0.04511282593011856,0.5741070508956909,14287.125,16.0,1.0,228646.0,114297.0,0.499886287098834,128.0,1.0,6.316620563525868e-07,22.197221279144287,66.99401211738586,723.0,0.0,92.8628454208374
724,724.0,8.0,16.0,34.24291396141052,128.0,1.0,272210.0,776366.0,0.7404003143310547,2.0,2.0,2.0,0.46875,16.0,0.05268229479433747,0.030008452013134956,0.3834482431411743,17008.625,16.0,1.0,272210.0,136069.0,0.4998677491642482,128.0,1.0,6.307904452701003e-07,22.197221279144287,82.54483532905579,724.0,0.0,116.89587712287903
725,725.0,8.0,16.0,28.756681203842163,128.0,1.0,261331.0,787245.0,0.7507753372192383,2.0,2.0,2.0,0.5546875,16.0,0.05638499120782916,0.030680427327752113,0.43737277388572693,16328.75,16.0,1.0,261331.0,130630.0,0.49986415695038094,128.0,1.0,6.299184073364384e-07,22.197221279144287,72.99120736122131,725.0,0.0,101.81750249862671
726,726.0,8.0,16.0,30.648832321166992,128.0,1.0,318792.0,729784.0,0.6959762573242188,2.0,2.0,2.0,0.3125,16.0,0.08676541208281013,0.044677119702100754,0.5936681032180786,19920.125,16.0,1.0,318792.0,159361.0,0.49989021054480665,128.0,1.0,6.290459453976074e-07,22.197221279144287,81.1278612613678,726.0,0.0,111.86582469940186
727,727.0,8.0,16.0,40.59818768501282,128.0,1.0,312721.0,735855.0,0.7017660140991211,2.0,2.0,2.0,0.3515625,16.0,0.04288061806208981,0.023057956248521805,0.3285779654979706,19541.25,16.0,1.0,312721.0,156330.0,0.49990246897394164,128.0,1.0,6.281730623009973e-07,22.197221279144287,95.09176111221313,727.0,0.0,135.76858019828796
728,728.0,8.0,16.0,40.6796019077301,128.0,1.0,253408.0,795168.0,0.758331298828125,2.0,2.0,2.0,0.15625,16.0,0.07448982650531172,0.038912296295166016,0.5472895503044128,15833.875,16.0,1.0,253408.0,126671.0,0.49986977522414444,128.0,1.0,6.272997608953725e-07,22.197221279144287,85.9671983718872,728.0,0.0,126.73496103286743
729,729.0,8.0,16.0,17.971691131591797,128.0,1.0,212462.0,836114.0,0.7973804473876953,2.0,2.0,2.0,0.4921875,16.0,0.06286403968161942,0.028526395559310913,0.6515039205551147,13274.625,16.0,1.0,212462.0,106197.0,0.4998399713831179,128.0,1.0,6.264260440308629e-07,22.197221279144287,61.01111674308777,729.0,0.0,79.03751587867737
730,730.0,8.0,16.0,33.32973504066467,128.0,1.0,305443.0,743133.0,0.7087068557739258,2.0,2.0,2.0,0.2421875,16.0,0.05408568570404604,0.03430860489606857,0.4000391364097595,19086.375,16.0,1.0,305443.0,152691.0,0.4999001450352439,128.0,1.0,6.255519145589536e-07,22.197221279144287,78.4646909236908,730.0,0.0,111.87134099006653
731,731.0,8.0,16.0,20.628432273864746,128.0,1.0,235483.0,813093.0,0.775425910949707,2.0,2.0,2.0,0.328125,16.0,0.05953524838474592,0.03122241236269474,0.41827619075775146,14713.875,16.0,1.0,235483.0,117711.0,0.4998704789730044,128.0,1.0,6.246773753324773e-07,22.197221279144287,68.85215353965759,731.0,0.0,89.54270052909851
732,732.0,8.0,16.0,38.79720497131348,128.0,1.0,242882.0,805694.0,0.7683696746826172,2.0,2.0,2.0,0.4765625,16.0,0.053563325937127385,0.0301030445843935,0.4376128315925598,15175.75,16.0,1.0,242882.0,121406.0,0.4998558971022966,128.0,1.0,6.238024292056033e-07,22.197221279144287,74.41036581993103,732.0,0.0,113.27260303497314
733,733.0,8.0,16.0,36.43460464477539,128.0,1.0,230318.0,818258.0,0.7803516387939453,2.0,2.0,2.0,0.5,16.0,0.07063456127501658,0.03284456953406334,0.6032435297966003,14391.125,16.0,1.0,230318.0,115129.0,0.4998697453086602,128.0,1.0,6.229270790338289e-07,22.197221279144287,76.23691534996033,733.0,0.0,112.73793578147888
734,734.0,8.0,16.0,27.867881536483765,128.0,1.0,196691.0,851885.0,0.8124208450317383,2.0,2.0,2.0,0.359375,16.0,0.0638248776834969,0.02874239906668663,0.5939234495162964,12289.5,16.0,1.0,196691.0,98316.0,0.499850018557026,128.0,1.0,6.220513276739705e-07,22.197221279144287,70.27027440071106,734.0,0.0,98.20275473594666
735,735.0,8.0,16.0,40.97344136238098,128.0,1.0,355597.0,692979.0,0.6608762741088867,2.0,2.0,2.0,0.25,16.0,0.05059388586080034,0.02744803950190544,0.40042486786842346,22221.125,16.0,1.0,355597.0,177769.0,0.4999170409199178,128.0,1.0,6.211751779841533e-07,22.197221279144287,91.91749048233032,735.0,0.0,132.97838592529297
736,736.0,8.0,16.0,34.09758925437927,128.0,1.0,268265.0,780311.0,0.7441625595092773,2.0,2.0,2.0,0.3828125,16.0,0.06564232149188491,0.03425775468349457,0.49634239077568054,16762.375,16.0,1.0,268265.0,134099.0,0.4998751234786498,128.0,1.0,6.202986328238027e-07,22.197221279144287,82.10544180870056,736.0,0.0,116.27463817596436
737,737.0,8.0,16.0,40.7304892539978,128.0,1.0,228201.0,820375.0,0.7823705673217773,2.0,2.0,2.0,0.46875,16.0,0.054471241779651736,0.02812821976840496,0.6729636788368225,14258.625,16.0,1.0,228201.0,114069.0,0.4998619637950754,128.0,1.0,6.19421695053635e-07,22.197221279144287,78.87877488136292,737.0,0.0,119.67465925216675
738,738.0,8.0,16.0,33.843273401260376,128.0,1.0,220172.0,828404.0,0.7900276184082031,2.0,2.0,2.0,0.6171875,16.0,0.06194997169151186,0.030298108235001564,0.6419784426689148,13757.25,16.0,1.0,220172.0,110058.0,0.49987282669912614,128.0,1.0,6.185443675356474e-07,22.197221279144287,74.50500869750977,738.0,0.0,108.40946197509766
739,739.0,8.0,16.0,41.30108904838562,128.0,1.0,283319.0,765257.0,0.7298059463500977,2.0,2.0,2.0,0.3203125,16.0,0.053490957569671586,0.027225995436310768,0.46182963252067566,17703.375,16.0,1.0,283319.0,141627.0,0.49988528831458534,128.0,1.0,6.176666531331095e-07,22.197221279144287,91.25887298583984,739.0,0.0,132.65881037712097
740,740.0,8.0,16.0,40.36480212211609,128.0,1.0,225745.0,822831.0,0.7847127914428711,2.0,2.0,2.0,0.4375,16.0,0.062305056098883906,0.03265416994690895,0.48572444915771484,14104.25,16.0,1.0,225745.0,112834.0,0.4998294535870119,128.0,1.0,6.167885547105533e-07,22.197221279144287,70.90301418304443,740.0,0.0,111.32912468910217
741,741.0,8.0,16.0,40.804041385650635,128.0,1.0,231490.0,817086.0,0.7792339324951172,2.0,2.0,2.0,0.4609375,16.0,0.05856994931290284,0.031343959271907806,0.566348135471344,14464.0,16.0,1.0,231490.0,115712.0,0.49985744524601494,128.0,1.0,6.159100751337641e-07,22.197221279144287,72.00598382949829,741.0,0.0,112.875
742,742.0,8.0,16.0,25.36312985420227,128.0,1.0,246059.0,802517.0,0.7653398513793945,2.0,2.0,2.0,0.3046875,16.0,0.06345588045735102,0.03392030671238899,0.42880046367645264,15374.75,16.0,1.0,246059.0,122998.0,0.4998719819230347,128.0,1.0,6.150312172697714e-07,22.197221279144287,71.53030014038086,742.0,0.0,96.97107100486755
743,743.0,8.0,16.0,40.55699110031128,128.0,1.0,342098.0,706478.0,0.6737499237060547,2.0,2.0,2.0,0.578125,16.0,0.04335775532465303,0.024915196001529694,0.34898513555526733,21377.0,16.0,1.0,342098.0,171016.0,0.4999035364135423,128.0,1.0,6.141519839868388e-07,22.197221279144287,93.59039783477783,743.0,0.0,134.25407600402832
744,744.0,8.0,16.0,25.979881525039673,128.0,1.0,212389.0,836187.0,0.797450065612793,2.0,2.0,2.0,0.515625,16.0,0.05647359156029452,0.02877366915345192,0.43819135427474976,13269.75,16.0,1.0,212389.0,106158.0,0.4998281455254274,128.0,1.0,6.132723781544557e-07,22.197221279144287,72.0336275100708,744.0,0.0,98.07324838638306
745,745.0,8.0,16.0,27.488126754760742,128.0,1.0,179964.0,868612.0,0.8283729553222656,2.0,2.0,2.0,0.6015625,16.0,0.06442644046459675,0.032216936349868774,0.5812140107154846,11244.0,16.0,1.0,179964.0,89952.0,0.499833299993332,128.0,1.0,6.12392402643327e-07,22.197221279144287,71.94812870025635,745.0,0.0,99.50068402290344
746,746.0,8.0,16.0,26.504661083221436,128.0,1.0,191917.0,856659.0,0.8169736862182617,2.0,2.0,2.0,0.625,16.0,0.06213961493362239,0.03291112929582596,0.5692986249923706,11990.5,16.0,1.0,191917.0,95924.0,0.49982023478899734,128.0,1.0,6.11512060325364e-07,22.197221279144287,65.68201422691345,746.0,0.0,92.25254607200623
747,747.0,8.0,16.0,40.90320563316345,128.0,1.0,354243.0,694333.0,0.6621675491333008,2.0,2.0,2.0,0.4921875,16.0,0.04419636392066939,0.026018228381872177,0.35919758677482605,22136.125,16.0,1.0,354243.0,177089.0,0.4999082550678489,128.0,1.0,6.106313540736755e-07,22.197221279144287,107.7974739074707,747.0,0.0,148.79324746131897
748,748.0,8.0,16.0,23.10085654258728,128.0,1.0,214790.0,833786.0,0.7951602935791016,2.0,2.0,2.0,0.6171875,16.0,0.0718872575562704,0.035478267818689346,0.49315640330314636,13420.375,16.0,1.0,214790.0,107363.0,0.49985101727268494,128.0,1.0,6.097502867625577e-07,22.197221279144287,65.97073912620544,748.0,0.0,89.13148641586304
749,749.0,8.0,16.0,23.968971729278564,128.0,1.0,286096.0,762480.0,0.7271575927734375,2.0,2.0,2.0,0.375,16.0,0.05318985163016349,0.03089130111038685,0.33433398604393005,17877.625,16.0,1.0,286096.0,143021.0,0.4999056260835524,128.0,1.0,6.088688612674856e-07,22.197221279144287,72.33455109596252,749.0,0.0,96.3839795589447
750,750.0,8.0,16.0,25.935760259628296,128.0,1.0,226676.0,821900.0,0.7838249206542969,2.0,2.0,2.0,0.3828125,16.0,0.05375964243084566,0.02943401411175728,0.4250625967979431,14162.625,16.0,1.0,226676.0,113301.0,0.4998367714270589,128.0,1.0,6.079870804651026e-07,22.197221279144287,73.70107865333557,750.0,0.0,325.6949841976166
751,751.0,8.0,16.0,30.832275867462158,128.0,1.0,265487.0,783089.0,0.7468118667602539,2.0,2.0,2.0,0.3515625,16.0,0.06482887672592742,0.03314129263162613,0.38557198643684387,16589.125,16.0,1.0,265487.0,132713.0,0.49988511678537934,128.0,1.0,6.071049472332121e-07,22.197221279144287,76.69645643234253,751.0,0.0,107.60501146316528
752,752.0,8.0,16.0,26.031694650650024,128.0,1.0,228753.0,819823.0,0.7818441390991211,2.0,2.0,2.0,0.7265625,16.0,0.04628266740443069,0.022486867383122444,0.47958528995513916,14292.5,16.0,1.0,228753.0,114340.0,0.4998404392510699,128.0,1.0,6.062224644507676e-07,22.197221279144287,74.61396789550781,752.0,0.0,100.716055393219
753,753.0,8.0,16.0,31.0102219581604,128.0,1.0,223187.0,825389.0,0.7871522903442383,2.0,2.0,2.0,0.5078125,16.0,0.05466874215813695,0.03023516945540905,0.45180320739746094,13945.375,16.0,1.0,223187.0,111563.0,0.4998633432950844,128.0,1.0,6.053396349978631e-07,22.197221279144287,70.62477016448975,753.0,0.0,101.70518136024475
754,754.0,8.0,16.0,40.97467613220215,128.0,1.0,302472.0,746104.0,0.7115402221679688,2.0,2.0,2.0,0.0703125,16.0,0.05673838595328679,0.031359702348709106,0.3684655427932739,18900.625,16.0,1.0,302472.0,151205.0,0.4998975111745881,128.0,1.0,6.044564617557246e-07,22.197221279144287,93.95159101486206,754.0,0.0,135.01127290725708
755,755.0,8.0,16.0,23.151950120925903,128.0,1.0,245303.0,803273.0,0.7660608291625977,2.0,2.0,2.0,0.4375,16.0,0.05856596270826744,0.029814057052135468,0.44103583693504333,15327.625,16.0,1.0,245303.0,122621.0,0.49987566397475774,128.0,1.0,6.035729476066998e-07,22.197221279144287,66.44297766685486,755.0,0.0,89.66577506065369
756,756.0,8.0,16.0,40.40430521965027,128.0,1.0,366607.0,681969.0,0.6503763198852539,2.0,2.0,2.0,0.375,16.0,0.05665320840891648,0.028115523979067802,0.5034961104393005,22908.875,16.0,1.0,366607.0,183271.0,0.49991134921046243,128.0,1.0,6.026890954342487e-07,22.197221279144287,100.80344676971436,756.0,0.0,141.2930006980896
757,757.0,8.0,16.0,18.159306526184082,128.0,1.0,175874.0,872702.0,0.8322734832763672,2.0,2.0,2.0,0.3984375,16.0,0.08279556825435634,0.03949132189154625,0.6847176551818848,10988.375,16.0,1.0,175874.0,87907.0,0.49982942333716185,128.0,1.0,6.018049081229351e-07,22.197221279144287,60.14244031906128,757.0,0.0,78.35140585899353
758,758.0,8.0,16.0,38.59339642524719,128.0,1.0,234960.0,813616.0,0.7759246826171875,2.0,2.0,2.0,0.6484375,16.0,0.05699031467989195,0.028230175375938416,0.41896289587020874,14681.25,16.0,1.0,234960.0,117450.0,0.4998723186925434,128.0,1.0,6.009203885584158e-07,22.197221279144287,94.81708025932312,758.0,0.0,133.48847651481628
759,759.0,8.0,16.0,22.135523796081543,128.0,1.0,208476.0,840100.0,0.8011817932128906,2.0,2.0,2.0,0.53125,16.0,0.05133989883270499,0.02515234239399433,0.441163033246994,13025.375,16.0,1.0,208476.0,104203.0,0.49983211496767016,128.0,1.0,6.000355396274326e-07,22.197221279144287,65.45934271812439,759.0,0.0,87.65497827529907
760,760.0,8.0,16.0,28.374494791030884,128.0,1.0,273066.0,775510.0,0.7395839691162109,2.0,2.0,2.0,0.1640625,16.0,0.05712546469204296,0.029136989265680313,0.4364607036113739,17062.125,16.0,1.0,273066.0,136497.0,0.49986816374063414,128.0,1.0,5.991503642178022e-07,22.197221279144287,74.89306259155273,760.0,0.0,103.34224534034729
761,761.0,8.0,16.0,28.665319442749023,128.0,1.0,234156.0,814420.0,0.7766914367675781,2.0,2.0,2.0,0.6640625,16.0,0.049188152481830255,0.025773722678422928,0.38649237155914307,14630.625,16.0,1.0,234156.0,117045.0,0.4998590683134321,128.0,1.0,5.982648652184063e-07,22.197221279144287,77.03854894638062,761.0,0.0,105.76875400543213
762,762.0,8.0,16.0,27.88405466079712,128.0,1.0,251293.0,797283.0,0.7603483200073242,2.0,2.0,2.0,0.3515625,16.0,0.06613808760149456,0.03624090552330017,0.47992050647735596,15701.25,16.0,1.0,251293.0,125610.0,0.49985475122665574,128.0,1.0,5.973790455191829e-07,22.197221279144287,69.29473209381104,762.0,0.0,97.26541185379028
763,763.0,8.0,16.0,39.827160120010376,128.0,1.0,365747.0,682829.0,0.6511964797973633,2.0,2.0,2.0,0.34375,16.0,0.05835419511741426,0.03451310470700264,0.43213632702827454,22855.125,16.0,1.0,365747.0,182841.0,0.4999111407612366,128.0,1.0,5.964929080111172e-07,22.197221279144287,95.99267363548279,763.0,0.0,135.91174268722534
764,764.0,8.0,16.0,41.216994524002075,128.0,1.0,342472.0,706104.0,0.6733932495117188,2.0,2.0,2.0,0.3125,16.0,0.05927020685244581,0.04012038931250572,0.38130834698677063,21400.5,16.0,1.0,342472.0,171204.0,0.4999065617043145,128.0,1.0,5.956064555862306e-07,22.197221279144287,95.70486736297607,764.0,0.0,137.01661038398743
765,765.0,8.0,16.0,38.25331091880798,128.0,1.0,275042.0,773534.0,0.7376995086669922,2.0,2.0,2.0,0.375,16.0,0.05342903828352198,0.028801027685403824,0.41279810667037964,17185.875,16.0,1.0,275042.0,137487.0,0.4998763825161248,128.0,1.0,5.947196911375733e-07,22.197221279144287,77.14243531227112,765.0,0.0,115.48825550079346
766,766.0,8.0,16.0,15.704198122024536,128.0,1.0,213351.0,835225.0,0.7965326309204102,2.0,2.0,2.0,0.484375,16.0,0.06422838664473732,0.03207096830010414,0.4601449966430664,13330.125,16.0,1.0,213351.0,106641.0,0.49983829464122503,128.0,1.0,5.93832617559213e-07,22.197221279144287,60.045626163482666,766.0,0.0,75.80848431587219
767,767.0,8.0,16.0,24.347137212753296,128.0,1.0,237460.0,811116.0,0.7735404968261719,2.0,2.0,2.0,0.296875,16.0,0.06847048487354163,0.03563308343291283,0.48634642362594604,14837.125,16.0,1.0,237460.0,118697.0,0.4998610292259749,128.0,1.0,5.929452377462268e-07,22.197221279144287,69.07907295227051,767.0,0.0,93.48924088478088
768,768.0,8.0,16.0,39.182085037231445,128.0,1.0,265098.0,783478.0,0.7471828460693359,2.0,2.0,2.0,0.453125,16.0,0.05076174799502404,0.031201602891087532,0.34201014041900635,16565.375,16.0,1.0,265098.0,132523.0,0.49990192306241465,128.0,1.0,5.920575545946909e-07,22.197221279144287,77.84851503372192,768.0,0.0,117.11632490158081
769,769.0,8.0,16.0,21.99871301651001,128.0,1.0,233415.0,815161.0,0.7773981094360352,2.0,2.0,2.0,0.5234375,16.0,0.05861370023055175,0.02925867959856987,0.47814252972602844,14584.0,16.0,1.0,233415.0,116672.0,0.49984791037422616,128.0,1.0,5.911695710016717e-07,22.197221279144287,67.70971322059631,769.0,0.0,89.77027487754822
770,770.0,8.0,16.0,41.25471019744873,128.0,1.0,312447.0,736129.0,0.7020273208618164,2.0,2.0,2.0,0.5390625,16.0,0.050833515818129324,0.02684890292584896,0.46395444869995117,19524.5,16.0,1.0,312447.0,156196.0,0.4999119850726683,128.0,1.0,5.90281289865216e-07,22.21385908126831,78.34213447570801,770.0,0.0,119.68135023117065
771,771.0,8.0,16.0,28.644192218780518,128.0,1.0,311621.0,736955.0,0.702815055847168,2.0,2.0,2.0,0.4921875,16.0,0.051109082493287064,0.02974306419491768,0.3458062708377838,19472.75,16.0,1.0,311621.0,155782.0,0.4999085427490445,128.0,1.0,5.893927140843418e-07,22.21385908126831,82.90866279602051,771.0,0.0,111.62668132781982
772,772.0,8.0,16.0,29.950525045394897,128.0,1.0,200642.0,847934.0,0.8086528778076172,2.0,2.0,2.0,0.7109375,16.0,0.058494818295441404,0.032227255403995514,0.45178183913230896,12536.25,16.0,1.0,200642.0,100290.0,0.4998454959579749,128.0,1.0,5.885038465590289e-07,22.21385908126831,79.62095546722412,772.0,0.0,109.62756824493408
773,773.0,8.0,16.0,30.989187717437744,128.0,1.0,274244.0,774332.0,0.7384605407714844,2.0,2.0,2.0,0.2265625,16.0,0.05958480128624831,0.031747352331876755,0.5034713745117188,17136.0,16.0,1.0,274244.0,137088.0,0.49987602281180266,128.0,1.0,5.876146901902086e-07,22.21385908126831,75.70179438591003,773.0,0.0,106.75993013381958
774,774.0,8.0,16.0,25.21002960205078,128.0,1.0,231100.0,817476.0,0.7796058654785156,2.0,2.0,2.0,0.5078125,16.0,0.04807131748439267,0.029897945001721382,0.406361848115921,14439.625,16.0,1.0,231100.0,115517.0,0.4998572046733016,128.0,1.0,5.867252478797556e-07,22.21385908126831,75.62292385101318,774.0,0.0,100.9036648273468
775,775.0,8.0,16.0,29.635279893875122,128.0,1.0,180100.0,868476.0,0.8282432556152344,2.0,2.0,2.0,0.4296875,16.0,0.05971940666956476,0.027263090014457703,0.5201756954193115,11253.125,16.0,1.0,180100.0,90025.0,0.4998611882287618,128.0,1.0,5.858355225304771e-07,22.21385908126831,67.11476063728333,775.0,0.0,96.80524253845215
776,776.0,8.0,16.0,41.16321802139282,128.0,1.0,251093.0,797483.0,0.7605390548706055,2.0,2.0,2.0,0.3359375,16.0,0.05559020389607805,0.026537124067544937,0.44799476861953735,15689.75,16.0,1.0,251093.0,125518.0,0.4998864962384455,128.0,1.0,5.849455170461046e-07,22.21385908126831,77.84789657592773,776.0,0.0,119.090167760849
777,777.0,8.0,16.0,28.10643434524536,128.0,1.0,254172.0,794404.0,0.7576026916503906,2.0,2.0,2.0,0.3359375,16.0,0.05565945802324694,0.02765495516359806,0.4194329082965851,15881.75,16.0,1.0,254172.0,127054.0,0.49987410100247076,128.0,1.0,5.840552343312839e-07,22.21385908126831,70.23224472999573,777.0,0.0,98.40417003631592
778,778.0,8.0,16.0,24.163187265396118,128.0,1.0,176277.0,872299.0,0.8318891525268555,2.0,2.0,2.0,0.703125,16.0,0.0577733113681497,0.02446211501955986,0.5318225026130676,11013.375,16.0,1.0,176277.0,88107.0,0.4998213039704556,128.0,1.0,5.83164677291565e-07,22.21385908126831,64.03951072692871,778.0,0.0,88.25866961479187
779,779.0,8.0,16.0,39.428205490112305,128.0,1.0,293954.0,754622.0,0.7196636199951172,2.0,2.0,2.0,0.375,16.0,0.052697745995208364,0.02899187058210373,0.5320126414299011,18368.125,16.0,1.0,293954.0,146945.0,0.4998911394299788,128.0,1.0,5.822738488333937e-07,22.21385908126831,80.7992627620697,779.0,0.0,120.30147504806519
780,780.0,8.0,16.0,27.442792892456055,128.0,1.0,215112.0,833464.0,0.7948532104492188,2.0,2.0,2.0,0.4453125,16.0,0.06802441436372758,0.030011789873242378,0.6267833113670349,13440.5,16.0,1.0,215112.0,107524.0,0.4998512402841311,128.0,1.0,5.813827518641015e-07,22.21385908126831,61.684019804000854,780.0,0.0,89.18380761146545
781,781.0,8.0,16.0,28.52840828895569,128.0,1.0,223199.0,825377.0,0.7871408462524414,2.0,2.0,2.0,0.4140625,16.0,0.06869718341124902,0.0364905446767807,0.5190157890319824,13945.375,16.0,1.0,223199.0,111563.0,0.4998364688013835,128.0,1.0,5.80491389291896e-07,22.21385908126831,60.28545808792114,781.0,0.0,88.88536190986633
782,782.0,8.0,16.0,38.96010899543762,128.0,1.0,253642.0,794934.0,0.7581081390380859,2.0,2.0,2.0,0.359375,16.0,0.05790973451946033,0.033681757748126984,0.5677482485771179,15848.5,16.0,1.0,253642.0,126788.0,0.4998698953643324,128.0,1.0,5.795997640258518e-07,22.21385908126831,74.6047625541687,782.0,0.0,113.63055562973022
783,783.0,8.0,16.0,22.719855785369873,128.0,1.0,234202.0,814374.0,0.7766475677490234,2.0,2.0,2.0,0.5859375,16.0,0.060382208345077897,0.03353138267993927,0.4749179780483246,14633.5,16.0,1.0,234202.0,117068.0,0.4998590959940564,128.0,1.0,5.78707878975901e-07,22.21385908126831,62.65497541427612,783.0,0.0,85.4503538608551
784,784.0,8.0,16.0,27.069514513015747,128.0,1.0,187280.0,861296.0,0.8213958740234375,2.0,2.0,2.0,0.5859375,16.0,0.06228045682932365,0.030942555516958237,0.524405300617218,11700.75,16.0,1.0,187280.0,93606.0,0.49981845365228533,128.0,1.0,5.778157370528233e-07,22.21385908126831,58.05973982810974,784.0,0.0,85.17836141586304
785,785.0,8.0,16.0,18.728140592575073,128.0,1.0,198444.0,850132.0,0.8107490539550781,2.0,2.0,2.0,0.4765625,16.0,0.06420672018785012,0.030702291056513786,0.4867371618747711,12399.125,16.0,1.0,198444.0,99193.0,0.49985386305456453,128.0,1.0,5.769233411682367e-07,22.21385908126831,60.8619339466095,785.0,0.0,79.65333032608032
786,786.0,8.0,16.0,28.324753999710083,128.0,1.0,228946.0,819630.0,0.7816600799560547,2.0,2.0,2.0,0.484375,16.0,0.0513578887939407,0.028879748657345772,0.444052129983902,14305.125,16.0,1.0,228946.0,114441.0,0.4998602290496449,128.0,1.0,5.760306942345882e-07,22.21385908126831,69.24372839927673,786.0,0.0,97.6349470615387
787,787.0,8.0,16.0,32.41746163368225,128.0,1.0,256054.0,792522.0,0.7558078765869141,2.0,2.0,2.0,0.5390625,16.0,0.05290510174853773,0.02721334807574749,0.46605172753334045,15999.25,16.0,1.0,256054.0,127994.0,0.4998711209354277,128.0,1.0,5.751377991651441e-07,22.21385908126831,71.5076961517334,787.0,0.0,103.99714183807373
788,788.0,8.0,16.0,36.602516889572144,128.0,1.0,282493.0,766083.0,0.7305936813354492,2.0,2.0,2.0,0.296875,16.0,0.06562959273224865,0.038541607558727264,0.5083441138267517,17651.5,16.0,1.0,282493.0,141212.0,0.49987787308004095,128.0,1.0,5.742446588739806e-07,22.21385908126831,70.86840438842773,788.0,0.0,107.54761219024658
789,789.0,8.0,16.0,26.682371854782104,128.0,1.0,289459.0,759117.0,0.7239503860473633,2.0,2.0,2.0,0.296875,16.0,0.06367542588498776,0.0360187366604805,0.4167976379394531,18087.125,16.0,1.0,289459.0,144697.0,0.4998877215771491,128.0,1.0,5.73351276275974e-07,22.21385908126831,70.75844550132751,789.0,0.0,97.53135228157043
790,790.0,8.0,16.0,25.25397539138794,128.0,1.0,261061.0,787515.0,0.751032829284668,2.0,2.0,2.0,0.296875,16.0,0.06007320217849594,0.029186038300395012,1.0202739238739014,16312.5,16.0,1.0,261061.0,130500.0,0.49988316906776575,128.0,1.0,5.724576542867914e-07,22.21385908126831,65.97348117828369,790.0,0.0,91.30634474754333
791,791.0,8.0,16.0,24.986290454864502,128.0,1.0,171106.0,877470.0,0.8368206024169922,2.0,2.0,2.0,0.578125,16.0,0.05779184176985159,0.028745241463184357,0.6932951211929321,10690.25,16.0,1.0,171106.0,85522.0,0.499818825757133,128.0,1.0,5.715637958228814e-07,22.21385908126831,65.93319582939148,791.0,0.0,90.98227548599243
792,792.0,8.0,16.0,39.63164281845093,128.0,1.0,258580.0,789996.0,0.7533988952636719,2.0,2.0,2.0,0.2265625,16.0,0.06509210577001966,0.0361127071082592,0.42425304651260376,16156.875,16.0,1.0,258580.0,129255.0,0.49986464537087166,128.0,1.0,5.706697038014643e-07,22.21385908126831,76.71074151992798,792.0,0.0,116.412602186203
793,793.0,8.0,16.0,39.649075746536255,128.0,1.0,343995.0,704581.0,0.671940803527832,2.0,2.0,2.0,0.3984375,16.0,0.047766258518265464,0.023639418184757233,0.3306533694267273,21496.125,16.0,1.0,343995.0,171969.0,0.499917149958575,128.0,1.0,5.697753811405224e-07,22.21385908126831,80.81639361381531,793.0,0.0,120.55370354652405
794,794.0,8.0,16.0,23.64173173904419,128.0,1.0,173620.0,874956.0,0.8344230651855469,2.0,2.0,2.0,0.609375,16.0,0.06919773331637463,0.035030629485845566,0.8082696795463562,10847.375,16.0,1.0,173620.0,86779.0,0.49982144914180393,128.0,1.0,5.688808307587912e-07,22.21385908126831,56.91670227050781,794.0,0.0,80.61101865768433
795,795.0,8.0,16.0,34.68908190727234,128.0,1.0,282971.0,765605.0,0.730137825012207,2.0,2.0,2.0,0.3515625,16.0,0.05601481050907629,0.03093152493238449,0.3917958736419678,17681.5,16.0,1.0,282971.0,141452.0,0.49988161331019787,128.0,1.0,5.679860555757489e-07,22.21385908126831,77.46104621887207,795.0,0.0,112.22784376144409
796,796.0,8.0,16.0,39.05349802970886,128.0,1.0,262564.0,786012.0,0.7495994567871094,2.0,2.0,2.0,0.3515625,16.0,0.05763498015258185,0.02983163669705391,0.46364057064056396,16405.75,16.0,1.0,262564.0,131246.0,0.4998628905714416,128.0,1.0,5.670910585116077e-07,22.21385908126831,69.00418281555176,796.0,0.0,108.12761926651001
797,797.0,8.0,16.0,22.834186553955078,128.0,1.0,162612.0,885964.0,0.8449211120605469,2.0,2.0,2.0,0.6328125,16.0,0.05576259987939145,0.027011118829250336,0.5538472533226013,10159.75,16.0,1.0,162612.0,81278.0,0.4998278109856591,128.0,1.0,5.661958424873037e-07,22.21385908126831,58.75773334503174,797.0,0.0,81.64005160331726
798,798.0,8.0,16.0,41.07913661003113,128.0,1.0,265046.0,783530.0,0.7472324371337891,2.0,2.0,2.0,0.5078125,16.0,0.052759003737793526,0.025917021557688713,0.4128623604774475,16561.125,16.0,1.0,265046.0,132489.0,0.49987172038061317,128.0,1.0,5.653004104244877e-07,22.21385908126831,79.76880931854248,798.0,0.0,120.92916464805603
799,799.0,8.0,16.0,24.237815380096436,128.0,1.0,247720.0,800856.0,0.7637557983398438,2.0,2.0,2.0,0.5625,16.0,0.0540881627722852,0.02582716755568981,0.40438276529312134,15478.625,16.0,1.0,247720.0,123829.0,0.49987485871144843,128.0,1.0,5.644047652455159e-07,22.21385908126831,69.62272906303406,799.0,0.0,93.9297411441803
800,800.0,8.0,16.0,29.62908387184143,128.0,1.0,254732.0,793844.0,0.7570686340332031,2.0,2.0,2.0,0.5390625,16.0,0.05576946422742469,0.0274087805300951,0.436347097158432,15917.0,16.0,1.0,254732.0,127336.0,0.4998822291663395,128.0,1.0,5.635089098734393e-07,22.21385908126831,68.85608577728271,800.0,0.0,312.3265347480774
801,801.0,8.0,16.0,23.260361909866333,128.0,1.0,174227.0,874349.0,0.8338441848754883,2.0,2.0,2.0,0.734375,16.0,0.05170293127589872,0.02491793781518936,0.504656195640564,10884.75,16.0,1.0,174227.0,87078.0,0.4997962428326264,128.0,1.0,5.626128472319958e-07,22.21385908126831,58.95773696899414,801.0,0.0,82.26837825775146
802,802.0,8.0,16.0,22.561437606811523,128.0,1.0,214270.0,834306.0,0.7956562042236328,2.0,2.0,2.0,0.53125,16.0,0.06243579603422423,0.03252152353525162,0.643310546875,13388.125,16.0,1.0,214270.0,107105.0,0.4998599897325804,128.0,1.0,5.617165802455987e-07,22.21385908126831,61.322051763534546,802.0,0.0,83.94225001335144
803,803.0,8.0,16.0,28.83606719970703,128.0,1.0,233985.0,814591.0,0.7768545150756836,2.0,2.0,2.0,0.5078125,16.0,0.07417281143505397,0.03516332432627678,0.5955404043197632,14619.875,16.0,1.0,233985.0,116959.0,0.4998568284291728,128.0,1.0,5.608201118393293e-07,22.21385908126831,65.54831027984619,803.0,0.0,94.45059394836426
804,804.0,8.0,16.0,40.62351703643799,128.0,1.0,284270.0,764306.0,0.7288990020751953,2.0,2.0,2.0,0.484375,16.0,0.06295407588886447,0.03118649125099182,0.48220670223236084,17762.625,16.0,1.0,284270.0,142101.0,0.49988039539874063,128.0,1.0,5.599234449389254e-07,22.21385908126831,70.31448912620544,804.0,0.0,111.0386335849762
805,805.0,8.0,16.0,40.93941617012024,128.0,1.0,312022.0,736554.0,0.7024326324462891,2.0,2.0,2.0,0.34375,16.0,0.04794283729805589,0.02493160590529442,0.3881016969680786,19497.5,16.0,1.0,312022.0,155980.0,0.4999006480312286,128.0,1.0,5.590265824707729e-07,22.21385908126831,92.70563411712646,805.0,0.0,133.7309329509735
806,806.0,8.0,16.0,32.81451630592346,128.0,1.0,276309.0,772267.0,0.7364912033081055,2.0,2.0,2.0,0.453125,16.0,0.04580159652606114,0.025540433824062347,0.35294005274772644,17265.125,16.0,1.0,276309.0,138121.0,0.4998787589256955,128.0,1.0,5.581295273618964e-07,22.21385908126831,77.00107884407043,806.0,0.0,109.90969705581665
807,807.0,8.0,16.0,26.04558038711548,128.0,1.0,279995.0,768581.0,0.732975959777832,2.0,2.0,2.0,0.265625,16.0,0.06419731027032775,0.03593683987855911,0.43335801362991333,17496.125,16.0,1.0,279995.0,139969.0,0.4998982124680798,128.0,1.0,5.572322825399485e-07,22.21385908126831,69.17487812042236,807.0,0.0,95.30208587646484
808,808.0,8.0,16.0,39.376877546310425,128.0,1.0,219602.0,828974.0,0.7905712127685547,2.0,2.0,2.0,0.1875,16.0,0.06772380831398642,0.03265006095170975,0.5006214380264282,13721.25,16.0,1.0,219602.0,109770.0,0.49985883552973104,128.0,1.0,5.56334850933201e-07,22.21385908126831,63.25359773635864,808.0,0.0,102.70223474502563
809,809.0,8.0,16.0,38.0491840839386,128.0,1.0,278719.0,769857.0,0.7341928482055664,2.0,2.0,2.0,0.3515625,16.0,0.053720797468930576,0.02772279642522335,0.42120712995529175,17415.25,16.0,1.0,278719.0,139322.0,0.49986545588926484,128.0,1.0,5.554372354705362e-07,22.21385908126831,71.35480213165283,809.0,0.0,109.4759509563446
810,810.0,8.0,16.0,19.739691019058228,128.0,1.0,199458.0,849118.0,0.8097820281982422,2.0,2.0,2.0,0.6640625,16.0,0.05621182015522641,0.02737698145210743,0.4602041244506836,12461.625,16.0,1.0,199458.0,99693.0,0.4998195108744698,128.0,1.0,5.545394390814353e-07,22.21385908126831,62.785499572753906,810.0,0.0,82.58441472053528
811,811.0,8.0,16.0,20.431673288345337,128.0,1.0,206296.0,842280.0,0.8032608032226562,2.0,2.0,2.0,0.3125,16.0,0.05397563021014436,0.02885517105460167,0.4430083632469177,12889.375,16.0,1.0,206296.0,103115.0,0.49984003567689145,128.0,1.0,5.536414646959707e-07,22.21385908126831,58.17983031272888,811.0,0.0,78.67240285873413
812,812.0,8.0,16.0,28.174643516540527,128.0,1.0,280160.0,768416.0,0.732818603515625,2.0,2.0,2.0,0.2578125,16.0,0.06082994188663369,0.03403082117438316,0.39361342787742615,17505.375,16.0,1.0,280160.0,140043.0,0.49986793260993717,128.0,1.0,5.527433152447954e-07,22.21385908126831,67.24772906303406,812.0,0.0,95.50765585899353
813,813.0,8.0,16.0,26.500138998031616,128.0,1.0,288526.0,760050.0,0.7248401641845703,2.0,2.0,2.0,0.53125,16.0,0.03993096435180736,0.022571275010704994,0.2979743778705597,18029.375,16.0,1.0,288526.0,144235.0,0.4999029550196516,128.0,1.0,5.518449936591339e-07,22.21385908126831,70.44266748428345,813.0,0.0,97.01991128921509
814,814.0,8.0,16.0,24.014562129974365,128.0,1.0,253952.0,794624.0,0.7578125,2.0,2.0,2.0,0.3671875,16.0,0.05884038370901864,0.028924526646733284,0.4515073895454407,15867.75,16.0,1.0,253952.0,126942.0,0.4998661164314516,128.0,1.0,5.509465028707723e-07,22.21385908126831,67.06272602081299,814.0,0.0,91.14957475662231
815,815.0,8.0,16.0,38.82285284996033,128.0,1.0,266741.0,781835.0,0.7456159591674805,2.0,2.0,2.0,0.4296875,16.0,0.05993732338401975,0.031045349314808846,0.5277938842773438,16667.375,16.0,1.0,266741.0,133339.0,0.49988190791816783,128.0,1.0,5.500478458120493e-07,22.21385908126831,69.4271547794342,815.0,0.0,108.32256031036377
816,816.0,8.0,16.0,22.19819736480713,128.0,1.0,192511.0,856065.0,0.8164072036743164,2.0,2.0,2.0,0.359375,16.0,0.073407678876966,0.03202327340841293,0.8463160991668701,12027.625,16.0,1.0,192511.0,96221.0,0.4998207894613814,128.0,1.0,5.491490254158456e-07,22.21385908126831,57.963001012802124,816.0,0.0,80.22499370574951
817,817.0,8.0,16.0,36.235970973968506,128.0,1.0,251135.0,797441.0,0.7604990005493164,2.0,2.0,2.0,0.34375,16.0,0.055396068396998586,0.03126399964094162,0.38561326265335083,15691.5,16.0,1.0,251135.0,125532.0,0.4998586417663806,128.0,1.0,5.482500446155753e-07,22.21385908126831,67.76774215698242,817.0,0.0,104.07613348960876
818,818.0,8.0,16.0,26.381442308425903,128.0,1.0,273749.0,774827.0,0.7389326095581055,2.0,2.0,2.0,0.3125,16.0,0.06123609427332137,0.03480755165219307,0.4449782073497772,17106.0,16.0,1.0,273749.0,136848.0,0.49990319599341004,128.0,1.0,5.473509063451766e-07,22.21385908126831,67.06951761245728,818.0,0.0,93.53179717063904
819,819.0,8.0,16.0,29.631553649902344,128.0,1.0,308398.0,740178.0,0.7058887481689453,2.0,2.0,2.0,0.375,16.0,0.056928777604747356,0.0333835631608963,0.36470380425453186,19271.5,16.0,1.0,308398.0,154172.0,0.49991245079410374,128.0,1.0,5.464516135391006e-07,22.21385908126831,72.60198330879211,819.0,0.0,102.31369948387146
820,820.0,8.0,16.0,40.74930763244629,128.0,1.0,212591.0,835985.0,0.7972574234008789,2.0,2.0,2.0,0.6171875,16.0,0.05791311750320546,0.030469438061118126,0.49242037534713745,13283.125,16.0,1.0,212591.0,106265.0,0.4998565320262852,128.0,1.0,5.455521691323033e-07,22.21385908126831,75.594895362854,820.0,0.0,116.41072845458984
821,821.0,8.0,16.0,25.55053973197937,128.0,1.0,201820.0,846756.0,0.8075294494628906,2.0,2.0,2.0,0.328125,16.0,0.07392815272857602,0.03497076407074928,0.4996004104614258,12609.5,16.0,1.0,201820.0,100876.0,0.4998315330492518,128.0,1.0,5.446525760602357e-07,22.21385908126831,57.10219097137451,821.0,0.0,82.71269202232361
822,822.0,8.0,16.0,38.4196298122406,128.0,1.0,207071.0,841505.0,0.8025217056274414,2.0,2.0,2.0,0.359375,16.0,0.061911640233810045,0.02915777824819088,0.6273800134658813,12937.625,16.0,1.0,207071.0,103501.0,0.49983339047959396,128.0,1.0,5.43752837258833e-07,22.21385908126831,64.89098358154297,822.0,0.0,103.36885380744934
823,823.0,8.0,16.0,21.02694821357727,128.0,1.0,238200.0,810376.0,0.7728347778320312,2.0,2.0,2.0,0.328125,16.0,0.08368817517445919,0.044957373291254044,0.5091519951820374,14883.5,16.0,1.0,238200.0,119068.0,0.4998656591099916,128.0,1.0,5.428529556645073e-07,22.21385908126831,59.154654026031494,823.0,0.0,80.25407433509827
824,824.0,8.0,16.0,39.37764096260071,128.0,1.0,301844.0,746732.0,0.7121391296386719,2.0,2.0,2.0,0.4296875,16.0,0.05767103106149402,0.03424510732293129,0.3805828392505646,18861.125,16.0,1.0,301844.0,150889.0,0.4998906720027564,128.0,1.0,5.419529342141359e-07,22.21385908126831,72.85573530197144,824.0,0.0,112.32998871803284
825,825.0,8.0,16.0,28.456856966018677,128.0,1.0,238129.0,810447.0,0.7729024887084961,2.0,2.0,2.0,0.4609375,16.0,0.05534683499062813,0.030392441898584366,0.43856483697891235,14879.0,16.0,1.0,238129.0,119032.0,0.49986351935295575,128.0,1.0,5.410527758450528e-07,22.21385908126831,70.85922408103943,825.0,0.0,99.37940311431885
826,826.0,8.0,16.0,26.28692364692688,128.0,1.0,238128.0,810448.0,0.7729034423828125,2.0,2.0,2.0,0.4921875,16.0,0.047525186781973386,0.023204756900668144,0.50669264793396,14879.25,16.0,1.0,238128.0,119034.0,0.4998740173352147,128.0,1.0,5.401524834950387e-07,22.21385908126831,63.6812744140625,826.0,0.0,90.06088352203369
827,827.0,8.0,16.0,15.268113136291504,128.0,1.0,176215.0,872361.0,0.8319482803344727,2.0,2.0,2.0,0.5390625,16.0,0.06882732905752185,0.028871288523077965,0.6029323935508728,11009.5,16.0,1.0,176215.0,88076.0,0.4998212410975229,128.0,1.0,5.392520601023117e-07,22.21385908126831,52.16193199157715,827.0,0.0,67.48879599571228
828,828.0,8.0,16.0,28.32204794883728,128.0,1.0,284372.0,764204.0,0.7288017272949219,2.0,2.0,2.0,0.4296875,16.0,0.05377727524332096,0.026561763137578964,0.3930230736732483,17769.5,16.0,1.0,284372.0,142156.0,0.49989450438158467,128.0,1.0,5.383515086055173e-07,22.21385908126831,67.96804213523865,828.0,0.0,96.37689876556396
829,829.0,8.0,16.0,39.371654748916626,128.0,1.0,345748.0,702828.0,0.6702690124511719,2.0,2.0,2.0,0.3671875,16.0,0.05398735665432569,0.031536322087049484,0.3339286744594574,21605.625,16.0,1.0,345748.0,172845.0,0.4999161238821338,128.0,1.0,5.374508319437196e-07,22.21385908126831,87.93216037750244,829.0,0.0,127.41762900352478
830,830.0,8.0,16.0,32.35960602760315,128.0,1.0,312928.0,735648.0,0.701568603515625,2.0,2.0,2.0,0.3125,16.0,0.050930235224193654,0.027266710996627808,0.37041786313056946,19554.125,16.0,1.0,312928.0,156433.0,0.49990093567849475,128.0,1.0,5.36550033056391e-07,22.21385908126831,78.46168851852417,830.0,0.0,110.90984535217285
831,831.0,8.0,16.0,23.378852367401123,128.0,1.0,181288.0,867288.0,0.8271102905273438,2.0,2.0,2.0,0.5234375,16.0,0.0754490732148181,0.03373563662171364,0.6068850755691528,11327.125,16.0,1.0,181288.0,90617.0,0.49985106570760335,128.0,1.0,5.356491148834025e-07,22.21385908126831,65.77064490318298,831.0,0.0,89.21996331214905
832,832.0,8.0,16.0,11.027949094772339,128.0,1.0,139425.0,909151.0,0.8670339584350586,2.0,2.0,2.0,0.6796875,16.0,0.05241314323459154,0.021102875471115112,1.2977252006530762,8710.0,16.0,1.0,139425.0,69680.0,0.49976689976689975,128.0,1.0,5.347480803650146e-07,22.21385908126831,47.97006011009216,832.0,0.0,59.0512330532074
833,833.0,8.0,16.0,36.408397912979126,128.0,1.0,285891.0,762685.0,0.7273530960083008,2.0,2.0,2.0,0.53125,16.0,0.04913595470969855,0.02962896041572094,0.4025996923446655,17864.125,16.0,1.0,285891.0,142913.0,0.4998863203108877,128.0,1.0,5.338469324418675e-07,22.21385908126831,74.48669743537903,833.0,0.0,110.96558117866516
834,834.0,8.0,16.0,27.33204174041748,128.0,1.0,252555.0,796021.0,0.7591447830200195,2.0,2.0,2.0,0.625,16.0,0.0459991653020327,0.02484801784157753,0.3789505064487457,15780.75,16.0,1.0,252555.0,126246.0,0.4998752746926412,128.0,1.0,5.329456740549716e-07,22.21385908126831,67.89956545829773,834.0,0.0,95.30066227912903
835,835.0,8.0,16.0,39.62192678451538,128.0,1.0,266084.0,782492.0,0.7462425231933594,2.0,2.0,2.0,0.3203125,16.0,0.06087546108854242,0.03259032592177391,0.430739164352417,16626.0,16.0,1.0,266084.0,133008.0,0.49987222080245336,128.0,1.0,5.320443081456977e-07,22.21385908126831,78.96845126152039,835.0,0.0,118.67579388618469
836,836.0,8.0,16.0,28.138623476028442,128.0,1.0,252955.0,795621.0,0.758763313293457,2.0,2.0,2.0,0.3125,16.0,0.05699299024548803,0.030487187206745148,0.4268788993358612,15806.0,16.0,1.0,252955.0,126448.0,0.49988337846652564,128.0,1.0,5.311428376557677e-07,22.21385908126831,64.94629907608032,836.0,0.0,93.1609673500061
837,837.0,8.0,16.0,24.773481845855713,128.0,1.0,269453.0,779123.0,0.7430295944213867,2.0,2.0,2.0,0.359375,16.0,0.0692945683241711,0.03872842341661453,0.47188350558280945,16837.375,16.0,1.0,269453.0,134699.0,0.49989794138495397,128.0,1.0,5.302412655272443e-07,22.21385908126831,64.2864670753479,837.0,0.0,89.12914681434631
838,838.0,8.0,16.0,30.335857152938843,128.0,1.0,217903.0,830673.0,0.7921915054321289,2.0,2.0,2.0,0.5,16.0,0.05036494244990328,0.026540741324424744,0.40583235025405884,13615.0,16.0,1.0,217903.0,108920.0,0.49985544026470496,128.0,1.0,5.293395947025227e-07,22.21385908126831,71.47135519981384,838.0,0.0,101.86471796035767
839,839.0,8.0,16.0,26.503944635391235,128.0,1.0,249242.0,799334.0,0.7623043060302734,2.0,2.0,2.0,0.5,16.0,0.0728415538679459,0.04245328903198242,0.7178319096565247,15573.625,16.0,1.0,249242.0,124589.0,0.4998716107237143,128.0,1.0,5.284378281243194e-07,22.21385908126831,71.39906239509583,839.0,0.0,97.96577525138855
840,840.0,8.0,16.0,32.367838859558105,128.0,1.0,289999.0,758577.0,0.7234354019165039,2.0,2.0,2.0,0.4921875,16.0,0.07014913751164156,0.036431003361940384,0.5510024428367615,18121.0,16.0,1.0,289999.0,144968.0,0.49989137893578944,128.0,1.0,5.275359687356642e-07,22.21385908126831,90.13887476921082,840.0,0.0,122.58053064346313
841,841.0,8.0,16.0,19.62239122390747,128.0,1.0,185964.0,862612.0,0.8226509094238281,2.0,2.0,2.0,0.6171875,16.0,0.0473588918915459,0.022989260032773018,0.44435974955558777,11618.375,16.0,1.0,185964.0,92947.0,0.49981179152954336,128.0,1.0,5.266340194798892e-07,22.21385908126831,56.852479219436646,841.0,0.0,76.52375841140747
842,842.0,8.0,16.0,34.51968026161194,128.0,1.0,202945.0,845631.0,0.8064565658569336,2.0,2.0,2.0,0.6796875,16.0,0.059372070840727,0.029860133305191994,0.5187352299690247,12680.125,16.0,1.0,202945.0,101441.0,0.4998447855330262,128.0,1.0,5.257319833006197e-07,22.21385908126831,67.88978290557861,842.0,0.0,102.46289777755737
843,843.0,8.0,16.0,23.95694327354431,128.0,1.0,174023.0,874553.0,0.8340387344360352,2.0,2.0,2.0,0.546875,16.0,0.0635280753438212,0.027081012725830078,0.566326379776001,10872.75,16.0,1.0,174023.0,86982.0,0.4998304821776432,128.0,1.0,5.248298631417655e-07,22.21385908126831,57.22540760040283,843.0,0.0,81.23099374771118
844,844.0,8.0,16.0,40.572192430496216,128.0,1.0,316068.0,732508.0,0.6985740661621094,2.0,2.0,2.0,0.3828125,16.0,0.052972975040568804,0.030366409569978714,0.3953320384025574,19750.125,16.0,1.0,316068.0,158001.0,0.49989559208777856,128.0,1.0,5.239276619475094e-07,22.21385908126831,98.91350221633911,844.0,0.0,139.5720238685608
845,845.0,8.0,16.0,24.91891384124756,128.0,1.0,261573.0,787003.0,0.750544548034668,2.0,2.0,2.0,0.4453125,16.0,0.07501311525266849,0.04142029210925102,0.9105559587478638,16344.125,16.0,1.0,261573.0,130753.0,0.49987192867765406,128.0,1.0,5.230253826622996e-07,22.21385908126831,65.47137832641602,845.0,0.0,90.50503492355347
846,846.0,8.0,16.0,18.05340576171875,128.0,1.0,186827.0,861749.0,0.8218278884887695,2.0,2.0,2.0,0.7109375,16.0,0.041177965562150684,0.01682286523282528,0.4812611937522888,11673.0,16.0,1.0,186827.0,93384.0,0.4998420999106125,128.0,1.0,5.221230282308384e-07,22.21385908126831,57.059921979904175,846.0,0.0,75.1697096824646
847,847.0,8.0,16.0,38.08173203468323,128.0,1.0,358128.0,690448.0,0.6584625244140625,2.0,2.0,2.0,0.3359375,16.0,0.045236679406883154,0.027850614860653877,0.30905407667160034,22379.0,16.0,1.0,358128.0,179032.0,0.4999106464727695,128.0,1.0,5.212206015980741e-07,22.21385908126831,81.16962456703186,847.0,0.0,119.34431433677673
848,848.0,8.0,16.0,36.49799466133118,128.0,1.0,250664.0,797912.0,0.7609481811523438,2.0,2.0,2.0,0.4375,16.0,0.045286838160141174,0.026262016966938972,0.329002320766449,15662.125,16.0,1.0,250664.0,125297.0,0.4998603708550091,128.0,1.0,5.203181057091902e-07,22.21385908126831,73.87084245681763,848.0,0.0,110.44493079185486
849,849.0,8.0,16.0,29.132410049438477,128.0,1.0,294903.0,753673.0,0.7187585830688477,2.0,2.0,2.0,0.3203125,16.0,0.06015411286724588,0.03504099324345589,0.4061792492866516,18427.625,16.0,1.0,294903.0,147421.0,0.49989657616233135,128.0,1.0,5.19415543509596e-07,22.21385908126831,67.32709431648254,849.0,0.0,96.53778290748596
850,850.0,8.0,16.0,19.525285243988037,128.0,1.0,264839.0,783737.0,0.7474298477172852,2.0,2.0,2.0,0.4765625,16.0,0.041630017637202456,0.019838830456137657,0.3923887610435486,16548.125,16.0,1.0,264839.0,132385.0,0.4998697321769075,128.0,1.0,5.185129179449178e-07,22.21385908126831,65.39113140106201,850.0,0.0,306.2285985946655
851,851.0,8.0,16.0,38.68853497505188,128.0,1.0,283532.0,765044.0,0.7296028137207031,2.0,2.0,2.0,0.421875,16.0,0.05891358167670706,0.0341741181910038,0.42410290241241455,17716.875,16.0,1.0,283532.0,141735.0,0.4998906648984947,128.0,1.0,5.176102319609881e-07,22.21385908126831,94.69386768341064,851.0,0.0,133.48497366905212
852,852.0,8.0,16.0,40.767083168029785,128.0,1.0,266296.0,782280.0,0.7460403442382812,2.0,2.0,2.0,0.1640625,16.0,0.06746257927916953,0.03416958823800087,0.515541136264801,16639.875,16.0,1.0,266296.0,133119.0,0.49989109862709163,128.0,1.0,5.167074885038372e-07,22.21385908126831,72.84306263923645,852.0,0.0,113.69609236717224
853,853.0,8.0,16.0,40.68630027770996,128.0,1.0,320459.0,728117.0,0.6943864822387695,2.0,2.0,2.0,0.3125,16.0,0.04863125462521229,0.03135033696889877,0.4612848162651062,20024.0,16.0,1.0,320459.0,160192.0,0.4998829803500604,128.0,1.0,5.158046905196825e-07,22.21385908126831,70.92533731460571,853.0,0.0,111.71136260032654
854,854.0,8.0,16.0,31.888774394989014,128.0,1.0,225783.0,822793.0,0.7846765518188477,2.0,2.0,2.0,0.4296875,16.0,0.06755203817761377,0.030633073300123215,0.5470547676086426,14107.625,16.0,1.0,225783.0,112861.0,0.49986491454183885,128.0,1.0,5.149018409549196e-07,22.21385908126831,76.66853666305542,854.0,0.0,108.62978887557983
855,855.0,8.0,16.0,28.83053994178772,128.0,1.0,271491.0,777085.0,0.7410860061645508,2.0,2.0,2.0,0.203125,16.0,0.06915551042369107,0.03468868136405945,0.4836128056049347,16964.25,16.0,1.0,271491.0,135714.0,0.49988397405438856,128.0,1.0,5.139989427561123e-07,22.21385908126831,73.05627369880676,855.0,0.0,101.96030759811401
856,856.0,8.0,16.0,22.83490014076233,128.0,1.0,237896.0,810680.0,0.7731246948242188,2.0,2.0,2.0,0.3359375,16.0,0.06154071975675131,0.03250860795378685,0.45813241600990295,14865.0,16.0,1.0,237896.0,118920.0,0.4998823015099035,128.0,1.0,5.130959988699829e-07,22.21385908126831,61.18661117553711,856.0,0.0,84.08772659301758
857,857.0,8.0,16.0,21.417453289031982,128.0,1.0,241205.0,807371.0,0.7699689865112305,2.0,2.0,2.0,0.265625,16.0,0.0647330137088729,0.03216482698917389,0.524159848690033,15071.75,16.0,1.0,241205.0,120574.0,0.4998818432453722,128.0,1.0,5.121930122434035e-07,22.21385908126831,58.3355450630188,857.0,0.0,79.82314205169678
858,858.0,8.0,16.0,41.09426021575928,128.0,1.0,298991.0,749585.0,0.7148599624633789,2.0,2.0,2.0,0.359375,16.0,0.05739394015652914,0.034420937299728394,0.37826108932495117,18683.125,16.0,1.0,298991.0,149465.0,0.4998979902405089,128.0,1.0,5.11289985823385e-07,22.21385908126831,72.60003232955933,858.0,0.0,113.77193427085876
859,859.0,8.0,16.0,24.10036873817444,128.0,1.0,197739.0,850837.0,0.8114213943481445,2.0,2.0,2.0,0.390625,16.0,0.0758631798873325,0.03720911219716072,0.6576151251792908,12353.875,16.0,1.0,197739.0,98831.0,0.49980529890411096,128.0,1.0,5.103869225570686e-07,22.21385908126831,57.8433096408844,859.0,0.0,82.00196766853333
860,860.0,8.0,16.0,34.95801901817322,128.0,1.0,240286.0,808290.0,0.7708454132080078,2.0,2.0,2.0,0.375,16.0,0.0733503175452702,0.038753751665353775,0.5281593799591064,15014.375,16.0,1.0,240286.0,120115.0,0.49988347219563356,128.0,1.0,5.094838253917155e-07,22.21385908126831,67.78793454170227,860.0,0.0,102.81063151359558
861,861.0,8.0,16.0,11.475626707077026,128.0,1.0,180964.0,867612.0,0.8274192810058594,2.0,2.0,2.0,0.5078125,16.0,0.0651321755941175,0.030212517827749252,0.8095667362213135,11306.125,16.0,1.0,180964.0,90449.0,0.4998176432881678,128.0,1.0,5.085806972746978e-07,22.21385908126831,50.067495584487915,861.0,0.0,61.59044075012207
862,862.0,8.0,16.0,23.1052725315094,128.0,1.0,244528.0,804048.0,0.7667999267578125,2.0,2.0,2.0,0.2734375,16.0,0.07046538833471613,0.038541775196790695,0.5468694567680359,15279.375,16.0,1.0,244528.0,122235.0,0.49988140417457305,128.0,1.0,5.076775411534881e-07,22.21385908126831,60.68281054496765,862.0,0.0,83.85489797592163
863,863.0,8.0,16.0,40.510947465896606,128.0,1.0,309430.0,739146.0,0.7049045562744141,2.0,2.0,2.0,0.53125,16.0,0.03962174770818459,0.024591760709881783,0.303330659866333,19335.0,16.0,1.0,309430.0,154680.0,0.4998868887955273,128.0,1.0,5.067743599756509e-07,22.21385908126831,83.44539856910706,863.0,0.0,124.05503582954407
864,864.0,8.0,16.0,40.78261661529541,128.0,1.0,296038.0,752538.0,0.7176761627197266,2.0,2.0,2.0,0.5390625,16.0,0.04138402750119771,0.024336304515600204,0.31582680344581604,18497.75,16.0,1.0,296038.0,147982.0,0.49987501604523743,128.0,1.0,5.058711566888323e-07,22.21385908126831,95.0116057395935,864.0,0.0,135.8743772506714
865,865.0,8.0,16.0,30.07138228416443,128.0,1.0,291006.0,757570.0,0.7224750518798828,2.0,2.0,2.0,0.4296875,16.0,0.041426915138227265,0.02342553809285164,0.644630491733551,18183.5,16.0,1.0,291006.0,145468.0,0.49987972756575466,128.0,1.0,5.049679342407508e-07,22.21385908126831,77.62532496452332,865.0,0.0,107.77279734611511
866,866.0,8.0,16.0,39.19980812072754,128.0,1.0,344188.0,704388.0,0.6717567443847656,2.0,2.0,2.0,0.40625,16.0,0.05300892489618149,0.0314183309674263,0.3334615230560303,21507.0,16.0,1.0,344188.0,172056.0,0.4998895952212163,128.0,1.0,5.040646955791868e-07,22.21385908126831,76.19801759719849,866.0,0.0,115.48902368545532
867,867.0,8.0,16.0,23.054536819458008,128.0,1.0,249858.0,798718.0,0.7617168426513672,2.0,2.0,2.0,0.421875,16.0,0.05925468229494488,0.03292635455727577,0.41235262155532837,15611.625,16.0,1.0,249858.0,124893.0,0.49985591816151576,128.0,1.0,5.031614436519742e-07,22.21385908126831,65.09918546676636,867.0,0.0,88.22221493721008
868,868.0,8.0,16.0,37.01672291755676,128.0,1.0,265187.0,783389.0,0.7470979690551758,2.0,2.0,2.0,0.4375,16.0,0.06213204615762023,0.03384031355381012,0.4275760054588318,16569.75,16.0,1.0,265187.0,132558.0,0.4998661322010506,128.0,1.0,5.022581814069902e-07,22.21385908126831,73.81641030311584,868.0,0.0,110.90597653388977
869,869.0,8.0,16.0,22.937878370285034,128.0,1.0,175770.0,872806.0,0.8323726654052734,2.0,2.0,2.0,0.4609375,16.0,0.07974002863062299,0.04080916568636894,0.6207323670387268,10982.25,16.0,1.0,175770.0,87858.0,0.4998463901689708,128.0,1.0,5.013549117921452e-07,22.21385908126831,53.9833767414093,869.0,0.0,76.97101664543152
870,870.0,8.0,16.0,40.75163650512695,128.0,1.0,259733.0,788843.0,0.7522993087768555,2.0,2.0,2.0,0.7109375,16.0,0.04150554233825286,0.023272866383194923,0.36627620458602905,16229.625,16.0,1.0,259733.0,129837.0,0.49988642182549003,128.0,1.0,5.004516377553742e-07,22.21385908126831,76.31250476837158,870.0,0.0,117.1304144859314
871,871.0,8.0,16.0,21.629573583602905,128.0,1.0,213364.0,835212.0,0.7965202331542969,2.0,2.0,2.0,0.4453125,16.0,0.07483882087815988,0.03552744910120964,0.4969671070575714,13331.125,16.0,1.0,213364.0,106649.0,0.4998453347331321,128.0,1.0,4.99548362244626e-07,22.21385908126831,62.51298141479492,871.0,0.0,84.20449757575989
872,872.0,8.0,16.0,31.519344806671143,128.0,1.0,230576.0,818000.0,0.7801055908203125,2.0,2.0,2.0,0.671875,16.0,0.06852255147720673,0.03611471876502037,0.48164743185043335,14407.75,16.0,1.0,230576.0,115262.0,0.4998872389147179,128.0,1.0,4.986450882078548e-07,22.21385908126831,67.40236258506775,872.0,0.0,98.99299812316895
873,873.0,8.0,16.0,18.377797603607178,128.0,1.0,203629.0,844947.0,0.8058042526245117,2.0,2.0,2.0,0.6875,16.0,0.04681487724747317,0.02368459291756153,0.41675785183906555,12722.875,16.0,1.0,203629.0,101783.0,0.4998453069061872,128.0,1.0,4.977418185930099e-07,22.21385908126831,57.68508720397949,873.0,0.0,76.13421535491943
874,874.0,8.0,16.0,28.047650575637817,128.0,1.0,238804.0,809772.0,0.7722587585449219,2.0,2.0,2.0,0.4140625,16.0,0.06868481365295331,0.037876829504966736,0.43056923151016235,14921.0,16.0,1.0,238804.0,119368.0,0.49985762382539656,128.0,1.0,4.968385563480258e-07,22.21385908126831,67.83079433441162,874.0,0.0,95.95558905601501
875,875.0,8.0,16.0,40.45053553581238,128.0,1.0,295586.0,752990.0,0.7181072235107422,2.0,2.0,2.0,0.453125,16.0,0.04595624001352691,0.024688290432095528,0.36235660314559937,18470.0,16.0,1.0,295586.0,147760.0,0.4998883573646925,128.0,1.0,4.959353044208133e-07,22.21385908126831,79.98153400421143,875.0,0.0,120.51237916946411
876,876.0,8.0,16.0,34.252503633499146,128.0,1.0,254584.0,793992.0,0.7572097778320312,2.0,2.0,2.0,0.390625,16.0,0.055728005166537635,0.031240832060575485,0.39181140065193176,15907.125,16.0,1.0,254584.0,127257.0,0.4998625208182761,128.0,1.0,4.950320657592494e-07,22.21385908126831,70.51771545410156,876.0,0.0,104.83479571342468
877,877.0,8.0,16.0,17.011131525039673,128.0,1.0,164306.0,884270.0,0.8433055877685547,2.0,2.0,2.0,0.6328125,16.0,0.06304974216939832,0.03154128044843674,0.5024389624595642,10265.375,16.0,1.0,164306.0,82123.0,0.49981741384976813,128.0,1.0,4.941288433111677e-07,22.21385908126831,49.85839819908142,877.0,0.0,66.91841244697571
878,878.0,8.0,16.0,34.2675461769104,128.0,1.0,299267.0,749309.0,0.7145967483520508,2.0,2.0,2.0,0.28125,16.0,0.057029697529198106,0.030814554542303085,0.3878989517688751,18700.125,16.0,1.0,299267.0,149601.0,0.4998914013239014,128.0,1.0,4.932256400243492e-07,22.21385908126831,78.68714499473572,878.0,0.0,113.03594446182251
879,879.0,8.0,16.0,40.81688189506531,128.0,1.0,255645.0,792931.0,0.7561979293823242,2.0,2.0,2.0,0.3984375,16.0,0.060649676463881586,0.033321116119623184,0.45177778601646423,15973.375,16.0,1.0,255645.0,127787.0,0.4998611355590761,128.0,1.0,4.92322458846512e-07,22.21385908126831,70.43706154823303,879.0,0.0,111.33527946472168
880,880.0,8.0,16.0,26.188099145889282,128.0,1.0,234662.0,813914.0,0.7762088775634766,2.0,2.0,2.0,0.4140625,16.0,0.0847634144142455,0.045884519815444946,0.5856553912162781,14661.875,16.0,1.0,234662.0,117295.0,0.4998465878582813,128.0,1.0,4.914193027253025e-07,22.21385908126831,64.35257649421692,880.0,0.0,90.60429286956787
881,881.0,8.0,16.0,36.92641067504883,128.0,1.0,342055.0,706521.0,0.6737909317016602,2.0,2.0,2.0,0.3359375,16.0,0.03925906099026021,0.025198593735694885,0.3000984489917755,21374.375,16.0,1.0,342055.0,170995.0,0.4999049860402567,128.0,1.0,4.905161746082844e-07,22.21385908126831,77.2292811870575,881.0,0.0,114.25037169456482
882,882.0,8.0,16.0,22.434999227523804,128.0,1.0,256504.0,792072.0,0.7553787231445312,2.0,2.0,2.0,0.2109375,16.0,0.05951998158173691,0.03074534796178341,0.40976768732070923,16027.5,16.0,1.0,256504.0,128220.0,0.4998752456102049,128.0,1.0,4.896130774429314e-07,22.21385908126831,62.60955739021301,882.0,0.0,85.11179828643799
883,883.0,8.0,16.0,31.687154293060303,128.0,1.0,189400.0,859176.0,0.8193740844726562,2.0,2.0,2.0,0.4921875,16.0,0.06882173667490837,0.03331964090466499,0.735862672328949,11833.625,16.0,1.0,189400.0,94669.0,0.4998363252375924,128.0,1.0,4.887100141766149e-07,22.21385908126831,65.58403253555298,883.0,0.0,97.33026218414307
884,884.0,8.0,16.0,19.240363359451294,128.0,1.0,176696.0,871880.0,0.8314895629882812,2.0,2.0,2.0,0.484375,16.0,0.05397789212113422,0.02534017711877823,0.5110750198364258,11039.375,16.0,1.0,176696.0,88315.0,0.499813238556617,128.0,1.0,4.878069877565966e-07,22.21385908126831,55.939000844955444,884.0,0.0,75.22742915153503
885,885.0,8.0,16.0,36.144930362701416,128.0,1.0,255984.0,792592.0,0.7558746337890625,2.0,2.0,2.0,0.3671875,16.0,0.0462012072171879,0.027555612847208977,0.3539528548717499,15995.25,16.0,1.0,255984.0,127962.0,0.49988280517532346,128.0,1.0,4.869040011300171e-07,22.21385908126831,65.98708844184875,885.0,0.0,102.19406962394714
886,886.0,8.0,16.0,38.45022416114807,128.0,1.0,314743.0,733833.0,0.6998376846313477,2.0,2.0,2.0,0.34375,16.0,0.04922876979882897,0.029354315251111984,0.35669514536857605,19667.0,16.0,1.0,314743.0,157336.0,0.4998872095646289,128.0,1.0,4.860010572438878e-07,22.21385908126831,71.51609349250793,886.0,0.0,110.0392816066742
887,887.0,8.0,16.0,40.8399772644043,128.0,1.0,242367.0,806209.0,0.7688608169555664,2.0,2.0,2.0,0.53125,16.0,0.05701891514458596,0.030634967610239983,0.3976743221282959,15144.25,16.0,1.0,242367.0,121154.0,0.4998782837597528,128.0,1.0,4.850981590450804e-07,22.21385908126831,81.55769753456116,887.0,0.0,122.46653318405151
888,888.0,8.0,16.0,27.691022157669067,128.0,1.0,317325.0,731251.0,0.6973752975463867,2.0,2.0,2.0,0.1875,16.0,0.06925596415862881,0.04035888612270355,0.40641459822654724,19828.875,16.0,1.0,317325.0,158631.0,0.49990073268730795,128.0,1.0,4.841953094803173e-07,22.21385908126831,69.25958275794983,888.0,0.0,97.03888249397278
889,889.0,8.0,16.0,32.839356660842896,128.0,1.0,219158.0,829418.0,0.7909946441650391,2.0,2.0,2.0,0.4609375,16.0,0.06464869541274945,0.035853318870067596,0.5041137337684631,13693.375,16.0,1.0,219158.0,109547.0,0.4998539866215242,128.0,1.0,4.832925114961628e-07,22.21385908126831,68.40971493721008,889.0,0.0,101.32886862754822
890,890.0,8.0,16.0,40.80587291717529,128.0,1.0,271817.0,776759.0,0.7407751083374023,2.0,2.0,2.0,0.53125,16.0,0.04790443062829965,0.026200784370303154,0.4436834752559662,16984.625,16.0,1.0,271817.0,135877.0,0.49988411320851894,128.0,1.0,4.823897680390119e-07,22.21385908126831,71.65549325942993,890.0,0.0,112.55091643333435
891,891.0,8.0,16.0,31.66629672050476,128.0,1.0,295292.0,753284.0,0.7183876037597656,2.0,2.0,2.0,0.4765625,16.0,0.051962758827543344,0.029199831187725067,0.4190644919872284,18451.625,16.0,1.0,295292.0,147613.0,0.4998882462105306,128.0,1.0,4.814870820550821e-07,22.21385908126831,72.75982570648193,891.0,0.0,104.50560975074768
892,892.0,8.0,16.0,33.160128593444824,128.0,1.0,293064.0,755512.0,0.7205123901367188,2.0,2.0,2.0,0.3125,16.0,0.06959548375204808,0.03598770126700401,0.4434528648853302,18312.375,16.0,1.0,293064.0,146499.0,0.4998873966096143,128.0,1.0,4.80584456490404e-07,22.21385908126831,71.48890423774719,892.0,0.0,104.73207545280457
893,893.0,8.0,16.0,33.96847367286682,128.0,1.0,260026.0,788550.0,0.7520198822021484,2.0,2.0,2.0,0.4609375,16.0,0.06078553025856222,0.0339936800301075,0.4312470257282257,16247.5,16.0,1.0,260026.0,129980.0,0.49987308961411553,128.0,1.0,4.796818942908099e-07,22.21385908126831,76.78568744659424,893.0,0.0,110.82372856140137
894,894.0,8.0,16.0,20.267505645751953,128.0,1.0,194033.0,854543.0,0.8149557113647461,2.0,2.0,2.0,0.5703125,16.0,0.07171313613627064,0.03491135314106941,0.5800511837005615,12123.375,16.0,1.0,194033.0,96987.0,0.4998479640061227,128.0,1.0,4.787793984019259e-07,22.21385908126831,58.94863677024841,894.0,0.0,79.27167582511902
895,895.0,8.0,16.0,32.62842273712158,128.0,1.0,280597.0,767979.0,0.7324018478393555,2.0,2.0,2.0,0.3046875,16.0,0.06197112792595605,0.030854342505335808,0.4479205012321472,17533.375,16.0,1.0,280597.0,140267.0,0.49988773935573083,128.0,1.0,4.778769717691616e-07,22.21385908126831,67.01502442359924,895.0,0.0,99.72645664215088
896,896.0,8.0,16.0,39.43001055717468,128.0,1.0,246761.0,801815.0,0.7646703720092773,2.0,2.0,2.0,0.4921875,16.0,0.05075578704429604,0.02255120687186718,0.6283585429191589,15418.375,16.0,1.0,246761.0,123347.0,0.49986424110779254,128.0,1.0,4.769746173377005e-07,22.21385908126831,89.78646302223206,896.0,0.0,129.27899074554443
897,897.0,8.0,16.0,27.621764421463013,128.0,1.0,188377.0,860199.0,0.8203496932983398,2.0,2.0,2.0,0.484375,16.0,0.0601299876591736,0.027649596333503723,0.6522974967956543,11769.5,16.0,1.0,188377.0,94156.0,0.4998274736300079,128.0,1.0,4.760723380524906e-07,22.21385908126831,69.25945210456848,897.0,0.0,96.93363809585571
898,898.0,8.0,16.0,39.84034609794617,128.0,1.0,237385.0,811191.0,0.7736120223999023,2.0,2.0,2.0,0.484375,16.0,0.06219242380633549,0.030348120257258415,0.4733177721500397,14832.375,16.0,1.0,237385.0,118659.0,0.4998588790361649,128.0,1.0,4.7517013685823464e-07,22.21385908126831,71.53125548362732,898.0,0.0,111.4341824054718
899,899.0,8.0,16.0,30.41341805458069,128.0,1.0,215191.0,833385.0,0.7947778701782227,2.0,2.0,2.0,0.484375,16.0,0.055418472627424026,0.02516443096101284,0.5905753970146179,13445.375,16.0,1.0,215191.0,107563.0,0.49984897137891454,128.0,1.0,4.7426801669938026e-07,22.21385908126831,62.96004819869995,899.0,0.0,93.44279742240906
900,900.0,8.0,16.0,26.997709035873413,128.0,1.0,214877.0,833699.0,0.7950773239135742,2.0,2.0,2.0,0.5,16.0,0.054846897729545194,0.025043807923793793,0.5155879855155945,13426.125,16.0,1.0,214877.0,107409.0,0.4998627121562568,128.0,1.0,4.733659805201108e-07,22.21385908126831,66.0657548904419,900.0,0.0,310.0775136947632
901,901.0,8.0,16.0,34.765952825546265,128.0,1.0,244300.0,804276.0,0.7670173645019531,2.0,2.0,2.0,0.4375,16.0,0.04301871482388277,0.022176599130034447,0.45796993374824524,15264.375,16.0,1.0,244300.0,122115.0,0.4998567335243553,128.0,1.0,4.724640312643357e-07,22.21385908126831,66.73963499069214,901.0,0.0,101.57111477851868
902,902.0,8.0,16.0,39.41988754272461,128.0,1.0,212476.0,836100.0,0.7973670959472656,2.0,2.0,2.0,0.6015625,16.0,0.06461767450455307,0.030629239976406097,0.4830456078052521,13274.875,16.0,1.0,212476.0,106199.0,0.4998164498578663,128.0,1.0,4.7156217187568046e-07,22.21385908126831,66.95312881469727,902.0,0.0,106.43331360816956
903,903.0,8.0,16.0,34.72570753097534,128.0,1.0,296476.0,752100.0,0.7172584533691406,2.0,2.0,2.0,0.4921875,16.0,0.05043659153667267,0.025992443785071373,0.4291684627532959,18525.125,16.0,1.0,296476.0,148201.0,0.49987520069078106,128.0,1.0,4.706604052974773e-07,22.21385908126831,69.28570127487183,903.0,0.0,104.08720183372498
904,904.0,8.0,16.0,39.388532876968384,128.0,1.0,290913.0,757663.0,0.7225637435913086,2.0,2.0,2.0,0.4765625,16.0,0.03838649999439327,0.021471519023180008,0.3827536106109619,18178.125,16.0,1.0,290913.0,145425.0,0.49989172020500977,128.0,1.0,4.6975873447275567e-07,22.21385908126831,89.79678893089294,904.0,0.0,129.26219582557678
905,905.0,8.0,16.0,26.081879138946533,128.0,1.0,249610.0,798966.0,0.7619533538818359,2.0,2.0,2.0,0.359375,16.0,0.07236350481009886,0.04159911349415779,0.4744336009025574,15596.25,16.0,1.0,249610.0,124770.0,0.4998597812587637,128.0,1.0,4.6885716234423234e-07,22.21385908126831,64.49615812301636,905.0,0.0,90.666987657547
906,906.0,8.0,16.0,40.395622968673706,128.0,1.0,329496.0,719080.0,0.6857681274414062,2.0,2.0,2.0,0.4921875,16.0,0.049404433845365026,0.031311389058828354,0.3692055940628052,20589.375,16.0,1.0,329496.0,164715.0,0.4998998470391143,128.0,1.0,4.6795569185430224e-07,22.21385908126831,95.91178774833679,906.0,0.0,136.39511394500732
907,907.0,8.0,16.0,37.3047935962677,128.0,1.0,313036.0,735540.0,0.7014656066894531,2.0,2.0,2.0,0.2578125,16.0,0.048447736617908785,0.026095226407051086,0.451177716255188,19561.25,16.0,1.0,313036.0,156490.0,0.4999105534187761,128.0,1.0,4.670543259450286e-07,22.21385908126831,71.7873182296753,907.0,0.0,109.18321967124939
908,908.0,8.0,16.0,26.443138599395752,128.0,1.0,249044.0,799532.0,0.7624931335449219,2.0,2.0,2.0,0.46875,16.0,0.061099196956338475,0.031493280082941055,0.46430325508117676,15561.25,16.0,1.0,249044.0,124490.0,0.49987150864907404,128.0,1.0,4.6615306755813254e-07,22.21385908126831,61.14349412918091,908.0,0.0,87.6774890422821
909,909.0,8.0,16.0,37.375301361083984,128.0,1.0,238093.0,810483.0,0.7729368209838867,2.0,2.0,2.0,0.453125,16.0,0.05708956016669698,0.028117304667830467,0.5022440552711487,14876.375,16.0,1.0,238093.0,119011.0,0.49985089859844684,128.0,1.0,4.6525191963498544e-07,22.21385908126831,74.5674340724945,909.0,0.0,112.03325271606445
910,910.0,8.0,16.0,32.82050108909607,128.0,1.0,275236.0,773340.0,0.7375144958496094,2.0,2.0,2.0,0.4921875,16.0,0.0523585923667463,0.02836201712489128,0.506192684173584,17198.375,16.0,1.0,275236.0,137587.0,0.49988736938481887,128.0,1.0,4.6435088511659745e-07,22.21385908126831,70.9691412448883,910.0,0.0,103.86260151863098
911,911.0,8.0,16.0,25.147749662399292,128.0,1.0,204914.0,843662.0,0.8045787811279297,2.0,2.0,2.0,0.6484375,16.0,0.05734917574984988,0.03095441311597824,0.5142665505409241,12802.625,16.0,1.0,204914.0,102421.0,0.49982431654254955,128.0,1.0,4.634499669436091e-07,22.21385908126831,64.24974226951599,911.0,0.0,89.45525431632996
912,912.0,8.0,16.0,40.387454986572266,128.0,1.0,225389.0,823187.0,0.7850522994995117,2.0,2.0,2.0,0.390625,16.0,0.06046450460954171,0.03166651353240013,0.621776282787323,14082.75,16.0,1.0,225389.0,112662.0,0.4998558048529431,128.0,1.0,4.625491680562804e-07,22.21385908126831,63.34877371788025,912.0,0.0,103.80784583091736
913,913.0,8.0,16.0,24.229204177856445,128.0,1.0,227180.0,821396.0,0.7833442687988281,2.0,2.0,2.0,0.515625,16.0,0.05930632490605409,0.030494296923279762,0.6132072806358337,14194.875,16.0,1.0,227180.0,113559.0,0.49986354432608504,128.0,1.0,4.616484913944827e-07,22.21385908126831,61.394335985183716,913.0,0.0,85.68462181091309
914,914.0,8.0,16.0,25.14058017730713,128.0,1.0,285937.0,762639.0,0.7273092269897461,2.0,2.0,2.0,0.3359375,16.0,0.04878279023633634,0.02605719119310379,0.45960909128189087,17867.0,16.0,1.0,285937.0,142936.0,0.499886338599062,128.0,1.0,4.607479398976884e-07,22.21385908126831,74.16101717948914,914.0,0.0,99.37707138061523
915,915.0,8.0,16.0,27.555952310562134,128.0,1.0,302827.0,745749.0,0.7112016677856445,2.0,2.0,2.0,0.3359375,16.0,0.054108643521338366,0.03117762878537178,0.38202106952667236,18923.0,16.0,1.0,302827.0,151384.0,0.4999025846440377,128.0,1.0,4.5984751650496125e-07,22.21385908126831,70.41003489494324,915.0,0.0,98.05838346481323
916,916.0,8.0,16.0,16.6552894115448,128.0,1.0,155193.0,893383.0,0.8519964218139648,2.0,2.0,2.0,0.7109375,16.0,0.06356601052410721,0.029144572094082832,0.6921061873435974,9696.0,16.0,1.0,155193.0,77568.0,0.4998163576965456,128.0,1.0,4.5894722415494727e-07,22.21385908126831,51.38900852203369,916.0,0.0,68.09074878692627
917,917.0,8.0,16.0,30.09090256690979,128.0,1.0,259446.0,789130.0,0.7525730133056641,2.0,2.0,2.0,0.546875,16.0,0.05221511923533154,0.028381045907735825,0.5098240971565247,16212.0,16.0,1.0,259446.0,129696.0,0.49989593210147776,128.0,1.0,4.5804706578586404e-07,22.21385908126831,71.70414733886719,917.0,0.0,101.8641414642334
918,918.0,8.0,16.0,31.491862058639526,128.0,1.0,202479.0,846097.0,0.8069009780883789,2.0,2.0,2.0,0.4765625,16.0,0.05786328799855486,0.031378455460071564,0.4941827058792114,12650.5,16.0,1.0,202479.0,101204.0,0.49982467317598367,128.0,1.0,4.5714704433549266e-07,22.21385908126831,68.3808205127716,918.0,0.0,99.92879605293274
919,919.0,8.0,16.0,34.00039863586426,128.0,1.0,244029.0,804547.0,0.7672758102416992,2.0,2.0,2.0,0.5,16.0,0.05797230781365257,0.02879701927304268,0.6121967434883118,15247.625,16.0,1.0,244029.0,121981.0,0.4998627212339517,128.0,1.0,4.562471627411669e-07,22.21385908126831,68.71986603736877,919.0,0.0,102.78896594047546
920,920.0,8.0,16.0,27.343982219696045,128.0,1.0,215429.0,833147.0,0.794550895690918,2.0,2.0,2.0,0.6484375,16.0,0.06449235323058915,0.032915178686380386,0.49319687485694885,13460.5,16.0,1.0,215429.0,107684.0,0.4998584220323169,128.0,1.0,4.5534742393976456e-07,22.21385908126831,74.5282940864563,920.0,0.0,101.93133163452148
921,921.0,8.0,16.0,40.58199429512024,128.0,1.0,316885.0,731691.0,0.6977949142456055,2.0,2.0,2.0,0.375,16.0,0.04637188634128433,0.026142148301005363,0.33341190218925476,19801.375,16.0,1.0,316885.0,158411.0,0.4999005948530224,128.0,1.0,4.5444783086769665e-07,22.21385908126831,82.49158024787903,921.0,0.0,123.15364289283752
922,922.0,8.0,16.0,19.23504662513733,128.0,1.0,173491.0,875085.0,0.8345460891723633,2.0,2.0,2.0,0.8046875,16.0,0.04672383972361878,0.021719997748732567,0.5548263192176819,10839.625,16.0,1.0,173491.0,86717.0,0.4998357263489172,128.0,1.0,4.5354838646089943e-07,22.21385908126831,57.161487102508545,922.0,0.0,76.44563245773315
923,923.0,8.0,16.0,23.94994068145752,128.0,1.0,189472.0,859104.0,0.819305419921875,2.0,2.0,2.0,0.5703125,16.0,0.06917868992792743,0.03105727769434452,0.5958260297775269,11838.375,16.0,1.0,189472.0,94707.0,0.4998469430839385,128.0,1.0,4.526490936548234e-07,22.21385908126831,55.988911867141724,923.0,0.0,79.99376225471497
924,924.0,8.0,16.0,25.692328453063965,128.0,1.0,187057.0,861519.0,0.8216085433959961,2.0,2.0,2.0,0.7734375,16.0,0.053685949315666254,0.02485058829188347,0.4639965891838074,11687.0,16.0,1.0,187057.0,93496.0,0.49982625616790605,128.0,1.0,4.517499553844246e-07,22.21385908126831,57.38717007637024,924.0,0.0,83.13421630859375
925,925.0,8.0,16.0,21.893070220947266,128.0,1.0,236704.0,811872.0,0.774261474609375,2.0,2.0,2.0,0.40625,16.0,0.05053043906869194,0.02405134029686451,0.4559116065502167,14789.0,16.0,1.0,236704.0,118312.0,0.4998310125726646,128.0,1.0,4.5085097458415455e-07,22.21385908126831,59.16999053955078,925.0,0.0,81.124596118927
926,926.0,8.0,16.0,27.590177297592163,128.0,1.0,208298.0,840278.0,0.8013515472412109,2.0,2.0,2.0,0.53125,16.0,0.06367470999834891,0.03263963758945465,0.46532541513442993,13014.625,16.0,1.0,208298.0,104117.0,0.49984637394502107,128.0,1.0,4.499521541879508e-07,22.21385908126831,64.99044871330261,926.0,0.0,92.6575255393982
927,927.0,8.0,16.0,27.675710201263428,128.0,1.0,210552.0,838024.0,0.7992019653320312,2.0,2.0,2.0,0.4375,16.0,0.060669810856357156,0.029437702149152756,0.4963669776916504,13155.625,16.0,1.0,210552.0,105245.0,0.4998527679623086,128.0,1.0,4.4905349712922763e-07,22.21385908126831,65.28036975860596,927.0,0.0,93.01232028007507
928,928.0,8.0,16.0,38.35046601295471,128.0,1.0,288000.0,760576.0,0.725341796875,2.0,2.0,2.0,0.4375,16.0,0.047742611035995135,0.027711033821105957,0.36401963233947754,17996.625,16.0,1.0,288000.0,143973.0,0.49990625,128.0,1.0,4.48155006340866e-07,22.21385908126831,83.5973219871521,928.0,0.0,122.0234055519104
929,929.0,8.0,16.0,30.118061065673828,128.0,1.0,272650.0,775926.0,0.7399806976318359,2.0,2.0,2.0,0.4765625,16.0,0.07321269329402938,0.03826114535331726,0.5723759531974792,17036.75,16.0,1.0,272650.0,136294.0,0.4998863011186503,128.0,1.0,4.4725668475520466e-07,22.21385908126831,67.5585150718689,929.0,0.0,97.75122809410095
930,930.0,8.0,16.0,17.68489909172058,128.0,1.0,255720.0,792856.0,0.7561264038085938,2.0,2.0,2.0,0.3046875,16.0,0.06859446102238187,0.035630855709314346,0.421922504901886,15978.75,16.0,1.0,255720.0,127830.0,0.49988268418582826,128.0,1.0,4.4635853530402936e-07,22.21385908126831,60.866403341293335,930.0,0.0,78.6211884021759
931,931.0,8.0,16.0,21.440542697906494,128.0,1.0,219668.0,828908.0,0.7905082702636719,2.0,2.0,2.0,0.28125,16.0,0.05273684654627102,0.027642153203487396,0.4517882168292999,13724.75,16.0,1.0,219668.0,109798.0,0.4998361163209935,128.0,1.0,4.4546056091856465e-07,22.21385908126831,65.00213170051575,931.0,0.0,86.4997022151947
932,932.0,8.0,16.0,39.824464321136475,128.0,1.0,270885.0,777691.0,0.741663932800293,2.0,2.0,2.0,0.2734375,16.0,0.0675671725422276,0.03491395711898804,0.48032382130622864,16926.25,16.0,1.0,270885.0,135410.0,0.49988002288794137,128.0,1.0,4.4456276452946375e-07,22.21385908126831,78.2197196483612,932.0,0.0,118.11619257926941
933,933.0,8.0,16.0,41.630791425704956,128.0,1.0,251509.0,797067.0,0.7601423263549805,2.0,2.0,2.0,0.5703125,16.0,0.0703056927750642,0.04265507683157921,0.5113288164138794,15715.375,16.0,1.0,251509.0,125723.0,0.4998747559729473,128.0,1.0,4.4366514906679875e-07,22.21385908126831,86.06574153900146,933.0,0.0,127.76584076881409
934,934.0,8.0,16.0,34.392993211746216,128.0,1.0,358366.0,690210.0,0.6582355499267578,2.0,2.0,2.0,0.25,16.0,0.05885671489035953,0.03467213362455368,0.4003940522670746,22394.0,16.0,1.0,358366.0,179152.0,0.49991349625801557,128.0,1.0,4.427677174600517e-07,22.21385908126831,82.52085447311401,934.0,0.0,117.01188969612122
935,935.0,8.0,16.0,36.77527332305908,128.0,1.0,317277.0,731299.0,0.6974210739135742,2.0,2.0,2.0,0.2265625,16.0,0.04668895025775005,0.029186520725488663,0.3821515440940857,19825.875,16.0,1.0,317277.0,158607.0,0.4999007176694182,128.0,1.0,4.418704726381037e-07,22.21385908126831,80.79797744750977,935.0,0.0,117.6559317111969
936,936.0,8.0,16.0,39.02529978752136,128.0,1.0,309605.0,738971.0,0.704737663269043,2.0,2.0,2.0,0.3984375,16.0,0.048435213724774384,0.0319426953792572,0.3340350389480591,19345.625,16.0,1.0,309605.0,154765.0,0.4998788779250981,128.0,1.0,4.40973417529227e-07,22.21385908126831,85.34383010864258,936.0,0.0,124.4621934890747
937,937.0,8.0,16.0,23.63724637031555,128.0,1.0,237201.0,811375.0,0.7737874984741211,2.0,2.0,2.0,0.3515625,16.0,0.06577531043952684,0.03585589677095413,0.5117141604423523,14821.625,16.0,1.0,237201.0,118573.0,0.4998840645697109,128.0,1.0,4.400765550610747e-07,22.21385908126831,63.92743539810181,937.0,0.0,87.63014006614685
938,938.0,8.0,16.0,39.52967286109924,128.0,1.0,246125.0,802451.0,0.7652769088745117,2.0,2.0,2.0,0.375,16.0,0.05289646251460909,0.028965160250663757,0.4130680561065674,15379.5,16.0,1.0,246125.0,123036.0,0.4998923311325546,128.0,1.0,4.3917988816067083e-07,22.21385908126831,82.32615184783936,938.0,0.0,121.92296481132507
939,939.0,8.0,16.0,15.367359161376953,128.0,1.0,172312.0,876264.0,0.8356704711914062,2.0,2.0,2.0,0.6171875,16.0,0.059641259759180054,0.0259501151740551,0.5288336873054504,10765.0,16.0,1.0,172312.0,86120.0,0.4997910766516551,128.0,1.0,4.382834197544013e-07,22.21385908126831,56.77796721458435,939.0,0.0,72.1954333782196
940,940.0,8.0,16.0,37.20855116844177,128.0,1.0,205358.0,843218.0,0.8041553497314453,2.0,2.0,2.0,0.75,16.0,0.04323989634581908,0.022767875343561172,0.4147532880306244,12830.75,16.0,1.0,205358.0,102646.0,0.49983930501855295,128.0,1.0,4.373871527680043e-07,22.21385908126831,75.38036775588989,940.0,0.0,112.661794424057
941,941.0,8.0,16.0,41.44308543205261,128.0,1.0,238308.0,810268.0,0.7727317810058594,2.0,2.0,2.0,0.4765625,16.0,0.05720332400139153,0.02796289697289467,0.45478159189224243,14890.5,16.0,1.0,238308.0,119124.0,0.4998741124930762,128.0,1.0,4.364910901265606e-07,22.21385908126831,84.9275689125061,941.0,0.0,126.43333077430725
942,942.0,8.0,16.0,22.715545892715454,128.0,1.0,240239.0,808337.0,0.7708902359008789,2.0,2.0,2.0,0.46875,16.0,0.07354365490080268,0.04074837639927864,0.4852628707885742,15011.375,16.0,1.0,240239.0,120091.0,0.499881368137563,128.0,1.0,4.355952347544841e-07,22.21385908126831,66.81537795066833,942.0,0.0,89.59931659698486
943,943.0,8.0,16.0,24.137210607528687,128.0,1.0,212853.0,835723.0,0.7970075607299805,2.0,2.0,2.0,0.546875,16.0,0.08246481238759447,0.04364341124892235,0.6007964015007019,13299.75,16.0,1.0,212853.0,106398.0,0.4998661047765359,128.0,1.0,4.346995895755123e-07,22.21385908126831,62.314964294433594,943.0,0.0,86.51290035247803
944,944.0,8.0,16.0,22.51039171218872,128.0,1.0,158099.0,890477.0,0.8492250442504883,2.0,2.0,2.0,0.609375,16.0,0.05885105616605102,0.023397115990519524,0.6242298483848572,9876.625,16.0,1.0,158099.0,79013.0,0.4997691319995699,128.0,1.0,4.338041575126964e-07,22.21385908126831,60.1594762802124,944.0,0.0,82.71633052825928
945,945.0,8.0,16.0,23.69916582107544,128.0,1.0,170311.0,878265.0,0.8375787734985352,2.0,2.0,2.0,0.6484375,16.0,0.0749348471570762,0.03604583442211151,0.6458176374435425,10640.5,16.0,1.0,170311.0,85124.0,0.4998150442425915,128.0,1.0,4.3290894148839237e-07,22.21385908126831,61.369141817092896,945.0,0.0,85.12213373184204
946,946.0,8.0,16.0,27.8901469707489,128.0,1.0,267702.0,780874.0,0.7446994781494141,2.0,2.0,2.0,0.4453125,16.0,0.05821538283790992,0.031099412590265274,0.426257461309433,16727.5,16.0,1.0,267702.0,133820.0,0.49988419959507213,128.0,1.0,4.320139444242511e-07,22.21385908126831,66.75257420539856,946.0,0.0,94.72717499732971
947,947.0,8.0,16.0,30.30305767059326,128.0,1.0,212555.0,836021.0,0.7972917556762695,2.0,2.0,2.0,0.703125,16.0,0.058110579610010746,0.028752418234944344,0.4752623438835144,13280.25,16.0,1.0,212555.0,106242.0,0.4998329844040366,128.0,1.0,4.3111916924120895e-07,22.21385908126831,68.87291646003723,947.0,0.0,99.23463368415833
948,948.0,8.0,16.0,19.399128675460815,128.0,1.0,220631.0,827945.0,0.7895898818969727,2.0,2.0,2.0,0.4296875,16.0,0.0640660085551991,0.033821724355220795,0.5233097076416016,13785.625,16.0,1.0,220631.0,110285.0,0.4998617601334355,128.0,1.0,4.302246188594776e-07,22.21385908126831,62.9690363407135,948.0,0.0,82.42799806594849
949,949.0,8.0,16.0,35.34724164009094,128.0,1.0,182396.0,866180.0,0.8260536193847656,2.0,2.0,2.0,0.75,16.0,0.044792759000194284,0.02059215120971203,0.4520527124404907,11396.25,16.0,1.0,182396.0,91170.0,0.4998464878615759,128.0,1.0,4.2933029619853574e-07,22.21385908126831,69.59549927711487,949.0,0.0,105.01032042503357
950,950.0,8.0,16.0,39.84250044822693,128.0,1.0,299049.0,749527.0,0.7148046493530273,2.0,2.0,2.0,0.2734375,16.0,0.056347778357097776,0.03251633793115616,0.3556523025035858,18687.125,16.0,1.0,299049.0,149497.0,0.4999080418259215,128.0,1.0,4.284362041771185e-07,22.21385908126831,76.66193914413452,950.0,0.0,344.11165046691895
951,951.0,8.0,16.0,25.755457878112793,128.0,1.0,271456.0,777120.0,0.741119384765625,2.0,2.0,2.0,0.484375,16.0,0.06464346658375328,0.03361345827579498,0.41916969418525696,16961.625,16.0,1.0,271456.0,135693.0,0.49987106566073325,128.0,1.0,4.2754234571320874e-07,22.21385908126831,72.66720247268677,951.0,0.0,98.53692126274109
952,952.0,8.0,16.0,31.77830743789673,128.0,1.0,332635.0,715941.0,0.682774543762207,2.0,2.0,2.0,0.2109375,16.0,0.06461790251580388,0.03586670383810997,0.4216569662094116,20786.25,16.0,1.0,332635.0,166290.0,0.49991732679964523,128.0,1.0,4.266487237240261e-07,22.21385908126831,77.80138325691223,952.0,0.0,109.67355966567993
953,953.0,8.0,16.0,38.54283690452576,128.0,1.0,233955.0,814621.0,0.7768831253051758,2.0,2.0,2.0,0.4453125,16.0,0.05179546839262076,0.02695494145154953,0.6780308485031128,14618.5,16.0,1.0,233955.0,116948.0,0.49987390737535,128.0,1.0,4.257553411260194e-07,22.21385908126831,73.45603609085083,953.0,0.0,112.07108664512634
954,954.0,8.0,16.0,28.421022415161133,128.0,1.0,224417.0,824159.0,0.7859792709350586,2.0,2.0,2.0,0.5078125,16.0,0.06948516652672782,0.04236983135342598,0.43701812624931335,14022.5,16.0,1.0,224417.0,112180.0,0.4998730042732948,128.0,1.0,4.248622008348558e-07,22.21385908126831,70.70102286338806,954.0,0.0,99.18602299690247
955,955.0,8.0,16.0,30.379636764526367,128.0,1.0,282107.0,766469.0,0.730961799621582,2.0,2.0,2.0,0.3125,16.0,0.058482623310211375,0.033416055142879486,0.42424410581588745,17628.0,16.0,1.0,282107.0,141024.0,0.499895429748287,128.0,1.0,4.239693057654116e-07,22.21385908126831,80.2562415599823,955.0,0.0,110.71393918991089
956,956.0,8.0,16.0,40.2708523273468,128.0,1.0,259742.0,788834.0,0.7522907257080078,2.0,2.0,2.0,0.3125,16.0,0.06958092336036738,0.0390327014029026,0.44015565514564514,16229.75,16.0,1.0,259742.0,129838.0,0.4998729508512293,128.0,1.0,4.230766588317634e-07,22.21385908126831,75.95010733604431,956.0,0.0,116.28944182395935
957,957.0,8.0,16.0,37.7896409034729,128.0,1.0,298872.0,749704.0,0.7149734497070312,2.0,2.0,2.0,0.140625,16.0,0.058874230299876644,0.03415607661008835,0.3448692560195923,18675.125,16.0,1.0,298872.0,149401.0,0.4998828930110549,128.0,1.0,4.221842629471768e-07,22.21385908126831,77.41118717193604,957.0,0.0,115.31279158592224
958,958.0,8.0,16.0,28.404593229293823,128.0,1.0,264872.0,783704.0,0.7473983764648438,2.0,2.0,2.0,0.2890625,16.0,0.06597673805026692,0.03738108649849892,0.5091167688369751,16550.25,16.0,1.0,264872.0,132402.0,0.4998716361110272,128.0,1.0,4.21292121024099e-07,22.21385908126831,79.10517239570618,958.0,0.0,107.58130264282227
959,959.0,8.0,16.0,39.03629541397095,128.0,1.0,225911.0,822665.0,0.7845544815063477,2.0,2.0,2.0,0.453125,16.0,0.07825776866450164,0.036996789276599884,0.5782151818275452,14115.625,16.0,1.0,225911.0,112925.0,0.49986499108055826,128.0,1.0,4.2040023597414817e-07,22.21385908126831,80.34650540351868,959.0,0.0,119.45790004730225
960,960.0,8.0,16.0,34.48689341545105,128.0,1.0,294342.0,754234.0,0.7192935943603516,2.0,2.0,2.0,0.3515625,16.0,0.04296450283493943,0.0233636274933815,0.5046273469924927,18391.875,16.0,1.0,294342.0,147135.0,0.49987769329555415,128.0,1.0,4.195086107081041e-07,22.21385908126831,72.82410264015198,960.0,0.0,107.38262748718262
961,961.0,8.0,16.0,39.99110794067383,128.0,1.0,198453.0,850123.0,0.8107404708862305,2.0,2.0,2.0,0.5,16.0,0.048211460294349494,0.01909838430583477,0.5419918298721313,12399.0,16.0,1.0,198453.0,99192.0,0.4998261553113332,128.0,1.0,4.186172481358986e-07,22.21385908126831,67.33412432670593,961.0,0.0,107.37733745574951
962,962.0,8.0,16.0,41.07779812812805,128.0,1.0,287598.0,760978.0,0.7257251739501953,2.0,2.0,2.0,0.3125,16.0,0.06051289981014154,0.03203519433736801,0.37337109446525574,17970.5,16.0,1.0,287598.0,143764.0,0.4998783023525894,128.0,1.0,4.1772615116660633e-07,22.21385908126831,88.77080774307251,962.0,0.0,129.92013573646545
963,963.0,8.0,16.0,34.309364318847656,128.0,1.0,255195.0,793381.0,0.756627082824707,2.0,2.0,2.0,0.296875,16.0,0.04882364073633438,0.028111660853028297,0.40615272521972656,15945.125,16.0,1.0,255195.0,127561.0,0.4998569721193597,128.0,1.0,4.1683532270843495e-07,22.21385908126831,75.53782367706299,963.0,0.0,109.91421890258789
964,964.0,8.0,16.0,40.43183755874634,128.0,1.0,289833.0,758743.0,0.7235937118530273,2.0,2.0,2.0,0.34375,16.0,0.05306834675392372,0.030726958066225052,0.37370723485946655,18109.875,16.0,1.0,289833.0,144879.0,0.4998706151473435,128.0,1.0,4.159447656687161e-07,22.21385908126831,83.49113655090332,964.0,0.0,124.0044002532959
965,965.0,8.0,16.0,39.07671523094177,128.0,1.0,294637.0,753939.0,0.7190122604370117,2.0,2.0,2.0,0.1953125,16.0,0.06261640258398639,0.03190886229276657,0.4333113729953766,18410.375,16.0,1.0,294637.0,147283.0,0.49987951275637477,128.0,1.0,4.150544829538953e-07,22.21385908126831,77.23941349983215,965.0,0.0,116.39470767974854
966,966.0,8.0,16.0,31.778873205184937,128.0,1.0,290090.0,758486.0,0.7233486175537109,2.0,2.0,2.0,0.265625,16.0,0.06724540702085376,0.03789229318499565,0.4368946850299835,18126.5,16.0,1.0,290090.0,145012.0,0.49988624220069633,128.0,1.0,4.1416447746952295e-07,22.21385908126831,86.46789455413818,966.0,0.0,118.33094787597656
967,967.0,8.0,16.0,36.37264013290405,128.0,1.0,263952.0,784624.0,0.7482757568359375,2.0,2.0,2.0,0.40625,16.0,0.06118597534663602,0.032596249133348465,0.4323018491268158,16493.375,16.0,1.0,263952.0,131947.0,0.4998901315390677,128.0,1.0,4.132747521202445e-07,22.21385908126831,82.5157253742218,967.0,0.0,118.95922374725342
968,968.0,8.0,16.0,19.03920030593872,128.0,1.0,196427.0,852149.0,0.8126726150512695,2.0,2.0,2.0,0.421875,16.0,0.06580323663097432,0.030905017629265785,0.5142385363578796,12272.25,16.0,1.0,196427.0,98178.0,0.499819271281443,128.0,1.0,4.123853098097913e-07,22.21385908126831,65.29937243461609,968.0,0.0,84.40009832382202
969,969.0,8.0,16.0,38.57727122306824,128.0,1.0,344930.0,703646.0,0.6710491180419922,2.0,2.0,2.0,0.265625,16.0,0.04733158531947924,0.024679314345121384,0.42241305112838745,21554.25,16.0,1.0,344930.0,172434.0,0.4999101266923724,128.0,1.0,4.114961534409712e-07,22.21385908126831,90.73187756538391,969.0,0.0,129.3882932662964
970,970.0,8.0,16.0,26.074156045913696,128.0,1.0,235477.0,813099.0,0.7754316329956055,2.0,2.0,2.0,0.5234375,16.0,0.053772721362662305,0.02735646814107895,0.4890907108783722,14713.5,16.0,1.0,235477.0,117708.0,0.4998704756727833,128.0,1.0,4.106072859156582e-07,22.21385908126831,66.6401617527008,970.0,0.0,92.78059315681458
971,971.0,8.0,16.0,29.433687448501587,128.0,1.0,197094.0,851482.0,0.8120365142822266,2.0,2.0,2.0,0.5703125,16.0,0.05133616396253148,0.028400298207998276,0.523421049118042,12314.875,16.0,1.0,197094.0,98519.0,0.4998579358072798,128.0,1.0,4.097187101347841e-07,22.21385908126831,62.20382642745972,971.0,0.0,91.69188022613525
972,972.0,8.0,16.0,35.15214729309082,128.0,1.0,266294.0,782282.0,0.7460422515869141,2.0,2.0,2.0,0.5234375,16.0,0.05340003947795612,0.025192895904183388,0.4890459477901459,16639.0,16.0,1.0,266294.0,133112.0,0.4998685663214342,128.0,1.0,4.0883042899832834e-07,22.21385908126831,87.26300406455994,972.0,0.0,122.48341822624207
973,973.0,8.0,16.0,27.677002668380737,128.0,1.0,306303.0,742273.0,0.7078866958618164,2.0,2.0,2.0,0.3125,16.0,0.06779240415099097,0.03597910329699516,0.6620145440101624,19140.875,16.0,1.0,306303.0,153127.0,0.49992001384250234,128.0,1.0,4.079424454053091e-07,22.21385908126831,75.97886490821838,973.0,0.0,103.74497199058533
974,974.0,8.0,16.0,31.79709482192993,128.0,1.0,253016.0,795560.0,0.7587051391601562,2.0,2.0,2.0,0.3828125,16.0,0.054353405726919976,0.027388500049710274,0.4757173955440521,15809.5,16.0,1.0,253016.0,126476.0,0.4998735257849306,128.0,1.0,4.070547622537734e-07,22.21385908126831,77.42855286598206,974.0,0.0,109.29498839378357
975,975.0,8.0,16.0,33.97557592391968,128.0,1.0,257605.0,790971.0,0.754328727722168,2.0,2.0,2.0,0.4921875,16.0,0.05507858130124121,0.029656315222382545,0.4003854990005493,16096.125,16.0,1.0,257605.0,128769.0,0.4998699559402962,128.0,1.0,4.061673824407871e-07,22.21385908126831,69.86602115631104,975.0,0.0,103.93215608596802
976,976.0,8.0,16.0,24.058655738830566,128.0,1.0,239179.0,809397.0,0.7719011306762695,2.0,2.0,2.0,0.5703125,16.0,0.048904695375135886,0.02591654099524021,0.40040430426597595,14944.5,16.0,1.0,239179.0,119556.0,0.4998599375363222,128.0,1.0,4.052803088624267e-07,22.21385908126831,69.34876251220703,976.0,0.0,93.49462866783142
977,977.0,8.0,16.0,28.804205179214478,128.0,1.0,192667.0,855909.0,0.816258430480957,2.0,2.0,2.0,0.3984375,16.0,0.08412645810767684,0.03974362462759018,0.7395305037498474,12037.625,16.0,1.0,192667.0,96301.0,0.499831315170735,128.0,1.0,4.0439354441376927e-07,22.21385908126831,66.48959136009216,977.0,0.0,95.3596704006195
978,978.0,8.0,16.0,26.35733985900879,128.0,1.0,189821.0,858755.0,0.8189725875854492,2.0,2.0,2.0,0.515625,16.0,0.06098891469656036,0.030420489609241486,0.6339738368988037,11860.25,16.0,1.0,189821.0,94882.0,0.49984985855095065,128.0,1.0,4.035070919888829e-07,22.21385908126831,63.37152576446533,978.0,0.0,89.79953241348267
979,979.0,8.0,16.0,29.835295915603638,128.0,1.0,279721.0,768855.0,0.7332372665405273,2.0,2.0,2.0,0.3203125,16.0,0.06563275217038143,0.040651142597198486,0.45680633187294006,17478.25,16.0,1.0,279721.0,139826.0,0.49987666281759324,128.0,1.0,4.0262095448081704e-07,22.21385908126831,72.38396286964417,979.0,0.0,102.29722905158997
980,980.0,8.0,16.0,37.676963806152344,128.0,1.0,343841.0,704735.0,0.6720876693725586,2.0,2.0,2.0,0.3359375,16.0,0.06536128898469347,0.04380107671022415,0.35165533423423767,21486.125,16.0,1.0,343841.0,171889.0,0.49990838788858805,128.0,1.0,4.017351347815938e-07,22.21385908126831,94.43649101257324,980.0,0.0,132.20927691459656
981,981.0,8.0,16.0,25.05508327484131,128.0,1.0,210662.0,837914.0,0.7990970611572266,2.0,2.0,2.0,0.359375,16.0,0.06254854622188587,0.03290925547480583,0.5030292272567749,13162.0,16.0,1.0,210662.0,105296.0,0.4998338570791125,128.0,1.0,4.0084963578219786e-07,22.21385908126831,65.302579164505,981.0,0.0,90.41689133644104
982,982.0,8.0,16.0,19.295570850372314,128.0,1.0,229110.0,819466.0,0.7815036773681641,2.0,2.0,2.0,0.4375,16.0,0.0612912266001851,0.035079702734947205,0.574873149394989,14315.375,16.0,1.0,229110.0,114523.0,0.4998603290995592,128.0,1.0,3.999644603725673e-07,22.21385908126831,63.94437074661255,982.0,0.0,83.3227903842926
983,983.0,8.0,16.0,16.81377387046814,128.0,1.0,164526.0,884050.0,0.8430957794189453,2.0,2.0,2.0,0.453125,16.0,0.06355959589661825,0.02593141794204712,0.6674405932426453,10278.875,16.0,1.0,164526.0,82231.0,0.49980550186596645,128.0,1.0,3.9907961144158423e-07,22.21385908126831,61.0974280834198,983.0,0.0,77.97704935073853
984,984.0,8.0,16.0,22.219524145126343,128.0,1.0,196492.0,852084.0,0.8126106262207031,2.0,2.0,2.0,0.6171875,16.0,0.06291158790344839,0.028764603659510612,0.5334282517433167,12277.25,16.0,1.0,196492.0,98218.0,0.49985750055981926,128.0,1.0,3.98195091877065e-07,22.21385908126831,66.63345527648926,984.0,0.0,88.90761280059814
985,985.0,8.0,16.0,29.970895767211914,128.0,1.0,262093.0,786483.0,0.7500486373901367,2.0,2.0,2.0,0.46875,16.0,0.04579855213192983,0.02289687842130661,0.41207531094551086,16376.75,16.0,1.0,262093.0,131014.0,0.4998759982143743,128.0,1.0,3.9731090456575125e-07,22.21385908126831,67.07917428016663,985.0,0.0,97.1463098526001
986,986.0,8.0,16.0,33.06564140319824,128.0,1.0,278705.0,769871.0,0.7342061996459961,2.0,2.0,2.0,0.453125,16.0,0.04567218023343574,0.026500659063458443,0.4407309591770172,17414.875,16.0,1.0,278705.0,139319.0,0.4998798012235159,128.0,1.0,3.9642705239330017e-07,22.21385908126831,81.12126398086548,986.0,0.0,114.28891682624817
987,987.0,8.0,16.0,29.360435962677002,128.0,1.0,301853.0,746723.0,0.7121305465698242,2.0,2.0,2.0,0.203125,16.0,0.06592535263277684,0.03663000836968422,0.49944213032722473,18862.0,16.0,1.0,301853.0,150896.0,0.4998989574395484,128.0,1.0,3.9554353824427544e-07,22.21385908126831,82.20663642883301,987.0,0.0,111.67568612098694
988,988.0,8.0,16.0,20.41275382041931,128.0,1.0,208725.0,839851.0,0.8009443283081055,2.0,2.0,2.0,0.4296875,16.0,0.05806881501051216,0.030731268227100372,0.45917659997940063,13041.0,16.0,1.0,208725.0,104328.0,0.49983471074380165,128.0,1.0,3.94660365002137e-07,22.21385908126831,64.62482976913452,988.0,0.0,85.10712027549744
989,989.0,8.0,16.0,32.66805911064148,128.0,1.0,242171.0,806405.0,0.769047737121582,2.0,2.0,2.0,0.5546875,16.0,0.05492987024284716,0.02823347970843315,0.6048185229301453,15132.125,16.0,1.0,242171.0,121057.0,0.4998823145628502,128.0,1.0,3.9377753554923244e-07,22.21385908126831,77.93526816368103,989.0,0.0,110.66914939880371
990,990.0,8.0,16.0,19.350087881088257,128.0,1.0,237453.0,811123.0,0.7735471725463867,2.0,2.0,2.0,0.4765625,16.0,0.05526292614651642,0.031283117830753326,0.41632193326950073,14837.125,16.0,1.0,237453.0,118697.0,0.49987576488820945,128.0,1.0,3.9289505276678783e-07,22.21385908126831,68.10313010215759,990.0,0.0,87.5186140537262
991,991.0,8.0,16.0,38.54460096359253,128.0,1.0,371691.0,676885.0,0.6455278396606445,2.0,2.0,2.0,0.2890625,16.0,0.05003575659189853,0.030036352574825287,0.33501532673835754,23226.25,16.0,1.0,371691.0,185810.0,0.4999044905580173,128.0,1.0,3.920129195348973e-07,22.21385908126831,85.24483251571655,991.0,0.0,123.88243675231934
992,992.0,8.0,16.0,39.616360902786255,128.0,1.0,268399.0,780177.0,0.7440347671508789,2.0,2.0,2.0,0.390625,16.0,0.05401877072503256,0.02627524547278881,0.37462031841278076,16770.625,16.0,1.0,268399.0,134165.0,0.4998714600277944,128.0,1.0,3.9113113873251444e-07,22.21385908126831,73.20893692970276,992.0,0.0,112.8960816860199
993,993.0,8.0,16.0,39.22739362716675,128.0,1.0,269245.0,779331.0,0.7432279586791992,2.0,2.0,2.0,0.5703125,16.0,0.05183801843140318,0.0314188115298748,0.40600019693374634,16823.75,16.0,1.0,269245.0,134590.0,0.4998792920945607,128.0,1.0,3.9024971323744224e-07,22.21385908126831,83.55288004875183,993.0,0.0,122.85344457626343
994,994.0,8.0,16.0,19.80663013458252,128.0,1.0,220709.0,827867.0,0.789515495300293,2.0,2.0,2.0,0.3828125,16.0,0.056794248710663665,0.028864581137895584,0.44324514269828796,13790.125,16.0,1.0,220709.0,110321.0,0.49984821642977856,128.0,1.0,3.8936864592632456e-07,22.21385908126831,64.68042659759521,994.0,0.0,84.58150315284729
995,995.0,8.0,16.0,26.87948489189148,128.0,1.0,237840.0,810736.0,0.7731781005859375,2.0,2.0,2.0,0.6796875,16.0,0.049170215249435614,0.02475944720208645,0.404381662607193,14860.25,16.0,1.0,237840.0,118882.0,0.4998402287251934,128.0,1.0,3.8848793967463606e-07,22.21385908126831,70.57695937156677,995.0,0.0,97.5255811214447
996,996.0,8.0,16.0,36.74682068824768,128.0,1.0,232344.0,816232.0,0.7784194946289062,2.0,2.0,2.0,0.46875,16.0,0.05222992051687447,0.027487995103001595,0.4530704617500305,14517.25,16.0,1.0,232344.0,116138.0,0.4998536652549668,128.0,1.0,3.876075973566732e-07,22.21385908126831,77.49543905258179,996.0,0.0,114.30947017669678
997,997.0,8.0,16.0,24.5130455493927,128.0,1.0,263784.0,784792.0,0.7484359741210938,2.0,2.0,2.0,0.4140625,16.0,0.06583500545446057,0.031882092356681824,0.5056067705154419,16483.125,16.0,1.0,263784.0,131865.0,0.4998976435265217,128.0,1.0,3.867276218455444e-07,22.21385908126831,72.13337969779968,997.0,0.0,96.71864414215088
998,998.0,8.0,16.0,40.5618736743927,128.0,1.0,224980.0,823596.0,0.7854423522949219,2.0,2.0,2.0,0.578125,16.0,0.047021722279027144,0.024990014731884003,0.3861605226993561,14057.75,16.0,1.0,224980.0,112462.0,0.4998755444928438,128.0,1.0,3.858480160131612e-07,22.21385908126831,72.30843019485474,998.0,0.0,112.93204021453857
999,999.0,8.0,16.0,21.331542253494263,128.0,1.0,219484.0,829092.0,0.7906837463378906,2.0,2.0,2.0,0.3515625,16.0,0.06873468908824254,0.037213034927845,0.4930401146411896,13713.375,16.0,1.0,219484.0,109707.0,0.4998405350731716,128.0,1.0,3.8496878273022865e-07,22.21385908126831,63.84620809555054,999.0,0.0,85.2386064529419
1000,1000.0,8.0,16.0,27.737807273864746,128.0,1.0,261026.0,787550.0,0.7510662078857422,2.0,2.0,2.0,0.5,16.0,0.05100149783499797,0.028862150385975838,0.4224005937576294,16309.375,16.0,1.0,261026.0,130475.0,0.4998544206324274,128.0,1.0,3.840899248662358e-07,22.21385908126831,72.69440126419067,1000.0,0.0,323.4948284626007
1001,1001.0,8.0,16.0,24.915897369384766,128.0,1.0,232543.0,816033.0,0.7782297134399414,2.0,2.0,2.0,0.5390625,16.0,0.05776044648186017,0.03025401569902897,0.4165019989013672,14530.0,16.0,1.0,232543.0,116240.0,0.49986454118163093,128.0,1.0,3.832114452894468e-07,22.21385908126831,69.47312140464783,1001.0,0.0,94.45019340515137
1002,1002.0,8.0,16.0,36.1360285282135,128.0,1.0,291144.0,757432.0,0.7223434448242188,2.0,2.0,2.0,0.3828125,16.0,0.047982218441712056,0.026870664209127426,0.5696472525596619,18192.625,16.0,1.0,291144.0,145541.0,0.49989352347979005,128.0,1.0,3.823333468668905e-07,22.21385908126831,74.4023506641388,1002.0,0.0,110.61038970947266
1003,1003.0,8.0,16.0,40.94460463523865,128.0,1.0,290097.0,758479.0,0.7233419418334961,2.0,2.0,2.0,0.4375,16.0,0.03715857425020308,0.02112465351819992,0.4008800983428955,18126.875,16.0,1.0,290097.0,145015.0,0.4998845213842267,128.0,1.0,3.8145563246435253e-07,22.21385908126831,104.24872469902039,1003.0,0.0,145.26415085792542
1004,1004.0,8.0,16.0,19.593074798583984,128.0,1.0,225714.0,822862.0,0.7847423553466797,2.0,2.0,2.0,0.2734375,16.0,0.06499079429854686,0.030896466225385666,0.4925644099712372,14103.0,16.0,1.0,225714.0,112824.0,0.4998537972832877,128.0,1.0,3.80578304946365e-07,22.21385908126831,61.524498462677,1004.0,0.0,81.17579936981201
1005,1005.0,8.0,16.0,19.155632734298706,128.0,1.0,197893.0,850683.0,0.811274528503418,2.0,2.0,2.0,0.6484375,16.0,0.05965507073951794,0.0304030179977417,0.49994099140167236,12364.5,16.0,1.0,197893.0,98916.0,0.49984587630689314,128.0,1.0,3.797013671761973e-07,22.21385908126831,65.42456483840942,1005.0,0.0,84.63110756874084
1006,1006.0,8.0,16.0,19.19506812095642,128.0,1.0,217864.0,830712.0,0.7922286987304688,2.0,2.0,2.0,0.5625,16.0,0.06043454166159658,0.03400567173957825,0.47738248109817505,13611.75,16.0,1.0,217864.0,108894.0,0.49982557926045607,128.0,1.0,3.7882482201584674e-07,22.21385908126831,65.53663897514343,1006.0,0.0,84.79647469520569
1007,1007.0,8.0,16.0,16.68744945526123,128.0,1.0,190113.0,858463.0,0.8186941146850586,2.0,2.0,2.0,0.578125,16.0,0.059058811208124735,0.029900116845965385,0.5443359613418579,11877.625,16.0,1.0,190113.0,95021.0,0.4998132689505715,128.0,1.0,3.779486723260295e-07,22.21385908126831,64.67168712615967,1007.0,0.0,81.4084165096283
1008,1008.0,8.0,16.0,34.63916325569153,128.0,1.0,199719.0,848857.0,0.8095331192016602,2.0,2.0,2.0,0.53125,16.0,0.05872142555238053,0.03230458125472069,0.5155502557754517,12477.75,16.0,1.0,199719.0,99822.0,0.49981223619184956,128.0,1.0,3.7707292096617097e-07,22.21385908126831,72.07233548164368,1008.0,0.0,106.76495623588562
1009,1009.0,8.0,16.0,23.183467626571655,128.0,1.0,222398.0,826178.0,0.7879047393798828,2.0,2.0,2.0,0.546875,16.0,0.08824817176461187,0.03613840043544769,1.5243146419525146,13895.875,16.0,1.0,222398.0,111167.0,0.49985611381397316,128.0,1.0,3.7619757079439665e-07,22.21385908126831,67.44976782798767,1009.0,0.0,90.69048023223877
1010,1010.0,8.0,16.0,27.89555549621582,128.0,1.0,211489.0,837087.0,0.7983083724975586,2.0,2.0,2.0,0.4140625,16.0,0.06337989005052254,0.03140472248196602,0.4391821324825287,13214.0,16.0,1.0,211489.0,105712.0,0.49984632770498705,128.0,1.0,3.753226246675228e-07,22.21385908126831,66.02915954589844,1010.0,0.0,93.9837052822113
1011,1011.0,8.0,16.0,21.566492319107056,128.0,1.0,208689.0,839887.0,0.8009786605834961,2.0,2.0,2.0,0.5703125,16.0,0.05857030058164852,0.028032632544636726,0.5086989402770996,13039.0,16.0,1.0,208689.0,104312.0,0.4998442658693079,128.0,1.0,3.7444808544104647e-07,22.21385908126831,67.0116720199585,1011.0,0.0,88.63894391059875
1012,1012.0,8.0,16.0,31.985737323760986,128.0,1.0,179891.0,868685.0,0.8284425735473633,2.0,2.0,2.0,0.5390625,16.0,0.06594662430793147,0.02922990173101425,0.629720151424408,11239.625,16.0,1.0,179891.0,89917.0,0.4998415707289414,128.0,1.0,3.735739559691371e-07,22.21385908126831,77.93664145469666,1012.0,0.0,109.9725296497345
1013,1013.0,8.0,16.0,35.72303295135498,128.0,1.0,283203.0,765373.0,0.7299165725708008,2.0,2.0,2.0,0.421875,16.0,0.05087308780760542,0.03139149025082588,0.3825514018535614,17695.875,16.0,1.0,283203.0,141567.0,0.4998781792565757,128.0,1.0,3.727002391046273e-07,22.21385908126831,86.61916327476501,1013.0,0.0,122.42788696289062
1014,1014.0,8.0,16.0,24.3598313331604,128.0,1.0,236160.0,812416.0,0.7747802734375,2.0,2.0,2.0,0.4453125,16.0,0.06653432767708008,0.03257261961698532,0.6160345077514648,14756.625,16.0,1.0,236160.0,118053.0,0.4998856707317073,128.0,1.0,3.7182693769900274e-07,22.21385908126831,74.82956886291504,1014.0,0.0,99.24948596954346
1015,1015.0,8.0,16.0,25.264809370040894,128.0,1.0,188106.0,860470.0,0.8206081390380859,2.0,2.0,2.0,0.6328125,16.0,0.05841437568572777,0.0249375831335783,0.4946509003639221,11752.625,16.0,1.0,188106.0,94021.0,0.49982988315098936,128.0,1.0,3.709540546023926e-07,22.21385908126831,66.76240134239197,1015.0,0.0,92.08514499664307
1016,1016.0,8.0,16.0,38.89823269844055,128.0,1.0,304621.0,743955.0,0.7094907760620117,2.0,2.0,2.0,0.1875,16.0,0.05036186853507711,0.02555115893483162,0.5508865118026733,19034.625,16.0,1.0,304621.0,152277.0,0.49989002727980014,128.0,1.0,3.700815926635616e-07,22.21385908126831,84.76662468910217,1016.0,0.0,123.73837876319885
1017,1017.0,8.0,16.0,39.999122619628906,128.0,1.0,292007.0,756569.0,0.7215204238891602,2.0,2.0,2.0,0.3203125,16.0,0.045984196574260255,0.024370720610022545,0.34198081493377686,18246.625,16.0,1.0,292007.0,145973.0,0.4998955504491331,128.0,1.0,3.692095547298997e-07,22.21385908126831,97.78680515289307,1017.0,0.0,137.8706557750702
1018,1018.0,8.0,16.0,38.8779022693634,128.0,1.0,264425.0,784151.0,0.7478246688842773,2.0,2.0,2.0,0.4453125,16.0,0.04956833643255084,0.026564547792077065,0.3841034471988678,16522.5,16.0,1.0,264425.0,132180.0,0.4998770918029687,128.0,1.0,3.683379436474132e-07,22.21385908126831,73.28870511054993,1018.0,0.0,112.23461079597473
1019,1019.0,8.0,16.0,39.436644315719604,128.0,1.0,259139.0,789437.0,0.7528657913208008,2.0,2.0,2.0,0.5,16.0,0.05753320376473673,0.03361637890338898,0.45744436979293823,16192.375,16.0,1.0,259139.0,129539.0,0.4998823025480534,128.0,1.0,3.674667622607152e-07,22.21385908126831,74.72752714157104,1019.0,0.0,114.2276520729065
1020,1020.0,8.0,16.0,17.39900016784668,128.0,1.0,198145.0,850431.0,0.8110342025756836,2.0,2.0,2.0,0.6875,16.0,0.058540578356608294,0.029589949175715446,0.48187461495399475,12380.125,16.0,1.0,198145.0,99041.0,0.4998410255116203,128.0,1.0,3.665960134130163e-07,22.21385908126831,66.70651483535767,1020.0,0.0,84.16270065307617
1021,1021.0,8.0,16.0,28.963683366775513,128.0,1.0,285580.0,762996.0,0.7276496887207031,2.0,2.0,2.0,0.2109375,16.0,0.054220848871539634,0.029293540865182877,0.45898813009262085,17844.75,16.0,1.0,285580.0,142758.0,0.49988794733524755,128.0,1.0,3.657256999461157e-07,22.21385908126831,75.67150139808655,1021.0,0.0,104.70621538162231
1022,1022.0,8.0,16.0,36.35385179519653,128.0,1.0,251862.0,796714.0,0.7598056793212891,2.0,2.0,2.0,0.4921875,16.0,0.05405859641294344,0.028346294537186623,0.4848197102546692,15737.5,16.0,1.0,251862.0,125900.0,0.4998769167242379,128.0,1.0,3.6485582470039147e-07,22.21385908126831,76.97848844528198,1022.0,0.0,113.39553594589233
1023,1023.0,8.0,16.0,27.40134310722351,128.0,1.0,250314.0,798262.0,0.7612819671630859,2.0,2.0,2.0,0.4453125,16.0,0.04480049434368611,0.025661686435341835,0.5037051439285278,15640.75,16.0,1.0,250314.0,125126.0,0.4998761555486309,128.0,1.0,3.6398639051479184e-07,22.21385908126831,67.28060507774353,1023.0,0.0,94.7452220916748
1024,1024.0,8.0,16.0,40.94762349128723,128.0,1.0,237261.0,811315.0,0.7737302780151367,2.0,2.0,2.0,0.5078125,16.0,0.04408047653372109,0.025754403322935104,0.3592775762081146,14824.875,16.0,1.0,237261.0,118599.0,0.49986723481735307,128.0,1.0,3.63117400226825e-07,22.21385908126831,75.03843140602112,1024.0,0.0,116.04860925674438
1025,1025.0,8.0,16.0,35.80511116981506,128.0,1.0,334097.0,714479.0,0.6813802719116211,2.0,2.0,2.0,0.3671875,16.0,0.049778180763468294,0.02794250100851059,0.32058635354042053,20876.75,16.0,1.0,334097.0,167014.0,0.49989673657650324,128.0,1.0,3.62248856672551e-07,22.21385908126831,81.6276650428772,1025.0,0.0,117.51581692695618
1026,1026.0,8.0,16.0,22.526573181152344,128.0,1.0,200919.0,847657.0,0.8083887100219727,2.0,2.0,2.0,0.6328125,16.0,0.04622541700683013,0.025969337671995163,0.38922423124313354,12553.0,16.0,1.0,200919.0,100424.0,0.49982331188190265,128.0,1.0,3.613807626865716e-07,22.21385908126831,66.77827286720276,1026.0,0.0,89.35973525047302
1027,1027.0,8.0,16.0,28.781781435012817,128.0,1.0,206732.0,841844.0,0.8028450012207031,2.0,2.0,2.0,0.7265625,16.0,0.060651346826195086,0.02718028984963894,0.5140044689178467,12916.125,16.0,1.0,206732.0,103329.0,0.49982102432134357,128.0,1.0,3.6051312110202166e-07,22.21385908126831,73.1995108127594,1027.0,0.0,102.03644919395447
1028,1028.0,8.0,16.0,27.80233669281006,128.0,1.0,216918.0,831658.0,0.7931308746337891,2.0,2.0,2.0,0.40625,16.0,0.06886097822401356,0.03653797507286072,0.48720115423202515,13553.0,16.0,1.0,216918.0,108424.0,0.4998386487059626,128.0,1.0,3.5964593475055885e-07,22.21385908126831,79.20024156570435,1028.0,0.0,107.065194606781
1029,1029.0,8.0,16.0,32.040201902389526,128.0,1.0,280918.0,767658.0,0.7320957183837891,2.0,2.0,2.0,0.390625,16.0,0.049819728296897674,0.026399798691272736,0.3400048017501831,17554.5,16.0,1.0,280918.0,140436.0,0.49991812557401094,128.0,1.0,3.587792064623558e-07,22.21385908126831,79.3732099533081,1029.0,0.0,111.50238108634949
1030,1030.0,8.0,16.0,24.451865196228027,128.0,1.0,227209.0,821367.0,0.7833166122436523,2.0,2.0,2.0,0.4609375,16.0,0.06641135034581189,0.03591811656951904,0.4417784512042999,14196.625,16.0,1.0,227209.0,113573.0,0.49986136112565965,128.0,1.0,3.579129390660901e-07,22.21385908126831,70.66572761535645,1030.0,0.0,95.18991255760193
1031,1031.0,8.0,16.0,30.954785585403442,128.0,1.0,287359.0,761217.0,0.7259531021118164,2.0,2.0,2.0,0.3671875,16.0,0.05178061841996274,0.031379327178001404,0.3576675057411194,17955.375,16.0,1.0,287359.0,143643.0,0.49987298118381535,128.0,1.0,3.570471353889351e-07,22.21385908126831,74.650643825531,1031.0,0.0,105.69428491592407
1032,1032.0,8.0,16.0,23.29423213005066,128.0,1.0,239354.0,809222.0,0.7717342376708984,2.0,2.0,2.0,0.3984375,16.0,0.05680521016425891,0.032358214259147644,0.5068894028663635,14955.75,16.0,1.0,239354.0,119646.0,0.499870484721375,128.0,1.0,3.5618179825655084e-07,22.21385908126831,69.02904152870178,1032.0,0.0,92.3870964050293
1033,1033.0,8.0,16.0,23.952133655548096,128.0,1.0,229091.0,819485.0,0.7815217971801758,2.0,2.0,2.0,0.4375,16.0,0.0585188082473467,0.02896931581199169,0.4456476867198944,14314.5,16.0,1.0,229091.0,114516.0,0.49987123020982926,128.0,1.0,3.553169304930741e-07,22.21385908126831,66.83705234527588,1033.0,0.0,90.85246229171753
1034,1034.0,8.0,16.0,31.9998037815094,128.0,1.0,301240.0,747336.0,0.7127151489257812,2.0,2.0,2.0,0.484375,16.0,0.043006629437506806,0.026278572157025337,0.3504112660884857,18824.0,16.0,1.0,301240.0,150592.0,0.49990705085646,128.0,1.0,3.5445253492111067e-07,22.21385908126831,81.78517842292786,1034.0,0.0,113.86081075668335
1035,1035.0,8.0,16.0,38.08906698226929,128.0,1.0,249552.0,799024.0,0.7620086669921875,2.0,2.0,2.0,0.3671875,16.0,0.05088946735499826,0.028045782819390297,0.3874067962169647,15593.5,16.0,1.0,249552.0,124748.0,0.49988779893569274,128.0,1.0,3.535886143617248e-07,22.21385908126831,71.60103583335876,1035.0,0.0,109.76709318161011
1036,1036.0,8.0,16.0,22.60802936553955,128.0,1.0,200674.0,847902.0,0.8086223602294922,2.0,2.0,2.0,0.5390625,16.0,0.06044843653380374,0.028845181688666344,0.49864286184310913,12538.0,16.0,1.0,200674.0,100304.0,0.4998355541824053,128.0,1.0,3.527251716344308e-07,22.21385908126831,61.166316986083984,1036.0,0.0,83.83737897872925
1037,1037.0,8.0,16.0,30.269670486450195,128.0,1.0,249974.0,798602.0,0.7616062164306641,2.0,2.0,2.0,0.578125,16.0,0.045719188217555606,0.02574346773326397,0.419515460729599,15619.375,16.0,1.0,249974.0,124955.0,0.4998719866866154,128.0,1.0,3.5186220955718303e-07,22.21385908126831,76.92898845672607,1037.0,0.0,107.25862503051758
1038,1038.0,8.0,16.0,10.989124298095703,128.0,1.0,133719.0,914857.0,0.8724756240844727,2.0,2.0,2.0,0.625,16.0,0.06340192335750813,0.029593199491500854,0.632561445236206,8353.5,16.0,1.0,133719.0,66828.0,0.4997644313822269,128.0,1.0,3.509997309463677e-07,22.21385908126831,53.431593894958496,1038.0,0.0,64.46412372589111
1039,1039.0,8.0,16.0,24.17569351196289,128.0,1.0,247260.0,801316.0,0.7641944885253906,2.0,2.0,2.0,0.390625,16.0,0.059162389225680914,0.032848093658685684,0.4106692671775818,15449.75,16.0,1.0,247260.0,123598.0,0.4998705815740516,128.0,1.0,3.501377386167928e-07,22.21385908126831,71.49635219573975,1039.0,0.0,95.73715734481812
1040,1040.0,8.0,16.0,27.054821491241455,128.0,1.0,253224.0,795352.0,0.7585067749023438,2.0,2.0,2.0,0.3125,16.0,0.07227900654757932,0.039776355028152466,0.8685159087181091,15823.125,16.0,1.0,253224.0,126585.0,0.49989337503554165,128.0,1.0,3.492762353816795e-07,22.21385908126831,70.55129647254944,1040.0,0.0,97.6844003200531
1041,1041.0,8.0,16.0,19.57990789413452,128.0,1.0,178598.0,869978.0,0.8296756744384766,2.0,2.0,2.0,0.484375,16.0,0.08907017857925573,0.044809490442276,0.6118662357330322,11157.875,16.0,1.0,178598.0,89263.0,0.49979842999361695,128.0,1.0,3.4841522405265266e-07,22.21385908126831,58.13590431213379,1041.0,0.0,77.76449537277222
1042,1042.0,8.0,16.0,34.31237816810608,128.0,1.0,192419.0,856157.0,0.8164949417114258,2.0,2.0,2.0,0.5390625,16.0,0.05059972516306911,0.029056189581751823,0.4810485243797302,12022.125,16.0,1.0,192419.0,96177.0,0.4998310977606162,128.0,1.0,3.4755470743973174e-07,22.21385908126831,69.88948965072632,1042.0,0.0,104.25557804107666
1043,1043.0,8.0,16.0,29.69748592376709,128.0,1.0,261164.0,787412.0,0.7509346008300781,2.0,2.0,2.0,0.5546875,16.0,0.04522457149779978,0.02343040518462658,0.36569809913635254,16318.625,16.0,1.0,261164.0,130549.0,0.4998736426153681,128.0,1.0,3.4669468835132163e-07,22.21385908126831,79.89675998687744,1043.0,0.0,109.65941572189331
1044,1044.0,8.0,16.0,22.242894172668457,128.0,1.0,226002.0,822574.0,0.7844676971435547,2.0,2.0,2.0,0.5703125,16.0,0.05378809761949424,0.02772466279566288,0.4318424165248871,14121.375,16.0,1.0,226002.0,112971.0,0.4998672578118778,128.0,1.0,3.4583516959420344e-07,22.21385908126831,68.3994128704071,1044.0,0.0,90.70260715484619
1045,1045.0,8.0,16.0,37.159303426742554,128.0,1.0,247886.0,800690.0,0.7635974884033203,2.0,2.0,2.0,0.3984375,16.0,0.053155031250984815,0.02680506743490696,0.4959699213504791,15488.125,16.0,1.0,247886.0,123905.0,0.4998467037267131,128.0,1.0,3.4497615397352565e-07,22.21385908126831,78.3166139125824,1045.0,0.0,115.54661631584167
1046,1046.0,8.0,16.0,32.75075149536133,128.0,1.0,210578.0,837998.0,0.7991771697998047,2.0,2.0,2.0,0.5078125,16.0,0.05554852316715846,0.02541571855545044,0.6200358867645264,13156.75,16.0,1.0,210578.0,105254.0,0.4998337908043575,128.0,1.0,3.4411764429279427e-07,22.21385908126831,78.9657735824585,1046.0,0.0,111.91953253746033
1047,1047.0,8.0,16.0,23.182938814163208,128.0,1.0,183976.0,864600.0,0.8245468139648438,2.0,2.0,2.0,0.328125,16.0,0.06834199494744367,0.03335767611861229,0.5044031143188477,11494.625,16.0,1.0,183976.0,91957.0,0.49983149976083835,128.0,1.0,3.4325964335386437e-07,22.21385908126831,64.35521912574768,1047.0,0.0,87.58530807495117
1048,1048.0,8.0,16.0,28.618940591812134,128.0,1.0,201404.0,847172.0,0.8079261779785156,2.0,2.0,2.0,0.6484375,16.0,0.05069140342993045,0.024648517370224,0.49099379777908325,12583.25,16.0,1.0,201404.0,100666.0,0.49982125479136463,128.0,1.0,3.424021539569306e-07,22.21385908126831,67.87291502952576,1048.0,0.0,96.5843403339386
1049,1049.0,8.0,16.0,21.502678871154785,128.0,1.0,196626.0,851950.0,0.8124828338623047,2.0,2.0,2.0,0.6796875,16.0,0.05142401018096373,0.026415256783366203,0.46121999621391296,12285.0,16.0,1.0,196626.0,98280.0,0.4998321686857282,128.0,1.0,3.4154517890051833e-07,22.21385908126831,70.47326016426086,1049.0,0.0,92.02919912338257
1050,1050.0,8.0,16.0,39.819103956222534,128.0,1.0,267984.0,780592.0,0.7444305419921875,2.0,2.0,2.0,0.4375,16.0,0.05930030122083418,0.034492023289203644,0.4672635495662689,16744.875,16.0,1.0,267984.0,133959.0,0.4998768583198997,128.0,1.0,3.4068872098147415e-07,22.21385908126831,79.76994848251343,1050.0,0.0,342.1996645927429
1051,1051.0,8.0,16.0,39.31332325935364,128.0,1.0,392071.0,656505.0,0.6260919570922852,2.0,2.0,2.0,0.328125,16.0,0.03820528692748652,0.0249167587608099,0.2788951098918915,24500.875,16.0,1.0,392071.0,196007.0,0.49992730908432403,128.0,1.0,3.3983278299495664e-07,22.21385908126831,92.65896916389465,1051.0,0.0,132.0780017375946
1052,1052.0,8.0,16.0,38.35627770423889,128.0,1.0,227791.0,820785.0,0.7827615737915039,2.0,2.0,2.0,0.3515625,16.0,0.06250477792071175,0.03162703663110733,0.4738820493221283,14233.125,16.0,1.0,227791.0,113865.0,0.4998661053333977,128.0,1.0,3.3897736773442787e-07,22.21385908126831,78.59127354621887,1052.0,0.0,117.0139319896698
1053,1053.0,8.0,16.0,35.20518159866333,128.0,1.0,279902.0,768674.0,0.7330646514892578,2.0,2.0,2.0,0.4921875,16.0,0.061138009380443066,0.0316435843706131,0.4032634198665619,17489.75,16.0,1.0,279902.0,139918.0,0.4998821015927003,128.0,1.0,3.3812247799164386e-07,22.21385908126831,85.34546446800232,1053.0,0.0,120.61930513381958
1054,1054.0,8.0,16.0,22.825270652770996,128.0,1.0,176428.0,872148.0,0.8317451477050781,2.0,2.0,2.0,0.6640625,16.0,0.04462666643691624,0.020919015631079674,0.4555966556072235,11022.125,16.0,1.0,176428.0,88177.0,0.49979028272156345,128.0,1.0,3.372681165566457e-07,22.21385908126831,59.98861598968506,1054.0,0.0,82.87762331962585
1055,1055.0,8.0,16.0,23.41980290412903,128.0,1.0,227355.0,821221.0,0.783177375793457,2.0,2.0,2.0,0.1015625,16.0,0.06859845982568376,0.03367295861244202,0.5201288461685181,14205.375,16.0,1.0,227355.0,113643.0,0.4998482549317147,128.0,1.0,3.364142862177498e-07,22.21385908126831,67.72375893592834,1055.0,0.0,91.20582175254822
1056,1056.0,8.0,16.0,22.80544352531433,128.0,1.0,233455.0,815121.0,0.7773599624633789,2.0,2.0,2.0,0.4140625,16.0,0.050403328435254954,0.028931541368365288,0.38945093750953674,14586.75,16.0,1.0,233455.0,116694.0,0.4998565033946585,128.0,1.0,3.355609897615397e-07,22.21385908126831,68.1882815361023,1056.0,0.0,91.05692625045776
1057,1057.0,8.0,16.0,41.935306787490845,128.0,1.0,339217.0,709359.0,0.6764974594116211,2.0,2.0,2.0,0.234375,16.0,0.056223607231238634,0.03224384784698486,0.3482801616191864,21197.0,16.0,1.0,339217.0,169576.0,0.4999041911224968,128.0,1.0,3.347082299728563e-07,22.21385908126831,92.2357828617096,1057.0,0.0,134.25812149047852
1058,1058.0,8.0,16.0,33.88332939147949,128.0,1.0,221468.0,827108.0,0.7887916564941406,2.0,2.0,2.0,0.5078125,16.0,0.055632284624174244,0.025541581213474274,0.427336186170578,13837.625,16.0,1.0,221468.0,110701.0,0.49985099427456786,128.0,1.0,3.338560096347893e-07,22.21385908126831,71.22505021095276,1058.0,0.0,105.18195986747742
1059,1059.0,8.0,16.0,40.03228139877319,128.0,1.0,287521.0,761055.0,0.7257986068725586,2.0,2.0,2.0,0.1875,16.0,0.06286773512708148,0.03507199138402939,0.49456965923309326,17965.75,16.0,1.0,287521.0,143726.0,0.4998800087645772,128.0,1.0,3.330043315286676e-07,22.21385908126831,76.50839114189148,1059.0,0.0,116.61684560775757
1060,1060.0,8.0,16.0,21.134544372558594,128.0,1.0,204528.0,844048.0,0.8049468994140625,2.0,2.0,2.0,0.71875,16.0,0.06271175068713385,0.029418878257274628,0.535698413848877,12779.5,16.0,1.0,204528.0,102236.0,0.49986309942892904,128.0,1.0,3.321531984340504e-07,22.21385908126831,65.93035531044006,1060.0,0.0,87.14073061943054
1061,1061.0,8.0,16.0,30.58228588104248,128.0,1.0,269769.0,778807.0,0.7427282333374023,2.0,2.0,2.0,0.546875,16.0,0.037913517085314055,0.022491546347737312,0.3317399322986603,16856.5,16.0,1.0,269769.0,134852.0,0.49987952655790696,128.0,1.0,3.313026131287184e-07,22.21385908126831,77.37130165100098,1061.0,0.0,108.04870343208313
1062,1062.0,8.0,16.0,31.77947235107422,128.0,1.0,263492.0,785084.0,0.7487144470214844,2.0,2.0,2.0,0.3046875,16.0,0.056031226381358455,0.02928849682211876,0.3974185585975647,16463.875,16.0,1.0,263492.0,131711.0,0.49986716864269126,128.0,1.0,3.3045257838866444e-07,22.21385908126831,77.46839022636414,1062.0,0.0,109.32869958877563
1063,1063.0,8.0,16.0,34.02742600440979,128.0,1.0,213366.0,835210.0,0.7965183258056641,2.0,2.0,2.0,0.4765625,16.0,0.07089740037291102,0.03792585805058479,0.5696609020233154,13331.375,16.0,1.0,213366.0,106651.0,0.49985002296523345,128.0,1.0,3.296030969880845e-07,22.21385908126831,72.60352516174316,1063.0,0.0,106.69356679916382
1064,1064.0,8.0,16.0,35.0359263420105,128.0,1.0,314837.0,733739.0,0.6997480392456055,2.0,2.0,2.0,0.53125,16.0,0.04859441589900854,0.02863503061234951,0.36127451062202454,19673.5,16.0,1.0,314837.0,157388.0,0.49990312447393415,128.0,1.0,3.287541716993686e-07,22.21385908126831,80.45404624938965,1064.0,0.0,115.56762051582336
1065,1065.0,8.0,16.0,19.37276005744934,128.0,1.0,218830.0,829746.0,0.7913074493408203,2.0,2.0,2.0,0.5078125,16.0,0.0565710558913658,0.03253652900457382,0.43786874413490295,13673.125,16.0,1.0,218830.0,109385.0,0.49986290727962346,128.0,1.0,3.279058052930919e-07,22.21385908126831,67.96797132492065,1065.0,0.0,87.40424537658691
1066,1066.0,8.0,16.0,27.321120738983154,128.0,1.0,208974.0,839602.0,0.8007068634033203,2.0,2.0,2.0,0.578125,16.0,0.055861132934416045,0.030752206221222878,0.501459538936615,13056.75,16.0,1.0,208974.0,104454.0,0.49984208561830656,128.0,1.0,3.270580005380056e-07,22.21385908126831,70.7975766658783,1066.0,0.0,98.17577171325684
1067,1067.0,8.0,16.0,36.726550817489624,128.0,1.0,196887.0,851689.0,0.8122339248657227,2.0,2.0,2.0,0.5625,16.0,0.05708178656780023,0.02739914134144783,0.5325588583946228,12302.5,16.0,1.0,196887.0,98420.0,0.49988064219577727,128.0,1.0,3.2621076020102777e-07,22.21385908126831,70.606125831604,1067.0,0.0,107.38798999786377
1068,1068.0,8.0,16.0,39.66147470474243,128.0,1.0,267934.0,780642.0,0.7444782257080078,2.0,2.0,2.0,0.375,16.0,0.04442942727840261,0.02491498365998268,0.32833054661750793,16741.625,16.0,1.0,267934.0,133933.0,0.4998731030776236,128.0,1.0,3.253640870472349e-07,22.21385908126831,78.1550989151001,1068.0,0.0,117.88537836074829
1069,1069.0,8.0,16.0,27.022614002227783,128.0,1.0,215588.0,832988.0,0.7943992614746094,2.0,2.0,2.0,0.4140625,16.0,0.060319690889815474,0.028984839096665382,0.49487632513046265,13470.375,16.0,1.0,215588.0,107763.0,0.4998562072100488,128.0,1.0,3.245179838398513e-07,22.21385908126831,70.52478957176208,1069.0,0.0,97.60615682601929
1070,1070.0,8.0,16.0,39.84693789482117,128.0,1.0,180781.0,867795.0,0.8275938034057617,2.0,2.0,2.0,0.375,16.0,0.056937565694098025,0.02739935927093029,0.5585179328918457,11295.125,16.0,1.0,180781.0,90361.0,0.4998368191347542,128.0,1.0,3.236724533402424e-07,22.21385908126831,73.79885506629944,1070.0,0.0,113.69598650932312
1071,1071.0,8.0,16.0,29.387646436691284,128.0,1.0,215270.0,833306.0,0.7947025299072266,2.0,2.0,2.0,0.5859375,16.0,0.06403925020832804,0.03212164714932442,0.5365612506866455,13450.0,16.0,1.0,215270.0,107600.0,0.4998374134807451,128.0,1.0,3.228274983079039e-07,22.21385908126831,70.28426384925842,1071.0,0.0,99.72896695137024
1072,1072.0,8.0,16.0,21.637061595916748,128.0,1.0,246450.0,802126.0,0.7649669647216797,2.0,2.0,2.0,0.4921875,16.0,0.05542163756781934,0.027803700417280197,0.3645567297935486,15398.75,16.0,1.0,246450.0,123190.0,0.49985798336376547,128.0,1.0,3.219831215004537e-07,22.21385908126831,66.68928551673889,1072.0,0.0,88.39167761802673
1073,1073.0,8.0,16.0,37.415955543518066,128.0,1.0,285331.0,763245.0,0.7278871536254883,2.0,2.0,2.0,0.3203125,16.0,0.05331032358725975,0.029345214366912842,0.3659299314022064,17829.0,16.0,1.0,285331.0,142632.0,0.49988259249783584,128.0,1.0,3.211393256736221e-07,22.21385908126831,84.40939664840698,1073.0,0.0,121.8971004486084
1074,1074.0,8.0,16.0,43.437968730926514,128.0,1.0,335885.0,712691.0,0.6796751022338867,2.0,2.0,2.0,0.484375,16.0,0.05104780340298217,0.02913963794708252,0.3961944878101349,20989.125,16.0,1.0,335885.0,167913.0,0.49991217232088364,128.0,1.0,3.2029611358124365e-07,22.21385908126831,90.18802881240845,1074.0,0.0,133.7078573703766
1075,1075.0,8.0,16.0,26.653199434280396,128.0,1.0,243296.0,805280.0,0.767974853515625,2.0,2.0,2.0,0.375,16.0,0.058141273197044124,0.03526293858885765,0.4063859283924103,15202.25,16.0,1.0,243296.0,121618.0,0.49987669341049584,128.0,1.0,3.1945348797524786e-07,22.21385908126831,70.79230690002441,1075.0,0.0,97.5164270401001
1076,1076.0,8.0,16.0,20.622179746627808,128.0,1.0,202281.0,846295.0,0.8070898056030273,2.0,2.0,2.0,0.390625,16.0,0.08946830288752637,0.044698040932416916,0.5855791568756104,12638.25,16.0,1.0,202281.0,101106.0,0.4998294451777478,128.0,1.0,3.1861145160564993e-07,22.21385908126831,61.52313017845154,1076.0,0.0,82.20068454742432
1077,1077.0,8.0,16.0,33.49090218544006,128.0,1.0,260321.0,788255.0,0.7517385482788086,2.0,2.0,2.0,0.40625,16.0,0.06083500801801979,0.03213539719581604,0.43074724078178406,16265.875,16.0,1.0,260321.0,130127.0,0.49987131272544283,128.0,1.0,3.177700072205425e-07,22.21385908126831,74.97901725769043,1077.0,0.0,108.53862929344177
1078,1078.0,8.0,16.0,30.602370738983154,128.0,1.0,222105.0,826471.0,0.7881841659545898,2.0,2.0,2.0,0.4765625,16.0,0.0482938668881215,0.028153834864497185,0.42835357785224915,13877.5,16.0,1.0,222105.0,111020.0,0.49985367281240856,128.0,1.0,3.1692915756608544e-07,22.21385908126831,73.99743795394897,1078.0,0.0,104.66489553451538
1079,1079.0,8.0,16.0,19.97998857498169,128.0,1.0,151987.0,896589.0,0.8550539016723633,2.0,2.0,2.0,0.4609375,16.0,0.054500751309979015,0.027183014899492264,0.47707608342170715,9495.875,16.0,1.0,151987.0,75967.0,0.4998256429826235,128.0,1.0,3.1608890538649824e-07,22.21385908126831,61.61885476112366,1079.0,0.0,81.64030647277832
1080,1080.0,8.0,16.0,22.399749755859375,128.0,1.0,197111.0,851465.0,0.8120203018188477,2.0,2.0,2.0,0.5234375,16.0,0.04614306615965787,0.023362258449196815,0.4113718569278717,12315.0,16.0,1.0,197111.0,98520.0,0.4998198984328627,128.0,1.0,3.1524925342405017e-07,22.21385908126831,59.476320028305054,1080.0,0.0,81.92854857444763
1081,1081.0,8.0,16.0,25.37202501296997,128.0,1.0,209417.0,839159.0,0.8002843856811523,2.0,2.0,2.0,0.6015625,16.0,0.05887258044028383,0.03232141584157944,0.5333780646324158,13084.5,16.0,1.0,209417.0,104676.0,0.49984480725060526,128.0,1.0,3.1441020441905184e-07,22.21385908126831,69.06817317008972,1081.0,0.0,94.50241374969482
1082,1082.0,8.0,16.0,32.09282422065735,128.0,1.0,304240.0,744336.0,0.7098541259765625,2.0,2.0,2.0,0.390625,16.0,0.04551966010525708,0.02830987423658371,0.3443092107772827,19010.875,16.0,1.0,304240.0,152087.0,0.49989153300026296,128.0,1.0,3.135717611098457e-07,22.21385908126831,82.41867280006409,1082.0,0.0,114.58311533927917
1083,1083.0,8.0,16.0,41.7646541595459,128.0,1.0,307020.0,741556.0,0.7072029113769531,2.0,2.0,2.0,0.4375,16.0,0.04753753185465417,0.02508663944900036,0.3990669846534729,19185.625,16.0,1.0,307020.0,153485.0,0.4999185720799948,128.0,1.0,3.127339262327978e-07,22.21385908126831,95.4799153804779,1083.0,0.0,137.32884550094604
1084,1084.0,8.0,16.0,31.346363067626953,128.0,1.0,263935.0,784641.0,0.7482919692993164,2.0,2.0,2.0,0.34375,16.0,0.049008294660803454,0.02762683294713497,0.35181117057800293,16492.125,16.0,1.0,263935.0,131937.0,0.49988444124500353,128.0,1.0,3.118967025222882e-07,22.21385908126831,83.23170804977417,1084.0,0.0,114.65478587150574
1085,1085.0,8.0,16.0,31.988653898239136,128.0,1.0,182780.0,865796.0,0.8256874084472656,2.0,2.0,2.0,0.6796875,16.0,0.06517854861680887,0.032936837524175644,0.6750646233558655,11419.625,16.0,1.0,182780.0,91357.0,0.499819455082613,128.0,1.0,3.1106009271070257e-07,22.21385908126831,74.45308542251587,1085.0,0.0,106.49000883102417
1086,1086.0,8.0,16.0,24.844571590423584,128.0,1.0,259383.0,789193.0,0.7526330947875977,2.0,2.0,2.0,0.6015625,16.0,0.04729513218699644,0.02327163703739643,0.411840558052063,16207.5,16.0,1.0,259383.0,129660.0,0.4998785579625496,128.0,1.0,3.10224099528423e-07,22.21385908126831,66.06301283836365,1086.0,0.0,90.9717116355896
1087,1087.0,8.0,16.0,25.32194495201111,128.0,1.0,241079.0,807497.0,0.7700891494750977,2.0,2.0,2.0,0.421875,16.0,0.046839790566420215,0.027840638533234596,0.514320433139801,15063.125,16.0,1.0,241079.0,120505.0,0.4998568933834967,128.0,1.0,3.0938872570381887e-07,22.21385908126831,68.53821396827698,1087.0,0.0,93.91868019104004
1088,1088.0,8.0,16.0,40.26070189476013,128.0,1.0,269573.0,779003.0,0.742915153503418,2.0,2.0,2.0,0.484375,16.0,0.05086198333282951,0.031197022646665573,0.35435500741004944,16844.125,16.0,1.0,269573.0,134753.0,0.4998757293942643,128.0,1.0,3.0855397396323846e-07,22.21385908126831,79.31900978088379,1088.0,0.0,119.6596212387085
1089,1089.0,8.0,16.0,38.02296590805054,128.0,1.0,223001.0,825575.0,0.7873296737670898,2.0,2.0,2.0,0.515625,16.0,0.04269422713274095,0.02548285759985447,0.4432016909122467,13933.375,16.0,1.0,223001.0,111467.0,0.4998497764584015,128.0,1.0,3.0771984703099985e-07,22.21385908126831,71.25055956840515,1089.0,0.0,109.33766007423401
1090,1090.0,8.0,16.0,27.401489973068237,128.0,1.0,228384.0,820192.0,0.782196044921875,2.0,2.0,2.0,0.609375,16.0,0.04650562931328062,0.030182769522070885,0.3582562506198883,14269.625,16.0,1.0,228384.0,114157.0,0.4998467493344543,128.0,1.0,3.0688634762938206e-07,22.21385908126831,66.35559487342834,1090.0,0.0,93.84772491455078
1091,1091.0,8.0,16.0,34.03315210342407,128.0,1.0,232644.0,815932.0,0.7781333923339844,2.0,2.0,2.0,0.328125,16.0,0.0550814004583572,0.026581352576613426,0.45194023847579956,14536.5,16.0,1.0,232644.0,116292.0,0.4998710476092227,128.0,1.0,3.060534784786154e-07,22.21385908126831,64.1279628276825,1091.0,0.0,98.22918319702148
1092,1092.0,8.0,16.0,29.413700580596924,128.0,1.0,287405.0,761171.0,0.7259092330932617,2.0,2.0,2.0,0.3984375,16.0,0.05943740652634912,0.03032328374683857,0.3647192120552063,17958.75,16.0,1.0,287405.0,143670.0,0.499886919155895,128.0,1.0,3.0522124229687407e-07,22.21385908126831,66.33223247528076,1092.0,0.0,95.8338029384613
1093,1093.0,8.0,16.0,40.51408123970032,128.0,1.0,301200.0,747376.0,0.7127532958984375,2.0,2.0,2.0,0.4609375,16.0,0.039600852334983186,0.022725125774741173,0.30980798602104187,18820.875,16.0,1.0,301200.0,150567.0,0.49989043824701196,128.0,1.0,3.043896418002661e-07,22.21385908126831,73.57236099243164,1093.0,0.0,114.18178462982178
1094,1094.0,8.0,16.0,25.782388925552368,128.0,1.0,203817.0,844759.0,0.8056249618530273,2.0,2.0,2.0,0.6328125,16.0,0.036194409771780726,0.01840607263147831,0.39968135952949524,12734.25,16.0,1.0,203817.0,101874.0,0.49983073050825005,128.0,1.0,3.035586797028252e-07,22.21385908126831,59.096213817596436,1094.0,0.0,84.949289560318
1095,1095.0,8.0,16.0,40.9077832698822,128.0,1.0,358622.0,689954.0,0.6579914093017578,2.0,2.0,2.0,0.3125,16.0,0.05407379632196499,0.03474004194140434,0.36711451411247253,22410.0,16.0,1.0,358622.0,179280.0,0.49991355800815346,128.0,1.0,3.027283587165014e-07,22.21385908126831,92.74810147285461,1095.0,0.0,133.77043986320496
1096,1096.0,8.0,16.0,31.362769603729248,128.0,1.0,254512.0,794064.0,0.7572784423828125,2.0,2.0,2.0,0.4765625,16.0,0.05147968322613975,0.028830526396632195,0.41177648305892944,15902.875,16.0,1.0,254512.0,127223.0,0.49987034010184195,128.0,1.0,3.0189868155115195e-07,22.21385908126831,71.79178500175476,1096.0,0.0,103.22548174858093
1097,1097.0,8.0,16.0,40.68522238731384,128.0,1.0,276580.0,771996.0,0.7362327575683594,2.0,2.0,2.0,0.3984375,16.0,0.05712722430608391,0.0316922627389431,0.4222142696380615,17282.625,16.0,1.0,276580.0,138261.0,0.49989514787764844,128.0,1.0,3.010696509145336e-07,22.21385908126831,81.44648241996765,1097.0,0.0,122.2081847190857
1098,1098.0,8.0,16.0,21.170809030532837,128.0,1.0,238847.0,809729.0,0.7722177505493164,2.0,2.0,2.0,0.4609375,16.0,0.06278339142522443,0.03135333210229874,0.44575923681259155,14924.625,16.0,1.0,238847.0,119397.0,0.49988905031254316,128.0,1.0,3.0024126951229266e-07,22.21385908126831,61.745352268218994,1098.0,0.0,82.98527383804321
1099,1099.0,8.0,16.0,40.45020270347595,128.0,1.0,314877.0,733699.0,0.6997098922729492,2.0,2.0,2.0,0.4765625,16.0,0.056234929116452656,0.032329536974430084,0.39253032207489014,19675.875,16.0,1.0,314877.0,157407.0,0.49989996093712785,128.0,1.0,2.99413540047957e-07,22.21385908126831,79.44394373893738,1099.0,0.0,119.97641777992249
1100,1100.0,8.0,16.0,40.92721700668335,128.0,1.0,353647.0,694929.0,0.6627359390258789,2.0,2.0,2.0,0.34375,16.0,0.06430963164400333,0.03646775335073471,0.43114569783210754,22098.625,16.0,1.0,353647.0,176789.0,0.49990244509355375,128.0,1.0,2.985864652229261e-07,22.21385908126831,78.8286828994751,1100.0,0.0,338.1072430610657
1101,1101.0,8.0,16.0,27.903759956359863,128.0,1.0,209876.0,838700.0,0.7998466491699219,2.0,2.0,2.0,0.546875,16.0,0.06695170273329484,0.034086719155311584,0.49296846985816956,13113.75,16.0,1.0,209876.0,104910.0,0.49986658788999216,128.0,1.0,2.977600477364636e-07,22.21385908126831,65.91941714286804,1101.0,0.0,93.88558506965637
1102,1102.0,8.0,16.0,31.31057357788086,128.0,1.0,205542.0,843034.0,0.8039798736572266,2.0,2.0,2.0,0.328125,16.0,0.06423887082425254,0.03739619627594948,0.48269346356391907,12842.125,16.0,1.0,205542.0,102737.0,0.4998345836860593,128.0,1.0,2.969342902856875e-07,22.21385908126831,59.8055477142334,1102.0,0.0,91.17702150344849
1103,1103.0,8.0,16.0,26.46680521965027,128.0,1.0,316219.0,732357.0,0.698430061340332,2.0,2.0,2.0,0.375,16.0,0.05027495382957412,0.02704714797437191,0.41831496357917786,19759.125,16.0,1.0,316219.0,158073.0,0.49988457366571903,128.0,1.0,2.961091955655619e-07,22.21385908126831,75.9153311252594,1103.0,0.0,102.46606755256653
1104,1104.0,8.0,16.0,29.913734436035156,128.0,1.0,256185.0,792391.0,0.7556829452514648,2.0,2.0,2.0,0.4453125,16.0,0.04995202728889402,0.02800893969833851,0.4327283799648285,16007.5,16.0,1.0,256185.0,128060.0,0.4998731385522181,128.0,1.0,2.9528476626888766e-07,22.21385908126831,70.0052399635315,1104.0,0.0,99.99320816993713
1105,1105.0,8.0,16.0,30.516345262527466,128.0,1.0,312378.0,736198.0,0.7020931243896484,2.0,2.0,2.0,0.125,16.0,0.06667901969808011,0.038702841848134995,0.4047267436981201,19519.75,16.0,1.0,312378.0,156158.0,0.4999007612571948,128.0,1.0,2.9446100508629434e-07,22.21385908126831,78.32991695404053,1105.0,0.0,108.92541790008545
1106,1106.0,8.0,16.0,20.89353585243225,128.0,1.0,162193.0,886383.0,0.8453207015991211,2.0,2.0,2.0,0.5703125,16.0,0.06958296711901174,0.032573048025369644,0.784877359867096,10133.625,16.0,1.0,162193.0,81069.0,0.49983044890963235,128.0,1.0,2.936379147062307e-07,22.21385908126831,58.48248243331909,1106.0,0.0,79.42847084999084
1107,1107.0,8.0,16.0,40.764363050460815,128.0,1.0,233203.0,815373.0,0.7776002883911133,2.0,2.0,2.0,0.6015625,16.0,0.03933573716492885,0.01725713722407818,0.47409966588020325,14571.125,16.0,1.0,233203.0,116569.0,0.49986063644121215,128.0,1.0,2.928154978149565e-07,22.21385908126831,76.54696846008301,1107.0,0.0,117.3789529800415
1108,1108.0,8.0,16.0,32.364158391952515,128.0,1.0,206407.0,842169.0,0.8031549453735352,2.0,2.0,2.0,0.6484375,16.0,0.062032235163463186,0.030597198754549026,0.5282227396965027,12896.5,16.0,1.0,206407.0,103172.0,0.4998473888966944,128.0,1.0,2.919937570965335e-07,22.21385908126831,64.5649631023407,1108.0,0.0,96.98531413078308
1109,1109.0,8.0,16.0,22.33645462989807,128.0,1.0,170953.0,877623.0,0.8369665145874023,2.0,2.0,2.0,0.6171875,16.0,0.061580519420146126,0.034891318529844284,0.5116937160491943,10680.25,16.0,1.0,170953.0,85442.0,0.49979819014582955,128.0,1.0,2.911726952328163e-07,22.21385908126831,62.07110095024109,1109.0,0.0,84.46140646934509
1110,1110.0,8.0,16.0,40.882426023483276,128.0,1.0,260225.0,788351.0,0.7518301010131836,2.0,2.0,2.0,0.34375,16.0,0.05448088080080703,0.029198043048381805,1.0934672355651855,16260.0,16.0,1.0,260225.0,130080.0,0.49987510807954655,128.0,1.0,2.9035231490344426e-07,22.21385908126831,70.42892646789551,1110.0,0.0,111.39450430870056
1111,1111.0,8.0,16.0,41.22018766403198,128.0,1.0,420604.0,627972.0,0.5988807678222656,2.0,2.0,2.0,0.265625,16.0,0.04382713037930318,0.02837231010198593,0.271180123090744,26284.0,16.0,1.0,420604.0,210272.0,0.4999286740021493,128.0,1.0,2.895326187858326e-07,22.21385908126831,104.85359907150269,1111.0,0.0,146.20703983306885
1112,1112.0,8.0,16.0,39.05709218978882,128.0,1.0,313120.0,735456.0,0.701385498046875,2.0,2.0,2.0,0.5078125,16.0,0.045218127113949416,0.023962579667568207,0.4301723837852478,19566.375,16.0,1.0,313120.0,156531.0,0.49990738375063876,128.0,1.0,2.887136095551632e-07,22.21385908126831,85.78208661079407,1112.0,0.0,124.92436289787292
1113,1113.0,8.0,16.0,38.97534441947937,128.0,1.0,220041.0,828535.0,0.7901525497436523,2.0,2.0,2.0,0.296875,16.0,0.04930408663158817,0.02907000482082367,0.5315419435501099,13748.75,16.0,1.0,220041.0,109990.0,0.49986138946832637,128.0,1.0,2.878952898843765e-07,22.21385908126831,75.83796715736389,1113.0,0.0,114.9007408618927
1114,1114.0,8.0,16.0,40.46156167984009,128.0,1.0,344622.0,703954.0,0.6713428497314453,2.0,2.0,2.0,0.3046875,16.0,0.04919871259882923,0.025221453979611397,0.48033982515335083,21534.375,16.0,1.0,344622.0,172275.0,0.49989553771958845,128.0,1.0,2.870776624441622e-07,22.21385908126831,80.76280546188354,1114.0,0.0,121.31260013580322
1115,1115.0,8.0,16.0,34.70645308494568,128.0,1.0,281844.0,766732.0,0.7312126159667969,2.0,2.0,2.0,0.6484375,16.0,0.05011251455944565,0.031456489115953445,0.36813047528266907,17611.0,16.0,1.0,281844.0,140888.0,0.4998793658903507,128.0,1.0,2.862607299029511e-07,22.21385908126831,75.23102951049805,1115.0,0.0,110.01186633110046
1116,1116.0,8.0,16.0,40.40798473358154,128.0,1.0,197100.0,851476.0,0.8120307922363281,2.0,2.0,2.0,0.625,16.0,0.054625790459985196,0.02958124689757824,0.41555312275886536,12314.375,16.0,1.0,197100.0,98515.0,0.4998224251648909,128.0,1.0,2.85444494926906e-07,22.21385908126831,70.20720529556274,1116.0,0.0,110.67566704750061
1117,1117.0,8.0,16.0,20.821584939956665,128.0,1.0,219491.0,829085.0,0.7906770706176758,2.0,2.0,2.0,0.7421875,16.0,0.05638622130373585,0.030332345515489578,0.38437825441360474,13714.0,16.0,1.0,219491.0,109712.0,0.49984737415201536,128.0,1.0,2.846289601799131e-07,22.21385908126831,56.941049098968506,1117.0,0.0,77.81973052024841
1118,1118.0,8.0,16.0,24.5075523853302,128.0,1.0,196429.0,852147.0,0.8126707077026367,2.0,2.0,2.0,0.5703125,16.0,0.05734901415235496,0.030058681964874268,0.7251784801483154,12272.625,16.0,1.0,196429.0,98181.0,0.49982945491755293,128.0,1.0,2.83814128323573e-07,22.21385908126831,63.11103940010071,1118.0,0.0,87.67543840408325
1119,1119.0,8.0,16.0,27.516716957092285,128.0,1.0,252868.0,795708.0,0.7588462829589844,2.0,2.0,2.0,0.59375,16.0,0.05564218161760892,0.030301915481686592,0.47691023349761963,15800.25,16.0,1.0,252868.0,126402.0,0.4998734517613933,128.0,1.0,2.830000020171928e-07,22.21385908126831,62.34173059463501,1119.0,0.0,89.93148684501648
1120,1120.0,8.0,16.0,19.883596658706665,128.0,1.0,202990.0,845586.0,0.8064136505126953,2.0,2.0,2.0,0.5,16.0,0.06047307866419562,0.028943052515387535,0.5188526511192322,12683.125,16.0,1.0,202990.0,101465.0,0.4998522094684467,128.0,1.0,2.821865839177767e-07,22.21385908126831,57.14412498474121,1120.0,0.0,77.08838844299316
1121,1121.0,8.0,16.0,20.844300746917725,128.0,1.0,216032.0,832544.0,0.793975830078125,2.0,2.0,2.0,0.5078125,16.0,0.06584825438043024,0.031486254185438156,0.5208711624145508,13498.5,16.0,1.0,216032.0,107988.0,0.49987038957191526,128.0,1.0,2.8137387668001797e-07,22.21385908126831,58.59282994270325,1121.0,0.0,79.50557327270508
1122,1122.0,8.0,16.0,33.68461084365845,128.0,1.0,259346.0,789230.0,0.7526683807373047,2.0,2.0,2.0,0.546875,16.0,0.06043253925579501,0.02889719046652317,0.41696488857269287,16205.625,16.0,1.0,259346.0,129645.0,0.499892036121629,128.0,1.0,2.8056188295628915e-07,22.21385908126831,67.82240390777588,1122.0,0.0,101.579519033432
1123,1123.0,8.0,16.0,33.83516216278076,128.0,1.0,231888.0,816688.0,0.7788543701171875,2.0,2.0,2.0,0.3046875,16.0,0.06157012192712276,0.029956437647342682,0.5109212398529053,14488.5,16.0,1.0,231888.0,115908.0,0.49984475263920514,128.0,1.0,2.7975060539663453e-07,22.21385908126831,71.20708179473877,1123.0,0.0,105.1148111820221
1124,1124.0,8.0,16.0,24.477516651153564,128.0,1.0,262437.0,786139.0,0.749720573425293,2.0,2.0,2.0,0.3359375,16.0,0.05122529058488846,0.028028739616274834,0.4481549859046936,16398.375,16.0,1.0,262437.0,131187.0,0.49987997119308636,128.0,1.0,2.7894004664876137e-07,22.21385908126831,67.84087824821472,1124.0,0.0,92.3921263217926
1125,1125.0,8.0,16.0,17.90525984764099,128.0,1.0,205742.0,842834.0,0.8037891387939453,2.0,2.0,2.0,0.5625,16.0,0.06163920049814528,0.032204899936914444,0.4723277986049652,12854.625,16.0,1.0,205742.0,102837.0,0.49983474448581233,128.0,1.0,2.781302093580305e-07,22.21385908126831,59.39707279205322,1125.0,0.0,77.36605834960938
1126,1126.0,8.0,16.0,41.381123781204224,128.0,1.0,378373.0,670203.0,0.639155387878418,2.0,2.0,2.0,0.234375,16.0,0.05294191635997801,0.030180005356669426,0.2982734739780426,23644.375,16.0,1.0,378373.0,189155.0,0.4999167488166439,128.0,1.0,2.77321096167449e-07,22.21385908126831,79.39457702636719,1126.0,0.0,120.90351843833923
1127,1127.0,8.0,16.0,20.740424633026123,128.0,1.0,185039.0,863537.0,0.8235330581665039,2.0,2.0,2.0,0.6171875,16.0,0.06464544617947196,0.02855534292757511,0.6419520974159241,11560.5,16.0,1.0,185039.0,92484.0,0.4998081485524673,128.0,1.0,2.7651270971765953e-07,22.21385908126831,53.88055181503296,1127.0,0.0,74.67179751396179
1128,1128.0,8.0,16.0,25.55946159362793,128.0,1.0,164836.0,883740.0,0.8428001403808594,2.0,2.0,2.0,0.59375,16.0,0.05488659214616589,0.029246190562844276,0.4973627030849457,10298.125,16.0,1.0,164836.0,82385.0,0.4997998010143415,128.0,1.0,2.75705052646934e-07,22.21385908126831,65.68253207206726,1128.0,0.0,91.2902512550354
1129,1129.0,8.0,16.0,40.88206696510315,128.0,1.0,314670.0,733906.0,0.6999073028564453,2.0,2.0,2.0,0.4921875,16.0,0.04260065927212981,0.021238401532173157,0.4240512549877167,19662.875,16.0,1.0,314670.0,157303.0,0.499898306162011,128.0,1.0,2.748981275911633e-07,22.21385908126831,84.39079666137695,1129.0,0.0,125.36191129684448
1130,1130.0,8.0,16.0,19.186847925186157,128.0,1.0,275450.0,773126.0,0.7373104095458984,2.0,2.0,2.0,0.2265625,16.0,0.06859020984827802,0.036564167588949203,0.495393306016922,17211.625,16.0,1.0,275450.0,137693.0,0.4998838264657833,128.0,1.0,2.740919371838498e-07,22.21385908126831,63.186320304870605,1130.0,0.0,82.44773244857788
1131,1131.0,8.0,16.0,20.587945461273193,128.0,1.0,239700.0,808876.0,0.7714042663574219,2.0,2.0,2.0,0.515625,16.0,0.04655047672865515,0.02564232051372528,0.39271220564842224,14977.0,16.0,1.0,239700.0,119816.0,0.4998581560283688,128.0,1.0,2.7328648405609755e-07,22.21385908126831,61.48670721054077,1131.0,0.0,82.13963532447815
1132,1132.0,8.0,16.0,34.28859305381775,128.0,1.0,248582.0,799994.0,0.7629337310791016,2.0,2.0,2.0,0.3203125,16.0,0.06461237128671092,0.029605165123939514,0.49046754837036133,15531.875,16.0,1.0,248582.0,124255.0,0.49985517857286527,128.0,1.0,2.7248177083660505e-07,22.21385908126831,79.75867128372192,1132.0,0.0,114.11388397216797
1133,1133.0,8.0,16.0,38.947869539260864,128.0,1.0,314121.0,734455.0,0.7004308700561523,2.0,2.0,2.0,0.390625,16.0,0.05897266495884499,0.0314360149204731,0.3884899914264679,19628.125,16.0,1.0,314121.0,157025.0,0.4998869862250534,128.0,1.0,2.7167780015165566e-07,22.21385908126831,73.73643350601196,1133.0,0.0,112.76547241210938
1134,1134.0,8.0,16.0,29.391513109207153,128.0,1.0,296961.0,751615.0,0.7167959213256836,2.0,2.0,2.0,0.2890625,16.0,0.05545324378527236,0.0319211445748806,0.39819076657295227,18556.5,16.0,1.0,296961.0,148452.0,0.4999040278016305,128.0,1.0,2.708745746251095e-07,22.21385908126831,74.51784873008728,1134.0,0.0,103.9873731136322
1135,1135.0,8.0,16.0,38.818164587020874,128.0,1.0,243800.0,804776.0,0.7674942016601562,2.0,2.0,2.0,0.390625,16.0,0.0647094579411271,0.03335651755332947,0.42423808574676514,15233.0,16.0,1.0,243800.0,121864.0,0.49985233798195244,128.0,1.0,2.700720968783948e-07,22.21385908126831,78.67284560203552,1135.0,0.0,117.56969928741455
1136,1136.0,8.0,16.0,33.59045934677124,128.0,1.0,336639.0,711937.0,0.6789560317993164,2.0,2.0,2.0,0.3828125,16.0,0.04767729474088431,0.029602767899632454,0.3168865144252777,21035.625,16.0,1.0,336639.0,168285.0,0.49989751633054996,128.0,1.0,2.6927036953049927e-07,22.21385908126831,73.98176598548889,1136.0,0.0,107.654944896698
1137,1137.0,8.0,16.0,20.811012744903564,128.0,1.0,185931.0,862645.0,0.8226823806762695,2.0,2.0,2.0,0.5859375,16.0,0.05587526887057679,0.02913304604589939,0.42956504225730896,11617.0,16.0,1.0,185931.0,92936.0,0.49984133899134625,128.0,1.0,2.684693951979616e-07,22.21385908126831,58.699169397354126,1137.0,0.0,79.56311321258545
1138,1138.0,8.0,16.0,23.05335783958435,128.0,1.0,276923.0,771653.0,0.735905647277832,2.0,2.0,2.0,0.515625,16.0,0.05061290720214445,0.027772195637226105,0.3779798746109009,17303.875,16.0,1.0,276923.0,138431.0,0.499889861080517,128.0,1.0,2.676691764948629e-07,22.21385908126831,65.40944504737854,1138.0,0.0,88.53521752357483
1139,1139.0,8.0,16.0,17.9463210105896,128.0,1.0,247025.0,801551.0,0.7644186019897461,2.0,2.0,2.0,0.4609375,16.0,0.06319530752085377,0.028735700994729996,0.4866981506347656,15435.25,16.0,1.0,247025.0,123482.0,0.49987653071551463,128.0,1.0,2.668697160328184e-07,22.21385908126831,61.35720348358154,1139.0,0.0,79.37924408912659
1140,1140.0,8.0,16.0,20.022974014282227,128.0,1.0,162331.0,886245.0,0.845189094543457,2.0,2.0,2.0,0.625,16.0,0.0746873747462583,0.033000096678733826,0.6110669374465942,10141.375,16.0,1.0,162331.0,81131.0,0.49978747127782125,128.0,1.0,2.660710164209682e-07,22.21385908126831,54.49722862243652,1140.0,0.0,74.56724643707275
1141,1141.0,8.0,16.0,27.356030464172363,128.0,1.0,280914.0,767662.0,0.7320995330810547,2.0,2.0,2.0,0.578125,16.0,0.05431103627479119,0.02986864745616913,0.37814629077911377,17552.75,16.0,1.0,280914.0,140422.0,0.4998754067081028,128.0,1.0,2.652730802659697e-07,22.21385908126831,67.63322830200195,1141.0,0.0,95.06494283676147
1142,1142.0,8.0,16.0,22.405288219451904,128.0,1.0,208559.0,840017.0,0.8011026382446289,2.0,2.0,2.0,0.421875,16.0,0.07269947191130892,0.03843861073255539,0.4810081720352173,13031.125,16.0,1.0,208559.0,104249.0,0.4998537584088915,128.0,1.0,2.6447591017198865e-07,22.21385908126831,60.31503653526306,1142.0,0.0,82.77722215652466
1143,1143.0,8.0,16.0,24.548036575317383,128.0,1.0,223137.0,825439.0,0.7871999740600586,2.0,2.0,2.0,0.53125,16.0,0.06537969150676505,0.03290068730711937,0.4486241042613983,13942.25,16.0,1.0,223137.0,111538.0,0.49986331267338,128.0,1.0,2.6367950874069056e-07,22.21385908126831,58.567936182022095,1143.0,0.0,83.17453670501709
1144,1144.0,8.0,16.0,41.295294761657715,128.0,1.0,328877.0,719699.0,0.6863584518432617,2.0,2.0,2.0,0.234375,16.0,0.045107841145891725,0.026557430624961853,0.4488414227962494,20551.0,16.0,1.0,328877.0,164408.0,0.49990726016109366,128.0,1.0,2.628838785712324e-07,22.21385908126831,79.78294968605042,1144.0,0.0,121.2147228717804
1145,1145.0,8.0,16.0,23.41671133041382,128.0,1.0,208875.0,839701.0,0.8008012771606445,2.0,2.0,2.0,0.5,16.0,0.05407282363140593,0.026769738644361496,0.45645177364349365,13051.0,16.0,1.0,208875.0,104408.0,0.4998587672052663,128.0,1.0,2.6208902226025366e-07,22.21385908126831,60.621203660964966,1145.0,0.0,84.1055281162262
1146,1146.0,8.0,16.0,34.11914610862732,128.0,1.0,211307.0,837269.0,0.7984819412231445,2.0,2.0,2.0,0.5625,16.0,0.061632430320125116,0.028318533673882484,0.8157665729522705,13203.75,16.0,1.0,211307.0,105630.0,0.4998887874041087,128.0,1.0,2.6129494240186865e-07,22.21385908126831,63.528249979019165,1146.0,0.0,97.70327258110046
1147,1147.0,8.0,16.0,26.20108938217163,128.0,1.0,200381.0,848195.0,0.8089017868041992,2.0,2.0,2.0,0.6640625,16.0,0.05505415864967316,0.032352957874536514,0.5666451454162598,12519.5,16.0,1.0,200381.0,100156.0,0.49982782798768344,128.0,1.0,2.6050164158765765e-07,22.21385908126831,68.6890914440155,1147.0,0.0,94.94468069076538
1148,1148.0,8.0,16.0,34.304126262664795,128.0,1.0,274105.0,774471.0,0.7385931015014648,2.0,2.0,2.0,0.484375,16.0,0.047321280965062947,0.024260323494672775,0.4575413465499878,17127.625,16.0,1.0,274105.0,137021.0,0.49988508053483155,128.0,1.0,2.597091224066581e-07,22.21385908126831,72.86458539962769,1148.0,0.0,107.24121356010437
1149,1149.0,8.0,16.0,28.03959083557129,128.0,1.0,226960.0,821616.0,0.7835540771484375,2.0,2.0,2.0,0.484375,16.0,0.06031209926978669,0.03632389008998871,0.41746383905410767,14180.375,16.0,1.0,226960.0,113443.0,0.49983697567853363,128.0,1.0,2.5891738744535684e-07,22.21385908126831,66.80566334724426,1149.0,0.0,94.909597158432
1150,1150.0,8.0,16.0,20.447168588638306,128.0,1.0,251946.0,796630.0,0.7597255706787109,2.0,2.0,2.0,0.3984375,16.0,0.05369434700676717,0.030269332230091095,0.36683881282806396,15742.75,16.0,1.0,251946.0,125942.0,0.49987695776079,128.0,1.0,2.5812643928768113e-07,22.21385908126831,62.66701030731201,1150.0,0.0,305.1565001010895
1151,1151.0,8.0,16.0,25.842804670333862,128.0,1.0,229819.0,818757.0,0.780827522277832,2.0,2.0,2.0,0.6171875,16.0,0.04929519494851384,0.026721009984612465,0.3764269948005676,14360.125,16.0,1.0,229819.0,114881.0,0.49987598936554417,128.0,1.0,2.573362805149903e-07,22.21385908126831,68.00130271911621,1151.0,0.0,93.9132444858551
1152,1152.0,8.0,16.0,31.543296337127686,128.0,1.0,258933.0,789643.0,0.7530622482299805,2.0,2.0,2.0,0.265625,16.0,0.0591794728758003,0.0324924997985363,0.4156588912010193,16179.0,16.0,1.0,258933.0,129432.0,0.49986676089953774,128.0,1.0,2.565469137060677e-07,22.21385908126831,69.91244053840637,1152.0,0.0,101.53719758987427
1153,1153.0,8.0,16.0,34.16692900657654,128.0,1.0,312443.0,736133.0,0.702031135559082,2.0,2.0,2.0,0.3828125,16.0,0.04977120169908823,0.02930566668510437,0.3299674689769745,19523.75,16.0,1.0,312443.0,156190.0,0.4998991816107258,128.0,1.0,2.5575834143711185e-07,22.21385908126831,80.53994393348694,1153.0,0.0,114.79030346870422
1154,1154.0,8.0,16.0,22.95151948928833,128.0,1.0,192154.0,856422.0,0.8167476654052734,2.0,2.0,2.0,0.3359375,16.0,0.0638464154614165,0.03226189687848091,0.5457097291946411,12005.75,16.0,1.0,192154.0,96046.0,0.4998386710659159,128.0,1.0,2.549705662817279e-07,22.21385908126831,56.219457387924194,1154.0,0.0,79.22431659698486
1155,1155.0,8.0,16.0,31.733752012252808,128.0,1.0,317117.0,731459.0,0.6975736618041992,2.0,2.0,2.0,0.3046875,16.0,0.07372533425109773,0.04197652265429497,0.47853946685791016,19816.125,16.0,1.0,317117.0,158529.0,0.4999069743974621,128.0,1.0,2.5418359081092e-07,22.21385908126831,74.9785258769989,1155.0,0.0,106.79867577552795
1156,1156.0,8.0,16.0,34.30409479141235,128.0,1.0,205870.0,842706.0,0.8036670684814453,2.0,2.0,2.0,0.6640625,16.0,0.06719824493651647,0.031206954270601273,1.258553385734558,12862.75,16.0,1.0,205870.0,102902.0,0.4998397046679944,128.0,1.0,2.533974175930821e-07,22.21385908126831,62.258540630340576,1156.0,0.0,96.61583805084229
1157,1157.0,8.0,16.0,40.917240619659424,128.0,1.0,329664.0,718912.0,0.68560791015625,2.0,2.0,2.0,0.3125,16.0,0.049839987336648274,0.030322832986712456,0.36191871762275696,20600.125,16.0,1.0,329664.0,164801.0,0.499905964861192,128.0,1.0,2.5261204919399035e-07,22.21385908126831,75.11511135101318,1157.0,0.0,116.11777639389038
1158,1158.0,8.0,16.0,25.21223521232605,128.0,1.0,285366.0,763210.0,0.7278537750244141,2.0,2.0,2.0,0.40625,16.0,0.05946944956435451,0.03370286151766777,0.38467302918434143,17830.375,16.0,1.0,285366.0,142643.0,0.49985982913171156,128.0,1.0,2.518274881767934e-07,22.21385908126831,67.23561596870422,1158.0,0.0,92.51656794548035
1159,1159.0,8.0,16.0,26.743178606033325,128.0,1.0,266401.0,782175.0,0.7459402084350586,2.0,2.0,2.0,0.4375,16.0,0.049169959309886054,0.030903197824954987,0.3693389892578125,16646.125,16.0,1.0,266401.0,133169.0,0.4998817572006111,128.0,1.0,2.5104373710200586e-07,22.21385908126831,69.21210885047913,1159.0,0.0,96.02592206001282
1160,1160.0,8.0,16.0,19.71666431427002,128.0,1.0,195056.0,853520.0,0.8139801025390625,2.0,2.0,2.0,0.6796875,16.0,0.04861205986635812,0.02349611185491085,0.3913324177265167,12186.625,16.0,1.0,195056.0,97493.0,0.49982056435075056,128.0,1.0,2.502607985274985e-07,22.21385908126831,59.014127016067505,1160.0,0.0,78.7893443107605
1161,1161.0,8.0,16.0,23.065204858779907,128.0,1.0,206662.0,841914.0,0.8029117584228516,2.0,2.0,2.0,0.5,16.0,0.05572515604553662,0.029564224183559418,0.48748117685317993,12911.875,16.0,1.0,206662.0,103295.0,0.49982580251812136,128.0,1.0,2.4947867500849044e-07,22.21385908126831,57.80032134056091,1161.0,0.0,80.92781829833984
1162,1162.0,8.0,16.0,38.74303150177002,128.0,1.0,277474.0,771102.0,0.7353801727294922,2.0,2.0,2.0,0.5546875,16.0,0.04673526805266394,0.023184016346931458,0.504533052444458,17338.5,16.0,1.0,277474.0,138708.0,0.499895485703165,128.0,1.0,2.48697369097541e-07,22.21385908126831,68.04654717445374,1162.0,0.0,106.86922574043274
1163,1163.0,8.0,16.0,22.224550008773804,128.0,1.0,226023.0,822553.0,0.7844476699829102,2.0,2.0,2.0,0.5625,16.0,0.0461803020269318,0.025331197306513786,0.37200576066970825,14122.375,16.0,1.0,226023.0,112979.0,0.4998562093238299,128.0,1.0,2.4791688334454053e-07,22.21385908126831,57.342761754989624,1163.0,0.0,79.63720798492432
1164,1164.0,8.0,16.0,38.576101303100586,128.0,1.0,201507.0,847069.0,0.8078279495239258,2.0,2.0,2.0,0.53125,16.0,0.057811824546877354,0.034315116703510284,0.4392647445201874,12590.75,16.0,1.0,201507.0,100726.0,0.49986352831415287,128.0,1.0,2.471372202967033e-07,22.21385908126831,65.90279054641724,1164.0,0.0,104.53633904457092
1165,1165.0,8.0,16.0,39.514734983444214,128.0,1.0,257492.0,791084.0,0.7544364929199219,2.0,2.0,2.0,0.40625,16.0,0.05606084771344297,0.03260045871138573,0.4670191705226898,16089.5,16.0,1.0,257492.0,128716.0,0.4998834915259503,128.0,1.0,2.463583824985584e-07,22.21385908126831,71.58211183547974,1165.0,0.0,111.16510534286499
1166,1166.0,8.0,16.0,20.782418251037598,128.0,1.0,237596.0,810980.0,0.7734107971191406,2.0,2.0,2.0,0.375,16.0,0.050489181143166896,0.02332579344511032,0.4709679186344147,14846.375,16.0,1.0,237596.0,118771.0,0.49988636172326134,128.0,1.0,2.455803724919417e-07,22.21385908126831,58.97119188308716,1166.0,0.0,79.81564092636108
1167,1167.0,8.0,16.0,34.89874768257141,128.0,1.0,278375.0,770201.0,0.7345209121704102,2.0,2.0,2.0,0.3046875,16.0,0.047500260153419994,0.029754456132650375,0.3554120659828186,17394.375,16.0,1.0,278375.0,139155.0,0.4998832510103278,128.0,1.0,2.448031928159869e-07,22.21385908126831,73.59648609161377,1167.0,0.0,108.56862211227417
1168,1168.0,8.0,16.0,32.18555402755737,128.0,1.0,258681.0,789895.0,0.7533025741577148,2.0,2.0,2.0,0.515625,16.0,0.04377884594274882,0.022895390167832375,0.4233938455581665,16163.75,16.0,1.0,258681.0,129310.0,0.499882094162308,128.0,1.0,2.4402684600711867e-07,22.21385908126831,67.18927526473999,1168.0,0.0,99.447589635849
1169,1169.0,8.0,16.0,20.032273769378662,128.0,1.0,242107.0,806469.0,0.769108772277832,2.0,2.0,2.0,0.3984375,16.0,0.050121287483320516,0.027721786871552467,0.4368756115436554,15127.75,16.0,1.0,242107.0,121022.0,0.4998698922377296,128.0,1.0,2.432513345990429e-07,22.21385908126831,58.14215850830078,1169.0,0.0,78.24463939666748
1170,1170.0,8.0,16.0,27.807130575180054,128.0,1.0,290041.0,758535.0,0.7233953475952148,2.0,2.0,2.0,0.3359375,16.0,0.05454698070779228,0.031758081167936325,0.35485178232192993,18123.375,16.0,1.0,290041.0,144987.0,0.49988449908806,128.0,1.0,2.4247666112273936e-07,22.21385908126831,66.32718801498413,1170.0,0.0,94.21157360076904
1171,1171.0,8.0,16.0,28.297500133514404,128.0,1.0,240859.0,807717.0,0.770298957824707,2.0,2.0,2.0,0.390625,16.0,0.06356566449893085,0.03474194556474686,0.43338367342948914,15049.625,16.0,1.0,240859.0,120397.0,0.4998650662835933,128.0,1.0,2.4170282810645297e-07,22.21385908126831,62.638521909713745,1171.0,0.0,91.00860476493835
1172,1172.0,8.0,16.0,39.11543536186218,128.0,1.0,313459.0,735117.0,0.7010622024536133,2.0,2.0,2.0,0.5,16.0,0.04150659815782126,0.02488001622259617,0.2779298722743988,19587.5,16.0,1.0,313459.0,156700.0,0.4999058888084247,128.0,1.0,2.4092983807568575e-07,22.21385908126831,78.41002583503723,1172.0,0.0,117.60346341133118
1173,1173.0,8.0,16.0,22.286633729934692,128.0,1.0,220075.0,828501.0,0.7901201248168945,2.0,2.0,2.0,0.578125,16.0,0.04770955553898193,0.024704579263925552,0.4445848762989044,13751.25,16.0,1.0,220075.0,110010.0,0.4998750425991139,128.0,1.0,2.4015769355318843e-07,22.21385908126831,58.878846406936646,1173.0,0.0,81.22360181808472
1174,1174.0,8.0,16.0,21.12626314163208,128.0,1.0,201487.0,847089.0,0.8078470230102539,2.0,2.0,2.0,0.5546875,16.0,0.04667263037055429,0.024031909182667732,0.45770910382270813,12588.375,16.0,1.0,201487.0,100707.0,0.49981884687349554,128.0,1.0,2.393863970589525e-07,22.21385908126831,58.732625007629395,1174.0,0.0,79.91616702079773
1175,1175.0,8.0,16.0,17.876889944076538,128.0,1.0,223238.0,825338.0,0.7871036529541016,2.0,2.0,2.0,0.4609375,16.0,0.05477972708860557,0.02808561362326145,0.381966233253479,13948.0,16.0,1.0,223238.0,111584.0,0.49984321665666237,128.0,1.0,2.38615951110202e-07,22.21385908126831,57.42486619949341,1175.0,0.0,75.36183953285217
1176,1176.0,8.0,16.0,30.361923933029175,128.0,1.0,278165.0,770411.0,0.7347211837768555,2.0,2.0,2.0,0.5703125,16.0,0.04418087802492768,0.025906208902597427,0.31470730900764465,17381.375,16.0,1.0,278165.0,139051.0,0.4998867578595438,128.0,1.0,2.378463582213842e-07,22.21385908126831,70.58167886734009,1176.0,0.0,101.01335191726685
1177,1177.0,8.0,16.0,24.354504823684692,128.0,1.0,202785.0,845791.0,0.8066091537475586,2.0,2.0,2.0,0.4296875,16.0,0.060126318668117525,0.03352995961904526,0.5310991406440735,12670.25,16.0,1.0,202785.0,101362.0,0.49984959439800775,128.0,1.0,2.3707762090416328e-07,22.21385908126831,66.30902934074402,1177.0,0.0,90.7237913608551
1178,1178.0,8.0,16.0,24.52514147758484,128.0,1.0,278417.0,770159.0,0.7344808578491211,2.0,2.0,2.0,0.234375,16.0,0.04846203091817162,0.02791408635675907,0.3269914388656616,17396.875,16.0,1.0,278417.0,139175.0,0.49987967688754636,128.0,1.0,2.3630974166741073e-07,22.21385908126831,63.207701206207275,1178.0,0.0,87.80383276939392
1179,1179.0,8.0,16.0,25.578095197677612,128.0,1.0,232397.0,816179.0,0.7783689498901367,2.0,2.0,2.0,0.3984375,16.0,0.06569218916025309,0.03162264823913574,0.5388973951339722,14521.25,16.0,1.0,232397.0,116170.0,0.49987736502622665,128.0,1.0,2.3554272301719785e-07,22.21385908126831,63.733943462371826,1179.0,0.0,89.37410998344421
1180,1180.0,8.0,16.0,33.50290632247925,128.0,1.0,226866.0,821710.0,0.7836437225341797,2.0,2.0,2.0,0.453125,16.0,0.05194848237424152,0.02642912231385708,0.4692291021347046,14175.25,16.0,1.0,226866.0,113402.0,0.4998633554609329,128.0,1.0,2.3477656745678677e-07,22.21385908126831,65.15895962715149,1180.0,0.0,98.72713446617126
1181,1181.0,8.0,16.0,36.33702325820923,128.0,1.0,259142.0,789434.0,0.7528629302978516,2.0,2.0,2.0,0.3984375,16.0,0.046505843926333196,0.025201933458447456,0.3834356367588043,16192.875,16.0,1.0,259142.0,129543.0,0.4998919511310401,128.0,1.0,2.3401127748662325e-07,22.21385908126831,73.41062307357788,1181.0,0.0,109.81545066833496
1182,1182.0,8.0,16.0,37.15410900115967,128.0,1.0,351183.0,697393.0,0.6650857925415039,2.0,2.0,2.0,0.2109375,16.0,0.04921144046708157,0.030503466725349426,0.2770494222640991,21944.875,16.0,1.0,351183.0,175559.0,0.4999074556570221,128.0,1.0,2.3324685560432789e-07,22.21385908126831,80.37455677986145,1182.0,0.0,117.61565971374512
1183,1183.0,8.0,16.0,28.621158361434937,128.0,1.0,270258.0,778318.0,0.7422618865966797,2.0,2.0,2.0,0.4375,16.0,0.061231637270409575,0.030164968222379684,0.5804457068443298,16887.25,16.0,1.0,270258.0,135098.0,0.4998852947923836,128.0,1.0,2.3248330430468855e-07,22.21385908126831,68.52458620071411,1183.0,0.0,97.21716904640198
1184,1184.0,8.0,16.0,19.601203441619873,128.0,1.0,182982.0,865594.0,0.8254947662353516,2.0,2.0,2.0,0.515625,16.0,0.07713979690253965,0.0406612865626812,0.529869794845581,11432.75,16.0,1.0,182982.0,91462.0,0.49984151446590375,128.0,1.0,2.3172062607965165e-07,22.21385908126831,54.96096968650818,1184.0,0.0,74.61479783058167
1185,1185.0,8.0,16.0,27.93757677078247,128.0,1.0,217210.0,831366.0,0.7928524017333984,2.0,2.0,2.0,0.71875,16.0,0.05638333580934246,0.032002124935388565,0.426259309053421,13571.125,16.0,1.0,217210.0,108569.0,0.4998342617743198,128.0,1.0,2.309588234183137e-07,22.21385908126831,64.88262104988098,1185.0,0.0,92.88869047164917
1186,1186.0,8.0,16.0,39.7164740562439,128.0,1.0,220093.0,828483.0,0.7901029586791992,2.0,2.0,2.0,0.4453125,16.0,0.054100328968866726,0.02997429110109806,0.5438427329063416,13751.875,16.0,1.0,220093.0,110015.0,0.49985687868310213,128.0,1.0,2.3019789880691433e-07,22.21385908126831,63.955974817276,1186.0,0.0,103.7323956489563
1187,1187.0,8.0,16.0,41.33295154571533,128.0,1.0,270763.0,777813.0,0.7417802810668945,2.0,2.0,2.0,0.4765625,16.0,0.061737396353298855,0.028882252052426338,0.58608478307724,16918.625,16.0,1.0,270763.0,135349.0,0.4998799688288282,128.0,1.0,2.2943785472882732e-07,22.21385908126831,73.59788489341736,1187.0,0.0,115.00161385536194
1188,1188.0,8.0,16.0,27.204084396362305,128.0,1.0,265614.0,782962.0,0.7466907501220703,2.0,2.0,2.0,0.40625,16.0,0.05771901308179073,0.033107515424489975,0.4712546169757843,16596.625,16.0,1.0,265614.0,132773.0,0.4998719946990746,128.0,1.0,2.2867869366455294e-07,22.21385908126831,65.82505798339844,1188.0,0.0,93.09810042381287
1189,1189.0,8.0,16.0,39.599361419677734,128.0,1.0,222273.0,826303.0,0.7880239486694336,2.0,2.0,2.0,0.6015625,16.0,0.04505995836483729,0.021249353885650635,0.43307992815971375,13887.625,16.0,1.0,222273.0,111101.0,0.499840286494536,128.0,1.0,2.2792041809170902e-07,22.21385908126831,68.40196490287781,1189.0,0.0,108.07195329666138
1190,1190.0,8.0,16.0,28.163471698760986,128.0,1.0,218036.0,830540.0,0.7920646667480469,2.0,2.0,2.0,0.453125,16.0,0.05665176585939431,0.035111475735902786,0.4692249298095703,13623.5,16.0,1.0,218036.0,108988.0,0.49986240804270854,128.0,1.0,2.2716303048502418e-07,22.21385908126831,65.50150918960571,1190.0,0.0,93.7304298877716
1191,1191.0,8.0,16.0,28.389883995056152,128.0,1.0,221611.0,826965.0,0.7886552810668945,2.0,2.0,2.0,0.609375,16.0,0.052244194110102005,0.027390971779823303,0.49652549624443054,13846.5,16.0,1.0,221611.0,110772.0,0.49984883421851806,128.0,1.0,2.2640653331632863e-07,22.21385908126831,61.43664002418518,1191.0,0.0,89.8873040676117
1192,1192.0,8.0,16.0,30.071919202804565,128.0,1.0,283086.0,765490.0,0.7300281524658203,2.0,2.0,2.0,0.3203125,16.0,0.04664334778829945,0.029260825365781784,0.40223056077957153,17688.625,16.0,1.0,283086.0,141509.0,0.49987989515553577,128.0,1.0,2.256509290545467e-07,22.21385908126831,66.91147375106812,1192.0,0.0,97.05632972717285
1193,1193.0,8.0,16.0,32.89986610412598,128.0,1.0,350043.0,698533.0,0.666172981262207,2.0,2.0,2.0,0.1875,16.0,0.0567705656464317,0.03594085946679115,0.3541245758533478,21873.5,16.0,1.0,350043.0,174988.0,0.49990429747202486,128.0,1.0,2.2489622016568855e-07,22.21385908126831,76.07195043563843,1193.0,0.0,109.06861591339111
1194,1194.0,8.0,16.0,40.690659046173096,128.0,1.0,320776.0,727800.0,0.6940841674804688,2.0,2.0,2.0,0.5,16.0,0.040033343721922486,0.023605646565556526,0.35808682441711426,20044.625,16.0,1.0,320776.0,160357.0,0.4999033593535676,128.0,1.0,2.2414240911284215e-07,22.21385908126831,83.38330030441284,1194.0,0.0,124.16497850418091
1195,1195.0,8.0,16.0,39.88931608200073,128.0,1.0,208150.0,840426.0,0.8014926910400391,2.0,2.0,2.0,0.390625,16.0,0.04585718842637715,0.02464558742940426,0.45333102345466614,13005.375,16.0,1.0,208150.0,104043.0,0.4998462647129474,128.0,1.0,2.2338949835616533e-07,22.21385908126831,85.32710719108582,1195.0,0.0,125.27270340919495
1196,1196.0,8.0,16.0,35.18212532997131,128.0,1.0,235207.0,813369.0,0.7756891250610352,2.0,2.0,2.0,0.5078125,16.0,0.05352588536481393,0.02512831799685955,0.6037272810935974,14695.875,16.0,1.0,235207.0,117567.0,0.49984481754369553,128.0,1.0,2.2263749035287765e-07,22.21385908126831,66.68872785568237,1196.0,0.0,101.93366694450378
1197,1197.0,8.0,16.0,20.782145261764526,128.0,1.0,194585.0,853991.0,0.8144292831420898,2.0,2.0,2.0,0.4609375,16.0,0.06418421998441307,0.03152792528271675,0.48129934072494507,12157.0,16.0,1.0,194585.0,97256.0,0.49981242130688386,128.0,1.0,2.2188638755725263e-07,22.21385908126831,57.926167488098145,1197.0,0.0,78.76722049713135
1198,1198.0,8.0,16.0,32.00332045555115,128.0,1.0,266868.0,781708.0,0.7454948425292969,2.0,2.0,2.0,0.6796875,16.0,0.049501459600761355,0.026989255100488663,0.38177967071533203,16675.0,16.0,1.0,266868.0,133400.0,0.4998725961898766,128.0,1.0,2.21136192420609e-07,22.21385908126831,73.3081922531128,1198.0,0.0,105.38342380523682
1199,1199.0,8.0,16.0,27.439972400665283,128.0,1.0,279498.0,769078.0,0.7334499359130859,2.0,2.0,2.0,0.4296875,16.0,0.05753192452989237,0.030177604407072067,0.44608739018440247,17464.625,16.0,1.0,279498.0,139717.0,0.49988550901974255,128.0,1.0,2.203869073913036e-07,22.21385908126831,68.29948496818542,1199.0,0.0,95.82702040672302
1200,1200.0,8.0,16.0,30.57042670249939,128.0,1.0,235261.0,813315.0,0.7756376266479492,2.0,2.0,2.0,0.578125,16.0,0.04961680618677067,0.02935033105313778,0.3479752242565155,14700.125,16.0,1.0,235261.0,117601.0,0.49987460735098466,128.0,1.0,2.196385349147231e-07,22.21385908126831,63.05117845535278,1200.0,0.0,313.7689244747162
1201,1201.0,8.0,16.0,33.16628456115723,128.0,1.0,294224.0,754352.0,0.7194061279296875,2.0,2.0,2.0,0.3515625,16.0,0.05339680145394474,0.0314561128616333,0.39918676018714905,18385.125,16.0,1.0,294224.0,147081.0,0.4998946380988635,128.0,1.0,2.188910774332758e-07,22.21385908126831,69.13437557220459,1201.0,0.0,102.38165807723999
1202,1202.0,8.0,16.0,33.544294357299805,128.0,1.0,256063.0,792513.0,0.7557992935180664,2.0,2.0,2.0,0.5625,16.0,0.05199390222068609,0.03209523856639862,0.38056686520576477,16000.125,16.0,1.0,256063.0,128001.0,0.49988088868754954,128.0,1.0,2.1814453738638394e-07,22.21385908126831,73.20837235450745,1202.0,0.0,106.81914258003235
1203,1203.0,8.0,16.0,29.260647296905518,128.0,1.0,235178.0,813398.0,0.7757167816162109,2.0,2.0,2.0,0.5,16.0,0.06539052029257104,0.0366714745759964,0.5560165047645569,14694.0,16.0,1.0,235178.0,117552.0,0.4998426723588091,128.0,1.0,2.1739891721047516e-07,22.21385908126831,70.76924395561218,1203.0,0.0,100.09764671325684
1204,1204.0,8.0,16.0,38.2748863697052,128.0,1.0,227691.0,820885.0,0.7828569412231445,2.0,2.0,2.0,0.6328125,16.0,0.058986529220186,0.028675192967057228,0.4772738814353943,14226.5,16.0,1.0,227691.0,113812.0,0.4998528707766227,128.0,1.0,2.1665421933897544e-07,22.21385908126831,72.87682867050171,1204.0,0.0,111.21479558944702
1205,1205.0,8.0,16.0,20.205892324447632,128.0,1.0,217103.0,831473.0,0.7929544448852539,2.0,2.0,2.0,0.4921875,16.0,0.0522860512750508,0.028575601056218147,0.4465861916542053,13565.125,16.0,1.0,217103.0,108521.0,0.4998595136870518,128.0,1.0,2.159104462023006e-07,22.21385908126831,61.68485164642334,1205.0,0.0,81.94970417022705
1206,1206.0,8.0,16.0,34.749422788619995,128.0,1.0,239628.0,808948.0,0.7714729309082031,2.0,2.0,2.0,0.40625,16.0,0.05726715170792905,0.027809619903564453,0.7622601389884949,14972.75,16.0,1.0,239628.0,119782.0,0.4998664596791694,128.0,1.0,2.1516760022784836e-07,22.21385908126831,65.70144152641296,1206.0,0.0,100.51713681221008
1207,1207.0,8.0,16.0,40.82587909698486,128.0,1.0,246180.0,802396.0,0.7652244567871094,2.0,2.0,2.0,0.5,16.0,0.06479083347860796,0.027853434905409813,0.6371267437934875,15382.75,16.0,1.0,246180.0,123062.0,0.49988626208465353,128.0,1.0,2.1442568383999067e-07,22.21385908126831,74.01393389701843,1207.0,0.0,114.90619778633118
1208,1208.0,8.0,16.0,20.311835050582886,128.0,1.0,258984.0,789592.0,0.7530136108398438,2.0,2.0,2.0,0.328125,16.0,0.04802642901875573,0.026611102744936943,0.3716842830181122,16182.375,16.0,1.0,258984.0,129459.0,0.4998725790010194,128.0,1.0,2.1368469946006557e-07,22.21385908126831,65.91203379631042,1208.0,0.0,86.29350781440735
1209,1209.0,8.0,16.0,21.799721002578735,128.0,1.0,217788.0,830788.0,0.7923011779785156,2.0,2.0,2.0,0.3125,16.0,0.06809597045099959,0.03534024953842163,0.49329838156700134,13608.0,16.0,1.0,217788.0,108864.0,0.4998622513637115,128.0,1.0,2.1294464950636937e-07,22.21385908126831,56.954896450042725,1209.0,0.0,78.81683874130249
1210,1210.0,8.0,16.0,29.018351316452026,128.0,1.0,167682.0,880894.0,0.8400859832763672,2.0,2.0,2.0,0.40625,16.0,0.08614834010583175,0.04122311994433403,0.6696047782897949,10476.5,16.0,1.0,167682.0,83812.0,0.49982705358953256,128.0,1.0,2.1220553639414873e-07,22.21385908126831,59.18479514122009,1210.0,0.0,88.26234459877014
1211,1211.0,8.0,16.0,29.529157400131226,128.0,1.0,257043.0,791533.0,0.7548646926879883,2.0,2.0,2.0,0.484375,16.0,0.040534788389790355,0.023781895637512207,0.35917899012565613,16060.625,16.0,1.0,257043.0,128485.0,0.4998580004123824,128.0,1.0,2.1146736253559316e-07,22.21385908126831,68.95105409622192,1211.0,0.0,98.54597735404968
1212,1212.0,8.0,16.0,29.340662956237793,128.0,1.0,237862.0,810714.0,0.7731571197509766,2.0,2.0,2.0,0.5,16.0,0.054875148852339656,0.02576531283557415,0.4305626451969147,14862.25,16.0,1.0,237862.0,118898.0,0.49986126409430676,128.0,1.0,2.1073013033982607e-07,22.21385908126831,64.55295658111572,1212.0,0.0,93.96106553077698
1213,1213.0,8.0,16.0,34.17038822174072,128.0,1.0,306952.0,741624.0,0.7072677612304688,2.0,2.0,2.0,0.34375,16.0,0.06255014946269805,0.034310758113861084,0.38596680760383606,19181.0,16.0,1.0,306952.0,153448.0,0.49990878052594545,128.0,1.0,2.099938422128982e-07,22.21385908126831,80.51786303520203,1213.0,0.0,114.76803302764893
1214,1214.0,8.0,16.0,35.78409218788147,128.0,1.0,243301.0,805275.0,0.767970085144043,2.0,2.0,2.0,0.6328125,16.0,0.04276611771025239,0.02235129103064537,0.3899674713611603,15202.875,16.0,1.0,243301.0,121623.0,0.4998869712824855,128.0,1.0,2.0925850055777905e-07,22.21385908126831,67.33313775062561,1214.0,0.0,103.18227052688599
1215,1215.0,8.0,16.0,22.726372718811035,128.0,1.0,214454.0,834122.0,0.7954807281494141,2.0,2.0,2.0,0.375,16.0,0.055114198106553186,0.024864504113793373,0.4971427023410797,13399.375,16.0,1.0,214454.0,107195.0,0.4998507838510823,128.0,1.0,2.085241077743493e-07,22.21385908126831,63.45997953414917,1215.0,0.0,86.24533557891846
1216,1216.0,8.0,16.0,38.97306847572327,128.0,1.0,282844.0,765732.0,0.7302589416503906,2.0,2.0,2.0,0.40625,16.0,0.06031771064998895,0.03465389460325241,0.41736769676208496,17674.0,16.0,1.0,282844.0,141392.0,0.49989393446564184,128.0,1.0,2.0779066625939274e-07,22.21385908126831,67.11641335487366,1216.0,0.0,106.16307544708252
1217,1217.0,8.0,16.0,23.94584846496582,128.0,1.0,207433.0,841143.0,0.8021764755249023,2.0,2.0,2.0,0.34375,16.0,0.06261902731887488,0.03384819254279137,0.5012901425361633,12960.0,16.0,1.0,207433.0,103680.0,0.49982403956940313,128.0,1.0,2.070581784065885e-07,22.21385908126831,58.240482330322266,1217.0,0.0,82.251136302948
1218,1218.0,8.0,16.0,39.475892305374146,128.0,1.0,267299.0,781277.0,0.7450838088989258,2.0,2.0,2.0,0.4140625,16.0,0.06128769870903364,0.03482464700937271,0.4622166156768799,16702.125,16.0,1.0,267299.0,133617.0,0.4998784133124329,128.0,1.0,2.0632664660650357e-07,22.21385908126831,63.32956051826477,1218.0,0.0,102.87158298492432
1219,1219.0,8.0,16.0,31.445239067077637,128.0,1.0,225852.0,822724.0,0.7846107482910156,2.0,2.0,2.0,0.53125,16.0,0.043820190120705135,0.02186836116015911,0.4592331051826477,14112.0,16.0,1.0,225852.0,112896.0,0.4998671696509218,128.0,1.0,2.0559607324658446e-07,22.21385908126831,67.69795346260071,1219.0,0.0,99.19856119155884
1220,1220.0,8.0,16.0,33.8675057888031,128.0,1.0,229734.0,818842.0,0.7809085845947266,2.0,2.0,2.0,0.640625,16.0,0.05093596915515358,0.02450689673423767,0.4879000186920166,14354.5,16.0,1.0,229734.0,114836.0,0.49986506133180114,128.0,1.0,2.0486646071115005e-07,22.21385908126831,69.29126572608948,1220.0,0.0,103.22740340232849
1221,1221.0,8.0,16.0,40.35054397583008,128.0,1.0,194112.0,854464.0,0.81488037109375,2.0,2.0,2.0,0.8203125,16.0,0.03319253804768641,0.01734895259141922,0.40249934792518616,12128.0,16.0,1.0,194112.0,97024.0,0.4998351467194197,128.0,1.0,2.0413781138138286e-07,22.21385908126831,70.27762866020203,1221.0,0.0,110.68580079078674
1222,1222.0,8.0,16.0,19.45913815498352,128.0,1.0,195147.0,853429.0,0.8138933181762695,2.0,2.0,2.0,0.625,16.0,0.05830057038210485,0.024826817214488983,0.49678686261177063,12192.875,16.0,1.0,195147.0,97543.0,0.49984370756404145,128.0,1.0,2.0341012763532239e-07,22.21385908126831,56.05278515815735,1222.0,0.0,75.56419277191162
1223,1223.0,8.0,16.0,22.95688247680664,128.0,1.0,251615.0,796961.0,0.7600412368774414,2.0,2.0,2.0,0.4609375,16.0,0.04928320916551197,0.030032048001885414,0.3887868821620941,15721.625,16.0,1.0,251615.0,125773.0,0.4998628857580033,128.0,1.0,2.026834118478567e-07,22.21385908126831,66.30723929405212,1223.0,0.0,89.33175325393677
1224,1224.0,8.0,16.0,39.473085165023804,128.0,1.0,300402.0,748174.0,0.7135143280029297,2.0,2.0,2.0,0.375,16.0,0.05943520664261794,0.03192096948623657,0.52818763256073,18770.875,16.0,1.0,300402.0,150167.0,0.49988681833010434,128.0,1.0,2.0195766639071483e-07,22.21385908126831,86.4707727432251,1224.0,0.0,126.02081608772278
1225,1225.0,8.0,16.0,27.287334203720093,128.0,1.0,267519.0,781057.0,0.7448740005493164,2.0,2.0,2.0,0.484375,16.0,0.06105826446566594,0.035966772586107254,0.4381811320781708,16716.25,16.0,1.0,267519.0,133730.0,0.49988972745861043,128.0,1.0,2.0123289363245872e-07,22.21385908126831,64.44855260848999,1225.0,0.0,91.80646252632141
1226,1226.0,8.0,16.0,38.72050929069519,128.0,1.0,305256.0,743320.0,0.7088851928710938,2.0,2.0,2.0,0.4609375,16.0,0.04923620341353529,0.028348561376333237,0.36382848024368286,19074.0,16.0,1.0,305256.0,152592.0,0.49988206620017295,128.0,1.0,2.0050909593847615e-07,22.21385908126831,71.9996395111084,1226.0,0.0,110.79562950134277
1227,1227.0,8.0,16.0,20.94763445854187,128.0,1.0,191675.0,856901.0,0.817204475402832,2.0,2.0,2.0,0.4921875,16.0,0.044347014279301135,0.02107747457921505,0.4081350564956665,11975.125,16.0,1.0,191675.0,95801.0,0.4998095734968045,128.0,1.0,1.9978627567097244e-07,22.21385908126831,61.21767735481262,1227.0,0.0,82.21979188919067
1228,1228.0,8.0,16.0,25.84003186225891,128.0,1.0,188574.0,860002.0,0.8201618194580078,2.0,2.0,2.0,0.5234375,16.0,0.05366808180398303,0.026657074689865112,0.5048372149467468,11781.375,16.0,1.0,188574.0,94251.0,0.4998090935123612,128.0,1.0,1.990644351889632e-07,22.21385908126831,67.09635305404663,1228.0,0.0,92.98828172683716
1229,1229.0,8.0,16.0,37.95932483673096,128.0,1.0,211002.0,837574.0,0.7987728118896484,2.0,2.0,2.0,0.40625,16.0,0.052786787312565496,0.02609931118786335,0.5667703747749329,13183.25,16.0,1.0,211002.0,105466.0,0.49983412479502565,128.0,1.0,1.9834357684826608e-07,22.21385908126831,73.87020921707153,1229.0,0.0,111.88413953781128
1230,1230.0,8.0,16.0,40.694411516189575,128.0,1.0,244095.0,804481.0,0.7672128677368164,2.0,2.0,2.0,0.59375,16.0,0.05243639833848121,0.033403486013412476,0.45062166452407837,15252.125,16.0,1.0,244095.0,122017.0,0.49987504864909155,128.0,1.0,1.9762370300149367e-07,22.21385908126831,75.9624342918396,1230.0,0.0,116.71691083908081
1231,1231.0,8.0,16.0,28.80682373046875,128.0,1.0,262250.0,786326.0,0.7498989105224609,2.0,2.0,2.0,0.3828125,16.0,0.05554792866140583,0.03125877305865288,0.3808055818080902,16386.5,16.0,1.0,262250.0,131092.0,0.4998741658722593,128.0,1.0,1.9690481599804526e-07,22.21385908126831,60.89125609397888,1231.0,0.0,89.7612407207489
1232,1232.0,8.0,16.0,39.610732078552246,128.0,1.0,194267.0,854309.0,0.814732551574707,2.0,2.0,2.0,0.4765625,16.0,0.05358452753427959,0.024321725592017174,0.5275802612304688,12138.125,16.0,1.0,194267.0,97105.0,0.4998532946923564,128.0,1.0,1.9618691818409965e-07,22.21385908126831,62.516165256500244,1232.0,0.0,102.18828105926514
1233,1233.0,8.0,16.0,20.399999618530273,128.0,1.0,223038.0,825538.0,0.7872943878173828,2.0,2.0,2.0,0.4296875,16.0,0.05181293870160886,0.026894861832261086,0.531033456325531,13935.625,16.0,1.0,223038.0,111485.0,0.49984755960867655,128.0,1.0,1.9547001190260742e-07,22.21385908126831,60.31665563583374,1233.0,0.0,80.77991986274719
1234,1234.0,8.0,16.0,15.160012483596802,128.0,1.0,222223.0,826353.0,0.7880716323852539,2.0,2.0,2.0,0.75,16.0,0.06484777990401296,0.03015243634581566,0.5001909136772156,13885.0,16.0,1.0,222223.0,111080.0,0.49985825049612326,128.0,1.0,1.947540994932826e-07,22.21385908126831,55.951969146728516,1234.0,0.0,71.17901468276978
1235,1235.0,8.0,16.0,38.33881664276123,128.0,1.0,304021.0,744555.0,0.7100629806518555,2.0,2.0,2.0,0.375,16.0,0.04133116142448371,0.027263348922133446,0.29221755266189575,18997.625,16.0,1.0,304021.0,151981.0,0.49990296722923744,128.0,1.0,1.9403918329259616e-07,22.21385908126831,78.08620405197144,1235.0,0.0,116.5039734840393
1236,1236.0,8.0,16.0,35.7627215385437,128.0,1.0,315558.0,733018.0,0.6990604400634766,2.0,2.0,2.0,0.5078125,16.0,0.04328492063108295,0.023920899257063866,0.338214248418808,19718.25,16.0,1.0,315558.0,157746.0,0.4998954233453121,128.0,1.0,1.9332526563376765e-07,22.21385908126831,84.2566773891449,1236.0,0.0,120.10562252998352
1237,1237.0,8.0,16.0,25.716264009475708,128.0,1.0,245992.0,802584.0,0.7654037475585938,2.0,2.0,2.0,0.515625,16.0,0.05121199280844934,0.02912498638033867,0.3754236400127411,15370.875,16.0,1.0,245992.0,122967.0,0.49988210998731664,128.0,1.0,1.926123488467577e-07,22.21385908126831,62.301297426223755,1237.0,0.0,88.09903240203857
1238,1238.0,8.0,16.0,37.394901752471924,128.0,1.0,182209.0,866367.0,0.8262319564819336,2.0,2.0,2.0,0.6875,16.0,0.05646400667090554,0.02778918668627739,0.5814460515975952,11383.25,16.0,1.0,182209.0,91066.0,0.4997887041803643,128.0,1.0,1.9190043525826067e-07,22.21385908126831,64.39877247810364,1238.0,0.0,101.85336065292358
1239,1239.0,8.0,16.0,26.80526876449585,128.0,1.0,212093.0,836483.0,0.7977323532104492,2.0,2.0,2.0,0.4375,16.0,0.05948684344384614,0.031073497608304024,0.4424908757209778,13251.25,16.0,1.0,212093.0,106010.0,0.4998279056828844,128.0,1.0,1.9118952719169617e-07,22.21385908126831,61.57283592224121,1239.0,0.0,88.43596148490906
1240,1240.0,8.0,16.0,29.992525815963745,128.0,1.0,269094.0,779482.0,0.7433719635009766,2.0,2.0,2.0,0.2890625,16.0,0.056163182283593724,0.03439062833786011,0.3563641309738159,16815.25,16.0,1.0,269094.0,134522.0,0.499907095661739,128.0,1.0,1.9047962696720317e-07,22.21385908126831,71.02840185165405,1240.0,0.0,101.09544110298157
1241,1241.0,8.0,16.0,38.67532992362976,128.0,1.0,295725.0,752851.0,0.7179746627807617,2.0,2.0,2.0,0.265625,16.0,0.05471708241077996,0.029698168858885765,0.3707619309425354,18479.5,16.0,1.0,295725.0,147836.0,0.4999103897201792,128.0,1.0,1.8977073690163071e-07,22.21385908126831,69.90962338447571,1241.0,0.0,108.67440104484558
1242,1242.0,8.0,16.0,38.78481197357178,128.0,1.0,282381.0,766195.0,0.7307004928588867,2.0,2.0,2.0,0.09375,16.0,0.05917192339847224,0.03103366121649742,0.425424188375473,17644.75,16.0,1.0,282381.0,141158.0,0.4998849072706733,128.0,1.0,1.8906285930853156e-07,22.21385908126831,67.4623532295227,1242.0,0.0,106.31857180595398
1243,1243.0,8.0,16.0,26.139476776123047,128.0,1.0,246804.0,801772.0,0.7646293640136719,2.0,2.0,2.0,0.3515625,16.0,0.05549830927755036,0.03295430913567543,0.4576760530471802,15422.0,16.0,1.0,246804.0,123376.0,0.4998946532471111,128.0,1.0,1.8835599649815337e-07,22.21385908126831,67.69250631332397,1243.0,0.0,93.8943510055542
1244,1244.0,8.0,16.0,39.1977276802063,128.0,1.0,325283.0,723293.0,0.6897859573364258,2.0,2.0,2.0,0.328125,16.0,0.054599940197697185,0.031546272337436676,0.35213807225227356,20326.375,16.0,1.0,325283.0,162611.0,0.49990623549340113,128.0,1.0,1.8765015077743268e-07,22.21385908126831,84.29297065734863,1244.0,0.0,123.58170199394226
1245,1245.0,8.0,16.0,39.10594964027405,128.0,1.0,279831.0,768745.0,0.7331323623657227,2.0,2.0,2.0,0.3046875,16.0,0.05303683619560176,0.03202900290489197,0.3903694748878479,17485.875,16.0,1.0,279831.0,139887.0,0.4998981528136625,128.0,1.0,1.8694532444998627e-07,22.21385908126831,78.55648612976074,1245.0,0.0,117.73512887954712
1246,1246.0,8.0,16.0,40.71668219566345,128.0,1.0,290593.0,757983.0,0.7228689193725586,2.0,2.0,2.0,0.3359375,16.0,0.05879391211891301,0.033765703439712524,0.36528071761131287,18158.25,16.0,1.0,290593.0,145266.0,0.4998950422067978,128.0,1.0,1.862415198161042e-07,22.21385908126831,84.14366745948792,1246.0,0.0,124.93447875976562
1247,1247.0,8.0,16.0,33.70332193374634,128.0,1.0,357221.0,691355.0,0.659327507019043,2.0,2.0,2.0,0.1953125,16.0,0.06272884222924133,0.03719430789351463,0.5467429161071777,22322.25,16.0,1.0,357221.0,178578.0,0.4999090199064445,128.0,1.0,1.8553873917274203e-07,22.21385908126831,86.30699014663696,1247.0,0.0,120.10050702095032
1248,1248.0,8.0,16.0,37.38080620765686,128.0,1.0,225552.0,823024.0,0.7848968505859375,2.0,2.0,2.0,0.421875,16.0,0.05099677358116273,0.026603147387504578,0.4154656231403351,14092.75,16.0,1.0,225552.0,112742.0,0.49984925870752644,128.0,1.0,1.8483698481351312e-07,22.21385908126831,72.3420569896698,1248.0,0.0,109.79175448417664
1249,1249.0,8.0,16.0,27.39769220352173,128.0,1.0,225052.0,823524.0,0.7853736877441406,2.0,2.0,2.0,0.640625,16.0,0.050936942953534785,0.026825185865163803,0.3892781436443329,14062.0,16.0,1.0,225052.0,112496.0,0.49986669747436147,128.0,1.0,1.841362590286818e-07,22.21385908126831,68.94864320755005,1249.0,0.0,96.40607595443726
1250,1250.0,8.0,16.0,26.490986824035645,128.0,1.0,177854.0,870722.0,0.8303852081298828,2.0,2.0,2.0,0.7265625,16.0,0.06746622397595908,0.03179188072681427,0.5365027189254761,11111.5,16.0,1.0,177854.0,88892.0,0.49980320937398093,128.0,1.0,1.8343656410515529e-07,22.21385908126831,55.344722032547,1250.0,0.0,302.0534658432007
1251,1251.0,8.0,16.0,23.867523193359375,128.0,1.0,229182.0,819394.0,0.7814350128173828,2.0,2.0,2.0,0.515625,16.0,0.056855222497312854,0.02922019176185131,0.42386701703071594,14319.875,16.0,1.0,229182.0,114559.0,0.4998603729786807,128.0,1.0,1.8273790232647667e-07,22.21385908126831,63.23230981826782,1251.0,0.0,87.22414898872375
1252,1252.0,8.0,16.0,39.82417035102844,128.0,1.0,253294.0,795282.0,0.7584400177001953,2.0,2.0,2.0,0.4453125,16.0,0.057358379842196064,0.02965080365538597,0.4316847324371338,15826.25,16.0,1.0,253294.0,126610.0,0.49985392468830686,128.0,1.0,1.8204027597281707e-07,22.21385908126831,70.83613300323486,1252.0,0.0,110.74249839782715
1253,1253.0,8.0,16.0,23.882285594940186,128.0,1.0,231840.0,816736.0,0.778900146484375,2.0,2.0,2.0,0.4453125,16.0,0.06789806406774808,0.03740433230996132,0.4690857529640198,14485.75,16.0,1.0,231840.0,115886.0,0.4998533471359558,128.0,1.0,1.8134368732096838e-07,22.21385908126831,66.28484845161438,1253.0,0.0,90.25951218605042
1254,1254.0,8.0,16.0,34.566184282302856,128.0,1.0,339416.0,709160.0,0.6763076782226562,2.0,2.0,2.0,0.4296875,16.0,0.04901963132912988,0.028428971767425537,0.5907757878303528,21209.5,16.0,1.0,339416.0,169676.0,0.49990572041388737,128.0,1.0,1.8064813864433586e-07,22.21385908126831,86.8736560344696,1254.0,0.0,121.55081248283386
1255,1255.0,8.0,16.0,40.924416303634644,128.0,1.0,301365.0,747211.0,0.7125959396362305,2.0,2.0,2.0,0.3359375,16.0,0.056713721096070153,0.031217601150274277,0.431232213973999,18831.125,16.0,1.0,301365.0,150649.0,0.4998888391153585,128.0,1.0,1.7995363221293086e-07,22.21385908126831,89.25985312461853,1255.0,0.0,130.25979685783386
1256,1256.0,8.0,16.0,31.201629877090454,128.0,1.0,277798.0,770778.0,0.7350711822509766,2.0,2.0,2.0,0.453125,16.0,0.04134585832431795,0.022325731813907623,0.3271998465061188,17358.5,16.0,1.0,277798.0,138868.0,0.4998884081238886,128.0,1.0,1.7926017029336265e-07,22.21385908126831,68.73650479316711,1256.0,0.0,100.0343222618103
1257,1257.0,8.0,16.0,35.88187623023987,128.0,1.0,274246.0,774330.0,0.7384586334228516,2.0,2.0,2.0,0.1953125,16.0,0.08580223983421707,0.04609513655304909,0.6003149747848511,17136.125,16.0,1.0,274246.0,137089.0,0.49987602371593387,128.0,1.0,1.785677551488322e-07,22.21385908126831,69.38066029548645,1257.0,0.0,105.3516788482666
1258,1258.0,8.0,16.0,39.171059131622314,128.0,1.0,292324.0,756252.0,0.7212181091308594,2.0,2.0,2.0,0.5234375,16.0,0.05419832282940999,0.030940629541873932,0.5970175862312317,18266.25,16.0,1.0,292324.0,146130.0,0.49989053242292797,128.0,1.0,1.7787638903912395e-07,22.21385908126831,70.63590669631958,1258.0,0.0,109.90327596664429
1259,1259.0,8.0,16.0,29.401453495025635,128.0,1.0,179399.0,869177.0,0.8289117813110352,2.0,2.0,2.0,0.3359375,16.0,0.05754527025938545,0.03395840898156166,0.4456048011779785,11208.5,16.0,1.0,179399.0,89668.0,0.49982441373697734,128.0,1.0,1.7718607422059879e-07,22.21385908126831,67.90987014770508,1259.0,0.0,97.36269092559814
1260,1260.0,8.0,16.0,28.901331663131714,128.0,1.0,284973.0,763603.0,0.7282285690307617,2.0,2.0,2.0,0.2109375,16.0,0.05247827639480406,0.02636747620999813,0.5255179405212402,17806.75,16.0,1.0,284973.0,142454.0,0.499885954107933,128.0,1.0,1.7649681294618663e-07,22.21385908126831,69.28827285766602,1260.0,0.0,98.26087522506714
1261,1261.0,8.0,16.0,32.2926766872406,128.0,1.0,400932.0,647644.0,0.6176414489746094,2.0,2.0,2.0,0.2109375,16.0,0.051122368055988986,0.03104839287698269,0.32148364186286926,25054.0,16.0,1.0,400932.0,200432.0,0.49991519758961617,128.0,1.0,1.7580860746537863e-07,22.21385908126831,81.5205409526825,1261.0,0.0,113.91719126701355
1262,1262.0,8.0,16.0,14.922035217285156,128.0,1.0,196161.0,852415.0,0.8129262924194336,2.0,2.0,2.0,0.5,16.0,0.07104887855894672,0.03364401310682297,0.6346831321716309,12255.0,16.0,1.0,196161.0,98040.0,0.4997935369415939,128.0,1.0,1.7512146002422056e-07,22.21385908126831,56.4417884349823,1262.0,0.0,71.42013263702393
1263,1263.0,8.0,16.0,34.82898497581482,128.0,1.0,252824.0,795752.0,0.7588882446289062,2.0,2.0,2.0,0.40625,16.0,0.047089795213378936,0.024158267304301262,0.891689121723175,15797.75,16.0,1.0,252824.0,126382.0,0.49988134037907794,128.0,1.0,1.7443537286530497e-07,22.21385908126831,75.99252796173096,1263.0,0.0,110.89860701560974
1264,1264.0,8.0,16.0,26.35661816596985,128.0,1.0,150931.0,897645.0,0.8560609817504883,2.0,2.0,2.0,0.78125,16.0,0.044851114260595355,0.020731860771775246,0.6676774024963379,9430.25,16.0,1.0,150931.0,75442.0,0.49984429971311395,128.0,1.0,1.737503482277647e-07,22.21385908126831,56.458792209625244,1264.0,0.0,82.85859870910645
1265,1265.0,8.0,16.0,38.89772319793701,128.0,1.0,240006.0,808570.0,0.7711124420166016,2.0,2.0,2.0,0.6015625,16.0,0.056307375161180395,0.032970182597637177,0.3663056194782257,14996.625,16.0,1.0,240006.0,119973.0,0.4998750031249219,128.0,1.0,1.730663883472638e-07,22.21385908126831,67.44278025627136,1265.0,0.0,106.4117546081543
1266,1266.0,8.0,16.0,22.779167652130127,128.0,1.0,209571.0,839005.0,0.8001375198364258,2.0,2.0,2.0,0.4140625,16.0,0.05000080910233147,0.025096306577324867,0.484569251537323,13094.25,16.0,1.0,209571.0,104754.0,0.4998496929441574,128.0,1.0,1.7238349545599213e-07,22.21385908126831,66.82416987419128,1266.0,0.0,89.66375660896301
1267,1267.0,8.0,16.0,28.793156623840332,128.0,1.0,268201.0,780375.0,0.7442235946655273,2.0,2.0,2.0,0.3671875,16.0,0.05156482877519746,0.027877366170287132,0.40082141757011414,16758.25,16.0,1.0,268201.0,134066.0,0.4998713651328668,128.0,1.0,1.717016717826571e-07,22.21385908126831,64.93234014511108,1267.0,0.0,93.79178166389465
1268,1268.0,8.0,16.0,39.29475545883179,128.0,1.0,287367.0,761209.0,0.7259454727172852,2.0,2.0,2.0,0.3515625,16.0,0.04892970542626579,0.03032182902097702,0.3438640236854553,17956.375,16.0,1.0,287367.0,143651.0,0.4998869042026398,128.0,1.0,1.710209195524765e-07,22.21385908126831,72.28602600097656,1268.0,0.0,111.67587876319885
1269,1269.0,8.0,16.0,17.487427711486816,128.0,1.0,246092.0,802484.0,0.7653083801269531,2.0,2.0,2.0,0.2109375,16.0,0.059577772075538264,0.030651383101940155,0.5404224395751953,15376.5,16.0,1.0,246092.0,123012.0,0.4998618402873722,128.0,1.0,1.7034124098717174e-07,22.21385908126831,58.92454695701599,1269.0,0.0,76.476735830307
1270,1270.0,8.0,16.0,26.365400314331055,128.0,1.0,165421.0,883155.0,0.8422422409057617,2.0,2.0,2.0,0.5390625,16.0,0.036143326790597605,0.01965862698853016,0.41442039608955383,10335.375,16.0,1.0,165421.0,82683.0,0.4998337575035818,128.0,1.0,1.6966263830495935e-07,22.21385908126831,58.05242443084717,1270.0,0.0,84.46448945999146
1271,1271.0,8.0,16.0,39.63314723968506,128.0,1.0,197477.0,851099.0,0.811671257019043,2.0,2.0,2.0,0.65625,16.0,0.056394683507119236,0.03100070357322693,0.499603807926178,12338.625,16.0,1.0,197477.0,98709.0,0.49985061551471816,128.0,1.0,1.6898511372054535e-07,22.21385908126831,64.44546341896057,1271.0,0.0,104.14728164672852
1272,1272.0,8.0,16.0,39.60347032546997,128.0,1.0,343439.0,705137.0,0.6724710464477539,2.0,2.0,2.0,0.3046875,16.0,0.05482661067760592,0.032685548067092896,0.3701189160346985,21460.875,16.0,1.0,343439.0,171687.0,0.4999053689301448,128.0,1.0,1.6830866944511702e-07,22.21385908126831,75.21934533119202,1272.0,0.0,114.91367077827454
1273,1273.0,8.0,16.0,15.971465349197388,128.0,1.0,172797.0,875779.0,0.8352079391479492,2.0,2.0,2.0,0.5078125,16.0,0.06619400183690032,0.03260500729084015,0.6114171743392944,10796.125,16.0,1.0,172797.0,86369.0,0.49982927944350886,128.0,1.0,1.6763330768633582e-07,22.21385908126831,50.258540630340576,1273.0,0.0,66.28014945983887
1274,1274.0,8.0,16.0,38.831600189208984,128.0,1.0,240667.0,807909.0,0.770482063293457,2.0,2.0,2.0,0.2265625,16.0,0.06538637557942699,0.03222822770476341,0.629774808883667,15037.375,16.0,1.0,240667.0,120299.0,0.49985664839799393,128.0,1.0,1.6695903064833038e-07,22.21385908126831,70.2266480922699,1274.0,0.0,109.1233229637146
1275,1275.0,8.0,16.0,39.21866822242737,128.0,1.0,344139.0,704437.0,0.6718034744262695,2.0,2.0,2.0,0.3359375,16.0,0.05906526111522802,0.03462187945842743,0.45594456791877747,21504.875,16.0,1.0,344139.0,172039.0,0.4999113730207852,128.0,1.0,1.662858405316892e-07,22.21385908126831,79.02440357208252,1275.0,0.0,118.33375096321106
1276,1276.0,8.0,16.0,39.47544002532959,128.0,1.0,243763.0,804813.0,0.7675294876098633,2.0,2.0,2.0,0.453125,16.0,0.07057423110260452,0.036864086985588074,0.4636397659778595,15231.0,16.0,1.0,243763.0,121848.0,0.49986257143208773,128.0,1.0,1.6561373953345338e-07,22.21385908126831,67.91609001159668,1276.0,0.0,107.47961688041687
1277,1277.0,8.0,16.0,14.998979806900024,128.0,1.0,178142.0,870434.0,0.8301105499267578,2.0,2.0,2.0,0.6484375,16.0,0.06549704013780405,0.029072316363453865,0.5850616097450256,11130.5,16.0,1.0,178142.0,89044.0,0.49984843551773306,128.0,1.0,1.649427298471096e-07,22.21385908126831,50.49470400810242,1277.0,0.0,65.55383324623108
1278,1278.0,8.0,16.0,39.18510293960571,128.0,1.0,284919.0,763657.0,0.7282800674438477,2.0,2.0,2.0,0.3984375,16.0,0.061395737482158985,0.03363746404647827,0.3977126181125641,17803.0,16.0,1.0,284919.0,142424.0,0.4998754031847648,128.0,1.0,1.6427281366258317e-07,22.21385908126831,74.99506878852844,1278.0,0.0,114.26250123977661
1279,1279.0,8.0,16.0,38.65838003158569,128.0,1.0,243496.0,805080.0,0.7677841186523438,2.0,2.0,2.0,0.46875,16.0,0.06070456612286453,0.03191378712654114,0.43861880898475647,15214.125,16.0,1.0,243496.0,121713.0,0.4998562604724513,128.0,1.0,1.6360399316622997e-07,22.21385908126831,72.87665104866028,1279.0,0.0,111.60111045837402
1280,1280.0,8.0,16.0,40.71386194229126,128.0,1.0,194338.0,854238.0,0.8146648406982422,2.0,2.0,2.0,0.65625,16.0,0.04555330729083593,0.019618850201368332,0.5833396911621094,12142.625,16.0,1.0,194338.0,97141.0,0.4998559211271084,128.0,1.0,1.629362705408306e-07,22.21385908126831,64.37236022949219,1280.0,0.0,105.14026522636414
1281,1281.0,8.0,16.0,34.90249037742615,128.0,1.0,226646.0,821930.0,0.7838535308837891,2.0,2.0,2.0,0.5703125,16.0,0.05271160956930392,0.027429677546024323,0.3918953537940979,14160.875,16.0,1.0,226646.0,113287.0,0.4998411619882989,128.0,1.0,1.6226964796558222e-07,22.21385908126831,80.88522696495056,1281.0,0.0,115.85781979560852
1282,1282.0,8.0,16.0,18.7005558013916,128.0,1.0,183968.0,864608.0,0.824554443359375,2.0,2.0,2.0,0.4921875,16.0,0.06900737292803462,0.03735196590423584,0.6944621205329895,11494.75,16.0,1.0,183968.0,91958.0,0.4998586710732301,128.0,1.0,1.6160412761609233e-07,22.21385908126831,54.680341482162476,1282.0,0.0,73.4389750957489
1283,1283.0,8.0,16.0,35.009430170059204,128.0,1.0,348701.0,699875.0,0.6674528121948242,2.0,2.0,2.0,0.4375,16.0,0.04218594682954898,0.027871306985616684,0.2877875864505768,21789.5,16.0,1.0,348701.0,174316.0,0.4999010613677621,128.0,1.0,1.6093971166437042e-07,22.21385908126831,84.948575258255,1283.0,0.0,120.0394537448883
1284,1284.0,8.0,16.0,40.97884249687195,128.0,1.0,277595.0,770981.0,0.735264778137207,2.0,2.0,2.0,0.296875,16.0,0.057915923569527086,0.028194434940814972,0.6195558309555054,17346.125,16.0,1.0,277595.0,138769.0,0.49989733244474865,128.0,1.0,1.6027640227882228e-07,22.21385908126831,79.28228974342346,1284.0,0.0,120.33074522018433
1285,1285.0,8.0,16.0,29.392958641052246,128.0,1.0,258693.0,789883.0,0.753291130065918,2.0,2.0,2.0,0.328125,16.0,0.06607643368413803,0.03994932025671005,0.4564991891384125,16164.375,16.0,1.0,258693.0,129315.0,0.4998782340457608,128.0,1.0,1.59614201624242e-07,22.21385908126831,66.93862199783325,1285.0,0.0,96.39693689346313
1286,1286.0,8.0,16.0,39.13413953781128,128.0,1.0,208613.0,839963.0,0.801051139831543,2.0,2.0,2.0,0.5234375,16.0,0.06777106133380056,0.042291201651096344,0.5517283082008362,13034.5,16.0,1.0,208613.0,104276.0,0.49985379626389537,128.0,1.0,1.5895311186180521e-07,22.21385908126831,67.17740201950073,1286.0,0.0,106.36883497238159
1287,1287.0,8.0,16.0,25.293081521987915,128.0,1.0,332250.0,716326.0,0.6831417083740234,2.0,2.0,2.0,0.34375,16.0,0.044254839690420766,0.026676874607801437,0.3467825651168823,20761.5,16.0,1.0,332250.0,166092.0,0.4999006772009029,128.0,1.0,1.5829313514906217e-07,22.21385908126831,70.33662414550781,1287.0,0.0,95.71024513244629
1288,1288.0,8.0,16.0,28.281286001205444,128.0,1.0,263261.0,785315.0,0.7489347457885742,2.0,2.0,2.0,0.5,16.0,0.049656223759460966,0.028504449874162674,0.33349478244781494,16449.75,16.0,1.0,263261.0,131598.0,0.49987654836834927,128.0,1.0,1.5763427363993033e-07,22.21385908126831,69.89105987548828,1288.0,0.0,98.24094486236572
1289,1289.0,8.0,16.0,37.36412239074707,128.0,1.0,246149.0,802427.0,0.765254020690918,2.0,2.0,2.0,0.515625,16.0,0.056289751009767915,0.030388055369257927,0.42931774258613586,15380.25,16.0,1.0,246149.0,123042.0,0.4998679661505836,128.0,1.0,1.569765294846877e-07,22.21385908126831,69.57643294334412,1289.0,0.0,107.00580430030823
1290,1290.0,8.0,16.0,32.16684889793396,128.0,1.0,243573.0,805003.0,0.7677106857299805,2.0,2.0,2.0,0.3359375,16.0,0.062107575515964596,0.032606594264507294,0.48777931928634644,15219.25,16.0,1.0,243573.0,121754.0,0.4998665697757962,128.0,1.0,1.5631990482996553e-07,22.21385908126831,62.33952260017395,1290.0,0.0,94.58435344696045
1291,1291.0,8.0,16.0,26.78689217567444,128.0,1.0,251541.0,797035.0,0.7601118087768555,2.0,2.0,2.0,0.4609375,16.0,0.05109179312204421,0.03053751215338707,0.3889036774635315,15717.375,16.0,1.0,251541.0,125739.0,0.49987477190597157,128.0,1.0,1.5566440181874169e-07,22.21385908126831,67.37327146530151,1291.0,0.0,94.23057270050049
1292,1292.0,8.0,16.0,32.32065010070801,128.0,1.0,230681.0,817895.0,0.7800054550170898,2.0,2.0,2.0,0.625,16.0,0.047216296555790856,0.023497994989156723,0.4569690227508545,14414.125,16.0,1.0,230681.0,115313.0,0.49988078775451816,128.0,1.0,1.550100225903329e-07,22.21385908126831,66.6925699710846,1292.0,0.0,99.08732914924622
1293,1293.0,8.0,16.0,40.996660232543945,128.0,1.0,214409.0,834167.0,0.7955236434936523,2.0,2.0,2.0,0.46875,16.0,0.054998052566321044,0.03114347904920578,0.40768367052078247,13396.5,16.0,1.0,214409.0,107172.0,0.49984842054204814,128.0,1.0,1.543567692803888e-07,22.215771198272705,61.566954135894775,1293.0,0.0,102.64473628997803
1294,1294.0,8.0,16.0,26.134793519973755,128.0,1.0,234696.0,813880.0,0.7761764526367188,2.0,2.0,2.0,0.5390625,16.0,0.05049294908386129,0.02749449945986271,0.3976406455039978,14664.25,16.0,1.0,234696.0,117314.0,0.49985513174489554,128.0,1.0,1.5370464402088436e-07,22.215771198272705,62.890766620635986,1294.0,0.0,89.08735966682434
1295,1295.0,8.0,16.0,30.827702522277832,128.0,1.0,291046.0,757530.0,0.7224369049072266,2.0,2.0,2.0,0.46875,16.0,0.045886797062301046,0.02672429382801056,0.38276442885398865,18186.375,16.0,1.0,291046.0,145491.0,0.49989005174439777,128.0,1.0,1.530536489401127e-07,22.215771198272705,74.04510927200317,1295.0,0.0,104.9527497291565
1296,1296.0,8.0,16.0,23.833892822265625,128.0,1.0,224078.0,824498.0,0.7863025665283203,2.0,2.0,2.0,0.3984375,16.0,0.0827782235760625,0.04100747033953667,0.721406102180481,14000.875,16.0,1.0,224078.0,112007.0,0.49985719258472494,128.0,1.0,1.5240378616267886e-07,22.215771198272705,60.93875575065613,1296.0,0.0,84.83594012260437
1297,1297.0,8.0,16.0,39.884087324142456,128.0,1.0,256131.0,792445.0,0.7557344436645508,2.0,2.0,2.0,0.5390625,16.0,0.05849911610404642,0.03221463784575462,0.46693241596221924,16003.75,16.0,1.0,256131.0,128030.0,0.49986139904970506,128.0,1.0,1.5175505780949223e-07,22.215771198272705,71.65270757675171,1297.0,0.0,111.62174797058105
1298,1298.0,8.0,16.0,27.92764902114868,128.0,1.0,205575.0,843001.0,0.8039484024047852,2.0,2.0,2.0,0.5,16.0,0.05708501798478889,0.02963631972670555,0.7531153559684753,12843.5,16.0,1.0,205575.0,102748.0,0.4998078560136203,128.0,1.0,1.5110746599775986e-07,22.215771198272705,69.01901292800903,1298.0,0.0,97.02811026573181
1299,1299.0,8.0,16.0,38.695138454437256,128.0,1.0,204305.0,844271.0,0.8051595687866211,2.0,2.0,2.0,0.6171875,16.0,0.06940687702437025,0.03204398229718208,0.5001984238624573,12765.375,16.0,1.0,204305.0,102123.0,0.4998556080370035,128.0,1.0,1.5046101284097968e-07,22.215771198272705,57.80025243759155,1299.0,0.0,96.55506873130798
1300,1300.0,8.0,16.0,16.852246046066284,128.0,1.0,184936.0,863640.0,0.8236312866210938,2.0,2.0,2.0,0.46875,16.0,0.06347057326929254,0.028509145602583885,0.5994040966033936,11554.875,16.0,1.0,184936.0,92439.0,0.4998431889951118,128.0,1.0,1.498157004489335e-07,22.215771198272705,51.5353057384491,1300.0,0.0,286.2139105796814
1301,1301.0,8.0,16.0,17.62648320198059,128.0,1.0,184948.0,863628.0,0.8236198425292969,2.0,2.0,2.0,0.5859375,16.0,0.04557940272609524,0.022631477564573288,0.41069844365119934,11555.0,16.0,1.0,184948.0,92440.0,0.4998161645435474,128.0,1.0,1.4917153092767974e-07,22.215771198272705,52.86396646499634,1301.0,0.0,70.54532837867737
1302,1302.0,8.0,16.0,34.76934242248535,128.0,1.0,240700.0,807876.0,0.7704505920410156,2.0,2.0,2.0,0.671875,16.0,0.05013647977020984,0.026486176997423172,0.48331910371780396,15039.75,16.0,1.0,240700.0,120318.0,0.49986705442459495,128.0,1.0,1.4852850637954734e-07,22.215771198272705,74.16348505020142,1302.0,0.0,108.99663972854614
1303,1303.0,8.0,16.0,28.98405361175537,128.0,1.0,263763.0,784813.0,0.7484560012817383,2.0,2.0,2.0,0.4453125,16.0,0.04856460495968506,0.028444163501262665,0.3210805654525757,16480.875,16.0,1.0,263763.0,131847.0,0.499869200759773,128.0,1.0,1.4788662890312824e-07,22.215771198272705,68.11740684509277,1303.0,0.0,97.18779706954956
1304,1304.0,8.0,16.0,15.93602180480957,128.0,1.0,181710.0,866866.0,0.8267078399658203,2.0,2.0,2.0,0.484375,16.0,0.06464842372266069,0.028771882876753807,0.5471479892730713,11352.5,16.0,1.0,181710.0,90820.0,0.49980738539430963,128.0,1.0,1.4724590059327096e-07,22.215771198272705,51.53306198120117,1304.0,0.0,67.52355909347534
1305,1305.0,8.0,16.0,38.8789541721344,128.0,1.0,296054.0,752522.0,0.7176609039306641,2.0,2.0,2.0,0.5390625,16.0,0.04083795693194662,0.023016823455691338,0.37688329815864563,18499.25,16.0,1.0,296054.0,147994.0,0.49988853384855464,128.0,1.0,1.466063235410735e-07,22.215771198272705,82.13034343719482,1305.0,0.0,121.08427834510803
1306,1306.0,8.0,16.0,16.954882621765137,128.0,1.0,178587.0,869989.0,0.829686164855957,2.0,2.0,2.0,0.4765625,16.0,0.0671709578726679,0.034725356847047806,0.5123202800750732,11158.25,16.0,1.0,178587.0,89266.0,0.49984601342762913,128.0,1.0,1.459678998338763e-07,22.215771198272705,53.45903205871582,1306.0,0.0,70.46708941459656
1307,1307.0,8.0,16.0,33.98695421218872,128.0,1.0,281972.0,766604.0,0.7310905456542969,2.0,2.0,2.0,0.265625,16.0,0.057894297480657136,0.028672566637396812,0.4041554033756256,17619.75,16.0,1.0,281972.0,140958.0,0.4999006993602202,128.0,1.0,1.453306315552561e-07,22.215771198272705,70.68886542320251,1307.0,0.0,104.74944233894348
1308,1308.0,8.0,16.0,40.802751779556274,128.0,1.0,237035.0,811541.0,0.7739458084106445,2.0,2.0,2.0,0.5703125,16.0,0.06634000674916349,0.03211456537246704,0.5438987016677856,14810.625,16.0,1.0,237035.0,118485.0,0.4998628894467062,128.0,1.0,1.4469452078501853e-07,22.215771198272705,77.34080767631531,1308.0,0.0,118.21344351768494
1309,1309.0,8.0,16.0,18.843414306640625,128.0,1.0,203654.0,844922.0,0.8057804107666016,2.0,2.0,2.0,0.4453125,16.0,0.06355942558188582,0.03067956678569317,0.4867371916770935,12724.625,16.0,1.0,203654.0,101797.0,0.4998526913294116,128.0,1.0,1.4405956959919164e-07,22.215771198272705,59.85770106315613,1309.0,0.0,78.75743508338928
1310,1310.0,8.0,16.0,29.0307674407959,128.0,1.0,272597.0,775979.0,0.7400312423706055,2.0,2.0,2.0,0.640625,16.0,0.042541450286777936,0.02536279335618019,0.4198591411113739,17033.375,16.0,1.0,272597.0,136267.0,0.4998844448031343,128.0,1.0,1.4342578007001905e-07,22.215771198272705,74.37162327766418,1310.0,0.0,103.49066805839539
1311,1311.0,8.0,16.0,39.7085862159729,128.0,1.0,289903.0,758673.0,0.7235269546508789,2.0,2.0,2.0,0.3984375,16.0,0.04603572077814227,0.02842741645872593,0.33885055780410767,18114.625,16.0,1.0,289903.0,144917.0,0.49988099467753006,128.0,1.0,1.4279315426595313e-07,22.215771198272705,73.32616710662842,1311.0,0.0,113.13433885574341
1312,1312.0,8.0,16.0,37.77620983123779,128.0,1.0,230475.0,818101.0,0.7802019119262695,2.0,2.0,2.0,0.4921875,16.0,0.06892050516260055,0.03519301861524582,0.5116205215454102,14400.75,16.0,1.0,230475.0,115206.0,0.4998633257403189,128.0,1.0,1.421616942516482e-07,22.215771198272705,67.6666247844696,1312.0,0.0,105.52109909057617
1313,1313.0,8.0,16.0,29.757983684539795,128.0,1.0,331775.0,716801.0,0.6835947036743164,2.0,2.0,2.0,0.265625,16.0,0.05616863544626826,0.03243811056017876,0.36007824540138245,20732.25,16.0,1.0,331775.0,165858.0,0.49991108431919223,128.0,1.0,1.41531402087954e-07,22.215771198272705,70.60105323791504,1313.0,0.0,100.447105884552
1314,1314.0,8.0,16.0,40.56245136260986,128.0,1.0,300142.0,748434.0,0.7137622833251953,2.0,2.0,2.0,0.5625,16.0,0.03279353098967429,0.017640484496951103,0.4642525017261505,18755.125,16.0,1.0,300142.0,150041.0,0.4999000473109395,128.0,1.0,1.40902279831909e-07,22.215771198272705,89.3706431388855,1314.0,0.0,130.0325801372528
1315,1315.0,8.0,16.0,40.66878151893616,128.0,1.0,283125.0,765451.0,0.7299909591674805,2.0,2.0,2.0,0.4375,16.0,0.054328542275680534,0.03294375166296959,0.416597455739975,17691.375,16.0,1.0,283125.0,141531.0,0.4998887417218543,128.0,1.0,1.4027432953673291e-07,22.215771198272705,73.14772176742554,1315.0,0.0,113.89254832267761
1316,1316.0,8.0,16.0,26.885284185409546,128.0,1.0,240258.0,808318.0,0.7708721160888672,2.0,2.0,2.0,0.5859375,16.0,0.06563967187071591,0.037002671509981155,0.5288985371589661,15012.375,16.0,1.0,240258.0,120099.0,0.499875134230702,128.0,1.0,1.3964755325182125e-07,22.215771198272705,67.25705480575562,1316.0,0.0,94.20698881149292
1317,1317.0,8.0,16.0,24.550276041030884,128.0,1.0,236010.0,812566.0,0.7749233245849609,2.0,2.0,2.0,0.484375,16.0,0.04829906709043795,0.026531854644417763,0.38627392053604126,14746.25,16.0,1.0,236010.0,117970.0,0.4998517011991017,128.0,1.0,1.3902195302273778e-07,22.215771198272705,61.03026270866394,1317.0,0.0,85.64120960235596
1318,1318.0,8.0,16.0,31.904911041259766,128.0,1.0,324099.0,724477.0,0.6909151077270508,2.0,2.0,2.0,0.484375,16.0,0.044286943101761914,0.027190018445253372,0.2660687565803528,20251.625,16.0,1.0,324099.0,162013.0,0.4998873800906513,128.0,1.0,1.3839753089120816e-07,22.215771198272705,70.59084367752075,1318.0,0.0,102.57221698760986
1319,1319.0,8.0,16.0,24.554747819900513,128.0,1.0,238115.0,810461.0,0.7729158401489258,2.0,2.0,2.0,0.453125,16.0,0.0566876293249382,0.03257320821285248,0.37275782227516174,14877.5,16.0,1.0,238115.0,119020.0,0.4998425130714151,128.0,1.0,1.3777428889511272e-07,22.215771198272705,61.37139296531677,1319.0,0.0,85.99290013313293
1320,1320.0,8.0,16.0,21.904733419418335,128.0,1.0,196277.0,852299.0,0.8128156661987305,2.0,2.0,2.0,0.6328125,16.0,0.059422049033886044,0.02859206311404705,0.5120069980621338,12263.75,16.0,1.0,196277.0,98110.0,0.49985479704703045,128.0,1.0,1.3715222906848067e-07,22.215771198272705,56.65264892578125,1320.0,0.0,78.61119532585144
1321,1321.0,8.0,16.0,24.741389751434326,128.0,1.0,200395.0,848181.0,0.8088884353637695,2.0,2.0,2.0,0.5,16.0,0.043758235949238576,0.02483254112303257,0.4307967722415924,12521.375,16.0,1.0,200395.0,100171.0,0.4998677611716859,128.0,1.0,1.3653135344148332e-07,22.215771198272705,57.68230724334717,1321.0,0.0,82.47851967811584
1322,1322.0,8.0,16.0,23.068607807159424,128.0,1.0,242115.0,806461.0,0.7691011428833008,2.0,2.0,2.0,0.2890625,16.0,0.05595322046882186,0.029503799974918365,0.4088825285434723,15127.625,16.0,1.0,242115.0,121021.0,0.49984924519339985,128.0,1.0,1.3591166404042664e-07,22.215771198272705,59.28193712234497,1322.0,0.0,82.43360328674316
1323,1323.0,8.0,16.0,30.37408208847046,128.0,1.0,277298.0,771278.0,0.7355480194091797,2.0,2.0,2.0,0.4609375,16.0,0.05344782477707326,0.03138609230518341,0.41417860984802246,17327.25,16.0,1.0,277298.0,138618.0,0.49988820691097663,128.0,1.0,1.3529316288774566e-07,22.215771198272705,67.1720449924469,1323.0,0.0,97.63828182220459
1324,1324.0,8.0,16.0,35.56910681724548,128.0,1.0,312396.0,736180.0,0.7020759582519531,2.0,2.0,2.0,0.328125,16.0,0.056491962606391354,0.03321122005581856,0.3796723783016205,19520.75,16.0,1.0,312396.0,156166.0,0.49989756590993484,128.0,1.0,1.3467585200199693e-07,22.215771198272705,75.9090735912323,1324.0,0.0,111.57225823402405
1325,1325.0,8.0,16.0,23.700223445892334,128.0,1.0,142380.0,906196.0,0.8642158508300781,2.0,2.0,2.0,0.8828125,16.0,0.0570939153226569,0.025930797681212425,0.6327062249183655,8894.375,16.0,1.0,142380.0,71155.0,0.4997541789577188,128.0,1.0,1.3405973339785276e-07,22.215771198272705,54.690582275390625,1325.0,0.0,78.45225143432617
1326,1326.0,8.0,16.0,40.13589859008789,128.0,1.0,209815.0,838761.0,0.7999048233032227,2.0,2.0,2.0,0.5703125,16.0,0.05318646132237359,0.02443847991526127,0.4643663465976715,13109.25,16.0,1.0,209815.0,104874.0,0.49984033553368445,128.0,1.0,1.3344480908609419e-07,22.215771198272705,64.26786231994629,1326.0,0.0,104.47127056121826
1327,1327.0,8.0,16.0,20.40977120399475,128.0,1.0,247098.0,801478.0,0.7643489837646484,2.0,2.0,2.0,0.484375,16.0,0.04900847298936953,0.0275137759745121,0.36028122901916504,15439.625,16.0,1.0,247098.0,123517.0,0.4998704967259954,128.0,1.0,1.3283108107360474e-07,22.215771198272705,59.11776399612427,1327.0,0.0,79.60804748535156
1328,1328.0,8.0,16.0,38.52279710769653,128.0,1.0,314351.0,734225.0,0.7002115249633789,2.0,2.0,2.0,0.265625,16.0,0.03963632855720842,0.021665524691343307,0.2934652268886566,19642.875,16.0,1.0,314351.0,157143.0,0.4998966123855181,128.0,1.0,1.3221855136336317e-07,22.215771198272705,79.25784039497375,1328.0,0.0,117.85838413238525
1329,1329.0,8.0,16.0,26.4804470539093,128.0,1.0,296098.0,752478.0,0.7176189422607422,2.0,2.0,2.0,0.265625,16.0,0.0642259252319319,0.035098567605018616,0.4189856946468353,18502.25,16.0,1.0,296098.0,148018.0,0.4998953049328263,128.0,1.0,1.3160722195443792e-07,22.215771198272705,67.60880422592163,1329.0,0.0,94.17618107795715
1330,1330.0,8.0,16.0,37.29944634437561,128.0,1.0,187889.0,860687.0,0.8208150863647461,2.0,2.0,2.0,0.5703125,16.0,0.059464510361769266,0.03141937404870987,0.5474048256874084,11739.375,16.0,1.0,187889.0,93915.0,0.4998429924050902,128.0,1.0,1.309970948419798e-07,22.215771198272705,68.6526288986206,1330.0,0.0,106.020099401474
1331,1331.0,8.0,16.0,25.66618847846985,128.0,1.0,277601.0,770975.0,0.7352590560913086,2.0,2.0,2.0,0.4296875,16.0,0.06833336828226179,0.03836807608604431,0.44956451654434204,17345.75,16.0,1.0,277601.0,138766.0,0.49987572090878635,128.0,1.0,1.3038817201721598e-07,22.215771198272705,65.43073153495789,1331.0,0.0,91.17462849617004
1332,1332.0,8.0,16.0,25.08774209022522,128.0,1.0,196723.0,851853.0,0.8123903274536133,2.0,2.0,2.0,0.6484375,16.0,0.05706779680391085,0.032569482922554016,0.41253045201301575,12291.25,16.0,1.0,196723.0,98330.0,0.4998398763743945,128.0,1.0,1.2978045546744315e-07,22.215771198272705,56.5158576965332,1332.0,0.0,81.66402435302734
1333,1333.0,8.0,16.0,35.3393771648407,128.0,1.0,282744.0,765832.0,0.7303543090820312,2.0,2.0,2.0,0.578125,16.0,0.047057761068333225,0.02867724746465683,0.454296737909317,17667.25,16.0,1.0,282744.0,141338.0,0.49987974987974987,128.0,1.0,1.291739471760212e-07,22.215771198272705,76.69930672645569,1333.0,0.0,112.11983966827393
1334,1334.0,8.0,16.0,17.80159068107605,128.0,1.0,206982.0,841594.0,0.8026065826416016,2.0,2.0,2.0,0.375,16.0,0.07477061208552697,0.03852576017379761,0.5429106950759888,12931.875,16.0,1.0,206982.0,103455.0,0.49982607183233324,128.0,1.0,1.2856864912236676e-07,22.215771198272705,58.94633150100708,1334.0,0.0,76.81473207473755
1335,1335.0,8.0,16.0,30.616392850875854,128.0,1.0,279756.0,768820.0,0.7332038879394531,2.0,2.0,2.0,0.3046875,16.0,0.052947107496169446,0.030440516769886017,0.3499533534049988,17481.125,16.0,1.0,279756.0,139849.0,0.49989633823760704,128.0,1.0,1.2796456328194653e-07,22.215771198272705,70.68829464912415,1335.0,0.0,101.40436315536499
1336,1336.0,8.0,16.0,29.202803134918213,128.0,1.0,307449.0,741127.0,0.7067937850952148,2.0,2.0,2.0,0.2890625,16.0,0.05268506207215487,0.03090849332511425,0.5968447923660278,19211.75,16.0,1.0,307449.0,153694.0,0.4999007965548758,128.0,1.0,1.2736169162627148e-07,22.215771198272705,70.33489489555359,1336.0,0.0,99.63086271286011
1337,1337.0,8.0,16.0,20.89677381515503,128.0,1.0,216372.0,832204.0,0.7936515808105469,2.0,2.0,2.0,0.546875,16.0,0.05269333114794153,0.026570232585072517,0.5743038654327393,13519.5,16.0,1.0,216372.0,108156.0,0.49986134989739894,128.0,1.0,1.267600361228891e-07,22.215771198272705,59.15118861198425,1337.0,0.0,80.11715912818909
1338,1338.0,8.0,16.0,24.86950707435608,128.0,1.0,211598.0,836978.0,0.7982044219970703,2.0,2.0,2.0,0.59375,16.0,0.051403105876051715,0.027696702629327774,0.46461790800094604,13220.875,16.0,1.0,211598.0,105767.0,0.499848769837144,128.0,1.0,1.2615959873537845e-07,22.215771198272705,64.15612363815308,1338.0,0.0,89.08800792694092
1339,1339.0,8.0,16.0,30.812952280044556,128.0,1.0,184387.0,864189.0,0.8241548538208008,2.0,2.0,2.0,0.8515625,16.0,0.04968857109023831,0.024378754198551178,0.4631669819355011,11520.625,16.0,1.0,184387.0,92165.0,0.4998454337887161,128.0,1.0,1.2556038142334307e-07,22.215771198272705,61.48893594741821,1339.0,0.0,92.36435842514038
1340,1340.0,8.0,16.0,39.481614112854004,128.0,1.0,228486.0,820090.0,0.7820987701416016,2.0,2.0,2.0,0.3984375,16.0,0.05824869176829879,0.03077998384833336,0.5831345915794373,14276.75,16.0,1.0,228486.0,114214.0,0.4998730775627391,128.0,1.0,1.249623861424046e-07,22.215771198272705,81.36705207824707,1340.0,0.0,120.92060494422913
1341,1341.0,8.0,16.0,38.73146390914917,128.0,1.0,266965.0,781611.0,0.7454023361206055,2.0,2.0,2.0,0.4296875,16.0,0.04920097630318826,0.028251709416508675,0.3972276449203491,16681.375,16.0,1.0,266965.0,133451.0,0.4998820070046635,128.0,1.0,1.2436561484419604e-07,22.215771198272705,68.92768859863281,1341.0,0.0,107.74767422676086
1342,1342.0,8.0,16.0,23.927549362182617,128.0,1.0,284153.0,764423.0,0.7290105819702148,2.0,2.0,2.0,0.34375,16.0,0.0521546854375213,0.03135253116488457,0.3594786822795868,17755.375,16.0,1.0,284153.0,142043.0,0.49988210576696357,128.0,1.0,1.237700694763562e-07,22.215771198272705,64.85479068756104,1342.0,0.0,88.86451053619385
1343,1343.0,8.0,16.0,31.70181918144226,128.0,1.0,294801.0,753775.0,0.7188558578491211,2.0,2.0,2.0,0.4140625,16.0,0.043041374924019014,0.02477191761136055,0.4129162132740021,18420.875,16.0,1.0,294801.0,147367.0,0.4998863640218317,128.0,1.0,1.2317575198252284e-07,22.215771198272705,71.69868350028992,1343.0,0.0,103.47900915145874
1344,1344.0,8.0,16.0,25.022051572799683,128.0,1.0,183374.0,865202.0,0.8251209259033203,2.0,2.0,2.0,0.5859375,16.0,0.05904695860540397,0.029359987005591393,0.509179949760437,11456.875,16.0,1.0,183374.0,91655.0,0.4998254932542236,128.0,1.0,1.225826643023261e-07,22.215771198272705,57.82203674316406,1344.0,0.0,82.90367436408997
1345,1345.0,8.0,16.0,27.613025426864624,128.0,1.0,208315.0,840261.0,0.801335334777832,2.0,2.0,2.0,0.4453125,16.0,0.049938366326074,0.023806851357221603,0.46174538135528564,13016.0,16.0,1.0,208315.0,104128.0,0.49985838753810335,128.0,1.0,1.219908083713832e-07,22.215771198272705,61.55562162399292,1345.0,0.0,89.22518301010132
1346,1346.0,8.0,16.0,39.59461164474487,128.0,1.0,240708.0,807868.0,0.7704429626464844,2.0,2.0,2.0,0.3828125,16.0,0.06292215732687674,0.028086641803383827,1.0084168910980225,15040.5,16.0,1.0,240708.0,120324.0,0.4998753676653871,128.0,1.0,1.214001861212905e-07,22.215771198272705,72.21637654304504,1346.0,0.0,111.87643694877625
1347,1347.0,8.0,16.0,37.10733723640442,128.0,1.0,315662.0,732914.0,0.6989612579345703,2.0,2.0,2.0,0.25,16.0,0.05393041869121346,0.028771886602044106,0.40094834566116333,19725.125,16.0,1.0,315662.0,157801.0,0.4999049616361805,128.0,1.0,1.2081079947961853e-07,22.215771198272705,71.08739924430847,1347.0,0.0,108.27819776535034
1348,1348.0,8.0,16.0,39.56460165977478,128.0,1.0,265898.0,782678.0,0.7464199066162109,2.0,2.0,2.0,0.375,16.0,0.057652073166136394,0.030305081978440285,0.4639998972415924,16615.0,16.0,1.0,265898.0,132920.0,0.4998909356219302,128.0,1.0,1.202226503699053e-07,22.215771198272705,74.58275485038757,1348.0,0.0,114.21583914756775
1349,1349.0,8.0,16.0,32.78934407234192,128.0,1.0,268390.0,780186.0,0.7440433502197266,2.0,2.0,2.0,0.390625,16.0,0.050664347349457746,0.02865537628531456,0.5246938467025757,16770.75,16.0,1.0,268390.0,134166.0,0.4998919482842133,128.0,1.0,1.1963574071164993e-07,22.215771198272705,70.91881990432739,1349.0,0.0,103.77845501899719
1350,1350.0,8.0,16.0,40.97501015663147,128.0,1.0,310581.0,737995.0,0.7038068771362305,2.0,2.0,2.0,0.6015625,16.0,0.05120130290256787,0.030513092875480652,0.3969694674015045,19407.5,16.0,1.0,310581.0,155260.0,0.4999017969547397,128.0,1.0,1.1905007242030624e-07,22.215771198272705,86.9457151889801,1350.0,0.0,343.86763620376587
1351,1351.0,8.0,16.0,22.804999828338623,128.0,1.0,235804.0,812772.0,0.7751197814941406,2.0,2.0,2.0,0.5703125,16.0,0.044834398985889604,0.024387862533330917,0.4008787274360657,14733.25,16.0,1.0,235804.0,117866.0,0.49984733083408256,128.0,1.0,1.1846564740727688e-07,22.215771198272705,59.13598585128784,1351.0,0.0,82.02449536323547
1352,1352.0,8.0,16.0,27.410854816436768,128.0,1.0,211363.0,837213.0,0.7984285354614258,2.0,2.0,2.0,0.453125,16.0,0.0671858159338193,0.03343329206109047,0.5549569129943848,13205.5,16.0,1.0,211363.0,105644.0,0.4998225801109939,128.0,1.0,1.1788246757990684e-07,22.215771198272705,58.47928738594055,1352.0,0.0,85.94941926002502
1353,1353.0,8.0,16.0,37.796761989593506,128.0,1.0,279904.0,768672.0,0.733062744140625,2.0,2.0,2.0,0.4375,16.0,0.061775292528873586,0.0361180379986763,0.46267935633659363,17489.625,16.0,1.0,279904.0,139917.0,0.4998749571281582,128.0,1.0,1.173005348414774e-07,22.215771198272705,69.88380646705627,1353.0,0.0,107.76012229919434
1354,1354.0,8.0,16.0,37.243650913238525,128.0,1.0,262556.0,786020.0,0.7496070861816406,2.0,2.0,2.0,0.3515625,16.0,0.054217064597933066,0.034126050770282745,0.34950733184814453,16406.25,16.0,1.0,262556.0,131250.0,0.4998933560840354,128.0,1.0,1.167198510911997e-07,22.215771198272705,64.51879644393921,1354.0,0.0,101.84169030189514
1355,1355.0,8.0,16.0,32.947694540023804,128.0,1.0,260438.0,788138.0,0.7516269683837891,2.0,2.0,2.0,0.2734375,16.0,0.0690996592313201,0.03383134678006172,0.47076642513275146,16273.0,16.0,1.0,260438.0,130184.0,0.4998656110091461,128.0,1.0,1.1614041822420862e-07,22.215771198272705,66.72091889381409,1355.0,0.0,99.75762987136841
1356,1356.0,8.0,16.0,40.71368408203125,128.0,1.0,247537.0,801039.0,0.7639303207397461,2.0,2.0,2.0,0.484375,16.0,0.06248364350221906,0.03498705476522446,0.5004512071609497,15466.75,16.0,1.0,247537.0,123734.0,0.49986062689618116,128.0,1.0,1.1556223813155669e-07,22.215771198272705,78.71328830718994,1356.0,0.0,119.49971389770508
1357,1357.0,8.0,16.0,38.26247000694275,128.0,1.0,237139.0,811437.0,0.7738466262817383,2.0,2.0,2.0,0.4296875,16.0,0.049096350702776195,0.027075648307800293,0.427651047706604,14817.25,16.0,1.0,237139.0,118538.0,0.49986716651415414,128.0,1.0,1.1498531270020783e-07,22.215771198272705,67.92129158973694,1357.0,0.0,106.26102018356323
1358,1358.0,8.0,16.0,38.94029402732849,128.0,1.0,277144.0,771432.0,0.7356948852539062,2.0,2.0,2.0,0.4140625,16.0,0.041640410270622305,0.024305159226059914,0.3484124541282654,17317.5,16.0,1.0,277144.0,138540.0,0.49988453655861215,128.0,1.0,1.1440964381303148e-07,22.215771198272705,78.59558773040771,1358.0,0.0,117.6127519607544
1359,1359.0,8.0,16.0,35.167941093444824,128.0,1.0,269152.0,779424.0,0.743316650390625,2.0,2.0,2.0,0.40625,16.0,0.05116159733549511,0.026038948446512222,0.5900187492370605,16817.875,16.0,1.0,269152.0,134543.0,0.49987739270003567,128.0,1.0,1.1383523334879547e-07,22.215771198272705,66.94918322563171,1359.0,0.0,102.18741250038147
1360,1360.0,8.0,16.0,32.0887975692749,128.0,1.0,216164.0,832412.0,0.7938499450683594,2.0,2.0,2.0,0.4140625,16.0,0.0561133086547421,0.02386842668056488,1.0838398933410645,13506.25,16.0,1.0,216164.0,108050.0,0.49985196424936623,128.0,1.0,1.132620831821613e-07,22.215771198272705,61.04531717300415,1360.0,0.0,93.19368934631348
1361,1361.0,8.0,16.0,25.469311475753784,128.0,1.0,237661.0,810915.0,0.7733488082885742,2.0,2.0,2.0,0.4296875,16.0,0.06952812617221339,0.03640149533748627,0.5160641670227051,14850.0,16.0,1.0,237661.0,118800.0,0.4998716659443493,128.0,1.0,1.1269019518367706e-07,22.215771198272705,61.060579776763916,1361.0,0.0,86.59340190887451
1362,1362.0,8.0,16.0,34.273258686065674,128.0,1.0,274814.0,773762.0,0.7379169464111328,2.0,2.0,2.0,0.40625,16.0,0.05087991834055629,0.03264576569199562,0.37015455961227417,17171.875,16.0,1.0,274814.0,137375.0,0.4998835576062355,128.0,1.0,1.1211957121977173e-07,22.215771198272705,77.95557761192322,1362.0,0.0,112.29684209823608
1363,1363.0,8.0,16.0,36.223305463790894,128.0,1.0,288662.0,759914.0,0.7247104644775391,2.0,2.0,2.0,0.4609375,16.0,0.058725888749389596,0.03357435762882233,0.4346136152744293,18038.0,16.0,1.0,288662.0,144304.0,0.49990646500058894,128.0,1.0,1.1155021315274882e-07,22.215771198272705,70.36749815940857,1363.0,0.0,106.66040325164795
1364,1364.0,8.0,16.0,33.81618142127991,128.0,1.0,222820.0,825756.0,0.7875022888183594,2.0,2.0,2.0,0.484375,16.0,0.051900691312415224,0.026314254850149155,0.5724802017211914,13922.75,16.0,1.0,222820.0,111382.0,0.4998743380306974,128.0,1.0,1.1098212284078035e-07,22.215771198272705,76.28328847885132,1364.0,0.0,110.17379665374756
1365,1365.0,8.0,16.0,29.893054723739624,128.0,1.0,212591.0,835985.0,0.7972574234008789,2.0,2.0,2.0,0.53125,16.0,0.06873240918445518,0.03463488817214966,0.592711329460144,13283.0,16.0,1.0,212591.0,106264.0,0.49985182815829454,128.0,1.0,1.1041530213790101e-07,22.215771198272705,59.19091176986694,1365.0,0.0,89.14244890213013
1366,1366.0,8.0,16.0,38.8953115940094,128.0,1.0,286103.0,762473.0,0.7271509170532227,2.0,2.0,2.0,0.34375,16.0,0.054463382161293046,0.03152380511164665,0.46205461025238037,17877.125,16.0,1.0,286103.0,143017.0,0.49987941405717523,128.0,1.0,1.0984975289400189e-07,22.215771198272705,74.95079612731934,1366.0,0.0,113.92869567871094
1367,1367.0,8.0,16.0,33.50164604187012,128.0,1.0,272238.0,776338.0,0.7403736114501953,2.0,2.0,2.0,0.2734375,16.0,0.06383189738087608,0.03558042645454407,0.37892231345176697,17010.875,16.0,1.0,272238.0,136087.0,0.4998824557923582,128.0,1.0,1.0928547695482465e-07,22.215771198272705,76.47489547729492,1367.0,0.0,110.05590891838074
1368,1368.0,8.0,16.0,30.165061235427856,128.0,1.0,301913.0,746663.0,0.7120733261108398,2.0,2.0,2.0,0.375,16.0,0.055747490419627156,0.02892923168838024,0.40433764457702637,18865.5,16.0,1.0,301913.0,150924.0,0.49989235309509694,128.0,1.0,1.0872247616195523e-07,22.215771198272705,76.77291989326477,1368.0,0.0,107.0426082611084
1369,1369.0,8.0,16.0,21.211031913757324,128.0,1.0,186463.0,862113.0,0.8221750259399414,2.0,2.0,2.0,0.4453125,16.0,0.06219943209309451,0.03147731348872185,0.49546611309051514,11650.0,16.0,1.0,186463.0,93200.0,0.49983106568059077,128.0,1.0,1.0816075235281791e-07,22.215771198272705,55.308358669281006,1369.0,0.0,76.57773995399475
1370,1370.0,8.0,16.0,38.28873324394226,128.0,1.0,259758.0,788818.0,0.7522754669189453,2.0,2.0,2.0,0.359375,16.0,0.053768971546112806,0.025500988587737083,0.5689653158187866,16231.0,16.0,1.0,259758.0,129848.0,0.49988065815104826,128.0,1.0,1.076003073606695e-07,22.215771198272705,66.6443886756897,1370.0,0.0,105.00238060951233
1371,1371.0,8.0,16.0,41.3814115524292,128.0,1.0,285756.0,762820.0,0.7274818420410156,2.0,2.0,2.0,0.4296875,16.0,0.04733665526821879,0.025353623554110527,0.3691985011100769,17855.875,16.0,1.0,285756.0,142847.0,0.4998915158386876,128.0,1.0,1.0704114301459316e-07,22.215771198272705,74.48242712020874,1371.0,0.0,115.96294236183167
1372,1372.0,8.0,16.0,17.35458731651306,128.0,1.0,238655.0,809921.0,0.7724008560180664,2.0,2.0,2.0,0.234375,16.0,0.07665025721278301,0.04148966446518898,0.5694703459739685,14911.625,16.0,1.0,238655.0,119293.0,0.49985543986088704,128.0,1.0,1.0648326113949269e-07,22.215771198272705,56.57819628715515,1372.0,0.0,73.99784016609192
1373,1373.0,8.0,16.0,21.767113208770752,128.0,1.0,240012.0,808564.0,0.7711067199707031,2.0,2.0,2.0,0.6015625,16.0,0.06229479709122892,0.032432425767183304,0.462642639875412,14996.5,16.0,1.0,240012.0,119972.0,0.4998583404163125,128.0,1.0,1.0592666355608599e-07,22.215771198272705,60.170982122421265,1373.0,0.0,82.00962662696838
1374,1374.0,8.0,16.0,37.12822413444519,128.0,1.0,239217.0,809359.0,0.7718648910522461,2.0,2.0,2.0,0.3125,16.0,0.05129531856472376,0.030344989150762558,0.3775821924209595,14947.5,16.0,1.0,239217.0,119580.0,0.49988086131002396,128.0,1.0,1.053713520808997e-07,22.215771198272705,60.54300022125244,1374.0,0.0,97.74992752075195
1375,1375.0,8.0,16.0,40.2082576751709,128.0,1.0,328680.0,719896.0,0.6865463256835938,2.0,2.0,2.0,0.46875,16.0,0.03916475334715608,0.022878333926200867,0.31020811200141907,20539.25,16.0,1.0,328680.0,164314.0,0.49992089570402826,128.0,1.0,1.048173285262633e-07,22.215771198272705,82.59620261192322,1375.0,0.0,122.88570404052734
1376,1376.0,8.0,16.0,38.91152572631836,128.0,1.0,264745.0,783831.0,0.7475194931030273,2.0,2.0,2.0,0.2734375,16.0,0.06401058157905275,0.03788787126541138,0.43964818120002747,16542.125,16.0,1.0,264745.0,132337.0,0.49986590870460257,128.0,1.0,1.042645947003028e-07,22.215771198272705,71.09551048278809,1376.0,0.0,110.07410144805908
1377,1377.0,8.0,16.0,38.947054624557495,128.0,1.0,331104.0,717472.0,0.684234619140625,2.0,2.0,2.0,0.3125,16.0,0.04986563283864005,0.026643361896276474,0.3177501857280731,20690.625,16.0,1.0,331104.0,165525.0,0.49991845462452883,128.0,1.0,1.0371315240693474e-07,22.215771198272705,76.67631149291992,1377.0,0.0,115.71843600273132
1378,1378.0,8.0,16.0,18.094497203826904,128.0,1.0,178739.0,869837.0,0.8295412063598633,2.0,2.0,2.0,0.5234375,16.0,0.061368122460048004,0.028446588665246964,0.47697874903678894,11167.25,16.0,1.0,178739.0,89338.0,0.49982376537856876,128.0,1.0,1.0316300344586109e-07,22.215771198272705,52.91563081741333,1378.0,0.0,71.06484603881836
1379,1379.0,8.0,16.0,29.24824619293213,128.0,1.0,260961.0,787615.0,0.7511281967163086,2.0,2.0,2.0,0.5546875,16.0,0.06062941350082858,0.030584968626499176,0.4742405414581299,16306.0,16.0,1.0,260961.0,130448.0,0.49987546031782526,128.0,1.0,1.0261414961256265e-07,22.215771198272705,71.04571485519409,1379.0,0.0,100.42242503166199
1380,1380.0,8.0,16.0,40.91961050033569,128.0,1.0,354930.0,693646.0,0.6615123748779297,2.0,2.0,2.0,0.359375,16.0,0.04238989996490847,0.02339651994407177,0.5922170281410217,22179.875,16.0,1.0,354930.0,177439.0,0.49992674611895305,128.0,1.0,1.0206659269829333e-07,22.215771198272705,107.60624122619629,1380.0,0.0,148.62151074409485
1381,1381.0,8.0,16.0,21.98640489578247,128.0,1.0,218336.0,830240.0,0.791778564453125,2.0,2.0,2.0,0.4296875,16.0,0.058055837978437386,0.028131065890192986,0.5060883164405823,13642.5,16.0,1.0,218336.0,109140.0,0.499871757291514,128.0,1.0,1.0152033449007453e-07,22.215771198272705,61.915756940841675,1381.0,0.0,83.98739218711853
1382,1382.0,8.0,16.0,24.450023651123047,128.0,1.0,290794.0,757782.0,0.7226772308349609,2.0,2.0,2.0,0.3125,16.0,0.05724067122435576,0.035441383719444275,0.4210192561149597,18170.625,16.0,1.0,290794.0,145365.0,0.49988995646402606,128.0,1.0,1.0097537677068885e-07,22.215771198272705,65.11011862754822,1382.0,0.0,89.67059850692749
1383,1383.0,8.0,16.0,27.321439743041992,128.0,1.0,228757.0,819819.0,0.7818403244018555,2.0,2.0,2.0,0.3515625,16.0,0.07097133896936078,0.03279043361544609,0.5971343517303467,14293.125,16.0,1.0,228757.0,114345.0,0.4998535563939027,128.0,1.0,1.004317213186749e-07,22.215771198272705,63.601959466934204,1383.0,0.0,91.00105452537537
1384,1384.0,8.0,16.0,40.97708439826965,128.0,1.0,330418.0,718158.0,0.6848888397216797,2.0,2.0,2.0,0.359375,16.0,0.044356797657509536,0.022517869248986244,0.317271888256073,20647.375,16.0,1.0,330418.0,165179.0,0.499909205914932,128.0,1.0,9.988936990832109e-08,22.215771198272705,89.95341801643372,1384.0,0.0,131.02190566062927
1385,1385.0,8.0,16.0,39.12538146972656,128.0,1.0,173587.0,874989.0,0.8344545364379883,2.0,2.0,2.0,0.6171875,16.0,0.057833873823107854,0.02587231621146202,0.5453684329986572,10844.875,16.0,1.0,173587.0,86759.0,0.49980125239793305,128.0,1.0,9.934832430966001e-08,22.215771198272705,58.661216497421265,1385.0,0.0,97.83291792869568
1386,1386.0,8.0,16.0,37.56220626831055,128.0,1.0,358073.0,690503.0,0.6585149765014648,2.0,2.0,2.0,0.3671875,16.0,0.05568433935196964,0.034599047154188156,0.34240052103996277,22375.75,16.0,1.0,358073.0,179006.0,0.4999148218380051,128.0,1.0,9.880858628846222e-08,22.215771198272705,82.34816575050354,1386.0,0.0,120.00452899932861
1387,1387.0,8.0,16.0,19.088776111602783,128.0,1.0,162964.0,885612.0,0.8445854187011719,2.0,2.0,2.0,0.6015625,16.0,0.06741694950860155,0.030907126143574715,0.571104884147644,10181.0,16.0,1.0,162964.0,81448.0,0.49979136496404114,128.0,1.0,9.827015760623125e-08,22.215771198272705,54.27568864822388,1387.0,0.0,73.41242003440857
1388,1388.0,8.0,16.0,32.35283875465393,128.0,1.0,278746.0,769830.0,0.7341670989990234,2.0,2.0,2.0,0.234375,16.0,0.07851969003061918,0.045452017337083817,0.47348058223724365,17417.375,16.0,1.0,278746.0,139339.0,0.49987802515551794,128.0,1.0,9.773304002019716e-08,22.215771198272705,68.31203031539917,1388.0,0.0,100.7419843673706
1389,1389.0,8.0,16.0,39.46217083930969,128.0,1.0,249975.0,798601.0,0.7616052627563477,2.0,2.0,2.0,0.5703125,16.0,0.05464248267821853,0.0333724319934845,0.40398910641670227,15619.375,16.0,1.0,249975.0,124955.0,0.4998699869986999,128.0,1.0,9.71972352833113e-08,22.215771198272705,84.98138403892517,1389.0,0.0,124.51861619949341
1390,1390.0,8.0,16.0,36.49026131629944,128.0,1.0,244730.0,803846.0,0.7666072845458984,2.0,2.0,2.0,0.28125,16.0,0.06487169572728982,0.03263671696186066,0.4970552623271942,15291.625,16.0,1.0,244730.0,122333.0,0.4998692436562743,128.0,1.0,9.666274514424022e-08,22.215771198272705,70.97216153144836,1390.0,0.0,107.52469086647034
1391,1391.0,8.0,16.0,24.23515224456787,128.0,1.0,191850.0,856726.0,0.8170375823974609,2.0,2.0,2.0,0.6484375,16.0,0.0575837200016303,0.02736271545290947,0.5941038727760315,11986.625,16.0,1.0,191850.0,95893.0,0.4998332030231952,128.0,1.0,9.61295713473601e-08,22.215771198272705,60.51596641540527,1391.0,0.0,84.8086097240448
1392,1392.0,8.0,16.0,38.90554332733154,128.0,1.0,300277.0,748299.0,0.7136335372924805,2.0,2.0,2.0,0.25,16.0,0.055404290968285065,0.031013870611786842,0.4149991273880005,18763.875,16.0,1.0,300277.0,150111.0,0.4999084178941444,128.0,1.0,9.55977156327512e-08,22.215771198272705,72.61575055122375,1392.0,0.0,111.59740853309631
1393,1393.0,8.0,16.0,21.544563055038452,128.0,1.0,246205.0,802371.0,0.7652006149291992,2.0,2.0,2.0,0.4296875,16.0,0.0677911306640755,0.038136012852191925,0.5295121073722839,15384.125,16.0,1.0,246205.0,123073.0,0.4998801811498548,128.0,1.0,9.506717973619194e-08,22.215771198272705,61.133617877960205,1393.0,0.0,82.75100016593933
1394,1394.0,8.0,16.0,16.45962166786194,128.0,1.0,151977.0,896599.0,0.8550634384155273,2.0,2.0,2.0,0.7890625,16.0,0.0706324252036018,0.03217597305774689,0.7071784138679504,9494.625,16.0,1.0,151977.0,75957.0,0.49979273179494266,128.0,1.0,9.453796538915354e-08,22.215771198272705,55.02814197540283,1394.0,0.0,71.53227996826172
1395,1395.0,8.0,16.0,30.449023246765137,128.0,1.0,178476.0,870100.0,0.8297920227050781,2.0,2.0,2.0,0.7265625,16.0,0.053836276841129974,0.02611868642270565,0.49455726146698,11150.625,16.0,1.0,178476.0,89205.0,0.499815101190076,128.0,1.0,9.401007431879366e-08,22.215771198272705,67.98117804527283,1395.0,0.0,98.49620246887207
1396,1396.0,8.0,16.0,33.612812519073486,128.0,1.0,295108.0,753468.0,0.7185630798339844,2.0,2.0,2.0,0.5703125,16.0,0.044706671920242816,0.02444048412144184,0.37933143973350525,18440.5,16.0,1.0,295108.0,147524.0,0.49989834230180136,128.0,1.0,9.348350824795187e-08,22.215771198272705,75.93705749511719,1396.0,0.0,109.62819766998291
1397,1397.0,8.0,16.0,23.533119440078735,128.0,1.0,253607.0,794969.0,0.7581415176391602,2.0,2.0,2.0,0.3984375,16.0,0.0669979364043508,0.03414975106716156,0.4629853367805481,15846.375,16.0,1.0,253607.0,126771.0,0.49987184896315956,128.0,1.0,9.295826889514313e-08,22.215771198272705,71.56256294250488,1397.0,0.0,95.16376280784607
1398,1398.0,8.0,16.0,12.242319583892822,128.0,1.0,137011.0,911565.0,0.8693361282348633,2.0,2.0,2.0,0.703125,16.0,0.052770608812386696,0.023533545434474945,0.631536066532135,8559.625,16.0,1.0,137011.0,68477.0,0.4997919875046529,128.0,1.0,9.243435797455262e-08,22.215771198272705,46.011945962905884,1398.0,0.0,58.29633450508118
1399,1399.0,8.0,16.0,36.31547951698303,128.0,1.0,291579.0,756997.0,0.721928596496582,2.0,2.0,2.0,0.1953125,16.0,0.05929827577519843,0.0352666974067688,0.4466719925403595,18220.0,16.0,1.0,291579.0,145760.0,0.49989882673306374,128.0,1.0,9.19117771960301e-08,22.215771198272705,68.89200568199158,1399.0,0.0,105.28411626815796
1400,1400.0,8.0,16.0,36.37943243980408,128.0,1.0,261254.0,787322.0,0.7508487701416016,2.0,2.0,2.0,0.375,16.0,0.055589792910311346,0.029249195009469986,0.42917028069496155,16324.375,16.0,1.0,261254.0,130595.0,0.4998775138371087,128.0,1.0,9.139052826508376e-08,22.215771198272705,71.7790048122406,1400.0,0.0,327.52014112472534
1401,1401.0,8.0,16.0,38.79869532585144,128.0,1.0,274904.0,773672.0,0.7378311157226562,2.0,2.0,2.0,0.46875,16.0,0.06281253397648548,0.035576049238443375,0.48328378796577454,17177.625,16.0,1.0,274904.0,137421.0,0.49988723336146434,128.0,1.0,9.087061288287545e-08,22.215771198272705,71.70564556121826,1401.0,0.0,110.57960152626038
1402,1402.0,8.0,16.0,32.27340245246887,128.0,1.0,252985.0,795591.0,0.7587347030639648,2.0,2.0,2.0,0.40625,16.0,0.05085987782854208,0.024150051176548004,0.4890557825565338,15807.75,16.0,1.0,252985.0,126462.0,0.49987943949246005,128.0,1.0,9.035203274621522e-08,22.215771198272705,67.62013721466064,1402.0,0.0,99.97398161888123
1403,1403.0,8.0,16.0,31.574373960494995,128.0,1.0,175736.0,872840.0,0.8324050903320312,2.0,2.0,2.0,0.671875,16.0,0.05685346691865457,0.027422675862908363,0.5025877356529236,10979.875,16.0,1.0,175736.0,87839.0,0.49983497974234076,128.0,1.0,8.983478954755492e-08,22.215771198272705,64.52215218544006,1403.0,0.0,96.14971947669983
1404,1404.0,8.0,16.0,24.217686891555786,128.0,1.0,233067.0,815509.0,0.7777299880981445,2.0,2.0,2.0,0.3515625,16.0,0.05467764634418837,0.030228618532419205,0.41794756054878235,14562.75,16.0,1.0,233067.0,116502.0,0.4998648457310559,128.0,1.0,8.931888497498296e-08,22.215771198272705,62.86510634422302,1404.0,0.0,87.1486988067627
1405,1405.0,8.0,16.0,26.030439853668213,128.0,1.0,264341.0,784235.0,0.7479047775268555,2.0,2.0,2.0,0.3828125,16.0,0.042604491716294955,0.02429252304136753,0.36991143226623535,16517.75,16.0,1.0,264341.0,132142.0,0.49989218471595404,128.0,1.0,8.880432071221933e-08,22.215771198272705,70.02253270149231,1405.0,0.0,96.12166285514832
1406,1406.0,8.0,16.0,24.557705402374268,128.0,1.0,270940.0,777636.0,0.7416114807128906,2.0,2.0,2.0,0.296875,16.0,0.06749599119476016,0.03581281751394272,0.4553415775299072,16929.75,16.0,1.0,270940.0,135438.0,0.49988189266996386,128.0,1.0,8.829109843860965e-08,22.215771198272705,66.04663920402527,1406.0,0.0,90.67404985427856
1407,1407.0,8.0,16.0,37.02313685417175,128.0,1.0,297386.0,751190.0,0.7163906097412109,2.0,2.0,2.0,0.46875,16.0,0.05672078884543744,0.030220655724406242,0.38282713294029236,18582.875,16.0,1.0,297386.0,148663.0,0.4998991210077139,128.0,1.0,8.777921982911996e-08,22.215771198272705,67.29934430122375,1407.0,0.0,104.4123637676239
1408,1408.0,8.0,16.0,32.27772617340088,128.0,1.0,215278.0,833298.0,0.7946949005126953,2.0,2.0,2.0,0.6640625,16.0,0.05908555287226742,0.03560119494795799,0.4911188781261444,13450.25,16.0,1.0,215278.0,107602.0,0.49982812920967307,128.0,1.0,8.726868655433056e-08,22.215771198272705,67.99204921722412,1408.0,0.0,100.32870316505432
1409,1409.0,8.0,16.0,40.871437311172485,128.0,1.0,276985.0,771591.0,0.7358465194702148,2.0,2.0,2.0,0.59375,16.0,0.05079752711944694,0.024210361763834953,0.48437559604644775,17307.625,16.0,1.0,276985.0,138461.0,0.49988627543007746,128.0,1.0,8.675950028043161e-08,22.215771198272705,81.04672837257385,1409.0,0.0,121.99801516532898
1410,1410.0,8.0,16.0,31.285381317138672,128.0,1.0,273009.0,775567.0,0.7396383285522461,2.0,2.0,2.0,0.5,16.0,0.05302404034346127,0.030527127906680107,0.3829645812511444,17059.125,16.0,1.0,273009.0,136473.0,0.4998846191883784,128.0,1.0,8.625166266921696e-08,22.215771198272705,68.51617383956909,1410.0,0.0,99.87289905548096
1411,1411.0,8.0,16.0,29.84325671195984,128.0,1.0,280818.0,767758.0,0.7321910858154297,2.0,2.0,2.0,0.1484375,16.0,0.052302558392899656,0.03146132826805115,0.4323427677154541,17546.75,16.0,1.0,280818.0,140374.0,0.49987536411483596,128.0,1.0,8.574517537807896e-08,22.215771198272705,68.74084281921387,1411.0,0.0,98.66568303108215
1412,1412.0,8.0,16.0,40.62567853927612,128.0,1.0,316081.0,732495.0,0.6985616683959961,2.0,2.0,2.0,0.421875,16.0,0.044933279582840414,0.029223090037703514,0.3128771185874939,19751.125,16.0,1.0,316081.0,158009.0,0.4999003420009428,128.0,1.0,8.524004006000295e-08,22.215771198272705,89.14617395401001,1412.0,0.0,129.8489499092102
1413,1413.0,8.0,16.0,24.603779792785645,128.0,1.0,184800.0,863776.0,0.823760986328125,2.0,2.0,2.0,0.7890625,16.0,0.04690830307771435,0.02482295036315918,0.7745774388313293,11545.5,16.0,1.0,184800.0,92364.0,0.4998051948051948,128.0,1.0,8.473625836356207e-08,22.215771198272705,64.35392951965332,1413.0,0.0,89.00706195831299
1414,1414.0,8.0,16.0,30.455652952194214,128.0,1.0,291848.0,756728.0,0.7216720581054688,2.0,2.0,2.0,0.1875,16.0,0.04747196911310778,0.028608860448002815,0.31707891821861267,18236.25,16.0,1.0,291848.0,145890.0,0.4998835010005208,128.0,1.0,8.423383193291161e-08,22.215771198272705,77.88226819038391,1414.0,0.0,108.41384601593018
1415,1415.0,8.0,16.0,34.399635791778564,128.0,1.0,245699.0,802877.0,0.7656831741333008,2.0,2.0,2.0,0.6875,16.0,0.040562563344023826,0.023169679567217827,0.35570746660232544,15352.25,16.0,1.0,245699.0,122818.0,0.49987179434999734,128.0,1.0,8.373276240778383e-08,22.215771198272705,74.1574878692627,1415.0,0.0,108.63089299201965
1416,1416.0,8.0,16.0,39.52188205718994,128.0,1.0,283122.0,765454.0,0.7299938201904297,2.0,2.0,2.0,0.34375,16.0,0.05453014767725469,0.029524222016334534,0.3888810873031616,17690.75,16.0,1.0,283122.0,141526.0,0.49987637838105126,128.0,1.0,8.323305142348269e-08,22.215771198272705,73.28764629364014,1416.0,0.0,112.90053844451904
1417,1417.0,8.0,16.0,30.524726152420044,128.0,1.0,230520.0,818056.0,0.7801589965820312,2.0,2.0,2.0,0.578125,16.0,0.05040913108802329,0.028387093916535378,0.3883722424507141,14402.875,16.0,1.0,230520.0,115223.0,0.49983949331945166,128.0,1.0,8.273470061087795e-08,22.215771198272705,70.10782480239868,1417.0,0.0,100.74685955047607
1418,1418.0,8.0,16.0,39.47209095954895,128.0,1.0,273364.0,775212.0,0.7392997741699219,2.0,2.0,2.0,0.421875,16.0,0.06027138785367338,0.036046069115400314,0.3798498511314392,17081.0,16.0,1.0,273364.0,136648.0,0.49987562371051053,128.0,1.0,8.22377115964008e-08,22.215771198272705,74.38110423088074,1418.0,0.0,113.94615888595581
1419,1419.0,8.0,16.0,26.490315437316895,128.0,1.0,307061.0,741515.0,0.7071638107299805,2.0,2.0,2.0,0.3515625,16.0,0.06596443621749899,0.037428900599479675,0.40005818009376526,19187.625,16.0,1.0,307061.0,153501.0,0.4999039278840361,128.0,1.0,8.174208600203775e-08,22.215771198272705,68.60992527008057,1419.0,0.0,95.18169498443604
1420,1420.0,8.0,16.0,24.741986989974976,128.0,1.0,268494.0,780082.0,0.7439441680908203,2.0,2.0,2.0,0.296875,16.0,0.054808415333196296,0.03197817504405975,0.5189014673233032,16776.5,16.0,1.0,268494.0,134212.0,0.4998696432694958,128.0,1.0,8.12478254453256e-08,22.215771198272705,63.24280619621277,1420.0,0.0,88.05624604225159
1421,1421.0,8.0,16.0,38.79749083518982,128.0,1.0,180265.0,868311.0,0.8280858993530273,2.0,2.0,2.0,0.4609375,16.0,0.06144890113266306,0.028360607102513313,0.8471366167068481,11262.625,16.0,1.0,180265.0,90101.0,0.49982525726014476,128.0,1.0,8.075493153934648e-08,22.215771198272705,57.77793574333191,1421.0,0.0,96.63049983978271
1422,1422.0,8.0,16.0,37.67880415916443,128.0,1.0,286834.0,761742.0,0.7264537811279297,2.0,2.0,2.0,0.4921875,16.0,0.04696067451501773,0.0287947915494442,0.3736637830734253,17923.125,16.0,1.0,286834.0,143385.0,0.49988843721455617,128.0,1.0,8.02634058927218e-08,22.215771198272705,72.84461212158203,1422.0,0.0,110.60245847702026
1423,1423.0,8.0,16.0,39.34062957763672,128.0,1.0,230576.0,818000.0,0.7801055908203125,2.0,2.0,2.0,0.53125,16.0,0.051465958216294336,0.026024360209703445,0.46261516213417053,14407.5,16.0,1.0,230576.0,115260.0,0.4998785649850808,128.0,1.0,7.977325010960779e-08,22.215771198272705,62.65132975578308,1423.0,0.0,102.06962060928345
1424,1424.0,8.0,16.0,23.59482455253601,128.0,1.0,232975.0,815601.0,0.7778177261352539,2.0,2.0,2.0,0.5859375,16.0,0.05575090085499907,0.02862445078790188,0.5919828414916992,14557.125,16.0,1.0,232975.0,116457.0,0.49986908466573665,128.0,1.0,7.928446578968989e-08,22.215771198272705,62.935497760772705,1424.0,0.0,86.60439276695251
1425,1425.0,8.0,16.0,41.367812156677246,128.0,1.0,338372.0,710204.0,0.6773033142089844,2.0,2.0,2.0,0.359375,16.0,0.05786560114471871,0.03378111496567726,0.35623830556869507,21144.0,16.0,1.0,338372.0,169152.0,0.49989951887271994,128.0,1.0,7.87970545281777e-08,22.215771198272705,78.38567066192627,1425.0,0.0,119.84460234642029
1426,1426.0,8.0,16.0,15.99726676940918,128.0,1.0,175916.0,872660.0,0.8322334289550781,2.0,2.0,2.0,0.5078125,16.0,0.07229703176126875,0.03581421077251434,0.5816200375556946,10990.125,16.0,1.0,175916.0,87921.0,0.49978967234361854,128.0,1.0,7.831101791579948e-08,22.215771198272705,53.18326449394226,1426.0,0.0,69.23189091682434
1427,1427.0,8.0,16.0,40.89424395561218,128.0,1.0,263479.0,785097.0,0.7487268447875977,2.0,2.0,2.0,0.390625,16.0,0.06029037897260468,0.03273126110434532,0.41513368487358093,16462.875,16.0,1.0,263479.0,131703.0,0.4998614690354829,128.0,1.0,7.78263575387973e-08,22.215771198272705,72.11474084854126,1427.0,0.0,113.08478736877441
1428,1428.0,8.0,16.0,41.0163676738739,128.0,1.0,259279.0,789297.0,0.7527322769165039,2.0,2.0,2.0,0.671875,16.0,0.05846315005328417,0.030445311218500137,0.5789665579795837,16200.375,16.0,1.0,259279.0,129603.0,0.4998592250047246,128.0,1.0,7.734307497892161e-08,22.215771198272705,78.70230102539062,1428.0,0.0,119.79365253448486
1429,1429.0,8.0,16.0,39.63462519645691,128.0,1.0,341047.0,707529.0,0.6747522354125977,2.0,2.0,2.0,0.1328125,16.0,0.04586233108282738,0.026936428621411324,0.2727467715740204,21311.375,16.0,1.0,341047.0,170491.0,0.49990470521658303,128.0,1.0,7.686117181342627e-08,22.215771198272705,79.71029448509216,1429.0,0.0,119.43822026252747
1430,1430.0,8.0,16.0,27.34941816329956,128.0,1.0,281605.0,766971.0,0.731440544128418,2.0,2.0,2.0,0.375,16.0,0.05032502845285806,0.03147011995315552,0.32158157229423523,17595.5,16.0,1.0,281605.0,140764.0,0.4998632836774915,128.0,1.0,7.638064961506335e-08,22.215771198272705,68.24698042869568,1430.0,0.0,95.69317412376404
1431,1431.0,8.0,16.0,40.14596438407898,128.0,1.0,316797.0,731779.0,0.6978788375854492,2.0,2.0,2.0,0.234375,16.0,0.060082483767379284,0.0343182273209095,0.5614314079284668,19795.875,16.0,1.0,316797.0,158367.0,0.4999005672402201,128.0,1.0,7.590150995207761e-08,22.215771198272705,86.55810642242432,1431.0,0.0,126.81226229667664
1432,1432.0,8.0,16.0,41.04456686973572,128.0,1.0,298492.0,750084.0,0.7153358459472656,2.0,2.0,2.0,0.5,16.0,0.0505277999273353,0.02515399269759655,0.3837360143661499,18651.625,16.0,1.0,298492.0,149213.0,0.49988944427321336,128.0,1.0,7.54237543882022e-08,22.215771198272705,81.31392025947571,1432.0,0.0,122.43144536018372
1433,1433.0,8.0,16.0,26.80311679840088,128.0,1.0,275950.0,772626.0,0.7368335723876953,2.0,2.0,2.0,0.4765625,16.0,0.05148901657575326,0.029488181695342064,0.4324219226837158,17243.0,16.0,1.0,275950.0,137944.0,0.4998876608081174,128.0,1.0,7.494738448265287e-08,22.215771198272705,66.12533164024353,1433.0,0.0,92.99877333641052
1434,1434.0,8.0,16.0,40.824546337127686,128.0,1.0,258068.0,790508.0,0.7538871765136719,2.0,2.0,2.0,0.3671875,16.0,0.03202720010484014,0.015755925327539444,0.35344523191452026,16125.125,16.0,1.0,258068.0,129001.0,0.49987212672628917,128.0,1.0,7.447240179012305e-08,22.215771198272705,84.12834763526917,1434.0,0.0,125.02755784988403
1435,1435.0,8.0,16.0,23.474799394607544,128.0,1.0,223879.0,824697.0,0.7864923477172852,2.0,2.0,2.0,0.4296875,16.0,0.05246940708627247,0.027528483420610428,0.42068198323249817,13988.0,16.0,1.0,223879.0,111904.0,0.4998414322022164,128.0,1.0,7.399880786077889e-08,22.215771198272705,62.11600685119629,1435.0,0.0,85.65046429634094
1436,1436.0,8.0,16.0,27.92067527770996,128.0,1.0,263730.0,784846.0,0.7484874725341797,2.0,2.0,2.0,0.453125,16.0,0.058621738393217646,0.03388257697224617,0.4178488552570343,16478.625,16.0,1.0,263730.0,131829.0,0.499863496758048,128.0,1.0,7.35266042402542e-08,22.215771198272705,69.82798719406128,1436.0,0.0,97.82771396636963
1437,1437.0,8.0,16.0,33.7348518371582,128.0,1.0,256428.0,792148.0,0.7554512023925781,2.0,2.0,2.0,0.59375,16.0,0.06863611147234079,0.03870723024010658,0.5278053879737854,16022.625,16.0,1.0,256428.0,128181.0,0.49987130890542375,128.0,1.0,7.305579246964522e-08,22.215771198272705,65.21633195877075,1437.0,0.0,99.02495908737183
1438,1438.0,8.0,16.0,40.40839695930481,128.0,1.0,282392.0,766184.0,0.7306900024414062,2.0,2.0,2.0,0.3046875,16.0,0.06008178125303604,0.033000648021698,0.39928925037384033,17645.625,16.0,1.0,282392.0,141165.0,0.49989022351907986,128.0,1.0,7.258637408550577e-08,22.215771198272705,73.55541610717773,1438.0,0.0,114.06068348884583
1439,1439.0,8.0,16.0,36.02864861488342,128.0,1.0,310659.0,737917.0,0.7037324905395508,2.0,2.0,2.0,0.234375,16.0,0.05805753025839257,0.030664006248116493,0.41773760318756104,19412.75,16.0,1.0,310659.0,155302.0,0.4999114785021519,128.0,1.0,7.211835061984228e-08,22.215771198272705,75.57535600662231,1439.0,0.0,111.70837879180908
1440,1440.0,8.0,16.0,38.948304653167725,128.0,1.0,283881.0,764695.0,0.7292699813842773,2.0,2.0,2.0,0.34375,16.0,0.0504938051301933,0.029701681807637215,0.44281205534935,17738.25,16.0,1.0,283881.0,141906.0,0.4998784702040644,128.0,1.0,7.16517236001084e-08,22.215771198272705,71.25845098495483,1440.0,0.0,110.30110907554626
1441,1441.0,8.0,16.0,40.80429697036743,128.0,1.0,343232.0,705344.0,0.67266845703125,2.0,2.0,2.0,0.4765625,16.0,0.046198140836597235,0.023852309212088585,0.4295319616794586,21447.75,16.0,1.0,343232.0,171582.0,0.4999009416371434,128.0,1.0,7.118649454920056e-08,22.215771198272705,80.75666165351868,1441.0,0.0,121.652902841568
1442,1442.0,8.0,16.0,33.2385733127594,128.0,1.0,248499.0,800077.0,0.7630128860473633,2.0,2.0,2.0,0.6640625,16.0,0.03467084761204484,0.018860865384340286,0.42583832144737244,15527.25,16.0,1.0,248499.0,124218.0,0.4998732389265148,128.0,1.0,7.072266498545265e-08,22.215771198272705,67.8136613368988,1442.0,0.0,101.12226366996765
1443,1443.0,8.0,16.0,33.6744441986084,128.0,1.0,250959.0,797617.0,0.7606668472290039,2.0,2.0,2.0,0.484375,16.0,0.046337308311851205,0.023825891315937042,0.5286874771118164,15681.0,16.0,1.0,250959.0,125448.0,0.49987448148900815,128.0,1.0,7.026023642263129e-08,22.215771198272705,74.95248675346375,1443.0,0.0,108.69588375091553
1444,1444.0,8.0,16.0,39.505781173706055,128.0,1.0,179989.0,868587.0,0.8283491134643555,2.0,2.0,2.0,0.578125,16.0,0.054755669597870454,0.025290818884968758,1.3332847356796265,11245.375,16.0,1.0,179989.0,89963.0,0.499824989304902,128.0,1.0,6.979921036993041e-08,22.215771198272705,67.78725218772888,1444.0,0.0,107.34816217422485
1445,1445.0,8.0,16.0,40.95016884803772,128.0,1.0,309715.0,738861.0,0.7046327590942383,2.0,2.0,2.0,0.3984375,16.0,0.04875442857357955,0.02677784487605095,0.6819482445716858,19353.125,16.0,1.0,309715.0,154825.0,0.49989506481765494,128.0,1.0,6.933958833196702e-08,22.215771198272705,80.9302728176117,1445.0,0.0,121.95949244499207
1446,1446.0,8.0,16.0,16.21894073486328,128.0,1.0,194415.0,854161.0,0.8145914077758789,2.0,2.0,2.0,0.3203125,16.0,0.06113693146729508,0.031147425994277,0.4789803922176361,12147.25,16.0,1.0,194415.0,97178.0,0.49984826273692873,128.0,1.0,6.888137180877579e-08,22.215771198272705,54.23716950416565,1446.0,0.0,70.51240038871765
1447,1447.0,8.0,16.0,37.97766447067261,128.0,1.0,215273.0,833303.0,0.7946996688842773,2.0,2.0,2.0,0.5078125,16.0,0.06334991404870625,0.0340108647942543,0.5192360877990723,13450.5,16.0,1.0,215273.0,107604.0,0.4998490289074803,128.0,1.0,6.84245622958044e-08,22.215771198272705,71.4588258266449,1447.0,0.0,109.49556612968445
1448,1448.0,8.0,16.0,29.175838947296143,128.0,1.0,189755.0,858821.0,0.819035530090332,2.0,2.0,2.0,0.640625,16.0,0.05249907455038448,0.029876073822379112,0.52483731508255,11856.125,16.0,1.0,189755.0,94849.0,0.499849806329214,128.0,1.0,6.796916128390851e-08,22.215771198272705,66.78022694587708,1448.0,0.0,96.01069951057434
1449,1449.0,8.0,16.0,31.26508593559265,128.0,1.0,319413.0,729163.0,0.6953840255737305,2.0,2.0,2.0,0.3046875,16.0,0.04778829514749575,0.02999234013259411,0.3151664137840271,19959.125,16.0,1.0,319413.0,159673.0,0.49989512011095355,128.0,1.0,6.7515170259347e-08,22.215771198272705,65.95287203788757,1449.0,0.0,97.30817294120789
1450,1450.0,8.0,16.0,40.89314007759094,128.0,1.0,288052.0,760524.0,0.7252922058105469,2.0,2.0,2.0,0.2734375,16.0,0.04629851802646733,0.023147838190197945,0.38013556599617004,17999.375,16.0,1.0,288052.0,143995.0,0.4998923805424021,128.0,1.0,6.706259070377696e-08,22.215771198272705,76.03463578224182,1450.0,0.0,339.6401512622833
1451,1451.0,8.0,16.0,40.72029376029968,128.0,1.0,364531.0,684045.0,0.6523561477661133,2.0,2.0,2.0,0.2890625,16.0,0.04453112968126959,0.025562411174178123,0.3435201942920685,22779.375,16.0,1.0,364531.0,182235.0,0.4999163308470336,128.0,1.0,6.661142409424913e-08,22.215771198272705,90.21848392486572,1451.0,0.0,131.04336953163147
1452,1452.0,8.0,16.0,19.59498906135559,128.0,1.0,240216.0,808360.0,0.7709121704101562,2.0,2.0,2.0,0.265625,16.0,0.059426072956407124,0.0321342833340168,0.4251762330532074,15009.625,16.0,1.0,240216.0,120077.0,0.4998709494788024,128.0,1.0,6.616167190320299e-08,22.215771198272705,58.36289358139038,1452.0,0.0,78.05087924003601
1453,1453.0,8.0,16.0,28.41529130935669,128.0,1.0,182628.0,865948.0,0.8258323669433594,2.0,2.0,2.0,0.625,16.0,0.06548764261338644,0.03450459986925125,0.6266775727272034,11410.375,16.0,1.0,182628.0,91283.0,0.49983025603959963,128.0,1.0,6.571333559846143e-08,22.215771198272705,62.80747961997986,1453.0,0.0,91.27543830871582
1454,1454.0,8.0,16.0,25.743961095809937,128.0,1.0,235117.0,813459.0,0.7757749557495117,2.0,2.0,2.0,0.421875,16.0,0.054293569796406004,0.028980711475014687,0.42646324634552,14690.875,16.0,1.0,235117.0,117527.0,0.4998660241496787,128.0,1.0,6.526641664322696e-08,22.215771198272705,61.04361629486084,1454.0,0.0,86.85383439064026
1455,1455.0,8.0,16.0,39.603368282318115,128.0,1.0,299003.0,749573.0,0.714848518371582,2.0,2.0,2.0,0.5390625,16.0,0.03244294504598113,0.01759895496070385,0.3443011939525604,18684.25,16.0,1.0,299003.0,149474.0,0.49990802767865206,128.0,1.0,6.482091649607613e-08,22.215771198272705,77.50194692611694,1455.0,0.0,117.18534803390503
1456,1456.0,8.0,16.0,35.566099882125854,128.0,1.0,226819.0,821757.0,0.7836885452270508,2.0,2.0,2.0,0.578125,16.0,0.042323477397671026,0.022258663550019264,0.3517765998840332,14172.5,16.0,1.0,226819.0,113380.0,0.4998699403489126,128.0,1.0,6.437683661095505e-08,22.215771198272705,63.70236420631409,1456.0,0.0,99.35511517524719
1457,1457.0,8.0,16.0,38.39075446128845,128.0,1.0,291625.0,756951.0,0.7218847274780273,2.0,2.0,2.0,0.34375,16.0,0.05730465702097387,0.031215889379382133,0.4471489191055298,18222.25,16.0,1.0,291625.0,145778.0,0.4998816973853408,128.0,1.0,6.393417843717474e-08,22.215771198272705,76.99366307258606,1457.0,0.0,115.46252202987671
1458,1458.0,8.0,16.0,36.169363021850586,128.0,1.0,269811.0,778765.0,0.7426881790161133,2.0,2.0,2.0,0.4609375,16.0,0.054219632729842225,0.0318312905728817,0.5836018323898315,16858.875,16.0,1.0,269811.0,134871.0,0.4998721327151228,128.0,1.0,6.349294341940592e-08,22.215771198272705,67.65403532981873,1458.0,0.0,103.90063118934631
1459,1459.0,8.0,16.0,40.800437450408936,128.0,1.0,268908.0,779668.0,0.7435493469238281,2.0,2.0,2.0,0.515625,16.0,0.046254110327960715,0.023902317509055138,0.4702308177947998,16803.0,16.0,1.0,268908.0,134424.0,0.49988843768128877,128.0,1.0,6.305313299767517e-08,22.215771198272705,82.05389666557312,1459.0,0.0,122.93137884140015
1460,1460.0,8.0,16.0,32.65997910499573,128.0,1.0,260768.0,787808.0,0.751312255859375,2.0,2.0,2.0,0.2421875,16.0,0.08054720380135226,0.04010969027876854,0.5484364032745361,16293.75,16.0,1.0,260768.0,130350.0,0.49986961590379186,128.0,1.0,6.261474860735944e-08,22.215771198272705,74.80530452728271,1460.0,0.0,107.53203535079956
1461,1461.0,8.0,16.0,18.163928985595703,128.0,1.0,174100.0,874476.0,0.8339653015136719,2.0,2.0,2.0,0.578125,16.0,0.07178103086566247,0.03137880936264992,0.7538139820098877,10877.25,16.0,1.0,174100.0,87018.0,0.4998161975875933,128.0,1.0,6.217779167918175e-08,22.215771198272705,56.068482398986816,1461.0,0.0,74.28609013557434
1462,1462.0,8.0,16.0,24.420908212661743,128.0,1.0,303857.0,744719.0,0.7102193832397461,2.0,2.0,2.0,0.2734375,16.0,0.070421789095575,0.04189707711338997,0.4314229190349579,18987.375,16.0,1.0,303857.0,151899.0,0.49990291485797594,128.0,1.0,6.174226363920615e-08,22.215771198272705,66.72232818603516,1462.0,0.0,91.22708439826965
1463,1463.0,8.0,16.0,34.58419179916382,128.0,1.0,330808.0,717768.0,0.6845169067382812,2.0,2.0,2.0,0.2265625,16.0,0.050593139733757515,0.028389835730195045,0.371160089969635,20671.625,16.0,1.0,330808.0,165373.0,0.4999062900534449,128.0,1.0,6.130816590883365e-08,22.215771198272705,74.75074052810669,1463.0,0.0,109.42293214797974
1464,1464.0,8.0,16.0,39.08305621147156,128.0,1.0,276206.0,772370.0,0.7365894317626953,2.0,2.0,2.0,0.3203125,16.0,0.055298935484172515,0.03164685145020485,0.39531373977661133,17259.0,16.0,1.0,276206.0,138072.0,0.49988776492907466,128.0,1.0,6.087549990479718e-08,22.215771198272705,69.91955280303955,1464.0,0.0,109.07328820228577
1465,1465.0,8.0,16.0,25.18830442428589,128.0,1.0,164677.0,883899.0,0.842951774597168,2.0,2.0,2.0,0.5625,16.0,0.06613291291156062,0.02966323122382164,0.6287542581558228,10287.875,16.0,1.0,164677.0,82303.0,0.49978442648335836,128.0,1.0,6.044426703915689e-08,22.215771198272705,50.25141429901123,1465.0,0.0,75.48556232452393
1466,1466.0,8.0,16.0,24.71153950691223,128.0,1.0,176282.0,872294.0,0.8318843841552734,2.0,2.0,2.0,0.8046875,16.0,0.06355630504628988,0.030543727800250053,0.4873238205909729,11013.625,16.0,1.0,176282.0,88109.0,0.4998184726744648,128.0,1.0,6.00144687192961e-08,22.215771198272705,58.53584098815918,1466.0,0.0,83.30391049385071
1467,1467.0,8.0,16.0,28.467194080352783,128.0,1.0,225238.0,823338.0,0.7851963043212891,2.0,2.0,2.0,0.484375,16.0,0.05366813112228969,0.02859416790306568,0.4874001443386078,14073.5,16.0,1.0,225238.0,112588.0,0.499862367806498,128.0,1.0,5.958610634791572e-08,22.215771198272705,66.8987307548523,1467.0,0.0,95.47202587127686
1468,1468.0,8.0,16.0,40.47421956062317,128.0,1.0,262397.0,786179.0,0.7497587203979492,2.0,2.0,2.0,0.640625,16.0,0.0551099333272532,0.03186297044157982,0.41925105452537537,16396.375,16.0,1.0,262397.0,131171.0,0.4998951969725264,128.0,1.0,5.9159181323030714e-08,22.215771198272705,73.36236810684204,1468.0,0.0,113.91086316108704
1469,1469.0,8.0,16.0,40.59122586250305,128.0,1.0,299109.0,749467.0,0.714747428894043,2.0,2.0,2.0,0.2890625,16.0,0.0618981606003651,0.03788106143474579,0.3655898869037628,18690.75,16.0,1.0,299109.0,149526.0,0.4999047170095183,128.0,1.0,5.873369503796494e-08,22.215771198272705,86.91488361358643,1469.0,0.0,127.5861828327179
1470,1470.0,8.0,16.0,38.965330362319946,128.0,1.0,291391.0,757185.0,0.7221078872680664,2.0,2.0,2.0,0.390625,16.0,0.05285928946615006,0.030839692801237106,0.3882266879081726,18208.375,16.0,1.0,291391.0,145667.0,0.49990219327295626,128.0,1.0,5.8309648881346706e-08,22.215771198272705,71.65372467041016,1470.0,0.0,110.75089049339294
1471,1471.0,8.0,16.0,30.81295895576477,128.0,1.0,291445.0,757131.0,0.7220563888549805,2.0,2.0,2.0,0.3359375,16.0,0.05927920917759888,0.032409124076366425,0.46171289682388306,18211.125,16.0,1.0,291445.0,145689.0,0.49988505549932233,128.0,1.0,5.788704423710444e-08,22.215771198272705,71.5851628780365,1471.0,0.0,102.48913884162903
1472,1472.0,8.0,16.0,24.082181453704834,128.0,1.0,201541.0,847035.0,0.807795524597168,2.0,2.0,2.0,0.4375,16.0,0.06358897959593704,0.031280066817998886,0.4779956042766571,12592.25,16.0,1.0,201541.0,100738.0,0.4998387424891213,128.0,1.0,5.7465882484461826e-08,22.215771198272705,66.51348686218262,1472.0,0.0,90.65433049201965
1473,1473.0,8.0,16.0,40.794063568115234,128.0,1.0,270901.0,777675.0,0.7416486740112305,2.0,2.0,2.0,0.390625,16.0,0.0517009822787984,0.026724888011813164,0.41974809765815735,16927.375,16.0,1.0,270901.0,135419.0,0.4998837213594634,128.0,1.0,5.704616499793352e-08,22.215771198272705,76.5798442363739,1473.0,0.0,117.45508289337158
1474,1474.0,8.0,16.0,31.526733875274658,128.0,1.0,254673.0,793903.0,0.7571249008178711,2.0,2.0,2.0,0.4921875,16.0,0.05664502705453463,0.031218573451042175,0.3912607431411743,15913.0,16.0,1.0,254673.0,127304.0,0.4998723853726151,128.0,1.0,5.6627893147320746e-08,22.215771198272705,72.24858689308167,1474.0,0.0,103.8556113243103
1475,1475.0,8.0,16.0,19.893033981323242,128.0,1.0,208528.0,840048.0,0.8011322021484375,2.0,2.0,2.0,0.3359375,16.0,0.06570622417936413,0.0341179259121418,0.5556162595748901,13029.0,16.0,1.0,208528.0,104232.0,0.4998465433898565,128.0,1.0,5.621106829770672e-08,22.215771198272705,58.04371690750122,1475.0,0.0,77.99376225471497
1476,1476.0,8.0,16.0,38.47666096687317,128.0,1.0,199484.0,849092.0,0.8097572326660156,2.0,2.0,2.0,0.5078125,16.0,0.06435058841739784,0.0314701609313488,0.5469343066215515,12463.75,16.0,1.0,199484.0,99710.0,0.4998395861322211,128.0,1.0,5.579569180945187e-08,22.215771198272705,67.02851462364197,1476.0,0.0,105.56120729446411
1477,1477.0,8.0,16.0,19.29239583015442,128.0,1.0,193872.0,854704.0,0.8151092529296875,2.0,2.0,2.0,0.4140625,16.0,0.07379497514321769,0.033002447336912155,0.596279501914978,12113.0,16.0,1.0,193872.0,96904.0,0.4998349426425683,128.0,1.0,5.538176503819009e-08,22.215771198272705,58.058348417282104,1477.0,0.0,77.40796685218811
1478,1478.0,8.0,16.0,25.14523959159851,128.0,1.0,248396.0,800180.0,0.7631111145019531,2.0,2.0,2.0,0.453125,16.0,0.05708867364663948,0.02736186422407627,0.6188215613365173,15520.5,16.0,1.0,248396.0,124164.0,0.4998631217894008,128.0,1.0,5.4969289334823757e-08,22.215771198272705,62.213579416275024,1478.0,0.0,87.4237585067749
1479,1479.0,8.0,16.0,38.353227853775024,128.0,1.0,310456.0,738120.0,0.7039260864257812,2.0,2.0,2.0,0.4296875,16.0,0.03946985308714651,0.022939130663871765,0.4225403964519501,19399.75,16.0,1.0,310456.0,155198.0,0.49990336794908136,128.0,1.0,5.455826604551972e-08,22.215771198272705,75.35100960731506,1479.0,0.0,113.78019332885742
1480,1480.0,8.0,16.0,16.493978023529053,128.0,1.0,192073.0,856503.0,0.8168249130249023,2.0,2.0,2.0,0.546875,16.0,0.049703778534157514,0.02699623629450798,0.44205549359321594,12000.0,16.0,1.0,192073.0,96000.0,0.499809968085051,128.0,1.0,5.414869651170423e-08,22.215771198272705,58.28622508049011,1480.0,0.0,74.8344578742981
1481,1481.0,8.0,16.0,24.95538067817688,128.0,1.0,226250.0,822326.0,0.7842311859130859,2.0,2.0,2.0,0.5,16.0,0.05589498633345234,0.0344107449054718,0.4189314842224121,14136.375,16.0,1.0,226250.0,113091.0,0.49984972375690606,128.0,1.0,5.3740582070059435e-08,22.215771198272705,70.17298674583435,1481.0,0.0,95.19074249267578
1482,1482.0,8.0,16.0,19.605077743530273,128.0,1.0,226250.0,822326.0,0.7842311859130859,2.0,2.0,2.0,0.6796875,16.0,0.03952502562792634,0.022725246846675873,0.38639742136001587,14136.75,16.0,1.0,226250.0,113094.0,0.49986298342541435,128.0,1.0,5.3333924052518467e-08,22.215771198272705,56.76030087471008,1482.0,0.0,76.49338912963867
1483,1483.0,8.0,16.0,35.39238452911377,128.0,1.0,239030.0,809546.0,0.7720432281494141,2.0,2.0,2.0,0.5703125,16.0,0.06036235077270118,0.03089386411011219,0.4751579165458679,14935.25,16.0,1.0,239030.0,119482.0,0.4998619420156466,128.0,1.0,5.2928723786261395e-08,22.215771198272705,66.75210547447205,1483.0,0.0,102.20981645584106
1484,1484.0,8.0,16.0,36.78795528411865,128.0,1.0,211357.0,837219.0,0.7984342575073242,2.0,2.0,2.0,0.4921875,16.0,0.06305014509010559,0.03251529857516289,0.47220689058303833,13205.75,16.0,1.0,211357.0,105646.0,0.49984623173114684,128.0,1.0,5.252498259371041e-08,22.215771198272705,64.38268303871155,1484.0,0.0,101.22965455055237
1485,1485.0,8.0,16.0,25.364116430282593,128.0,1.0,286920.0,761656.0,0.7263717651367188,2.0,2.0,2.0,0.4296875,16.0,0.06757029860351815,0.0342828743159771,0.43384888768196106,17928.75,16.0,1.0,286920.0,143430.0,0.49989544123797575,128.0,1.0,5.2122701792526037e-08,22.215771198272705,70.39719247817993,1485.0,0.0,95.83427786827087
1486,1486.0,8.0,16.0,24.30487895011902,128.0,1.0,220876.0,827700.0,0.7893562316894531,2.0,2.0,2.0,0.453125,16.0,0.06445562309122853,0.030162550508975983,0.7518066763877869,13801.0,16.0,1.0,220876.0,110408.0,0.4998641771853891,128.0,1.0,5.172188269560257e-08,22.215771198272705,60.4262580871582,1486.0,0.0,84.79078698158264
1487,1487.0,8.0,16.0,32.46369290351868,128.0,1.0,264089.0,784487.0,0.7481451034545898,2.0,2.0,2.0,0.5703125,16.0,0.05437128583661865,0.03325820714235306,0.3561442792415619,16501.875,16.0,1.0,264089.0,132015.0,0.49988829523380374,128.0,1.0,5.132252661106401e-08,22.215771198272705,65.52897381782532,1487.0,0.0,98.06240558624268
1488,1488.0,8.0,16.0,39.16031241416931,128.0,1.0,374295.0,674281.0,0.6430444717407227,2.0,2.0,2.0,0.2578125,16.0,0.0506235488444486,0.03240866959095001,0.3073340058326721,23388.625,16.0,1.0,374295.0,187109.0,0.49989713995645146,128.0,1.0,5.092463484225945e-08,22.215771198272705,74.72503805160522,1488.0,0.0,113.97870087623596
1489,1489.0,8.0,16.0,21.58639693260193,128.0,1.0,184039.0,864537.0,0.8244867324829102,2.0,2.0,2.0,0.6328125,16.0,0.05080956611739993,0.024627521634101868,0.4573037624359131,11498.625,16.0,1.0,184039.0,91989.0,0.4998342742570868,128.0,1.0,5.0528208687758865e-08,22.215771198272705,55.007882833480835,1489.0,0.0,76.65577483177185
1490,1490.0,8.0,16.0,23.20826530456543,128.0,1.0,178240.0,870336.0,0.83001708984375,2.0,2.0,2.0,0.5703125,16.0,0.05730834331001452,0.023216376081109047,0.5862526893615723,11136.375,16.0,1.0,178240.0,89091.0,0.49983729802513466,128.0,1.0,5.013324944134939e-08,22.215771198272705,56.010897159576416,1490.0,0.0,79.26795768737793
1491,1491.0,8.0,16.0,29.09632658958435,128.0,1.0,225370.0,823206.0,0.7850704193115234,2.0,2.0,2.0,0.484375,16.0,0.05889839004358952,0.028150979429483414,0.5491277575492859,14081.75,16.0,1.0,225370.0,112654.0,0.4998624484181568,128.0,1.0,4.973975839203048e-08,22.215771198272705,63.17002987861633,1491.0,0.0,92.32491874694824
1492,1492.0,8.0,16.0,33.00981259346008,128.0,1.0,222970.0,825606.0,0.7873592376708984,2.0,2.0,2.0,0.3984375,16.0,0.05554604283507042,0.031047286465764046,0.4834030568599701,13931.875,16.0,1.0,222970.0,111455.0,0.49986545275149125,128.0,1.0,4.9347736824009945e-08,22.215771198272705,61.06178259849548,1492.0,0.0,94.1333396434784
1493,1493.0,8.0,16.0,17.522275686264038,128.0,1.0,192377.0,856199.0,0.8165349960327148,2.0,2.0,2.0,0.609375,16.0,0.04960073118189755,0.024621140211820602,0.5559981465339661,12019.375,16.0,1.0,192377.0,96155.0,0.49982586275906166,128.0,1.0,4.895718601669979e-08,22.215771198272705,54.197190284729004,1493.0,0.0,71.77435350418091
1494,1494.0,8.0,16.0,28.035161018371582,128.0,1.0,287292.0,761284.0,0.7260169982910156,2.0,2.0,2.0,0.328125,16.0,0.0571566976629984,0.032216764986515045,0.3660084009170532,17951.75,16.0,1.0,287292.0,143614.0,0.49988861506759674,128.0,1.0,4.8568107244712106e-08,22.215771198272705,67.65581679344177,1494.0,0.0,95.76345539093018
1495,1495.0,8.0,16.0,40.21675372123718,128.0,1.0,302416.0,746160.0,0.7115936279296875,2.0,2.0,2.0,0.671875,16.0,0.0399109470099568,0.018509380519390106,0.498259574174881,18897.5,16.0,1.0,302416.0,151180.0,0.4999074123062272,128.0,1.0,4.818050177785465e-08,22.215771198272705,79.64327144622803,1495.0,0.0,119.93669295310974
1496,1496.0,8.0,16.0,24.8007333278656,128.0,1.0,164972.0,883604.0,0.8426704406738281,2.0,2.0,2.0,0.734375,16.0,0.06553104438386789,0.03156863898038864,0.6125263571739197,10307.375,16.0,1.0,164972.0,82459.0,0.49983633586305554,128.0,1.0,4.779437088112698e-08,22.215771198272705,57.890665769577026,1496.0,0.0,82.7394437789917
1497,1497.0,8.0,16.0,30.33429789543152,128.0,1.0,267928.0,780648.0,0.7444839477539062,2.0,2.0,2.0,0.4375,16.0,0.04398367277416074,0.022440103814005852,0.40895116329193115,16741.75,16.0,1.0,267928.0,133934.0,0.49988802961989787,128.0,1.0,4.740971581471614e-08,22.215771198272705,66.70088958740234,1497.0,0.0,97.10492253303528
1498,1498.0,8.0,16.0,25.492750644683838,128.0,1.0,222916.0,825660.0,0.7874107360839844,2.0,2.0,2.0,0.3671875,16.0,0.06208714682756079,0.03175047039985657,0.6112820506095886,13928.5,16.0,1.0,222916.0,111428.0,0.4998654201582659,128.0,1.0,4.702653783399263e-08,22.215771198272705,63.19383382797241,1498.0,0.0,88.75514483451843
1499,1499.0,8.0,16.0,22.873313903808594,128.0,1.0,222816.0,825760.0,0.787506103515625,2.0,2.0,2.0,0.328125,16.0,0.049484899853705334,0.027653643861413002,0.5809481739997864,13921.75,16.0,1.0,222816.0,111374.0,0.49984740772655467,128.0,1.0,4.664483818950621e-08,22.215771198272705,59.22912049293518,1499.0,0.0,82.17376708984375
1500,1500.0,8.0,16.0,38.24709916114807,128.0,1.0,256669.0,791907.0,0.7552213668823242,2.0,2.0,2.0,0.6640625,16.0,0.03884370667813239,0.022521279752254486,0.36346468329429626,16038.125,16.0,1.0,256669.0,128305.0,0.49988506597991966,128.0,1.0,4.6264618126982125e-08,22.215771198272705,67.270427942276,1500.0,0.0,321.34232664108276
1501,1501.0,8.0,16.0,38.58427858352661,128.0,1.0,263908.0,784668.0,0.7483177185058594,2.0,2.0,2.0,0.5546875,16.0,0.03443287359437639,0.019620811566710472,0.29279202222824097,16490.0,16.0,1.0,263908.0,131920.0,0.499871167224942,128.0,1.0,4.588587888731671e-08,22.215771198272705,82.42742800712585,1501.0,0.0,121.11807322502136
1502,1502.0,8.0,16.0,29.784407377243042,128.0,1.0,253892.0,794684.0,0.7578697204589844,2.0,2.0,2.0,0.3828125,16.0,0.052429478379538215,0.026646122336387634,0.406667560338974,15864.625,16.0,1.0,253892.0,126917.0,0.49988577820490604,128.0,1.0,4.5508621706573215e-08,22.215771198272705,67.20868301391602,1502.0,0.0,97.09235286712646
1503,1503.0,8.0,16.0,28.629475116729736,128.0,1.0,302831.0,745745.0,0.7111978530883789,2.0,2.0,2.0,0.2578125,16.0,0.0522670666131975,0.027085604146122932,0.4318505525588989,18923.25,16.0,1.0,302831.0,151386.0,0.49990258593076664,128.0,1.0,4.513284781597837e-08,22.215771198272705,68.35016441345215,1503.0,0.0,97.07559370994568
1504,1504.0,8.0,16.0,33.1892294883728,128.0,1.0,212704.0,835872.0,0.797149658203125,2.0,2.0,2.0,0.6328125,16.0,0.046951305027649076,0.029831526800990105,0.3713509142398834,13290.125,16.0,1.0,212704.0,106321.0,0.4998542575598014,128.0,1.0,4.4758558441917724e-08,22.215771198272705,61.24963164329529,1504.0,0.0,94.5168309211731
1505,1505.0,8.0,16.0,17.786413431167603,128.0,1.0,185073.0,863503.0,0.8235006332397461,2.0,2.0,2.0,0.578125,16.0,0.05301680241004784,0.024366501718759537,0.4300331771373749,11563.375,16.0,1.0,185073.0,92507.0,0.4998406034375625,128.0,1.0,4.4385754805932095e-08,22.215771198272705,54.57394003868103,1505.0,0.0,72.42234802246094
1506,1506.0,8.0,16.0,39.82546377182007,128.0,1.0,328478.0,720098.0,0.6867389678955078,2.0,2.0,2.0,0.3984375,16.0,0.041731808086355425,0.025887852534651756,0.32345131039619446,20525.625,16.0,1.0,328478.0,164205.0,0.49989649230694294,128.0,1.0,4.4014438124713505e-08,22.215771198272705,86.61252045631409,1506.0,0.0,126.521723985672
1507,1507.0,8.0,16.0,31.290095329284668,128.0,1.0,367525.0,681051.0,0.649500846862793,2.0,2.0,2.0,0.3203125,16.0,0.04670817966049923,0.029269784688949585,0.30524128675460815,22965.75,16.0,1.0,367525.0,183726.0,0.4999006870280933,128.0,1.0,4.364460961010069e-08,22.215771198272705,74.78566265106201,1507.0,0.0,106.17677688598633
1508,1508.0,8.0,16.0,27.548096418380737,128.0,1.0,268944.0,779632.0,0.7435150146484375,2.0,2.0,2.0,0.546875,16.0,0.051228474260790594,0.02659844420850277,0.41538017988204956,16805.125,16.0,1.0,268944.0,134441.0,0.49988473436849307,128.0,1.0,4.327627046907595e-08,22.215771198272705,68.74248242378235,1508.0,0.0,96.3665759563446
1509,1509.0,8.0,16.0,26.849316835403442,128.0,1.0,228808.0,819768.0,0.7817916870117188,2.0,2.0,2.0,0.515625,16.0,0.052506046516370905,0.029717925935983658,0.4311113655567169,14296.875,16.0,1.0,228808.0,114375.0,0.49987325617985384,128.0,1.0,4.290942190376068e-08,22.215771198272705,62.04769802093506,1509.0,0.0,88.96247339248657
1510,1510.0,8.0,16.0,17.87132978439331,128.0,1.0,193348.0,855228.0,0.8156089782714844,2.0,2.0,2.0,0.5625,16.0,0.06584144535264312,0.02736961841583252,0.6221268177032471,12080.375,16.0,1.0,193348.0,96643.0,0.49983966733558144,128.0,1.0,4.254406511141173e-08,22.215771198272705,58.04839372634888,1510.0,0.0,75.97927856445312
1511,1511.0,8.0,16.0,30.732410192489624,128.0,1.0,261080.0,787496.0,0.7510147094726562,2.0,2.0,2.0,0.5390625,16.0,0.04965558110098059,0.027170196175575256,0.4253448247909546,16313.25,16.0,1.0,261080.0,130506.0,0.49986977171748126,128.0,1.0,4.218020128441701e-08,22.215771198272705,73.01287913322449,1511.0,0.0,103.814124584198
1512,1512.0,8.0,16.0,20.58063244819641,128.0,1.0,269505.0,779071.0,0.7429800033569336,2.0,2.0,2.0,0.4296875,16.0,0.059321343962675764,0.03583234176039696,0.4413438141345978,16840.375,16.0,1.0,269505.0,134723.0,0.49989054006419176,128.0,1.0,4.181783161029234e-08,22.215771198272705,61.27405881881714,1512.0,0.0,81.93719124794006
1513,1513.0,8.0,16.0,39.033015966415405,128.0,1.0,279638.0,768938.0,0.7333164215087891,2.0,2.0,2.0,0.3828125,16.0,0.05808092737909516,0.030046727508306503,0.40249571204185486,17473.75,16.0,1.0,279638.0,139790.0,0.4998962944950257,128.0,1.0,4.145695727167697e-08,22.215771198272705,73.56274175643921,1513.0,0.0,112.66806316375732
1514,1514.0,8.0,16.0,21.1539089679718,128.0,1.0,235755.0,812821.0,0.7751665115356445,2.0,2.0,2.0,0.328125,16.0,0.060700362392364905,0.03016125224530697,0.44287222623825073,14730.125,16.0,1.0,235755.0,117841.0,0.4998451782570889,128.0,1.0,4.109757944633002e-08,22.215771198272705,62.73763990402222,1514.0,0.0,83.95547723770142
1515,1515.0,8.0,16.0,20.904488563537598,128.0,1.0,277935.0,770641.0,0.7349405288696289,2.0,2.0,2.0,0.34375,16.0,0.0560230517049987,0.030893074348568916,0.4222519099712372,17367.875,16.0,1.0,277935.0,138943.0,0.49991184989296056,128.0,1.0,4.073969930712645e-08,22.215771198272705,59.238170862197876,1515.0,0.0,80.21567678451538
1516,1516.0,8.0,16.0,37.327903032302856,128.0,1.0,257886.0,790690.0,0.7540607452392578,2.0,2.0,2.0,0.4765625,16.0,0.04240496494891759,0.02637764997780323,0.29681092500686646,16113.75,16.0,1.0,257886.0,128910.0,0.4998720364812359,128.0,1.0,4.038331802205352e-08,22.215771198272705,63.28508138656616,1516.0,0.0,100.67831158638
1517,1517.0,8.0,16.0,39.806288957595825,128.0,1.0,238186.0,810390.0,0.7728481292724609,2.0,2.0,2.0,0.4296875,16.0,0.06131152339126843,0.03337632492184639,0.4990047514438629,14883.25,16.0,1.0,238186.0,119066.0,0.49988664321160775,128.0,1.0,4.0028436754206586e-08,22.215771198272705,68.23427319526672,1517.0,0.0,108.10680270195007
1518,1518.0,8.0,16.0,17.409614086151123,128.0,1.0,160139.0,888437.0,0.8472795486450195,2.0,2.0,2.0,0.6953125,16.0,0.05537509979280171,0.02445126697421074,0.630448579788208,10004.5,16.0,1.0,160139.0,80036.0,0.49979080673664755,128.0,1.0,3.967505666178555e-08,22.215771198272705,57.37589502334595,1518.0,0.0,74.84640574455261
1519,1519.0,8.0,16.0,32.7220675945282,128.0,1.0,277373.0,771203.0,0.7354764938354492,2.0,2.0,2.0,0.1484375,16.0,0.0637932804732178,0.03820039704442024,0.4193688631057739,17332.125,16.0,1.0,277373.0,138657.0,0.49989364501952244,128.0,1.0,3.932317889809128e-08,22.215771198272705,70.29096126556396,1519.0,0.0,103.10549926757812
1520,1520.0,8.0,16.0,40.58476758003235,128.0,1.0,247299.0,801277.0,0.7641572952270508,2.0,2.0,2.0,0.3046875,16.0,0.06446626189236411,0.03202740475535393,0.5282799601554871,15452.375,16.0,1.0,247299.0,123619.0,0.49987666751584114,128.0,1.0,3.897280461152119e-08,22.215771198272705,66.87189602851868,1520.0,0.0,107.53259325027466
1521,1521.0,8.0,16.0,31.47289490699768,128.0,1.0,271245.0,777331.0,0.7413206100463867,2.0,2.0,2.0,0.3515625,16.0,0.057492136933260565,0.030861351639032364,0.6285398602485657,16948.5,16.0,1.0,271245.0,135588.0,0.49987280871536804,128.0,1.0,3.862393494556615e-08,22.215771198272705,68.66087865829468,1521.0,0.0,100.20951294898987
1522,1522.0,8.0,16.0,23.043882131576538,128.0,1.0,184694.0,863882.0,0.8238620758056641,2.0,2.0,2.0,0.7109375,16.0,0.06353818853014291,0.02845708653330803,0.6499457359313965,11539.5,16.0,1.0,184694.0,92316.0,0.49983215480741117,128.0,1.0,3.827657103880655e-08,22.215771198272705,63.952943325042725,1522.0,0.0,87.0520498752594
1523,1523.0,8.0,16.0,27.299498081207275,128.0,1.0,226358.0,822218.0,0.7841281890869141,2.0,2.0,2.0,0.140625,16.0,0.0647238375072745,0.03452485799789429,0.5028811097145081,14143.5,16.0,1.0,226358.0,113148.0,0.49986304879880544,128.0,1.0,3.793071402490844e-08,22.215771198272705,58.75255560874939,1523.0,0.0,86.11660432815552
1524,1524.0,8.0,16.0,20.158557415008545,128.0,1.0,183760.0,864816.0,0.8247528076171875,2.0,2.0,2.0,0.640625,16.0,0.052843231118187,0.026425955817103386,0.5032691359519958,11481.125,16.0,1.0,183760.0,91849.0,0.49983130169786677,128.0,1.0,3.7586365032620023e-08,22.215771198272705,56.068838119506836,1524.0,0.0,76.28569650650024
1525,1525.0,8.0,16.0,32.30750012397766,128.0,1.0,201762.0,846814.0,0.8075847625732422,2.0,2.0,2.0,0.7109375,16.0,0.04542870148369949,0.022763501852750778,0.44502824544906616,12606.25,16.0,1.0,201762.0,100850.0,0.4998463536245676,128.0,1.0,3.7243525185767736e-08,22.215771198272705,65.87343049049377,1525.0,0.0,98.23591208457947
1526,1526.0,8.0,16.0,29.879449367523193,128.0,1.0,213608.0,834968.0,0.7962875366210938,2.0,2.0,2.0,0.5,16.0,0.05690635175081299,0.028520751744508743,0.4853745400905609,13346.375,16.0,1.0,213608.0,106771.0,0.49984551140406724,128.0,1.0,3.69021956032528e-08,22.215771198272705,59.52769446372986,1526.0,0.0,89.46970725059509
1527,1527.0,8.0,16.0,22.0796377658844,128.0,1.0,228012.0,820564.0,0.7825508117675781,2.0,2.0,2.0,0.484375,16.0,0.04960179853796551,0.02925574593245983,0.4591442346572876,14247.0,16.0,1.0,228012.0,113976.0,0.4998684279774749,128.0,1.0,3.656237739904766e-08,22.215771198272705,61.48202061653137,1527.0,0.0,83.62201428413391
1528,1528.0,8.0,16.0,38.48275017738342,128.0,1.0,323985.0,724591.0,0.6910238265991211,2.0,2.0,2.0,0.34375,16.0,0.052273105480694526,0.030846992507576942,0.36628037691116333,20244.875,16.0,1.0,323985.0,161959.0,0.49989660015124154,128.0,1.0,3.622407168219188e-08,22.215771198272705,74.04112792015076,1528.0,0.0,112.60766530036926
1529,1529.0,8.0,16.0,38.7299280166626,128.0,1.0,273037.0,775539.0,0.7396116256713867,2.0,2.0,2.0,0.4375,16.0,0.052102496194476405,0.031333617866039276,0.37067824602127075,17061.0,16.0,1.0,273037.0,136488.0,0.49988829352798336,128.0,1.0,3.588727955678916e-08,22.215771198272705,72.48606276512146,1529.0,0.0,111.30905342102051
1530,1530.0,8.0,16.0,32.2520387172699,128.0,1.0,278198.0,770378.0,0.7346897125244141,2.0,2.0,2.0,0.5,16.0,0.06248667969132032,0.03582843765616417,0.43083301186561584,17384.0,16.0,1.0,278198.0,139072.0,0.4999029468220476,128.0,1.0,3.55520021220031e-08,22.215771198272705,69.14046573638916,1530.0,0.0,101.4640736579895
1531,1531.0,8.0,16.0,29.837078094482422,128.0,1.0,292777.0,755799.0,0.7207860946655273,2.0,2.0,2.0,0.3515625,16.0,0.05183916031529749,0.03041304461658001,0.3445415198802948,18294.625,16.0,1.0,292777.0,146357.0,0.4998924095813537,128.0,1.0,3.521824047205413e-08,22.215771198272705,71.6095449924469,1531.0,0.0,101.52011299133301
1532,1532.0,8.0,16.0,40.02324461936951,128.0,1.0,245192.0,803384.0,0.7661666870117188,2.0,2.0,2.0,0.6328125,16.0,0.031875534638444454,0.01754898764193058,0.4644189774990082,15320.375,16.0,1.0,245192.0,122563.0,0.4998654115958106,128.0,1.0,3.488599569621559e-08,22.215771198272705,79.6161572933197,1532.0,0.0,119.70281863212585
1533,1533.0,8.0,16.0,38.83934950828552,128.0,1.0,296336.0,752240.0,0.7173919677734375,2.0,2.0,2.0,0.53125,16.0,0.05129750798367812,0.03341054916381836,0.35475143790245056,18516.75,16.0,1.0,296336.0,148134.0,0.49988526537443984,128.0,1.0,3.4555268878810494e-08,22.215771198272705,85.88100457191467,1533.0,0.0,124.79906892776489
1534,1534.0,8.0,16.0,18.09848427772522,128.0,1.0,265689.0,782887.0,0.7466192245483398,2.0,2.0,2.0,0.21875,16.0,0.06323312515353659,0.034613899886608124,0.46083641052246094,16601.75,16.0,1.0,265689.0,132814.0,0.49988520412964027,128.0,1.0,3.4226061099207504e-08,22.215771198272705,63.91402530670166,1534.0,0.0,82.09278273582458
1535,1535.0,8.0,16.0,21.502758979797363,128.0,1.0,224170.0,824406.0,0.7862148284912109,2.0,2.0,2.0,0.4453125,16.0,0.06626437428360968,0.03654510900378227,0.5083158016204834,14006.625,16.0,1.0,224170.0,112053.0,0.49985725119329083,128.0,1.0,3.389837343181795e-08,22.215771198272705,64.14726853370667,1535.0,0.0,85.71723127365112
1536,1536.0,8.0,16.0,22.610435724258423,128.0,1.0,228890.0,819686.0,0.7817134857177734,2.0,2.0,2.0,0.3359375,16.0,0.06813758846029447,0.036112818866968155,0.4507613182067871,14301.75,16.0,1.0,228890.0,114414.0,0.4998645637642536,128.0,1.0,3.357220694609203e-08,22.215771198272705,60.12345242500305,1536.0,0.0,82.79932761192322
1537,1537.0,8.0,16.0,22.621716499328613,128.0,1.0,197635.0,850941.0,0.8115205764770508,2.0,2.0,2.0,0.4921875,16.0,0.053376660955254354,0.025846488773822784,0.5308319926261902,12348.0,16.0,1.0,197635.0,98784.0,0.4998304956105953,128.0,1.0,3.324756270651546e-08,22.215771198272705,64.11149716377258,1537.0,0.0,86.78816652297974
1538,1538.0,8.0,16.0,40.100324869155884,128.0,1.0,252079.0,796497.0,0.7595987319946289,2.0,2.0,2.0,0.4453125,16.0,0.04857864528290138,0.029026569798588753,0.36462607979774475,15751.0,16.0,1.0,252079.0,126008.0,0.49987503917422715,128.0,1.0,3.2924441772605614e-08,22.215771198272705,78.21667122840881,1538.0,0.0,118.38554263114929
1539,1539.0,8.0,16.0,32.872140645980835,128.0,1.0,246970.0,801606.0,0.7644710540771484,2.0,2.0,2.0,0.453125,16.0,0.07354686474778914,0.033991944044828415,0.5578705072402954,15431.125,16.0,1.0,246970.0,123449.0,0.4998542333076892,128.0,1.0,3.26028451989086e-08,22.215771198272705,71.87719225883484,1539.0,0.0,104.83006000518799
1540,1540.0,8.0,16.0,40.48145365715027,128.0,1.0,195779.0,852797.0,0.8132905960083008,2.0,2.0,2.0,0.609375,16.0,0.04465996572805251,0.021254796534776688,0.415044367313385,12232.625,16.0,1.0,195779.0,97861.0,0.4998544276965354,128.0,1.0,3.228277403499569e-08,22.215771198272705,78.79410243034363,1540.0,0.0,119.32887959480286
1541,1541.0,8.0,16.0,31.94539165496826,128.0,1.0,236599.0,811977.0,0.7743616104125977,2.0,2.0,2.0,0.578125,16.0,0.061771320034261626,0.03263217210769653,0.45466354489326477,14783.875,16.0,1.0,236599.0,118271.0,0.4998795430242731,128.0,1.0,3.1964229325459557e-08,22.215771198272705,69.4239113330841,1541.0,0.0,101.43856310844421
1542,1542.0,8.0,16.0,29.9365451335907,128.0,1.0,341209.0,707367.0,0.6745977401733398,2.0,2.0,2.0,0.3671875,16.0,0.05016383172665107,0.030003901571035385,0.31052061915397644,21321.625,16.0,1.0,341209.0,170573.0,0.49990768121591167,128.0,1.0,3.164721210991128e-08,22.215771198272705,78.42438507080078,1542.0,0.0,108.45789861679077
1543,1543.0,8.0,16.0,32.37034797668457,128.0,1.0,235856.0,812720.0,0.7750701904296875,2.0,2.0,2.0,0.4765625,16.0,0.047777917594341135,0.024919234216213226,0.3994882106781006,14737.0,16.0,1.0,235856.0,117896.0,0.4998643239943016,128.0,1.0,3.1331723422976517e-08,22.215771198272705,68.49126839637756,1543.0,0.0,100.9395124912262
1544,1544.0,8.0,16.0,33.80072379112244,128.0,1.0,230472.0,818104.0,0.7802047729492188,2.0,2.0,2.0,0.6484375,16.0,0.053503861996501374,0.029916243627667427,0.4174264669418335,14400.5,16.0,1.0,230472.0,115204.0,0.49986115450032975,128.0,1.0,3.101776429429265e-08,22.215771198272705,71.6065502166748,1544.0,0.0,105.47015953063965
1545,1545.0,8.0,16.0,39.132882595062256,128.0,1.0,240947.0,807629.0,0.7702150344848633,2.0,2.0,2.0,0.3046875,16.0,0.07995710080556852,0.04127340763807297,0.5253601670265198,15055.25,16.0,1.0,240947.0,120442.0,0.49986926585514657,128.0,1.0,3.0705335748504924e-08,22.215771198272705,80.02748775482178,1545.0,0.0,119.22396230697632
1546,1546.0,8.0,16.0,19.92330002784729,128.0,1.0,210102.0,838474.0,0.7996311187744141,2.0,2.0,2.0,0.578125,16.0,0.06819563663917301,0.03474351391196251,0.5735724568367004,13127.0,16.0,1.0,210102.0,105016.0,0.49983341424641364,128.0,1.0,3.0394438805263656e-08,22.215771198272705,61.41793489456177,1546.0,0.0,81.41006922721863
1547,1547.0,8.0,16.0,31.730294704437256,128.0,1.0,312093.0,736483.0,0.7023649215698242,2.0,2.0,2.0,0.359375,16.0,0.057487918428857566,0.03352775424718857,0.44200894236564636,19501.5,16.0,1.0,312093.0,156012.0,0.49988945602753027,128.0,1.0,3.0085074479220204e-08,22.215771198272705,80.5831036567688,1547.0,0.0,112.3877899646759
1548,1548.0,8.0,16.0,23.128254652023315,128.0,1.0,231014.0,817562.0,0.7796878814697266,2.0,2.0,2.0,0.3515625,16.0,0.05966754200937467,0.03103950060904026,0.488939106464386,14434.375,16.0,1.0,231014.0,115475.0,0.4998614802566078,128.0,1.0,2.9777243780024218e-08,22.215771198272705,68.74614572525024,1548.0,0.0,91.93721771240234
1549,1549.0,8.0,16.0,19.933623790740967,128.0,1.0,252605.0,795971.0,0.7590970993041992,2.0,2.0,2.0,0.3125,16.0,0.06924488755269172,0.036676861345767975,0.4569108188152313,15784.125,16.0,1.0,252605.0,126273.0,0.4998832168801093,128.0,1.0,2.947094771232017e-08,22.215771198272705,64.36307883262634,1549.0,0.0,84.37685489654541
1550,1550.0,8.0,16.0,22.829383850097656,128.0,1.0,207839.0,840737.0,0.8017892837524414,2.0,2.0,2.0,0.5234375,16.0,0.05509425143936663,0.02556883543729782,0.7148107886314392,12985.75,16.0,1.0,207839.0,103886.0,0.4998388175462738,128.0,1.0,2.9166187275744103e-08,22.215771198272705,65.6236400604248,1550.0,0.0,313.9938371181488
1551,1551.0,8.0,16.0,38.97959780693054,128.0,1.0,312849.0,735727.0,0.7016439437866211,2.0,2.0,2.0,0.3515625,16.0,0.052484015913148226,0.031010018661618233,0.3342539966106415,19549.25,16.0,1.0,312849.0,156394.0,0.49990250887808496,128.0,1.0,2.886296346492023e-08,22.215771198272705,82.40306997299194,1551.0,0.0,121.48150610923767
1552,1552.0,8.0,16.0,40.401987075805664,128.0,1.0,377136.0,671440.0,0.6403350830078125,2.0,2.0,2.0,0.3828125,16.0,0.05326308344822186,0.03316831961274147,0.3185839056968689,23566.625,16.0,1.0,377136.0,188533.0,0.49990719528233846,128.0,1.0,2.8561277269457895e-08,22.215771198272705,86.84716844558716,1552.0,0.0,127.36541485786438
1553,1553.0,8.0,16.0,26.555879831314087,128.0,1.0,277528.0,771048.0,0.7353286743164062,2.0,2.0,2.0,0.3046875,16.0,0.046758090923277006,0.027127705514431,0.3773006200790405,17341.5,16.0,1.0,277528.0,138732.0,0.49988469631892996,128.0,1.0,2.826112967394817e-08,22.215771198272705,70.20591878890991,1553.0,0.0,96.84512710571289
1554,1554.0,8.0,16.0,22.16326379776001,128.0,1.0,242403.0,806173.0,0.7688264846801758,2.0,2.0,2.0,0.4140625,16.0,0.049183394948279294,0.027712086215615273,0.3905847370624542,15146.25,16.0,1.0,242403.0,121170.0,0.4998700511132288,128.0,1.0,2.79625216579607e-08,22.215771198272705,62.00404763221741,1554.0,0.0,84.23075747489929
1555,1555.0,8.0,16.0,35.02085852622986,128.0,1.0,174628.0,873948.0,0.8334617614746094,2.0,2.0,2.0,0.546875,16.0,0.060020503469839594,0.024872802197933197,0.5899375677108765,10910.5,16.0,1.0,174628.0,87284.0,0.4998282062441304,128.0,1.0,2.766545419604066e-08,22.215771198272705,68.94710421562195,1555.0,0.0,104.01682567596436
1556,1556.0,8.0,16.0,27.32293701171875,128.0,1.0,183417.0,865159.0,0.8250799179077148,2.0,2.0,2.0,0.578125,16.0,0.04443844792327815,0.022861694917082787,0.40416163206100464,11459.25,16.0,1.0,183417.0,91674.0,0.4998119040219827,128.0,1.0,2.7369928257705122e-08,22.215771198272705,70.51184821128845,1556.0,0.0,97.88691306114197
1557,1557.0,8.0,16.0,34.637322664260864,128.0,1.0,262272.0,786304.0,0.7498779296875,2.0,2.0,2.0,0.265625,16.0,0.06471864321596585,0.03986363857984543,0.47238263487815857,16387.5,16.0,1.0,262272.0,131100.0,0.49986273792093705,128.0,1.0,2.7075944807440522e-08,22.215771198272705,78.64227151870728,1557.0,0.0,113.36012864112854
1558,1558.0,8.0,16.0,21.60355043411255,128.0,1.0,182186.0,866390.0,0.8262538909912109,2.0,2.0,2.0,0.609375,16.0,0.04659364830309858,0.024489426985383034,0.5541899800300598,11382.875,16.0,1.0,182186.0,91063.0,0.499835333121096,128.0,1.0,2.6783504804699042e-08,22.215771198272705,58.14059233665466,1558.0,0.0,79.7983193397522
1559,1559.0,8.0,16.0,39.71531534194946,128.0,1.0,228336.0,820240.0,0.7822418212890625,2.0,2.0,2.0,0.6171875,16.0,0.04974626293653625,0.028610439971089363,0.4100973904132843,14266.75,16.0,1.0,228336.0,114134.0,0.4998510966295284,128.0,1.0,2.649260920389568e-08,22.215771198272705,81.1861412525177,1559.0,0.0,120.96429228782654
1560,1560.0,8.0,16.0,29.253551244735718,128.0,1.0,265091.0,783485.0,0.7471895217895508,2.0,2.0,2.0,0.2109375,16.0,0.05867286105352473,0.03387884050607681,0.37899163365364075,16564.625,16.0,1.0,265091.0,132517.0,0.49989248974880324,128.0,1.0,2.6203258954405007e-08,22.215771198272705,67.21853470802307,1560.0,0.0,96.53837418556213
1561,1561.0,8.0,16.0,23.650705814361572,128.0,1.0,187863.0,860713.0,0.8208398818969727,2.0,2.0,2.0,0.6796875,16.0,0.05586630480052565,0.03137563541531563,0.564569354057312,11737.25,16.0,1.0,187863.0,93898.0,0.49982167856363413,128.0,1.0,2.5915455000558195e-08,22.215771198272705,64.1324315071106,1561.0,0.0,87.83545732498169
1562,1562.0,8.0,16.0,20.99857211112976,128.0,1.0,208374.0,840202.0,0.8012790679931641,2.0,2.0,2.0,0.4765625,16.0,0.05682205287020206,0.031592290848493576,0.41045498847961426,13019.75,16.0,1.0,208374.0,104158.0,0.49986082716653707,128.0,1.0,2.5629198281639842e-08,22.215771198272705,63.92139005661011,1562.0,0.0,84.97868943214417
1563,1563.0,8.0,16.0,22.88115620613098,128.0,1.0,216570.0,832006.0,0.7934627532958984,2.0,2.0,2.0,0.6015625,16.0,0.05289652867226038,0.025485461577773094,0.40644726157188416,13531.5,16.0,1.0,216570.0,108252.0,0.4998476243246987,128.0,1.0,2.5344489731885133e-08,22.215771198272705,68.63437223434448,1563.0,0.0,91.57044243812561
1564,1564.0,8.0,16.0,19.624557495117188,128.0,1.0,204154.0,844422.0,0.8053035736083984,2.0,2.0,2.0,0.578125,16.0,0.052655162734993495,0.0301094651222229,0.5791541934013367,12756.0,16.0,1.0,204154.0,102048.0,0.4998579503707985,128.0,1.0,2.5061330280476413e-08,22.215771198272705,68.05709290504456,1564.0,0.0,87.7484142780304
1565,1565.0,8.0,16.0,37.922374963760376,128.0,1.0,298978.0,749598.0,0.7148723602294922,2.0,2.0,2.0,0.328125,16.0,0.05991150266039473,0.034111447632312775,0.4156612753868103,18682.0,16.0,1.0,298978.0,149456.0,0.4998896239857113,128.0,1.0,2.477972085154034e-08,22.215771198272705,79.76369071006775,1565.0,0.0,117.77977013587952
1566,1566.0,8.0,16.0,38.34280204772949,128.0,1.0,223436.0,825140.0,0.7869148254394531,2.0,2.0,2.0,0.5234375,16.0,0.05910902127398812,0.03162678703665733,0.484240859746933,13960.75,16.0,1.0,223436.0,111686.0,0.49985678225532143,128.0,1.0,2.4499662364144913e-08,22.215771198272705,74.5518000125885,1566.0,0.0,112.98503684997559
1567,1567.0,8.0,16.0,39.35217070579529,128.0,1.0,251331.0,797245.0,0.7603120803833008,2.0,2.0,2.0,0.3046875,16.0,0.05125786710187844,0.024298476055264473,0.3917805254459381,15704.125,16.0,1.0,251331.0,125633.0,0.49987068845466737,128.0,1.0,2.4221155732296493e-08,22.215771198272705,82.22958731651306,1567.0,0.0,121.66491174697876
1568,1568.0,8.0,16.0,27.202882528305054,128.0,1.0,305534.0,743042.0,0.7086200714111328,2.0,2.0,2.0,0.375,16.0,0.05753013871242645,0.036254920065402985,0.41871416568756104,19091.75,16.0,1.0,305534.0,152734.0,0.4998919923805534,128.0,1.0,2.3944201864936842e-08,22.215771198272705,79.64096999168396,1568.0,0.0,106.95851516723633
1569,1569.0,8.0,16.0,28.72276258468628,128.0,1.0,290839.0,757737.0,0.7226343154907227,2.0,2.0,2.0,0.265625,16.0,0.052359725200789284,0.028681712225079536,0.4151630103588104,18173.0,16.0,1.0,290839.0,145384.0,0.49987793934101,128.0,1.0,2.366880166593982e-08,22.215771198272705,71.26117181777954,1569.0,0.0,100.05999898910522
1570,1570.0,8.0,16.0,32.51356887817383,128.0,1.0,217231.0,831345.0,0.7928323745727539,2.0,2.0,2.0,0.5625,16.0,0.051005618711127104,0.02774127759039402,0.4393017888069153,13573.25,16.0,1.0,217231.0,108586.0,0.49986419986097747,128.0,1.0,2.3394956034108847e-08,22.215771198272705,72.20468401908875,1570.0,0.0,104.77818965911865
1571,1571.0,8.0,16.0,27.98745322227478,128.0,1.0,250457.0,798119.0,0.7611455917358398,2.0,2.0,2.0,0.4453125,16.0,0.047969223507086226,0.026745788753032684,0.43508461117744446,15649.5,16.0,1.0,250457.0,125196.0,0.49987023720638674,128.0,1.0,2.3122665863173852e-08,22.215771198272705,69.10160636901855,1571.0,0.0,97.16003465652466
1572,1572.0,8.0,16.0,25.314369201660156,128.0,1.0,246376.0,802200.0,0.7650375366210938,2.0,2.0,2.0,0.3203125,16.0,0.07149858244607193,0.043986521661281586,0.46122750639915466,15394.625,16.0,1.0,246376.0,123157.0,0.49987417605610934,128.0,1.0,2.2851932041788258e-08,22.215771198272705,72.57272267341614,1572.0,0.0,97.95589542388916
1573,1573.0,8.0,16.0,29.0026957988739,128.0,1.0,306863.0,741713.0,0.7073526382446289,2.0,2.0,2.0,0.1875,16.0,0.06775546794914648,0.03624559938907623,0.36885038018226624,19175.125,16.0,1.0,306863.0,153401.0,0.4999006071113168,128.0,1.0,2.258275545352617e-08,22.215771198272705,72.154536485672,1573.0,0.0,101.2435188293457
1574,1574.0,8.0,16.0,28.82774806022644,128.0,1.0,203854.0,844722.0,0.8055896759033203,2.0,2.0,2.0,0.484375,16.0,0.06361590437928157,0.036069780588150024,0.5195093750953674,12737.0,16.0,1.0,203854.0,101896.0,0.49984793038154757,128.0,1.0,2.2315136976879533e-08,22.215771198272705,65.09073495864868,1574.0,0.0,93.9773359298706
1575,1575.0,8.0,16.0,36.36676383018494,128.0,1.0,248366.0,800210.0,0.7631397247314453,2.0,2.0,2.0,0.453125,16.0,0.0692860739749751,0.030201170593500137,0.6308284997940063,15518.875,16.0,1.0,248366.0,124151.0,0.49987115788795566,128.0,1.0,2.2049077485254974e-08,22.215771198272705,75.26445603370667,1575.0,0.0,111.71011734008789
1576,1576.0,8.0,16.0,23.854851245880127,128.0,1.0,216026.0,832550.0,0.7939815521240234,2.0,2.0,2.0,0.5625,16.0,0.048157051808064795,0.025739384815096855,0.44096919894218445,13497.25,16.0,1.0,216026.0,107978.0,0.49983798246507366,128.0,1.0,2.1784577846971465e-08,22.215771198272705,65.71297454833984,1576.0,0.0,89.62835025787354
1577,1577.0,8.0,16.0,39.663063526153564,128.0,1.0,250877.0,797699.0,0.7607450485229492,2.0,2.0,2.0,0.3828125,16.0,0.049394513274200184,0.027131009846925735,0.5400366187095642,15675.25,16.0,1.0,250877.0,125402.0,0.4998545103775954,128.0,1.0,2.15216389252571e-08,22.215771198272705,79.20977449417114,1577.0,0.0,118.9433445930481
1578,1578.0,8.0,16.0,26.958938598632812,128.0,1.0,284689.0,763887.0,0.7284994125366211,2.0,2.0,2.0,0.5,16.0,0.06185616908140659,0.0342121385037899,0.4467196464538574,17788.75,16.0,1.0,284689.0,142310.0,0.49987881512808713,128.0,1.0,2.126026157824612e-08,22.215771198272705,77.70021271705627,1578.0,0.0,104.74548816680908
1579,1579.0,8.0,16.0,40.705395221710205,128.0,1.0,211309.0,837267.0,0.7984800338745117,2.0,2.0,2.0,0.296875,16.0,0.06426419365883566,0.03298533335328102,0.6673821806907654,13202.5,16.0,1.0,211309.0,105620.0,0.4998367319896455,128.0,1.0,2.100044665897671e-08,22.215771198272705,69.03925061225891,1579.0,0.0,109.80395317077637
1580,1580.0,8.0,16.0,22.156193017959595,128.0,1.0,225290.0,823286.0,0.7851467132568359,2.0,2.0,2.0,0.453125,16.0,0.053148320513199086,0.026961805298924446,0.4916519522666931,14076.5,16.0,1.0,225290.0,112612.0,0.49985352212703626,128.0,1.0,2.0742195015387764e-08,22.215771198272705,70.75564289093018,1580.0,0.0,92.98755359649658
1581,1581.0,8.0,16.0,27.10725474357605,128.0,1.0,252447.0,796129.0,0.7592477798461914,2.0,2.0,2.0,0.625,16.0,0.052676755928001376,0.031096920371055603,0.38063323497772217,15773.625,16.0,1.0,252447.0,126189.0,0.4998633376510713,128.0,1.0,2.0485507490316245e-08,22.215771198272705,73.62996649742126,1581.0,0.0,100.80955576896667
1582,1582.0,8.0,16.0,39.22805738449097,128.0,1.0,259014.0,789562.0,0.7529850006103516,2.0,2.0,2.0,0.3984375,16.0,0.05425176923732162,0.02849418856203556,0.42281070351600647,16184.625,16.0,1.0,259014.0,129477.0,0.4998841761449188,128.0,1.0,2.0230384921494313e-08,22.215771198272705,74.66869473457336,1582.0,0.0,113.96960139274597
1583,1583.0,8.0,16.0,14.334275007247925,128.0,1.0,155315.0,893261.0,0.8518800735473633,2.0,2.0,2.0,0.671875,16.0,0.05322852910207699,0.025354059413075447,0.5135785341262817,9702.625,16.0,1.0,155315.0,77621.0,0.49976499372243505,128.0,1.0,1.997682814154683e-08,22.215771198272705,57.724812030792236,1583.0,0.0,72.10351276397705
1584,1584.0,8.0,16.0,27.84081745147705,128.0,1.0,280639.0,767937.0,0.7323617935180664,2.0,2.0,2.0,0.4375,16.0,0.05287119120928402,0.028695693239569664,0.4062235653400421,17536.125,16.0,1.0,280639.0,140289.0,0.4998913194531052,128.0,1.0,1.972483797798835e-08,22.215771198272705,72.67146325111389,1584.0,0.0,100.58334922790527
1585,1585.0,8.0,16.0,28.32719135284424,128.0,1.0,220098.0,828478.0,0.7900981903076172,2.0,2.0,2.0,0.453125,16.0,0.0697348922264179,0.03210053965449333,0.5642359852790833,13752.625,16.0,1.0,220098.0,110021.0,0.4998727839416987,128.0,1.0,1.9474415253220688e-08,22.215771198272705,70.19683337211609,1585.0,0.0,98.5813159942627
1586,1586.0,8.0,16.0,29.796299934387207,128.0,1.0,296744.0,751832.0,0.7170028686523438,2.0,2.0,2.0,0.3359375,16.0,0.06108800529159412,0.031968798488378525,0.3825452923774719,18542.5,16.0,1.0,296744.0,148340.0,0.49989216294179495,128.0,1.0,1.922556078453025e-08,22.215771198272705,86.55909538269043,1586.0,0.0,116.43880891799927
1587,1587.0,8.0,16.0,40.16321325302124,128.0,1.0,321488.0,727088.0,0.6934051513671875,2.0,2.0,2.0,0.3515625,16.0,0.05268259133480607,0.029326796531677246,0.335086852312088,20089.25,16.0,1.0,321488.0,160714.0,0.49990668391977305,128.0,1.0,1.8978275384084917e-08,22.215771198272705,74.069748878479,1587.0,0.0,114.3214750289917
1588,1588.0,8.0,16.0,35.83243227005005,128.0,1.0,269046.0,779530.0,0.7434177398681641,2.0,2.0,2.0,0.34375,16.0,0.04037131122796603,0.023822499439120293,0.35615473985671997,16811.875,16.0,1.0,269046.0,134495.0,0.49989592857726933,128.0,1.0,1.8732559858932018e-08,22.215771198272705,73.48447299003601,1588.0,0.0,109.39837646484375
1589,1589.0,8.0,16.0,33.42395806312561,128.0,1.0,336864.0,711712.0,0.678741455078125,2.0,2.0,2.0,0.140625,16.0,0.05561637435032633,0.03389282152056694,0.3067791163921356,21049.5,16.0,1.0,336864.0,168396.0,0.4998931319464235,128.0,1.0,1.848841501099524e-08,22.215771198272705,86.88043093681335,1589.0,0.0,120.40530490875244
1590,1590.0,8.0,16.0,38.00243639945984,128.0,1.0,200381.0,848195.0,0.8089017868041992,2.0,2.0,2.0,0.515625,16.0,0.06891059864183462,0.029802201315760612,0.7331370711326599,12520.125,16.0,1.0,200381.0,100161.0,0.4998527804532366,128.0,1.0,1.8245841637072213e-08,22.215771198272705,67.88926601409912,1590.0,0.0,105.96464776992798
1591,1591.0,8.0,16.0,23.24227499961853,128.0,1.0,244235.0,804341.0,0.7670793533325195,2.0,2.0,2.0,0.3359375,16.0,0.0667263594406462,0.03746078535914421,0.4969603717327118,15260.5,16.0,1.0,244235.0,122084.0,0.4998628370217209,128.0,1.0,1.8004840528831832e-08,22.215771198272705,72.09102010726929,1591.0,0.0,95.41741752624512
1592,1592.0,8.0,16.0,27.739487171173096,128.0,1.0,174707.0,873869.0,0.8333864212036133,2.0,2.0,2.0,0.5234375,16.0,0.043324214478124005,0.023015020415186882,0.4369127154350281,10914.875,16.0,1.0,174707.0,87319.0,0.49980252651582363,128.0,1.0,1.776541247281177e-08,22.215771198272705,76.95810341835022,1592.0,0.0,104.76309704780579
1593,1593.0,8.0,16.0,18.186697483062744,128.0,1.0,199649.0,848927.0,0.8095998764038086,2.0,2.0,2.0,0.578125,16.0,0.05824774954944648,0.03344646468758583,0.44834041595458984,12474.0,16.0,1.0,199649.0,99792.0,0.499837214311116,128.0,1.0,1.7527558250415687e-08,22.215771198272705,60.493852615356445,1593.0,0.0,78.76713395118713
1594,1594.0,8.0,16.0,33.42278742790222,128.0,1.0,313552.0,735024.0,0.7009735107421875,2.0,2.0,2.0,0.2421875,16.0,0.04442747041648397,0.028478603810071945,0.3336605727672577,19592.75,16.0,1.0,313552.0,156742.0,0.4998915650354646,128.0,1.0,1.7291278637911023e-08,22.215771198272705,75.95918154716492,1594.0,0.0,109.46373319625854
1595,1595.0,8.0,16.0,40.3736310005188,128.0,1.0,333174.0,715402.0,0.6822605133056641,2.0,2.0,2.0,0.40625,16.0,0.05327490452221787,0.029648127034306526,0.352599173784256,20819.625,16.0,1.0,333174.0,166557.0,0.4999099569594266,128.0,1.0,1.7056574406426216e-08,22.215771198272705,82.62467670440674,1595.0,0.0,123.0900764465332
1596,1596.0,8.0,16.0,25.94457173347473,128.0,1.0,249940.0,798636.0,0.7616386413574219,2.0,2.0,2.0,0.3671875,16.0,0.05422402948543268,0.03225640580058098,0.3723934590816498,15617.375,16.0,1.0,249940.0,124939.0,0.4998759702328559,128.0,1.0,1.6823446321948208e-08,22.215771198272705,70.22713971138,1596.0,0.0,96.24150657653809
1597,1597.0,8.0,16.0,19.967618703842163,128.0,1.0,235463.0,813113.0,0.7754449844360352,2.0,2.0,2.0,0.5859375,16.0,0.04230639860371383,0.025857066735625267,0.34035325050354004,14712.625,16.0,1.0,235463.0,117701.0,0.4998704679716134,128.0,1.0,1.659189514532e-08,22.215771198272705,68.14539909362793,1597.0,0.0,88.17538142204285
1598,1598.0,8.0,16.0,40.66549348831177,128.0,1.0,307553.0,741023.0,0.7066946029663086,2.0,2.0,2.0,0.4375,16.0,0.041991580644214474,0.024216119199991226,0.32992076873779297,19217.75,16.0,1.0,307553.0,153742.0,0.4998878242124122,128.0,1.0,1.6361921632238262e-08,22.215771198272705,94.09575605392456,1598.0,0.0,134.84212803840637
1599,1599.0,8.0,16.0,38.54224896430969,128.0,1.0,281038.0,767538.0,0.7319812774658203,2.0,2.0,2.0,0.421875,16.0,0.056440697611197625,0.03361707180738449,0.35903289914131165,17561.125,16.0,1.0,281038.0,140489.0,0.4998932528697187,128.0,1.0,1.6133526533250563e-08,22.215771198272705,86.12241792678833,1599.0,0.0,124.74169206619263
1600,1600.0,8.0,16.0,40.14933109283447,128.0,1.0,255881.0,792695.0,0.7559728622436523,2.0,2.0,2.0,0.421875,16.0,0.047013227801452895,0.028246726840734482,0.4835164546966553,15988.625,16.0,1.0,255881.0,127909.0,0.4998768959008289,128.0,1.0,1.5906710593753312e-08,22.215771198272705,76.21771836280823,1600.0,0.0,343.0652482509613
1601,1601.0,8.0,16.0,37.86077117919922,128.0,1.0,296378.0,752198.0,0.7173519134521484,2.0,2.0,2.0,0.3984375,16.0,0.04583009393267834,0.026798492297530174,0.37792035937309265,18519.5,16.0,1.0,296378.0,148156.0,0.49988865570318985,128.0,1.0,1.5681474553988938e-08,22.215771198272705,86.93684363365173,1601.0,0.0,124.87729620933533
1602,1602.0,8.0,16.0,39.21514105796814,128.0,1.0,283413.0,765163.0,0.7297163009643555,2.0,2.0,2.0,0.3515625,16.0,0.05804557189528468,0.03731478005647659,0.3900350332260132,17710.125,16.0,1.0,283413.0,141681.0,0.49991002529876893,128.0,1.0,1.5457819149043815e-08,22.215771198272705,78.89187240600586,1602.0,0.0,118.18139505386353
1603,1603.0,8.0,16.0,27.379555225372314,128.0,1.0,223961.0,824615.0,0.7864141464233398,2.0,2.0,2.0,0.46875,16.0,0.061170916275371405,0.029784508049488068,0.5420292019844055,13993.625,16.0,1.0,223961.0,111949.0,0.4998593505119195,128.0,1.0,1.5235745108845732e-08,22.215771198272705,71.42093753814697,1603.0,0.0,98.86070489883423
1604,1604.0,8.0,16.0,21.70382285118103,128.0,1.0,210241.0,838335.0,0.7994985580444336,2.0,2.0,2.0,0.6875,16.0,0.04880722197851174,0.02515675500035286,0.4447158873081207,13136.125,16.0,1.0,210241.0,105089.0,0.49985017194552916,128.0,1.0,1.5015253158161377e-08,22.215771198272705,63.75408101081848,1604.0,0.0,85.51893711090088
1605,1605.0,8.0,16.0,38.24360799789429,128.0,1.0,236541.0,812035.0,0.7744169235229492,2.0,2.0,2.0,0.546875,16.0,0.05410820630196613,0.022816337645053864,0.38595709204673767,14780.375,16.0,1.0,236541.0,118243.0,0.499883741085055,128.0,1.0,1.4796344016594131e-08,22.215771198272705,80.8319640159607,1605.0,0.0,119.14198017120361
1606,1606.0,8.0,16.0,35.63751840591431,128.0,1.0,358875.0,689701.0,0.657750129699707,2.0,2.0,2.0,0.3359375,16.0,0.04666431413403948,0.028845980763435364,0.4069385826587677,22426.25,16.0,1.0,358875.0,179410.0,0.49992337164750955,128.0,1.0,1.4579018398581667e-08,22.215771198272705,87.00625395774841,1606.0,0.0,122.74405884742737
1607,1607.0,8.0,16.0,23.500291347503662,128.0,1.0,243256.0,805320.0,0.7680130004882812,2.0,2.0,2.0,0.2890625,16.0,0.06684529428100124,0.03659459203481674,0.4234021306037903,15199.25,16.0,1.0,243256.0,121594.0,0.4998602295524057,128.0,1.0,1.4363277013393682e-08,22.215771198272705,71.2496120929718,1607.0,0.0,94.82151746749878
1608,1608.0,8.0,16.0,21.507960319519043,128.0,1.0,193539.0,855037.0,0.8154268264770508,2.0,2.0,2.0,0.578125,16.0,0.05621863810134924,0.028008509427309036,0.5156217217445374,12092.25,16.0,1.0,193539.0,96738.0,0.49983724210624214,128.0,1.0,1.4149120565129568e-08,22.215771198272705,60.44359302520752,1608.0,0.0,82.00438642501831
1609,1609.0,8.0,16.0,18.487560510635376,128.0,1.0,206730.0,841846.0,0.8028469085693359,2.0,2.0,2.0,0.6015625,16.0,0.05447693270633865,0.029753930866718292,0.42831531167030334,12916.625,16.0,1.0,206730.0,103333.0,0.49984520872635807,128.0,1.0,1.3936549752715855e-08,22.215771198272705,67.30590510368347,1609.0,0.0,85.85173845291138
1610,1610.0,8.0,16.0,39.108991622924805,128.0,1.0,274617.0,773959.0,0.7381048202514648,2.0,2.0,2.0,0.4765625,16.0,0.04721928517219489,0.024105466902256012,0.3748662769794464,17159.625,16.0,1.0,274617.0,137277.0,0.4998852947923836,128.0,1.0,1.3725565269904427e-08,22.215771198272705,81.61211919784546,1610.0,0.0,120.81212544441223
1611,1611.0,8.0,16.0,21.648907899856567,128.0,1.0,208329.0,840247.0,0.8013219833374023,2.0,2.0,2.0,0.3828125,16.0,0.06755801710363857,0.03747500479221344,0.4749959409236908,13015.875,16.0,1.0,208329.0,104127.0,0.4998199962559221,128.0,1.0,1.3516167805269818e-08,22.215771198272705,63.5382342338562,1611.0,0.0,85.24474167823792
1612,1612.0,8.0,16.0,39.54949879646301,128.0,1.0,247900.0,800676.0,0.7635841369628906,2.0,2.0,2.0,0.4921875,16.0,0.05328401185513887,0.029875807464122772,0.49768611788749695,15489.875,16.0,1.0,247900.0,123919.0,0.49987494957644213,128.0,1.0,1.3308358042207146e-08,22.215771198272705,76.90046525001526,1612.0,0.0,116.52026772499084
1613,1613.0,8.0,16.0,27.615208625793457,128.0,1.0,278973.0,769603.0,0.7339506149291992,2.0,2.0,2.0,0.25,16.0,0.05709614619535814,0.031241627410054207,0.39737775921821594,17432.125,16.0,1.0,278973.0,139457.0,0.4998942549995878,128.0,1.0,1.3102136658929953e-08,22.215771198272705,74.6274356842041,1613.0,0.0,102.31250596046448
1614,1614.0,8.0,16.0,26.944770574569702,128.0,1.0,272399.0,776177.0,0.7402200698852539,2.0,2.0,2.0,0.4765625,16.0,0.05327948853512781,0.02856074646115303,0.39496877789497375,17020.875,16.0,1.0,272399.0,136167.0,0.49988068972353056,128.0,1.0,1.28975043284677e-08,22.215771198272705,75.99830389022827,1614.0,0.0,103.01710987091064
1615,1615.0,8.0,16.0,35.839797258377075,128.0,1.0,215680.0,832896.0,0.7943115234375,2.0,2.0,2.0,0.421875,16.0,0.04550887552765497,0.023622684180736542,0.3840888440608978,13475.75,16.0,1.0,215680.0,107806.0,0.4998423590504451,128.0,1.0,1.2694461718664006e-08,22.215771198272705,69.12241339683533,1615.0,0.0,105.0189220905304
1616,1616.0,8.0,16.0,35.02854633331299,128.0,1.0,315077.0,733499.0,0.699519157409668,2.0,2.0,2.0,0.4765625,16.0,0.0534073053918362,0.030899787321686745,0.4746031165122986,19688.5,16.0,1.0,315077.0,157508.0,0.49990319826582075,128.0,1.0,1.2493009492174022e-08,22.215771198272705,83.18939685821533,1616.0,0.0,118.29901623725891
1617,1617.0,8.0,16.0,39.1447651386261,128.0,1.0,282807.0,765769.0,0.7302942276000977,2.0,2.0,2.0,0.4453125,16.0,0.05331391911922409,0.029664665460586548,0.37559306621551514,17671.625,16.0,1.0,282807.0,141373.0,0.4998921525987688,128.0,1.0,1.229314830646272e-08,22.215771198272705,80.07274055480957,1617.0,0.0,119.30129218101501
1618,1618.0,8.0,16.0,40.8640353679657,128.0,1.0,238322.0,810254.0,0.7727184295654297,2.0,2.0,2.0,0.4375,16.0,0.05261633412711712,0.027608375996351242,0.4248266816139221,14891.125,16.0,1.0,238322.0,119129.0,0.49986572788076633,128.0,1.0,1.2094878813802334e-08,22.215771198272705,80.27187705039978,1618.0,0.0,121.20043730735779
1619,1619.0,8.0,16.0,25.1966814994812,128.0,1.0,221755.0,826821.0,0.788517951965332,2.0,2.0,2.0,0.28125,16.0,0.06731888304488691,0.035313114523887634,0.5305429100990295,13856.125,16.0,1.0,221755.0,110849.0,0.49987147978625057,128.0,1.0,1.1898201661270368e-08,22.215771198272705,67.33069491386414,1619.0,0.0,92.58850526809692
1620,1620.0,8.0,16.0,24.75202703475952,128.0,1.0,168206.0,880370.0,0.8395862579345703,2.0,2.0,2.0,0.390625,16.0,0.0642231946825526,0.03441932424902916,0.524602472782135,10508.5,16.0,1.0,168206.0,84068.0,0.49979192181016135,128.0,1.0,1.170311749074776e-08,22.215771198272705,57.02723693847656,1620.0,0.0,81.84023833274841
1621,1621.0,8.0,16.0,32.58542275428772,128.0,1.0,237694.0,810882.0,0.7733173370361328,2.0,2.0,2.0,0.5,16.0,0.047823227143444655,0.0282734464854002,0.3572205901145935,14851.625,16.0,1.0,237694.0,118813.0,0.4998569589472179,128.0,1.0,1.1509626938916272e-08,22.215771198272705,74.61859321594238,1621.0,0.0,107.27386593818665
1622,1622.0,8.0,16.0,22.238527536392212,128.0,1.0,236818.0,811758.0,0.7741527557373047,2.0,2.0,2.0,0.515625,16.0,0.0578969949059167,0.028391104191541672,0.4151032567024231,14796.625,16.0,1.0,236818.0,118373.0,0.4998479845282031,128.0,1.0,1.1317730637256939e-08,22.215771198272705,67.49228763580322,1622.0,0.0,89.80330729484558
1623,1623.0,8.0,16.0,24.965179681777954,128.0,1.0,174803.0,873773.0,0.8332948684692383,2.0,2.0,2.0,0.3515625,16.0,0.05698682234416627,0.027133790776133537,0.5267659425735474,10921.75,16.0,1.0,174803.0,87374.0,0.499842680045537,128.0,1.0,1.1127429212047512e-08,22.215771198272705,60.223320960998535,1623.0,0.0,85.23917651176453
1624,1624.0,8.0,16.0,23.048747539520264,128.0,1.0,242966.0,805610.0,0.7682895660400391,2.0,2.0,2.0,0.34375,16.0,0.05870216269131585,0.030569465830922127,0.4627250134944916,15181.5,16.0,1.0,242966.0,121452.0,0.4998724101314587,128.0,1.0,1.0938723284360796e-08,22.215771198272705,70.2465705871582,1624.0,0.0,93.36100840568542
1625,1625.0,8.0,16.0,41.385470390319824,128.0,1.0,304750.0,743826.0,0.7093677520751953,2.0,2.0,2.0,0.3515625,16.0,0.07749718060937896,0.036940962076187134,0.5367106795310974,19043.0,16.0,1.0,304750.0,152344.0,0.49989827727645614,128.0,1.0,1.0751613470062537e-08,22.215771198272705,85.10425066947937,1625.0,0.0,126.57337474822998
1626,1626.0,8.0,16.0,39.41918921470642,128.0,1.0,204655.0,843921.0,0.8048257827758789,2.0,2.0,2.0,0.6171875,16.0,0.049724849433519826,0.02431793510913849,0.6979271173477173,12786.625,16.0,1.0,204655.0,102293.0,0.49983142361535265,128.0,1.0,1.0566100379809261e-08,22.215771198272705,66.36251616477966,1626.0,0.0,105.83546471595764
1627,1627.0,8.0,16.0,19.40126919746399,128.0,1.0,215455.0,833121.0,0.7945261001586914,2.0,2.0,2.0,0.328125,16.0,0.06788666774447404,0.03700348362326622,0.487807035446167,13462.375,16.0,1.0,215455.0,107699.0,0.4998677217980553,128.0,1.0,1.0382184619046496e-08,22.215771198272705,63.79409646987915,1627.0,0.0,83.25924777984619
1628,1628.0,8.0,16.0,31.431949615478516,128.0,1.0,232153.0,816423.0,0.7786016464233398,2.0,2.0,2.0,0.6171875,16.0,0.05194095875199981,0.02829785831272602,0.41782477498054504,14505.375,16.0,1.0,232153.0,116043.0,0.4998556986125529,128.0,1.0,1.0199866788006494e-08,22.215771198272705,67.60377097129822,1628.0,0.0,99.10763311386108
1629,1629.0,8.0,16.0,21.050244331359863,128.0,1.0,189897.0,858679.0,0.8189001083374023,2.0,2.0,2.0,0.7578125,16.0,0.06882486934746149,0.037413883954286575,0.5219918489456177,11864.0,16.0,1.0,189897.0,94912.0,0.4998077905390817,128.0,1.0,1.0019147481706625e-08,22.215771198272705,59.30187010765076,1629.0,0.0,80.40493178367615
1630,1630.0,8.0,16.0,25.16072106361389,128.0,1.0,169770.0,878806.0,0.8380947113037109,2.0,2.0,2.0,0.4765625,16.0,0.09631506625859261,0.039633914828300476,0.9195692539215088,10606.25,16.0,1.0,169770.0,84850.0,0.49979383872297817,128.0,1.0,9.840027289947206e-09,22.215771198272705,58.94110870361328,1630.0,0.0,84.15065860748291
1631,1631.0,8.0,16.0,32.99884343147278,128.0,1.0,225690.0,822886.0,0.7847652435302734,2.0,2.0,2.0,0.578125,16.0,0.055248265463878725,0.028726324439048767,0.45898061990737915,14100.75,16.0,1.0,225690.0,112806.0,0.49982719659710223,128.0,1.0,9.662506797309678e-09,22.215771198272705,69.21708846092224,1631.0,0.0,102.27808690071106
1632,1632.0,8.0,16.0,29.12133026123047,128.0,1.0,293805.0,754771.0,0.7198057174682617,2.0,2.0,2.0,0.4140625,16.0,0.04462395199970842,0.024204334244132042,0.5585396885871887,18358.0,16.0,1.0,293805.0,146864.0,0.4998689607052297,128.0,1.0,9.48658658315471e-09,22.215771198272705,73.80859208106995,1632.0,0.0,103.00580096244812
1633,1633.0,8.0,16.0,26.863075971603394,128.0,1.0,231959.0,816617.0,0.7787866592407227,2.0,2.0,2.0,0.546875,16.0,0.059734312474598025,0.02932516671717167,0.44670116901397705,14493.5,16.0,1.0,231959.0,115948.0,0.49986420013881766,128.0,1.0,9.31226722162004e-09,22.215771198272705,66.70336937904358,1633.0,0.0,93.6305775642395
1634,1634.0,8.0,16.0,39.963274240493774,128.0,1.0,384585.0,663991.0,0.6332311630249023,2.0,2.0,2.0,0.3203125,16.0,0.04528112208900275,0.026849286630749702,0.3024790585041046,24032.5,16.0,1.0,384585.0,192260.0,0.4999154933239726,128.0,1.0,9.139549281619085e-09,22.215771198272705,90.97901916503906,1634.0,0.0,131.04963755607605
1635,1635.0,8.0,16.0,29.807352304458618,128.0,1.0,305709.0,742867.0,0.7084531784057617,2.0,2.0,2.0,0.2890625,16.0,0.05806386701559135,0.033022213727235794,0.3592657744884491,19103.125,16.0,1.0,305709.0,152825.0,0.4999035030044912,128.0,1.0,8.968433326838775e-09,22.215771198272705,76.24538803100586,1635.0,0.0,106.13460993766785
1636,1636.0,8.0,16.0,41.359041690826416,128.0,1.0,273282.0,775294.0,0.7393779754638672,2.0,2.0,2.0,0.4140625,16.0,0.0516378783880376,0.03146233782172203,0.3659593164920807,17075.875,16.0,1.0,273282.0,136607.0,0.4998755863906148,128.0,1.0,8.7989199157375e-09,22.215771198272705,91.48140978813171,1636.0,0.0,132.9112856388092
1637,1637.0,8.0,16.0,16.0312237739563,128.0,1.0,202734.0,845842.0,0.8066577911376953,2.0,2.0,2.0,0.5546875,16.0,0.06039233376746002,0.029666109010577202,0.6016820073127747,12666.25,16.0,1.0,202734.0,101330.0,0.4998174948454625,128.0,1.0,8.631009601543838e-09,22.215771198272705,61.18154954910278,1637.0,0.0,77.26752018928528
1638,1638.0,8.0,16.0,33.22651410102844,128.0,1.0,278135.0,770441.0,0.7347497940063477,2.0,2.0,2.0,0.484375,16.0,0.042318465023614124,0.024884989485144615,0.2923849821090698,17379.0,16.0,1.0,278135.0,139032.0,0.4998723641397163,128.0,1.0,8.46470293225432e-09,22.215771198272705,70.66717004776001,1638.0,0.0,103.96599984169006
1639,1639.0,8.0,16.0,29.290350437164307,128.0,1.0,252819.0,795757.0,0.7588930130004883,2.0,2.0,2.0,0.3671875,16.0,0.0748734306475678,0.039663203060626984,0.5122790932655334,15797.25,16.0,1.0,252819.0,126378.0,0.4998754049339646,128.0,1.0,8.300000450631894e-09,22.215771198272705,71.05720543861389,1639.0,0.0,100.41525673866272
1640,1640.0,8.0,16.0,36.96960163116455,128.0,1.0,271077.0,777499.0,0.741480827331543,2.0,2.0,2.0,0.59375,16.0,0.05493010952553283,0.03127184510231018,0.38781145215034485,16938.875,16.0,1.0,271077.0,135511.0,0.4998985528097183,128.0,1.0,8.136902694203918e-09,22.215771198272705,90.3111047744751,1640.0,0.0,127.43875479698181
1641,1641.0,8.0,16.0,39.03609800338745,128.0,1.0,312286.0,736290.0,0.7021808624267578,2.0,2.0,2.0,0.21875,16.0,0.052007061539121796,0.03287176415324211,0.3064204454421997,19513.875,16.0,1.0,312286.0,156111.0,0.4998975298284265,128.0,1.0,7.97541019526049e-09,22.215771198272705,80.5572919845581,1641.0,0.0,119.67046451568604
1642,1642.0,8.0,16.0,28.94326400756836,128.0,1.0,250474.0,798102.0,0.7611293792724609,2.0,2.0,2.0,0.3984375,16.0,0.0585589673014122,0.03454894945025444,0.37814033031463623,15650.625,16.0,1.0,250474.0,125205.0,0.49987224222873433,128.0,1.0,7.81552348085296e-09,22.215771198272705,73.88744974136353,1642.0,0.0,102.895015001297
1643,1643.0,8.0,16.0,25.135696411132812,128.0,1.0,214590.0,833986.0,0.7953510284423828,2.0,2.0,2.0,0.6875,16.0,0.042555947727701035,0.022792892530560493,0.4163099527359009,13408.5,16.0,1.0,214590.0,107268.0,0.49987417866629386,128.0,1.0,7.657243072791697e-09,22.215771198272705,66.02283143997192,1643.0,0.0,91.21653461456299
1644,1644.0,8.0,16.0,27.14659285545349,128.0,1.0,203202.0,845374.0,0.8062114715576172,2.0,2.0,2.0,0.4140625,16.0,0.06492953315511996,0.033355578780174255,0.44752177596092224,12695.5,16.0,1.0,203202.0,101564.0,0.4998179151780002,128.0,1.0,7.500569487645047e-09,22.215771198272705,63.72823762893677,1644.0,0.0,90.93221020698547
1645,1645.0,8.0,16.0,20.726652145385742,128.0,1.0,206705.0,841871.0,0.8028707504272461,2.0,2.0,2.0,0.46875,16.0,0.05890535387248829,0.031064707785844803,0.45227304100990295,12915.375,16.0,1.0,206705.0,103323.0,0.49985728453593287,128.0,1.0,7.345503236736939e-09,22.215771198272705,60.53524327278137,1645.0,0.0,81.31688904762268
1646,1646.0,8.0,16.0,25.56925344467163,128.0,1.0,279081.0,769495.0,0.7338476181030273,2.0,2.0,2.0,0.4609375,16.0,0.058912959110474304,0.032033827155828476,0.36519116163253784,17438.75,16.0,1.0,279081.0,139510.0,0.49989071273214586,128.0,1.0,7.1920448261457715e-09,22.215771198272705,74.45488500595093,1646.0,0.0,100.09461808204651
1647,1647.0,8.0,16.0,27.290107250213623,128.0,1.0,219459.0,829117.0,0.7907075881958008,2.0,2.0,2.0,0.578125,16.0,0.048066988978658215,0.02756960690021515,0.36988070607185364,13711.75,16.0,1.0,219459.0,109694.0,0.4998382385775931,128.0,1.0,7.040194756702478e-09,22.215771198272705,69.5663230419159,1647.0,0.0,96.91516327857971
1648,1648.0,8.0,16.0,34.928542137145996,128.0,1.0,230104.0,818472.0,0.7805557250976562,2.0,2.0,2.0,0.5546875,16.0,0.052261681175652816,0.03147405758500099,0.451223224401474,14377.875,16.0,1.0,230104.0,115023.0,0.4998739700309425,128.0,1.0,6.889953523988967e-09,22.215771198272705,74.32124996185303,1648.0,0.0,109.3152871131897
1649,1649.0,8.0,16.0,37.43842887878418,128.0,1.0,350809.0,697767.0,0.6654424667358398,2.0,2.0,2.0,0.234375,16.0,0.05070111104587041,0.031754329800605774,0.3418310880661011,21921.5,16.0,1.0,350809.0,175372.0,0.49990735699483196,128.0,1.0,6.741321618336626e-09,22.215771198272705,78.46785879135132,1649.0,0.0,116.00315284729004
1650,1650.0,8.0,16.0,40.888224363327026,128.0,1.0,301767.0,746809.0,0.7122125625610352,2.0,2.0,2.0,0.53125,16.0,0.04844042637595451,0.025429734960198402,0.4337642192840576,18856.625,16.0,1.0,301767.0,150853.0,0.4998989286436224,128.0,1.0,6.594299524824376e-09,22.215771198272705,87.46760320663452,1650.0,0.0,354.54029059410095
1651,1651.0,8.0,16.0,24.701996088027954,128.0,1.0,268721.0,779855.0,0.7437276840209961,2.0,2.0,2.0,0.3828125,16.0,0.04750143961178118,0.02708597481250763,0.3776895999908447,16790.75,16.0,1.0,268721.0,134326.0,0.4998716140532374,128.0,1.0,6.4488877232774515e-09,22.215771198272705,75.11366176605225,1651.0,0.0,99.88497114181519
1652,1652.0,8.0,16.0,39.84013342857361,128.0,1.0,317670.0,730906.0,0.6970462799072266,2.0,2.0,2.0,0.4140625,16.0,0.04141572955522509,0.02558431401848793,0.28195858001708984,19849.875,16.0,1.0,317670.0,158799.0,0.49988667485126076,128.0,1.0,6.3050866882656816e-09,22.215771198272705,80.75930213928223,1652.0,0.0,120.68915390968323
1653,1653.0,8.0,16.0,32.25401329994202,128.0,1.0,258039.0,790537.0,0.7539148330688477,2.0,2.0,2.0,0.390625,16.0,0.05266663577714704,0.025296857580542564,0.4454692006111145,16124.25,16.0,1.0,258039.0,128994.0,0.49990117772894793,128.0,1.0,6.1628968891019315e-09,22.215771198272705,75.12034606933594,1653.0,0.0,107.43806791305542
1654,1654.0,8.0,16.0,27.018213987350464,128.0,1.0,240521.0,808055.0,0.7706212997436523,2.0,2.0,2.0,0.4453125,16.0,0.06732516666473373,0.036470234394073486,0.44450169801712036,15029.125,16.0,1.0,240521.0,120233.0,0.49988566486917985,128.0,1.0,6.022318789840664e-09,22.215771198272705,67.20534181594849,1654.0,0.0,94.29259324073792
1655,1655.0,8.0,16.0,18.887484788894653,128.0,1.0,178661.0,869915.0,0.829615592956543,2.0,2.0,2.0,0.5859375,16.0,0.05712943471509021,0.028836164623498917,0.4855162501335144,11162.0,16.0,1.0,178661.0,89296.0,0.49980689686053476,128.0,1.0,5.883352849276269e-09,22.215771198272705,59.68311023712158,1655.0,0.0,78.61729431152344
1656,1656.0,8.0,16.0,26.707014083862305,128.0,1.0,159840.0,888736.0,0.847564697265625,2.0,2.0,2.0,0.703125,16.0,0.05959251871149358,0.02752593904733658,0.596371591091156,9986.0,16.0,1.0,159840.0,79888.0,0.4997997997997998,128.0,1.0,5.745999520941735e-09,22.215771198272705,58.8083713054657,1656.0,0.0,85.56252121925354
1657,1657.0,8.0,16.0,34.723490953445435,128.0,1.0,342712.0,705864.0,0.6731643676757812,2.0,2.0,2.0,0.40625,16.0,0.04099117490949073,0.028769273310899734,0.37813305854797363,21415.625,16.0,1.0,342712.0,171325.0,0.4999095450407339,128.0,1.0,5.61025925310693e-09,22.215771198272705,86.0817699432373,1657.0,0.0,120.88994455337524
1658,1658.0,8.0,16.0,21.124743223190308,128.0,1.0,199359.0,849217.0,0.8098764419555664,2.0,2.0,2.0,0.578125,16.0,0.05004800407319178,0.029276909306645393,0.3796946108341217,12455.25,16.0,1.0,199359.0,99642.0,0.4998118971303026,128.0,1.0,5.47613248877754e-09,22.215771198272705,59.94393706321716,1658.0,0.0,81.1239242553711
1659,1659.0,8.0,16.0,25.008230686187744,128.0,1.0,244200.0,804376.0,0.7671127319335938,2.0,2.0,2.0,0.3203125,16.0,0.07491165344012148,0.04093947261571884,0.49830737709999084,15259.125,16.0,1.0,244200.0,122073.0,0.4998894348894349,128.0,1.0,5.343619665693133e-09,22.215771198272705,65.00076580047607,1659.0,0.0,90.07106637954712
1660,1660.0,8.0,16.0,37.58375692367554,128.0,1.0,236482.0,812094.0,0.7744731903076172,2.0,2.0,2.0,0.78125,16.0,0.04476249223531932,0.02372691221535206,0.3967057168483734,14776.375,16.0,1.0,236482.0,118211.0,0.49987314045043596,128.0,1.0,5.212721216326099e-09,22.215771198272705,74.3512315750122,1660.0,0.0,111.99455332756042
1661,1661.0,8.0,16.0,32.938315868377686,128.0,1.0,301817.0,746759.0,0.7121648788452148,2.0,2.0,2.0,0.1484375,16.0,0.06910469499278997,0.03687237203121185,0.42526599764823914,18859.5,16.0,1.0,301817.0,150876.0,0.4998923188554654,128.0,1.0,5.0834375678801e-09,22.215771198272705,77.2016704082489,1661.0,0.0,110.22385883331299
1662,1662.0,8.0,16.0,34.4101722240448,128.0,1.0,247360.0,801216.0,0.76409912109375,2.0,2.0,2.0,0.4609375,16.0,0.04563247045017052,0.02417275682091713,0.3879210650920868,15456.125,16.0,1.0,247360.0,123649.0,0.4998746765847348,128.0,1.0,4.955769142288791e-09,22.215771198272705,75.73733019828796,1662.0,0.0,110.21926403045654
1663,1663.0,8.0,16.0,31.88672924041748,128.0,1.0,207403.0,841173.0,0.8022050857543945,2.0,2.0,2.0,0.6484375,16.0,0.057060380877335684,0.026960885152220726,0.5156145095825195,12958.375,16.0,1.0,207403.0,103667.0,0.4998336571795008,128.0,1.0,4.829716356214042e-09,22.215771198272705,65.44271349906921,1663.0,0.0,97.38507437705994
1664,1664.0,8.0,16.0,40.84719395637512,128.0,1.0,372361.0,676215.0,0.6448888778686523,2.0,2.0,2.0,0.3046875,16.0,0.04835009601813255,0.028193015605211258,0.31017109751701355,23269.125,16.0,1.0,372361.0,186153.0,0.49992614693805204,128.0,1.0,4.705279621045221e-09,22.215771198272705,91.57368493080139,1664.0,0.0,132.51851630210876
1665,1665.0,8.0,16.0,39.23690438270569,128.0,1.0,280506.0,768070.0,0.7324886322021484,2.0,2.0,2.0,0.5,16.0,0.049218639652236114,0.029337555170059204,1.175610899925232,17527.5,16.0,1.0,280506.0,140220.0,0.49988235545763726,128.0,1.0,4.58245934289736e-09,22.215771198272705,85.7027645111084,1665.0,0.0,125.01526927947998
1666,1666.0,8.0,16.0,33.543588161468506,128.0,1.0,252556.0,796020.0,0.7591438293457031,2.0,2.0,2.0,0.515625,16.0,0.05548603997076051,0.030844414606690407,0.383477121591568,15780.5,16.0,1.0,252556.0,126244.0,0.49986537639177053,128.0,1.0,4.461255922609985e-09,22.215771198272705,79.43261694908142,1666.0,0.0,113.0457992553711
1667,1667.0,8.0,16.0,39.149532079696655,128.0,1.0,274574.0,774002.0,0.7381458282470703,2.0,2.0,2.0,0.53125,16.0,0.04759763909149929,0.02757454477250576,0.4397470951080322,17157.25,16.0,1.0,274574.0,137258.0,0.4998943818424177,128.0,1.0,4.341669755745736e-09,22.215771198272705,80.66026306152344,1667.0,0.0,119.8798840045929
1668,1668.0,8.0,16.0,39.22858190536499,128.0,1.0,215372.0,833204.0,0.7946052551269531,2.0,2.0,2.0,0.640625,16.0,0.04577655586413252,0.022172268480062485,0.4497584402561188,13456.125,16.0,1.0,215372.0,107649.0,0.49982820422339025,128.0,1.0,4.2237012325892495e-09,22.215771198272705,80.20300102233887,1668.0,0.0,119.49299573898315
1669,1669.0,8.0,16.0,28.21903085708618,128.0,1.0,255170.0,793406.0,0.7566509246826172,2.0,2.0,2.0,0.609375,16.0,0.042939996086020116,0.02724037878215313,0.3433935046195984,15944.375,16.0,1.0,255170.0,127555.0,0.49988243132029625,128.0,1.0,4.10735073814572e-09,22.215771198272705,72.76212120056152,1669.0,0.0,101.06757497787476
1670,1670.0,8.0,16.0,39.34974455833435,128.0,1.0,220704.0,827872.0,0.789520263671875,2.0,2.0,2.0,0.375,16.0,0.06321331758659846,0.03286110237240791,0.480025053024292,13790.5,16.0,1.0,220704.0,110324.0,0.499873133246339,128.0,1.0,3.992618652139734e-09,22.215771198272705,78.6116590499878,1670.0,0.0,118.03336763381958
1671,1671.0,8.0,16.0,25.471868753433228,128.0,1.0,198398.0,850178.0,0.8107929229736328,2.0,2.0,2.0,0.703125,16.0,0.05770447661075995,0.026593342423439026,0.6884099841117859,12396.25,16.0,1.0,198398.0,99170.0,0.49985382917166504,128.0,1.0,3.879505349013989e-09,22.215771198272705,62.22195649147034,1671.0,0.0,87.7501745223999
1672,1672.0,8.0,16.0,29.65862488746643,128.0,1.0,275706.0,772870.0,0.7370662689208984,2.0,2.0,2.0,0.484375,16.0,0.05301285825962605,0.03172260895371437,0.34230953454971313,17227.75,16.0,1.0,275706.0,137822.0,0.4998875613878552,128.0,1.0,3.7680111979280785e-09,22.215771198272705,73.33860850334167,1672.0,0.0,103.06524920463562
1673,1673.0,8.0,16.0,28.76516604423523,128.0,1.0,217344.0,831232.0,0.792724609375,2.0,2.0,2.0,0.4140625,16.0,0.05685286480681468,0.02591603994369507,0.4508136510848999,13580.25,16.0,1.0,217344.0,108642.0,0.4998619699646643,128.0,1.0,3.658136562757208e-09,22.215771198272705,68.96034812927246,1673.0,0.0,97.79552888870239
1674,1674.0,8.0,16.0,31.14959168434143,128.0,1.0,274214.0,774362.0,0.7384891510009766,2.0,2.0,2.0,0.4609375,16.0,0.054742400766060385,0.03262161463499069,0.4167715609073639,17134.375,16.0,1.0,274214.0,137075.0,0.49988330282188365,128.0,1.0,3.5498818020912035e-09,22.215771198272705,76.06731367111206,1674.0,0.0,107.2877025604248
1675,1675.0,8.0,16.0,40.279664754867554,128.0,1.0,269158.0,779418.0,0.7433109283447266,2.0,2.0,2.0,0.3515625,16.0,0.05231800216434193,0.03340991586446762,0.37667301297187805,16818.0,16.0,1.0,269158.0,134544.0,0.4998699648533575,128.0,1.0,3.443247269233174e-09,22.215771198272705,69.91854119300842,1675.0,0.0,110.27835273742676
1676,1676.0,8.0,16.0,34.720250844955444,128.0,1.0,227446.0,821130.0,0.7830905914306641,2.0,2.0,2.0,0.5390625,16.0,0.058116650440453235,0.0320422500371933,0.43311208486557007,14211.75,16.0,1.0,227446.0,113694.0,0.49987249720812854,128.0,1.0,3.3382333121984575e-09,22.215771198272705,73.1457941532135,1676.0,0.0,107.92552828788757
1677,1677.0,8.0,16.0,32.31162190437317,128.0,1.0,231454.0,817122.0,0.7792682647705078,2.0,2.0,2.0,0.3828125,16.0,0.062474877568236734,0.03245414048433304,0.49246707558631897,14461.5,16.0,1.0,231454.0,115692.0,0.4998487820474047,128.0,1.0,3.2348402737133463e-09,22.215771198272705,72.90556812286377,1677.0,0.0,105.27884483337402
1678,1678.0,8.0,16.0,31.576799631118774,128.0,1.0,282645.0,765931.0,0.7304487228393555,2.0,2.0,2.0,0.203125,16.0,0.051552055786903035,0.026484007015824318,0.37050315737724304,17661.25,16.0,1.0,282645.0,141290.0,0.4998850147711794,128.0,1.0,3.1330684912141414e-09,22.215771198272705,75.2692723274231,1678.0,0.0,106.91653800010681
1679,1679.0,8.0,16.0,28.56310200691223,128.0,1.0,308242.0,740334.0,0.7060375213623047,2.0,2.0,2.0,0.40625,16.0,0.057213320313879316,0.02868916280567646,0.41281190514564514,19261.0,16.0,1.0,308242.0,154088.0,0.4998929412604382,128.0,1.0,3.032918296845932e-09,22.215771198272705,72.59839820861816,1679.0,0.0,101.24513959884644
1680,1680.0,8.0,16.0,27.921939611434937,128.0,1.0,207784.0,840792.0,0.8018417358398438,2.0,2.0,2.0,0.515625,16.0,0.050727365507756625,0.026692651212215424,0.47222721576690674,12982.5,16.0,1.0,207784.0,103860.0,0.4998459939167597,128.0,1.0,2.934390017461541e-09,22.215771198272705,63.37790322303772,1680.0,0.0,91.35794496536255
1681,1681.0,8.0,16.0,41.55605459213257,128.0,1.0,258020.0,790556.0,0.7539329528808594,2.0,2.0,2.0,0.5546875,16.0,0.06191035381474467,0.03136283904314041,0.5713557600975037,16122.125,16.0,1.0,258020.0,128977.0,0.49987210293775675,128.0,1.0,2.8374839746204693e-09,22.215771198272705,78.98211407661438,1681.0,0.0,120.61721086502075
1682,1682.0,8.0,16.0,40.763941287994385,128.0,1.0,266349.0,782227.0,0.7459897994995117,2.0,2.0,2.0,0.515625,16.0,0.050036278109001374,0.028217609971761703,0.34703391790390015,16642.75,16.0,1.0,266349.0,133142.0,0.49987797964325004,128.0,1.0,2.7422004845878977e-09,22.215771198272705,76.1176586151123,1682.0,0.0,116.96338844299316
1683,1683.0,8.0,16.0,32.203972816467285,128.0,1.0,324881.0,723695.0,0.6901693344116211,2.0,2.0,2.0,0.390625,16.0,0.050980668142995324,0.033015176653862,0.6195988059043884,20301.0,16.0,1.0,324881.0,162408.0,0.4998999633712036,128.0,1.0,2.6485398583335204e-09,22.215771198272705,81.4814088344574,1683.0,0.0,113.78512525558472
1684,1684.0,8.0,16.0,24.910325288772583,128.0,1.0,247862.0,800714.0,0.7636203765869141,2.0,2.0,2.0,0.515625,16.0,0.049814721718149685,0.031524788588285446,0.3617536723613739,15487.0,16.0,1.0,247862.0,123896.0,0.499858792392541,128.0,1.0,2.556502401530658e-09,22.215771198272705,72.2369909286499,1684.0,0.0,97.21356129646301
1685,1685.0,8.0,16.0,29.459683895111084,128.0,1.0,308683.0,739893.0,0.7056169509887695,2.0,2.0,2.0,0.140625,16.0,0.06061268916489514,0.03340470418334007,0.37693899869918823,19288.625,16.0,1.0,308683.0,154309.0,0.4998947139946158,128.0,1.0,2.4660884145552008e-09,22.215771198272705,76.5074851512909,1685.0,0.0,106.04505801200867
1686,1686.0,8.0,16.0,32.06561827659607,128.0,1.0,295459.0,753117.0,0.7182283401489258,2.0,2.0,2.0,0.3828125,16.0,0.0404736080925008,0.024233516305685043,0.2947854995727539,18462.0,16.0,1.0,295459.0,147696.0,0.4998866170940807,128.0,1.0,2.377298192484667e-09,22.215771198272705,78.07785391807556,1686.0,0.0,110.21843671798706
1687,1687.0,8.0,16.0,32.399657249450684,128.0,1.0,232127.0,816449.0,0.7786264419555664,2.0,2.0,2.0,0.5625,16.0,0.06308884603173798,0.034673385322093964,0.5727847218513489,14504.875,16.0,1.0,232127.0,116039.0,0.4998944543288803,128.0,1.0,2.2901320250971466e-09,22.215771198272705,87.36834263801575,1687.0,0.0,119.84273266792297
1688,1688.0,8.0,16.0,40.20609760284424,128.0,1.0,280514.0,768062.0,0.7324810028076172,2.0,2.0,2.0,0.203125,16.0,0.06787152302177582,0.042427800595760345,0.40674033761024475,17528.0,16.0,1.0,280514.0,140224.0,0.4998823588127509,128.0,1.0,2.204590196870526e-09,22.215771198272705,91.60564637184143,1688.0,0.0,131.89194321632385
1689,1689.0,8.0,16.0,16.306478023529053,128.0,1.0,175578.0,872998.0,0.8325557708740234,2.0,2.0,2.0,0.6015625,16.0,0.08007969682440938,0.036963943392038345,0.6440743207931519,10969.75,16.0,1.0,175578.0,87758.0,0.4998234402943421,128.0,1.0,2.12067298698132e-09,22.215771198272705,60.94315028190613,1689.0,0.0,77.29951214790344
1690,1690.0,8.0,16.0,16.043681621551514,128.0,1.0,215706.0,832870.0,0.7942867279052734,2.0,2.0,2.0,0.515625,16.0,0.05845407045650995,0.03231610357761383,0.41849735379219055,13477.75,16.0,1.0,215706.0,107822.0,0.4998562858705831,128.0,1.0,2.038380669303952e-09,22.215771198272705,63.54004263877869,1690.0,0.0,79.6408486366272
1691,1691.0,8.0,16.0,27.972784757614136,128.0,1.0,205121.0,843455.0,0.8043813705444336,2.0,2.0,2.0,0.59375,16.0,0.04753687467438343,0.023732338100671768,0.7935736179351807,12815.5,16.0,1.0,205121.0,102524.0,0.49982205624972575,128.0,1.0,1.95771351240992e-09,22.215771198272705,66.6036639213562,1691.0,0.0,94.62916588783264
1692,1692.0,8.0,16.0,26.805045127868652,128.0,1.0,285184.0,763392.0,0.72802734375,2.0,2.0,2.0,0.3203125,16.0,0.0687371263771686,0.04059219732880592,0.3591924011707306,17820.125,16.0,1.0,285184.0,142561.0,0.49989129824955114,128.0,1.0,1.878671779566576e-09,22.215771198272705,76.21844935417175,1692.0,0.0,103.09391331672668
1693,1693.0,8.0,16.0,38.52508068084717,128.0,1.0,311804.0,736772.0,0.7026405334472656,2.0,2.0,2.0,0.4609375,16.0,0.04561269006626018,0.02657133899629116,0.3595781922340393,19484.25,16.0,1.0,311804.0,155874.0,0.4999101999974343,128.0,1.0,1.8012557287367391e-09,22.215771198272705,81.34848475456238,1693.0,0.0,119.96860551834106
1694,1694.0,8.0,16.0,36.12027311325073,128.0,1.0,276093.0,772483.0,0.7366971969604492,2.0,2.0,2.0,0.1796875,16.0,0.07487802550651576,0.04302234202623367,0.3824467062950134,17251.625,16.0,1.0,276093.0,138013.0,0.4998786640733376,128.0,1.0,1.7254656125774703e-09,22.215771198272705,72.77330660820007,1694.0,0.0,108.97733783721924
1695,1695.0,8.0,16.0,41.5315260887146,128.0,1.0,212865.0,835711.0,0.7969961166381836,2.0,2.0,2.0,0.390625,16.0,0.05645649036386495,0.030144793912768364,0.47627973556518555,13300.125,16.0,1.0,212865.0,106401.0,0.4998520188852089,128.0,1.0,1.6513016784392985e-09,22.215771198272705,74.37299680709839,1695.0,0.0,115.97304630279541
1696,1696.0,8.0,16.0,29.492257356643677,128.0,1.0,264677.0,783899.0,0.747584342956543,2.0,2.0,2.0,0.3671875,16.0,0.05527603613458162,0.02991040050983429,0.36596283316612244,16538.125,16.0,1.0,264677.0,132305.0,0.4998734306343203,128.0,1.0,1.5787641683657204e-09,22.215771198272705,75.09603548049927,1696.0,0.0,104.67509770393372
1697,1697.0,8.0,16.0,28.94900870323181,128.0,1.0,235994.0,812582.0,0.7749385833740234,2.0,2.0,2.0,0.53125,16.0,0.05314548455961743,0.03234725818037987,0.36736395955085754,14745.25,16.0,1.0,235994.0,117962.0,0.49985169114469014,128.0,1.0,1.5078533190920895e-09,22.215771198272705,68.15968990325928,1697.0,0.0,97.20480489730835
1698,1698.0,8.0,16.0,40.39065718650818,128.0,1.0,278627.0,769949.0,0.7342805862426758,2.0,2.0,2.0,0.515625,16.0,0.05706981033139468,0.03560638800263405,0.5050775408744812,17410.0,16.0,1.0,278627.0,139280.0,0.49987976757457103,128.0,1.0,1.438569362044839e-09,22.215771198272705,79.56587100028992,1698.0,0.0,120.03639316558838
1699,1699.0,8.0,16.0,24.359283208847046,128.0,1.0,239595.0,808981.0,0.7715044021606445,2.0,2.0,2.0,0.3046875,16.0,0.07722062754803653,0.04087446630001068,0.5162069797515869,14970.875,16.0,1.0,239595.0,119767.0,0.4998727018510403,128.0,1.0,1.370912523341039e-09,22.215771198272705,71.50679516792297,1699.0,0.0,95.94765758514404
1700,1700.0,8.0,16.0,26.17106795310974,128.0,1.0,213348.0,835228.0,0.7965354919433594,2.0,2.0,2.0,0.453125,16.0,0.07162973907393357,0.0355754978954792,0.4881522059440613,13330.5,16.0,1.0,213348.0,106644.0,0.4998593846673041,128.0,1.0,1.3048830237872842e-09,22.215771198272705,63.8148934841156,1700.0,0.0,325.84054160118103
1701,1701.0,8.0,16.0,36.17044138908386,128.0,1.0,300233.0,748343.0,0.7136754989624023,2.0,2.0,2.0,0.3984375,16.0,0.055242042145344436,0.02959933876991272,0.4101014733314514,18760.5,16.0,1.0,300233.0,150084.0,0.4998917507402584,128.0,1.0,1.2404810788792518e-09,22.215771198272705,79.14737892150879,1701.0,0.0,115.39836049079895
1702,1702.0,8.0,16.0,29.139484405517578,128.0,1.0,267773.0,780803.0,0.7446317672729492,2.0,2.0,2.0,0.4140625,16.0,0.045589210404942376,0.023476617410779,0.3949231505393982,16732.0,16.0,1.0,267773.0,133856.0,0.4998860975527779,128.0,1.0,1.1777068988007566e-09,22.215771198272705,76.34364867210388,1702.0,0.0,105.56442761421204
1703,1703.0,8.0,16.0,38.73906970024109,128.0,1.0,229459.0,819117.0,0.7811708450317383,2.0,2.0,2.0,0.5234375,16.0,0.04645599855390883,0.02479558065533638,0.39419859647750854,14337.125,16.0,1.0,229459.0,114697.0,0.4998583624961322,128.0,1.0,1.116560688423418e-09,22.215771198272705,76.61850953102112,1703.0,0.0,115.42255926132202
1704,1704.0,8.0,16.0,40.450005531311035,128.0,1.0,263958.0,784618.0,0.7482700347900391,2.0,2.0,2.0,0.3828125,16.0,0.050595561222650756,0.028851641342043877,0.374112993478775,16493.75,16.0,1.0,263958.0,131950.0,0.4998901340364755,128.0,1.0,1.0570426473055505e-09,22.215771198272705,75.68385815620422,1704.0,0.0,116.2122232913971
1705,1705.0,8.0,16.0,21.99482226371765,128.0,1.0,217535.0,831041.0,0.7925424575805664,2.0,2.0,2.0,0.46875,16.0,0.07703223047656844,0.040897030383348465,0.6123627424240112,13591.375,16.0,1.0,217535.0,108731.0,0.4998322109085894,128.0,1.0,9.991529696917745e-10,22.215771198272705,68.40557384490967,1705.0,0.0,90.46287536621094
1706,1706.0,8.0,16.0,41.33401894569397,128.0,1.0,268169.0,780407.0,0.7442541122436523,2.0,2.0,2.0,0.3203125,16.0,0.05702012428665597,0.033113572746515274,0.40858733654022217,16756.375,16.0,1.0,268169.0,134051.0,0.49987507877495163,128.0,1.0,9.42891844512461e-10,22.215771198272705,97.31883811950684,1706.0,0.0,138.7340009212494
1707,1707.0,8.0,16.0,26.21648383140564,128.0,1.0,282874.0,765702.0,0.7302303314208984,2.0,2.0,2.0,0.3671875,16.0,0.06499023124236869,0.03626267611980438,0.4438890218734741,17675.375,16.0,1.0,282874.0,141403.0,0.49987980514292585,128.0,1.0,8.882594553829004e-10,22.215771198272705,74.56957411766052,1707.0,0.0,100.86213994026184
1708,1708.0,8.0,16.0,23.206340074539185,128.0,1.0,239019.0,809557.0,0.7720537185668945,2.0,2.0,2.0,0.5234375,16.0,0.05230030694892684,0.02796405553817749,0.39051568508148193,14934.625,16.0,1.0,239019.0,119477.0,0.4998640275459273,128.0,1.0,8.352559806027448e-10,22.215771198272705,70.29649233818054,1708.0,0.0,93.5663993358612
1709,1709.0,8.0,16.0,36.86077809333801,128.0,1.0,258517.0,790059.0,0.7534589767456055,2.0,2.0,2.0,0.484375,16.0,0.053672715050059445,0.028540419414639473,0.383331835269928,16153.75,16.0,1.0,258517.0,129230.0,0.4998897557994252,128.0,1.0,7.83881593155622e-10,22.215771198272705,77.84224271774292,1709.0,0.0,114.77330327033997
1710,1710.0,8.0,16.0,39.813090324401855,128.0,1.0,227486.0,821090.0,0.7830524444580078,2.0,2.0,2.0,0.5546875,16.0,0.05377094409699414,0.030059315264225006,0.40734806656837463,14214.25,16.0,1.0,227486.0,113714.0,0.4998725196275815,128.0,1.0,7.341364607083012e-10,22.215771198272705,77.48306131362915,1710.0,0.0,117.37102055549622
1711,1711.0,8.0,16.0,28.154511213302612,128.0,1.0,198544.0,850032.0,0.8106536865234375,2.0,2.0,2.0,0.5703125,16.0,0.060534926696668406,0.03149661421775818,0.4750543534755707,12405.125,16.0,1.0,198544.0,99241.0,0.499843863325006,128.0,1.0,6.860207456103606e-10,22.215771198272705,66.25337553024292,1711.0,0.0,94.46402859687805
1712,1712.0,8.0,16.0,25.12970995903015,128.0,1.0,277011.0,771565.0,0.7358217239379883,2.0,2.0,2.0,0.4375,16.0,0.05700862118709677,0.03144057095050812,0.35603612661361694,17309.375,16.0,1.0,277011.0,138475.0,0.49988989606910916,128.0,1.0,6.395346048935213e-10,22.215771198272705,72.39973568916321,1712.0,0.0,97.59939002990723
1713,1713.0,8.0,16.0,36.576430320739746,128.0,1.0,344036.0,704540.0,0.6719017028808594,2.0,2.0,2.0,0.296875,16.0,0.0530516504594834,0.03363578021526337,0.33238574862480164,21498.375,16.0,1.0,344036.0,171987.0,0.49990989315071677,128.0,1.0,5.946781902711473e-10,22.215771198272705,83.49693179130554,1713.0,0.0,120.16301369667053
1714,1714.0,8.0,16.0,41.53769278526306,128.0,1.0,326380.0,722196.0,0.6887397766113281,2.0,2.0,2.0,0.359375,16.0,0.06782591995804504,0.04154875501990318,0.5274351835250854,20394.875,16.0,1.0,326380.0,163159.0,0.4999050186898707,128.0,1.0,5.514516481378573e-10,22.215771198272705,84.94249391555786,1714.0,0.0,126.58331823348999
1715,1715.0,8.0,16.0,38.95701003074646,128.0,1.0,222207.0,826369.0,0.7880868911743164,2.0,2.0,2.0,0.4609375,16.0,0.06281765437667755,0.031687717884778976,0.5080187320709229,13883.625,16.0,1.0,222207.0,111069.0,0.49984473936464646,128.0,1.0,5.098551195689138e-10,22.215771198272705,66.30488634109497,1715.0,0.0,105.32275724411011
1716,1716.0,8.0,16.0,39.450422286987305,128.0,1.0,269905.0,778671.0,0.7425985336303711,2.0,2.0,2.0,0.3984375,16.0,0.0641484154058062,0.040152616798877716,0.4236648678779602,16865.5,16.0,1.0,269905.0,134924.0,0.4998944072914544,128.0,1.0,4.698887403199459e-10,22.215771198272705,81.3602032661438,1716.0,0.0,120.8915445804596
1717,1717.0,8.0,16.0,39.54364562034607,128.0,1.0,233347.0,815229.0,0.7774629592895508,2.0,2.0,2.0,0.3671875,16.0,0.06720037314252512,0.034428294748067856,0.49242526292800903,14580.375,16.0,1.0,233347.0,116643.0,0.4998692933699598,128.0,1.0,4.315526408261716e-10,22.215771198272705,76.9776759147644,1717.0,0.0,116.5855188369751
1718,1718.0,8.0,16.0,35.52356028556824,128.0,1.0,315918.0,732658.0,0.6987171173095703,2.0,2.0,2.0,0.5859375,16.0,0.05494097523724591,0.031175468116998672,0.3914945423603058,19741.5,16.0,1.0,315918.0,157932.0,0.4999145347843428,128.0,1.0,3.948469462023429e-10,22.215771198272705,88.36942863464355,1718.0,0.0,123.97492980957031
1719,1719.0,8.0,16.0,40.33766555786133,128.0,1.0,330556.0,718020.0,0.6847572326660156,2.0,2.0,2.0,0.234375,16.0,0.05242166410423759,0.028037741780281067,0.3629428446292877,20656.25,16.0,1.0,330556.0,165250.0,0.4999152942315372,128.0,1.0,3.5977177624219035e-10,22.215771198272705,90.21344256401062,1719.0,0.0,130.63389110565186
1720,1720.0,8.0,16.0,21.352187871932983,128.0,1.0,263457.0,785119.0,0.7487478256225586,2.0,2.0,2.0,0.4453125,16.0,0.04680261272231319,0.022786274552345276,0.3828740119934082,16462.5,16.0,1.0,263457.0,131700.0,0.49989182295403045,128.0,1.0,3.263272454179233e-10,22.215771198272705,70.75126028060913,1720.0,0.0,92.17461705207825
1721,1721.0,8.0,16.0,28.716373682022095,128.0,1.0,259231.0,789345.0,0.7527780532836914,2.0,2.0,2.0,0.6015625,16.0,0.06383725261260505,0.03638962283730507,0.4057910442352295,16197.5,16.0,1.0,259231.0,129580.0,0.49986305650173013,128.0,1.0,2.9451346288000834e-10,22.215771198272705,77.82946920394897,1721.0,0.0,106.61659479141235
1722,1722.0,8.0,16.0,26.536630153656006,128.0,1.0,214330.0,834246.0,0.7955989837646484,2.0,2.0,2.0,0.5390625,16.0,0.05508113751352239,0.0290159173309803,0.4010794460773468,13391.625,16.0,1.0,214330.0,107133.0,0.499850697522512,128.0,1.0,2.643305324567802e-10,22.215771198272705,69.9561595916748,1722.0,0.0,96.56131601333618
1723,1723.0,8.0,16.0,20.254048109054565,128.0,1.0,249544.0,799032.0,0.7620162963867188,2.0,2.0,2.0,0.2265625,16.0,0.06176915973633719,0.0332828126847744,0.35793471336364746,15592.875,16.0,1.0,249544.0,124743.0,0.49988378802936556,128.0,1.0,2.357785526539979e-10,22.215771198272705,67.26322507858276,1723.0,0.0,87.58577561378479
1724,1724.0,8.0,16.0,17.83136510848999,128.0,1.0,204945.0,843631.0,0.8045492172241211,2.0,2.0,2.0,0.703125,16.0,0.0398944663395067,0.020480945706367493,0.3797302842140198,12805.5,16.0,1.0,204945.0,102444.0,0.49986093830051964,128.0,1.0,2.0885761665473401e-10,22.215771198272705,64.20238089561462,1724.0,0.0,82.08675265312195
1725,1725.0,8.0,16.0,39.286638021469116,128.0,1.0,316949.0,731627.0,0.6977338790893555,2.0,2.0,2.0,0.4296875,16.0,0.04543369324382892,0.027721885591745377,0.33013951778411865,19805.125,16.0,1.0,316949.0,158441.0,0.49989430476196484,128.0,1.0,1.835678123188189e-10,22.215771198272705,92.44974732398987,1725.0,0.0,131.81472277641296
1726,1726.0,8.0,16.0,29.87654948234558,128.0,1.0,252474.0,796102.0,0.7592220306396484,2.0,2.0,2.0,0.3515625,16.0,0.060164027614493173,0.0328635610640049,0.46117159724235535,15775.25,16.0,1.0,252474.0,126202.0,0.4998613718640335,128.0,1.0,1.599092221827303e-10,22.215771198272705,73.66686463356018,1726.0,0.0,103.61390113830566
1727,1727.0,8.0,16.0,35.385775327682495,128.0,1.0,295965.0,752611.0,0.7177457809448242,2.0,2.0,2.0,0.3828125,16.0,0.05660559132190509,0.03292832523584366,0.43810322880744934,18494.0,16.0,1.0,295965.0,147952.0,0.49989694727417094,128.0,1.0,1.3788192345925985e-10,22.215771198272705,82.56240010261536,1727.0,0.0,118.0304594039917
1728,1728.0,8.0,16.0,38.903990745544434,128.0,1.0,249368.0,799208.0,0.7621841430664062,2.0,2.0,2.0,0.3359375,16.0,0.05123825008938808,0.02596047706902027,0.39599037170410156,15582.25,16.0,1.0,249368.0,124658.0,0.499895736421674,128.0,1.0,1.1748598803734688e-10,22.215771198272705,67.62233662605286,1728.0,0.0,106.60162377357483
1729,1729.0,8.0,16.0,25.29667568206787,128.0,1.0,257262.0,791314.0,0.7546558380126953,2.0,2.0,2.0,0.3515625,16.0,0.07256915561452183,0.03972382843494415,0.6189321279525757,16075.0,16.0,1.0,257262.0,128600.0,0.4998795002759832,128.0,1.0,9.872148248168954e-11,22.215771198272705,67.60603094100952,1729.0,0.0,92.97284698486328
1730,1730.0,8.0,16.0,25.789822816848755,128.0,1.0,201477.0,847099.0,0.807856559753418,2.0,2.0,2.0,0.4140625,16.0,0.0732902351358822,0.034947313368320465,0.6037784218788147,12588.75,16.0,1.0,201477.0,100710.0,0.4998585446477762,128.0,1.0,8.158846803257846e-11,22.215771198272705,68.52598905563354,1730.0,0.0,94.37046098709106
1731,1731.0,8.0,16.0,40.50593090057373,128.0,1.0,287498.0,761078.0,0.7258205413818359,2.0,2.0,2.0,0.515625,16.0,0.03898390171234982,0.022700658068060875,0.3397355377674103,17965.0,16.0,1.0,287498.0,143720.0,0.49989912973307643,128.0,1.0,6.608700060584116e-11,22.215771198272705,78.86424946784973,1731.0,0.0,119.45595788955688
1732,1732.0,8.0,16.0,34.13299775123596,128.0,1.0,248924.0,799652.0,0.7626075744628906,2.0,2.0,2.0,0.5703125,16.0,0.06078047496419725,0.03259488567709923,0.4861197769641876,15553.75,16.0,1.0,248924.0,124430.0,0.4998714467066253,128.0,1.0,5.221713079245349e-11,22.215771198272705,76.6003406047821,1732.0,0.0,110.80270099639893
1733,1733.0,8.0,16.0,36.08839273452759,128.0,1.0,261838.0,786738.0,0.7502918243408203,2.0,2.0,2.0,0.3671875,16.0,0.04724544153702763,0.024481842294335365,0.41698551177978516,16360.875,16.0,1.0,261838.0,130887.0,0.49987778702862073,128.0,1.0,3.9978903858428614e-11,22.215771198272705,80.48793816566467,1733.0,0.0,116.63758254051208
1734,1734.0,8.0,16.0,35.09615969657898,128.0,1.0,263399.0,785177.0,0.7488031387329102,2.0,2.0,2.0,0.6171875,16.0,0.05090783519353395,0.028662458062171936,0.3944278061389923,16458.25,16.0,1.0,263399.0,131666.0,0.49987281652549936,128.0,1.0,2.937235974487251e-11,22.215771198272705,76.7642114162445,1734.0,0.0,111.92889189720154
1735,1735.0,8.0,16.0,34.85505938529968,128.0,1.0,250684.0,797892.0,0.7609291076660156,2.0,2.0,2.0,0.4296875,16.0,0.049784679615233314,0.03289973735809326,0.42364299297332764,15663.625,16.0,1.0,250684.0,125309.0,0.4998683601665842,128.0,1.0,2.0397533067484373e-11,22.215771198272705,72.3994836807251,1735.0,0.0,107.3473048210144
1736,1736.0,8.0,16.0,32.27450251579285,128.0,1.0,271201.0,777375.0,0.7413625717163086,2.0,2.0,2.0,0.46875,16.0,0.05111095743246353,0.02550184726715088,0.49122560024261475,16946.0,16.0,1.0,271201.0,135568.0,0.4998801626837659,128.0,1.0,1.3054453116834174e-11,22.215771198272705,88.40702652931213,1736.0,0.0,120.75841474533081
1737,1737.0,8.0,16.0,39.372639417648315,128.0,1.0,295487.0,753089.0,0.7182016372680664,2.0,2.0,2.0,0.265625,16.0,0.053583992343684196,0.032661762088537216,0.34836915135383606,18463.625,16.0,1.0,295487.0,147709.0,0.49988324359447284,128.0,1.0,7.343143857974077e-12,22.215771198272705,80.33695864677429,1737.0,0.0,119.8059561252594
1738,1738.0,8.0,16.0,34.00386595726013,128.0,1.0,334787.0,713789.0,0.6807222366333008,2.0,2.0,2.0,0.15625,16.0,0.05177604306211202,0.03363601863384247,0.3313356041908264,20920.875,16.0,1.0,334787.0,167367.0,0.4999208451941085,128.0,1.0,3.2636239304384415e-12,22.215771198272705,83.64205002784729,1738.0,0.0,117.72895765304565
1739,1739.0,8.0,16.0,36.181594371795654,128.0,1.0,274475.0,774101.0,0.7382402420043945,2.0,2.0,2.0,0.375,16.0,0.06330586906430254,0.0340692512691021,0.40243828296661377,17150.75,16.0,1.0,274475.0,137206.0,0.4998852354494945,128.0,1.0,8.159066482993359e-13,22.215771198272705,75.4563364982605,1739.0,0.0,343.3298006057739
